run,profile,phase,sequence,command_code,response_code,request_bytes,response_bytes,rtt_ns
1,Classical RSA,EK_CREATE,5,0x00000131,0x00000000,355,474,1218118
1,Classical RSA,AK_CREATE,6,0x00000131,0x00000000,353,440,1236574
1,Classical RSA,CREDENTIAL_RANDOM,7,0x0000017b,0x00000000,12,44,1406830
1,Classical RSA,MAKE_CREDENTIAL,8,0x00000168,0x00000000,84,338,1371234
1,Classical RSA,ACTIVATE_AUTH,9,0x00000176,0x00000000,59,48,1309550
1,Classical RSA,ACTIVATE_AUTH,10,0x00000151,0x00000000,41,29,1282649
1,Classical RSA,ACTIVATE_CREDENTIAL,11,0x00000147,0x00000000,464,122,5233549
1,Classical RSA,PCR_READ,12,0x0000017e,0x00000000,20,62,1582448
1,Classical RSA,PCR_READ,13,0x0000017e,0x00000000,20,62,1468305
1,Classical RSA,PCR_READ,14,0x0000017e,0x00000000,20,62,1474676
1,Classical RSA,PCR_READ,15,0x0000017e,0x00000000,20,62,1560988
1,Classical RSA,PCR_READ,16,0x0000017e,0x00000000,20,62,1469467
1,Classical RSA,PCR_READ,17,0x0000017e,0x00000000,20,62,1531773
1,Classical RSA,PCR_READ,18,0x0000017e,0x00000000,20,62,1713983
1,Classical RSA,PCR_READ,19,0x0000017e,0x00000000,20,62,1580377
1,Classical RSA,PCR_READ,20,0x0000017e,0x00000000,20,62,1398552
1,Classical RSA,PCR_READ,21,0x0000017e,0x00000000,20,62,1451294
1,Classical RSA,PCR_READ,22,0x0000017e,0x00000000,20,62,1366735
1,Classical RSA,PCR_READ,23,0x0000017e,0x00000000,20,62,1348773
1,Classical RSA,PCR_READ,24,0x0000017e,0x00000000,20,62,1366886
1,Classical RSA,PCR_READ,25,0x0000017e,0x00000000,20,62,1245871
1,Classical RSA,PCR_READ,26,0x0000017e,0x00000000,20,62,1431767
1,Classical RSA,PCR_READ,27,0x0000017e,0x00000000,20,62,1329329
1,Classical RSA,NONCE_RANDOM,28,0x0000017b,0x00000000,12,44,1325476
1,Classical RSA,QUOTE,29,0x00000158,0x00000000,107,428,4985506
2,Classical RSA,EK_CREATE,37,0x00000131,0x00000000,355,474,1494815
2,Classical RSA,AK_CREATE,38,0x00000131,0x00000000,353,440,1329046
2,Classical RSA,CREDENTIAL_RANDOM,39,0x0000017b,0x00000000,12,44,1609087
2,Classical RSA,MAKE_CREDENTIAL,40,0x00000168,0x00000000,84,338,1699308
2,Classical RSA,ACTIVATE_AUTH,41,0x00000176,0x00000000,59,48,1468552
2,Classical RSA,ACTIVATE_AUTH,42,0x00000151,0x00000000,41,29,1378528
2,Classical RSA,ACTIVATE_CREDENTIAL,43,0x00000147,0x00000000,464,122,4900318
2,Classical RSA,PCR_READ,44,0x0000017e,0x00000000,20,62,1855556
2,Classical RSA,PCR_READ,45,0x0000017e,0x00000000,20,62,1604308
2,Classical RSA,PCR_READ,46,0x0000017e,0x00000000,20,62,1544747
2,Classical RSA,PCR_READ,47,0x0000017e,0x00000000,20,62,1392845
2,Classical RSA,PCR_READ,48,0x0000017e,0x00000000,20,62,1558338
2,Classical RSA,PCR_READ,49,0x0000017e,0x00000000,20,62,1481845
2,Classical RSA,PCR_READ,50,0x0000017e,0x00000000,20,62,1472924
2,Classical RSA,PCR_READ,51,0x0000017e,0x00000000,20,62,1397423
2,Classical RSA,PCR_READ,52,0x0000017e,0x00000000,20,62,1391312
2,Classical RSA,PCR_READ,53,0x0000017e,0x00000000,20,62,1515393
2,Classical RSA,PCR_READ,54,0x0000017e,0x00000000,20,62,1644714
2,Classical RSA,PCR_READ,55,0x0000017e,0x00000000,20,62,1399837
2,Classical RSA,PCR_READ,56,0x0000017e,0x00000000,20,62,1458096
2,Classical RSA,PCR_READ,57,0x0000017e,0x00000000,20,62,1406409
2,Classical RSA,PCR_READ,58,0x0000017e,0x00000000,20,62,1369280
2,Classical RSA,PCR_READ,59,0x0000017e,0x00000000,20,62,1303287
2,Classical RSA,NONCE_RANDOM,60,0x0000017b,0x00000000,12,44,1460300
2,Classical RSA,QUOTE,61,0x00000158,0x00000000,107,428,5256081
3,Classical RSA,EK_CREATE,69,0x00000131,0x00000000,355,474,1580930
3,Classical RSA,AK_CREATE,70,0x00000131,0x00000000,353,440,1764261
3,Classical RSA,CREDENTIAL_RANDOM,71,0x0000017b,0x00000000,12,44,1651797
3,Classical RSA,MAKE_CREDENTIAL,72,0x00000168,0x00000000,84,338,1964379
3,Classical RSA,ACTIVATE_AUTH,73,0x00000176,0x00000000,59,48,1449320
3,Classical RSA,ACTIVATE_AUTH,74,0x00000151,0x00000000,41,29,1777601
3,Classical RSA,ACTIVATE_CREDENTIAL,75,0x00000147,0x00000000,464,122,5973356
3,Classical RSA,PCR_READ,76,0x0000017e,0x00000000,20,62,1645435
3,Classical RSA,PCR_READ,77,0x0000017e,0x00000000,20,62,1335663
3,Classical RSA,PCR_READ,78,0x0000017e,0x00000000,20,62,1731520
3,Classical RSA,PCR_READ,79,0x0000017e,0x00000000,20,62,1652158
3,Classical RSA,PCR_READ,80,0x0000017e,0x00000000,20,62,1532034
3,Classical RSA,PCR_READ,81,0x0000017e,0x00000000,20,62,1554967
3,Classical RSA,PCR_READ,82,0x0000017e,0x00000000,20,62,1498963
3,Classical RSA,PCR_READ,83,0x0000017e,0x00000000,20,62,1381857
3,Classical RSA,PCR_READ,84,0x0000017e,0x00000000,20,62,1237221
3,Classical RSA,PCR_READ,85,0x0000017e,0x00000000,20,62,1424989
3,Classical RSA,PCR_READ,86,0x0000017e,0x00000000,20,62,1503886
3,Classical RSA,PCR_READ,87,0x0000017e,0x00000000,20,62,1250359
3,Classical RSA,PCR_READ,88,0x0000017e,0x00000000,20,62,1641849
3,Classical RSA,PCR_READ,89,0x0000017e,0x00000000,20,62,1418592
3,Classical RSA,PCR_READ,90,0x0000017e,0x00000000,20,62,1579071
3,Classical RSA,PCR_READ,91,0x0000017e,0x00000000,20,62,1480247
3,Classical RSA,NONCE_RANDOM,92,0x0000017b,0x00000000,12,44,1297757
3,Classical RSA,QUOTE,93,0x00000158,0x00000000,107,428,4260937
4,Classical RSA,EK_CREATE,101,0x00000131,0x00000000,355,474,2083441
4,Classical RSA,AK_CREATE,102,0x00000131,0x00000000,353,440,1620278
4,Classical RSA,CREDENTIAL_RANDOM,103,0x0000017b,0x00000000,12,44,1466952
4,Classical RSA,MAKE_CREDENTIAL,104,0x00000168,0x00000000,84,338,1733369
4,Classical RSA,ACTIVATE_AUTH,105,0x00000176,0x00000000,59,48,1533349
4,Classical RSA,ACTIVATE_AUTH,106,0x00000151,0x00000000,41,29,1640112
4,Classical RSA,ACTIVATE_CREDENTIAL,107,0x00000147,0x00000000,464,122,4875612
4,Classical RSA,PCR_READ,108,0x0000017e,0x00000000,20,62,2433693
4,Classical RSA,PCR_READ,109,0x0000017e,0x00000000,20,62,2132673
4,Classical RSA,PCR_READ,110,0x0000017e,0x00000000,20,62,1746923
4,Classical RSA,PCR_READ,111,0x0000017e,0x00000000,20,62,1529339
4,Classical RSA,PCR_READ,112,0x0000017e,0x00000000,20,62,1855236
4,Classical RSA,PCR_READ,113,0x0000017e,0x00000000,20,62,1643361
4,Classical RSA,PCR_READ,114,0x0000017e,0x00000000,20,62,1452931
4,Classical RSA,PCR_READ,115,0x0000017e,0x00000000,20,62,1987447
4,Classical RSA,PCR_READ,116,0x0000017e,0x00000000,20,62,2898990
4,Classical RSA,PCR_READ,117,0x0000017e,0x00000000,20,62,2674682
4,Classical RSA,PCR_READ,118,0x0000017e,0x00000000,20,62,2257736
4,Classical RSA,PCR_READ,119,0x0000017e,0x00000000,20,62,1816643
4,Classical RSA,PCR_READ,120,0x0000017e,0x00000000,20,62,5019850
4,Classical RSA,PCR_READ,121,0x0000017e,0x00000000,20,62,1660523
4,Classical RSA,PCR_READ,122,0x0000017e,0x00000000,20,62,2913447
4,Classical RSA,PCR_READ,123,0x0000017e,0x00000000,20,62,1606462
4,Classical RSA,NONCE_RANDOM,124,0x0000017b,0x00000000,12,44,1366245
4,Classical RSA,QUOTE,125,0x00000158,0x00000000,107,428,4349633
5,Classical RSA,EK_CREATE,133,0x00000131,0x00000000,355,474,1440663
5,Classical RSA,AK_CREATE,134,0x00000131,0x00000000,353,440,1361696
5,Classical RSA,CREDENTIAL_RANDOM,135,0x0000017b,0x00000000,12,44,1400943
5,Classical RSA,MAKE_CREDENTIAL,136,0x00000168,0x00000000,84,338,2195266
5,Classical RSA,ACTIVATE_AUTH,137,0x00000176,0x00000000,59,48,1580074
5,Classical RSA,ACTIVATE_AUTH,138,0x00000151,0x00000000,41,29,1586575
5,Classical RSA,ACTIVATE_CREDENTIAL,139,0x00000147,0x00000000,464,122,4491216
5,Classical RSA,PCR_READ,140,0x0000017e,0x00000000,20,62,1923135
5,Classical RSA,PCR_READ,141,0x0000017e,0x00000000,20,62,1719099
5,Classical RSA,PCR_READ,142,0x0000017e,0x00000000,20,62,1294091
5,Classical RSA,PCR_READ,143,0x0000017e,0x00000000,20,62,1250389
5,Classical RSA,PCR_READ,144,0x0000017e,0x00000000,20,62,1354192
5,Classical RSA,PCR_READ,145,0x0000017e,0x00000000,20,62,1734915
5,Classical RSA,PCR_READ,146,0x0000017e,0x00000000,20,62,1381341
5,Classical RSA,PCR_READ,147,0x0000017e,0x00000000,20,62,1374490
5,Classical RSA,PCR_READ,148,0x0000017e,0x00000000,20,62,1514581
5,Classical RSA,PCR_READ,149,0x0000017e,0x00000000,20,62,2152509
5,Classical RSA,PCR_READ,150,0x0000017e,0x00000000,20,62,1756461
5,Classical RSA,PCR_READ,151,0x0000017e,0x00000000,20,62,1392353
5,Classical RSA,PCR_READ,152,0x0000017e,0x00000000,20,62,1671233
5,Classical RSA,PCR_READ,153,0x0000017e,0x00000000,20,62,1422579
5,Classical RSA,PCR_READ,154,0x0000017e,0x00000000,20,62,1315450
5,Classical RSA,PCR_READ,155,0x0000017e,0x00000000,20,62,1294271
5,Classical RSA,NONCE_RANDOM,156,0x0000017b,0x00000000,12,44,1473815
5,Classical RSA,QUOTE,157,0x00000158,0x00000000,107,428,4732815
6,Classical RSA,EK_CREATE,165,0x00000131,0x00000000,355,474,1318827
6,Classical RSA,AK_CREATE,166,0x00000131,0x00000000,353,440,1419519
6,Classical RSA,CREDENTIAL_RANDOM,167,0x0000017b,0x00000000,12,44,1487997
6,Classical RSA,MAKE_CREDENTIAL,168,0x00000168,0x00000000,84,338,1439872
6,Classical RSA,ACTIVATE_AUTH,169,0x00000176,0x00000000,59,48,1304961
6,Classical RSA,ACTIVATE_AUTH,170,0x00000151,0x00000000,41,29,1295954
6,Classical RSA,ACTIVATE_CREDENTIAL,171,0x00000147,0x00000000,464,122,5477664
6,Classical RSA,PCR_READ,172,0x0000017e,0x00000000,20,62,1498421
6,Classical RSA,PCR_READ,173,0x0000017e,0x00000000,20,62,1518068
6,Classical RSA,PCR_READ,174,0x0000017e,0x00000000,20,62,1309879
6,Classical RSA,PCR_READ,175,0x0000017e,0x00000000,20,62,1450682
6,Classical RSA,PCR_READ,176,0x0000017e,0x00000000,20,62,1267141
6,Classical RSA,PCR_READ,177,0x0000017e,0x00000000,20,62,1425775
6,Classical RSA,PCR_READ,178,0x0000017e,0x00000000,20,62,1474046
6,Classical RSA,PCR_READ,179,0x0000017e,0x00000000,20,62,1529960
6,Classical RSA,PCR_READ,180,0x0000017e,0x00000000,20,62,1686525
6,Classical RSA,PCR_READ,181,0x0000017e,0x00000000,20,62,2192755
6,Classical RSA,PCR_READ,182,0x0000017e,0x00000000,20,62,1405956
6,Classical RSA,PCR_READ,183,0x0000017e,0x00000000,20,62,1603187
6,Classical RSA,PCR_READ,184,0x0000017e,0x00000000,20,62,1328684
6,Classical RSA,PCR_READ,185,0x0000017e,0x00000000,20,62,1428795
6,Classical RSA,PCR_READ,186,0x0000017e,0x00000000,20,62,1476888
6,Classical RSA,PCR_READ,187,0x0000017e,0x00000000,20,62,1296796
6,Classical RSA,NONCE_RANDOM,188,0x0000017b,0x00000000,12,44,1464648
6,Classical RSA,QUOTE,189,0x00000158,0x00000000,107,428,5664131
7,Classical RSA,EK_CREATE,197,0x00000131,0x00000000,355,474,1505294
7,Classical RSA,AK_CREATE,198,0x00000131,0x00000000,353,440,1484394
7,Classical RSA,CREDENTIAL_RANDOM,199,0x0000017b,0x00000000,12,44,1292648
7,Classical RSA,MAKE_CREDENTIAL,200,0x00000168,0x00000000,84,338,1570325
7,Classical RSA,ACTIVATE_AUTH,201,0x00000176,0x00000000,59,48,1367468
7,Classical RSA,ACTIVATE_AUTH,202,0x00000151,0x00000000,41,29,1824689
7,Classical RSA,ACTIVATE_CREDENTIAL,203,0x00000147,0x00000000,464,122,5400700
7,Classical RSA,PCR_READ,204,0x0000017e,0x00000000,20,62,1669080
7,Classical RSA,PCR_READ,205,0x0000017e,0x00000000,20,62,1653385
7,Classical RSA,PCR_READ,206,0x0000017e,0x00000000,20,62,1130045
7,Classical RSA,PCR_READ,207,0x0000017e,0x00000000,20,62,1420481
7,Classical RSA,PCR_READ,208,0x0000017e,0x00000000,20,62,1628855
7,Classical RSA,PCR_READ,209,0x0000017e,0x00000000,20,62,1149732
7,Classical RSA,PCR_READ,210,0x0000017e,0x00000000,20,62,1144422
7,Classical RSA,PCR_READ,211,0x0000017e,0x00000000,20,62,1363009
7,Classical RSA,PCR_READ,212,0x0000017e,0x00000000,20,62,1577528
7,Classical RSA,PCR_READ,213,0x0000017e,0x00000000,20,62,1531032
7,Classical RSA,PCR_READ,214,0x0000017e,0x00000000,20,62,1489344
7,Classical RSA,PCR_READ,215,0x0000017e,0x00000000,20,62,1559244
7,Classical RSA,PCR_READ,216,0x0000017e,0x00000000,20,62,1448147
7,Classical RSA,PCR_READ,217,0x0000017e,0x00000000,20,62,1361917
7,Classical RSA,PCR_READ,218,0x0000017e,0x00000000,20,62,1392534
7,Classical RSA,PCR_READ,219,0x0000017e,0x00000000,20,62,1383998
7,Classical RSA,NONCE_RANDOM,220,0x0000017b,0x00000000,12,44,1341559
7,Classical RSA,QUOTE,221,0x00000158,0x00000000,107,428,3885357
8,Classical RSA,EK_CREATE,229,0x00000131,0x00000000,355,474,1434657
8,Classical RSA,AK_CREATE,230,0x00000131,0x00000000,353,440,1407056
8,Classical RSA,CREDENTIAL_RANDOM,231,0x0000017b,0x00000000,12,44,1543377
8,Classical RSA,MAKE_CREDENTIAL,232,0x00000168,0x00000000,84,338,1474123
8,Classical RSA,ACTIVATE_AUTH,233,0x00000176,0x00000000,59,48,1354793
8,Classical RSA,ACTIVATE_AUTH,234,0x00000151,0x00000000,41,29,1303548
8,Classical RSA,ACTIVATE_CREDENTIAL,235,0x00000147,0x00000000,464,122,4337059
8,Classical RSA,PCR_READ,236,0x0000017e,0x00000000,20,62,1763084
8,Classical RSA,PCR_READ,237,0x0000017e,0x00000000,20,62,1301925
8,Classical RSA,PCR_READ,238,0x0000017e,0x00000000,20,62,1266362
8,Classical RSA,PCR_READ,239,0x0000017e,0x00000000,20,62,1397876
8,Classical RSA,PCR_READ,240,0x0000017e,0x00000000,20,62,1338528
8,Classical RSA,PCR_READ,241,0x0000017e,0x00000000,20,62,1434743
8,Classical RSA,PCR_READ,242,0x0000017e,0x00000000,20,62,1568282
8,Classical RSA,PCR_READ,243,0x0000017e,0x00000000,20,62,1479656
8,Classical RSA,PCR_READ,244,0x0000017e,0x00000000,20,62,1482532
8,Classical RSA,PCR_READ,245,0x0000017e,0x00000000,20,62,1449039
8,Classical RSA,PCR_READ,246,0x0000017e,0x00000000,20,62,1848168
8,Classical RSA,PCR_READ,247,0x0000017e,0x00000000,20,62,1414049
8,Classical RSA,PCR_READ,248,0x0000017e,0x00000000,20,62,1468405
8,Classical RSA,PCR_READ,249,0x0000017e,0x00000000,20,62,1263915
8,Classical RSA,PCR_READ,250,0x0000017e,0x00000000,20,62,1225963
8,Classical RSA,PCR_READ,251,0x0000017e,0x00000000,20,62,1487124
8,Classical RSA,NONCE_RANDOM,252,0x0000017b,0x00000000,12,44,1496768
8,Classical RSA,QUOTE,253,0x00000158,0x00000000,107,428,5254264
9,Classical RSA,EK_CREATE,261,0x00000131,0x00000000,355,474,1393696
9,Classical RSA,AK_CREATE,262,0x00000131,0x00000000,353,440,1480909
9,Classical RSA,CREDENTIAL_RANDOM,263,0x0000017b,0x00000000,12,44,1381925
9,Classical RSA,MAKE_CREDENTIAL,264,0x00000168,0x00000000,84,338,1515122
9,Classical RSA,ACTIVATE_AUTH,265,0x00000176,0x00000000,59,48,1453227
9,Classical RSA,ACTIVATE_AUTH,266,0x00000151,0x00000000,41,29,1278751
9,Classical RSA,ACTIVATE_CREDENTIAL,267,0x00000147,0x00000000,464,122,4052574
9,Classical RSA,PCR_READ,268,0x0000017e,0x00000000,20,62,1348049
9,Classical RSA,PCR_READ,269,0x0000017e,0x00000000,20,62,1370910
9,Classical RSA,PCR_READ,270,0x0000017e,0x00000000,20,62,1214503
9,Classical RSA,PCR_READ,271,0x0000017e,0x00000000,20,62,1308196
9,Classical RSA,PCR_READ,272,0x0000017e,0x00000000,20,62,1180189
9,Classical RSA,PCR_READ,273,0x0000017e,0x00000000,20,62,1066471
9,Classical RSA,PCR_READ,274,0x0000017e,0x00000000,20,62,1108791
9,Classical RSA,PCR_READ,275,0x0000017e,0x00000000,20,62,1399266
9,Classical RSA,PCR_READ,276,0x0000017e,0x00000000,20,62,1317284
9,Classical RSA,PCR_READ,277,0x0000017e,0x00000000,20,62,1063622
9,Classical RSA,PCR_READ,278,0x0000017e,0x00000000,20,62,1295233
9,Classical RSA,PCR_READ,279,0x0000017e,0x00000000,20,62,1308837
9,Classical RSA,PCR_READ,280,0x0000017e,0x00000000,20,62,1276057
9,Classical RSA,PCR_READ,281,0x0000017e,0x00000000,20,62,1468585
9,Classical RSA,PCR_READ,282,0x0000017e,0x00000000,20,62,1496777
9,Classical RSA,PCR_READ,283,0x0000017e,0x00000000,20,62,1280225
9,Classical RSA,NONCE_RANDOM,284,0x0000017b,0x00000000,12,44,1192471
9,Classical RSA,QUOTE,285,0x00000158,0x00000000,107,428,4964888
10,Classical RSA,EK_CREATE,293,0x00000131,0x00000000,355,474,2094468
10,Classical RSA,AK_CREATE,294,0x00000131,0x00000000,353,440,1962175
10,Classical RSA,CREDENTIAL_RANDOM,295,0x0000017b,0x00000000,12,44,1480659
10,Classical RSA,MAKE_CREDENTIAL,296,0x00000168,0x00000000,84,338,1459048
10,Classical RSA,ACTIVATE_AUTH,297,0x00000176,0x00000000,59,48,1407125
10,Classical RSA,ACTIVATE_AUTH,298,0x00000151,0x00000000,41,29,1743875
10,Classical RSA,ACTIVATE_CREDENTIAL,299,0x00000147,0x00000000,464,122,5482652
10,Classical RSA,PCR_READ,300,0x0000017e,0x00000000,20,62,1646367
10,Classical RSA,PCR_READ,301,0x0000017e,0x00000000,20,62,1774685
10,Classical RSA,PCR_READ,302,0x0000017e,0x00000000,20,62,2232328
10,Classical RSA,PCR_READ,303,0x0000017e,0x00000000,20,62,2406192
10,Classical RSA,PCR_READ,304,0x0000017e,0x00000000,20,62,1973757
10,Classical RSA,PCR_READ,305,0x0000017e,0x00000000,20,62,1623905
10,Classical RSA,PCR_READ,306,0x0000017e,0x00000000,20,62,1897644
10,Classical RSA,PCR_READ,307,0x0000017e,0x00000000,20,62,2062351
10,Classical RSA,PCR_READ,308,0x0000017e,0x00000000,20,62,2031704
10,Classical RSA,PCR_READ,309,0x0000017e,0x00000000,20,62,1444922
10,Classical RSA,PCR_READ,310,0x0000017e,0x00000000,20,62,1960883
10,Classical RSA,PCR_READ,311,0x0000017e,0x00000000,20,62,1623434
10,Classical RSA,PCR_READ,312,0x0000017e,0x00000000,20,62,1435083
10,Classical RSA,PCR_READ,313,0x0000017e,0x00000000,20,62,1257001
10,Classical RSA,PCR_READ,314,0x0000017e,0x00000000,20,62,2339732
10,Classical RSA,PCR_READ,315,0x0000017e,0x00000000,20,62,1543071
10,Classical RSA,NONCE_RANDOM,316,0x0000017b,0x00000000,12,44,1804892
10,Classical RSA,QUOTE,317,0x00000158,0x00000000,107,428,4742587
11,Classical RSA,EK_CREATE,325,0x00000131,0x00000000,355,474,1320238
11,Classical RSA,AK_CREATE,326,0x00000131,0x00000000,353,440,1318045
11,Classical RSA,CREDENTIAL_RANDOM,327,0x0000017b,0x00000000,12,44,1682825
11,Classical RSA,MAKE_CREDENTIAL,328,0x00000168,0x00000000,84,338,1608797
11,Classical RSA,ACTIVATE_AUTH,329,0x00000176,0x00000000,59,48,1493091
11,Classical RSA,ACTIVATE_AUTH,330,0x00000151,0x00000000,41,29,1457776
11,Classical RSA,ACTIVATE_CREDENTIAL,331,0x00000147,0x00000000,464,122,5278202
11,Classical RSA,PCR_READ,332,0x0000017e,0x00000000,20,62,1341760
11,Classical RSA,PCR_READ,333,0x0000017e,0x00000000,20,62,1675781
11,Classical RSA,PCR_READ,334,0x0000017e,0x00000000,20,62,1403605
11,Classical RSA,PCR_READ,335,0x0000017e,0x00000000,20,62,1343382
11,Classical RSA,PCR_READ,336,0x0000017e,0x00000000,20,62,1667837
11,Classical RSA,PCR_READ,337,0x0000017e,0x00000000,20,62,1423352
11,Classical RSA,PCR_READ,338,0x0000017e,0x00000000,20,62,1260557
11,Classical RSA,PCR_READ,339,0x0000017e,0x00000000,20,62,1285305
11,Classical RSA,PCR_READ,340,0x0000017e,0x00000000,20,62,1233798
11,Classical RSA,PCR_READ,341,0x0000017e,0x00000000,20,62,1236994
11,Classical RSA,PCR_READ,342,0x0000017e,0x00000000,20,62,1288550
11,Classical RSA,PCR_READ,343,0x0000017e,0x00000000,20,62,1346759
11,Classical RSA,PCR_READ,344,0x0000017e,0x00000000,20,62,1411970
11,Classical RSA,PCR_READ,345,0x0000017e,0x00000000,20,62,1449449
11,Classical RSA,PCR_READ,346,0x0000017e,0x00000000,20,62,1182442
11,Classical RSA,PCR_READ,347,0x0000017e,0x00000000,20,62,1577969
11,Classical RSA,NONCE_RANDOM,348,0x0000017b,0x00000000,12,44,1591335
11,Classical RSA,QUOTE,349,0x00000158,0x00000000,107,428,4053271
12,Classical RSA,EK_CREATE,357,0x00000131,0x00000000,355,474,1474309
12,Classical RSA,AK_CREATE,358,0x00000131,0x00000000,353,440,1350563
12,Classical RSA,CREDENTIAL_RANDOM,359,0x0000017b,0x00000000,12,44,1643692
12,Classical RSA,MAKE_CREDENTIAL,360,0x00000168,0x00000000,84,338,1391222
12,Classical RSA,ACTIVATE_AUTH,361,0x00000176,0x00000000,59,48,1472413
12,Classical RSA,ACTIVATE_AUTH,362,0x00000151,0x00000000,41,29,1122511
12,Classical RSA,ACTIVATE_CREDENTIAL,363,0x00000147,0x00000000,464,122,3823642
12,Classical RSA,PCR_READ,364,0x0000017e,0x00000000,20,62,1345195
12,Classical RSA,PCR_READ,365,0x0000017e,0x00000000,20,62,1215207
12,Classical RSA,PCR_READ,366,0x0000017e,0x00000000,20,62,1270212
12,Classical RSA,PCR_READ,367,0x0000017e,0x00000000,20,62,1362919
12,Classical RSA,PCR_READ,368,0x0000017e,0x00000000,20,62,1286015
12,Classical RSA,PCR_READ,369,0x0000017e,0x00000000,20,62,1229641
12,Classical RSA,PCR_READ,370,0x0000017e,0x00000000,20,62,1556399
12,Classical RSA,PCR_READ,371,0x0000017e,0x00000000,20,62,1317384
12,Classical RSA,PCR_READ,372,0x0000017e,0x00000000,20,62,1201669
12,Classical RSA,PCR_READ,373,0x0000017e,0x00000000,20,62,1232806
12,Classical RSA,PCR_READ,374,0x0000017e,0x00000000,20,62,1266088
12,Classical RSA,PCR_READ,375,0x0000017e,0x00000000,20,62,1290964
12,Classical RSA,PCR_READ,376,0x0000017e,0x00000000,20,62,1289332
12,Classical RSA,PCR_READ,377,0x0000017e,0x00000000,20,62,1502920
12,Classical RSA,PCR_READ,378,0x0000017e,0x00000000,20,62,1429533
12,Classical RSA,PCR_READ,379,0x0000017e,0x00000000,20,62,1384439
12,Classical RSA,NONCE_RANDOM,380,0x0000017b,0x00000000,12,44,1301915
12,Classical RSA,QUOTE,381,0x00000158,0x00000000,107,428,3773439
13,Classical RSA,EK_CREATE,389,0x00000131,0x00000000,355,474,1366134
13,Classical RSA,AK_CREATE,390,0x00000131,0x00000000,353,440,1421969
13,Classical RSA,CREDENTIAL_RANDOM,391,0x0000017b,0x00000000,12,44,1373759
13,Classical RSA,MAKE_CREDENTIAL,392,0x00000168,0x00000000,84,338,1447696
13,Classical RSA,ACTIVATE_AUTH,393,0x00000176,0x00000000,59,48,1341539
13,Classical RSA,ACTIVATE_AUTH,394,0x00000151,0x00000000,41,29,1391762
13,Classical RSA,ACTIVATE_CREDENTIAL,395,0x00000147,0x00000000,464,122,5223419
13,Classical RSA,PCR_READ,396,0x0000017e,0x00000000,20,62,1525963
13,Classical RSA,PCR_READ,397,0x0000017e,0x00000000,20,62,1402443
13,Classical RSA,PCR_READ,398,0x0000017e,0x00000000,20,62,1216266
13,Classical RSA,PCR_READ,399,0x0000017e,0x00000000,20,62,1608115
13,Classical RSA,PCR_READ,400,0x0000017e,0x00000000,20,62,1706889
13,Classical RSA,PCR_READ,401,0x0000017e,0x00000000,20,62,1274975
13,Classical RSA,PCR_READ,402,0x0000017e,0x00000000,20,62,1247223
13,Classical RSA,PCR_READ,403,0x0000017e,0x00000000,20,62,1197586
13,Classical RSA,PCR_READ,404,0x0000017e,0x00000000,20,62,1228824
13,Classical RSA,PCR_READ,405,0x0000017e,0x00000000,20,62,1155372
13,Classical RSA,PCR_READ,406,0x0000017e,0x00000000,20,62,1239780
13,Classical RSA,PCR_READ,407,0x0000017e,0x00000000,20,62,1284091
13,Classical RSA,PCR_READ,408,0x0000017e,0x00000000,20,62,1296565
13,Classical RSA,PCR_READ,409,0x0000017e,0x00000000,20,62,1332051
13,Classical RSA,PCR_READ,410,0x0000017e,0x00000000,20,62,1203191
13,Classical RSA,PCR_READ,411,0x0000017e,0x00000000,20,62,1332492
13,Classical RSA,NONCE_RANDOM,412,0x0000017b,0x00000000,12,44,1225012
13,Classical RSA,QUOTE,413,0x00000158,0x00000000,107,428,3888403
14,Classical RSA,EK_CREATE,421,0x00000131,0x00000000,355,474,1262030
14,Classical RSA,AK_CREATE,422,0x00000131,0x00000000,353,440,1279914
14,Classical RSA,CREDENTIAL_RANDOM,423,0x0000017b,0x00000000,12,44,1408995
14,Classical RSA,MAKE_CREDENTIAL,424,0x00000168,0x00000000,84,338,1395830
14,Classical RSA,ACTIVATE_AUTH,425,0x00000176,0x00000000,59,48,1374911
14,Classical RSA,ACTIVATE_AUTH,426,0x00000151,0x00000000,41,29,1431276
14,Classical RSA,ACTIVATE_CREDENTIAL,427,0x00000147,0x00000000,464,122,5137724
14,Classical RSA,PCR_READ,428,0x0000017e,0x00000000,20,62,1455607
14,Classical RSA,PCR_READ,429,0x0000017e,0x00000000,20,62,1471711
14,Classical RSA,PCR_READ,430,0x0000017e,0x00000000,20,62,1376534
14,Classical RSA,PCR_READ,431,0x0000017e,0x00000000,20,62,1285674
14,Classical RSA,PCR_READ,432,0x0000017e,0x00000000,20,62,1455741
14,Classical RSA,PCR_READ,433,0x0000017e,0x00000000,20,62,1443859
14,Classical RSA,PCR_READ,434,0x0000017e,0x00000000,20,62,1557341
14,Classical RSA,PCR_READ,435,0x0000017e,0x00000000,20,62,1519060
14,Classical RSA,PCR_READ,436,0x0000017e,0x00000000,20,62,1364091
14,Classical RSA,PCR_READ,437,0x0000017e,0x00000000,20,62,1332802
14,Classical RSA,PCR_READ,438,0x0000017e,0x00000000,20,62,1665792
14,Classical RSA,PCR_READ,439,0x0000017e,0x00000000,20,62,1244468
14,Classical RSA,PCR_READ,440,0x0000017e,0x00000000,20,62,1193283
14,Classical RSA,PCR_READ,441,0x0000017e,0x00000000,20,62,1253495
14,Classical RSA,PCR_READ,442,0x0000017e,0x00000000,20,62,1599262
14,Classical RSA,PCR_READ,443,0x0000017e,0x00000000,20,62,1254173
14,Classical RSA,NONCE_RANDOM,444,0x0000017b,0x00000000,12,44,1259396
14,Classical RSA,QUOTE,445,0x00000158,0x00000000,107,428,3721983
15,Classical RSA,EK_CREATE,453,0x00000131,0x00000000,355,474,1321682
15,Classical RSA,AK_CREATE,454,0x00000131,0x00000000,353,440,1495619
15,Classical RSA,CREDENTIAL_RANDOM,455,0x0000017b,0x00000000,12,44,1327490
15,Classical RSA,MAKE_CREDENTIAL,456,0x00000168,0x00000000,84,338,1235822
15,Classical RSA,ACTIVATE_AUTH,457,0x00000176,0x00000000,59,48,1290513
15,Classical RSA,ACTIVATE_AUTH,458,0x00000151,0x00000000,41,29,1388045
15,Classical RSA,ACTIVATE_CREDENTIAL,459,0x00000147,0x00000000,464,122,3905676
15,Classical RSA,PCR_READ,460,0x0000017e,0x00000000,20,62,1530861
15,Classical RSA,PCR_READ,461,0x0000017e,0x00000000,20,62,1562981
15,Classical RSA,PCR_READ,462,0x0000017e,0x00000000,20,62,1656095
15,Classical RSA,PCR_READ,463,0x0000017e,0x00000000,20,62,1302747
15,Classical RSA,PCR_READ,464,0x0000017e,0x00000000,20,62,1532815
15,Classical RSA,PCR_READ,465,0x0000017e,0x00000000,20,62,1329616
15,Classical RSA,PCR_READ,466,0x0000017e,0x00000000,20,62,1469597
15,Classical RSA,PCR_READ,467,0x0000017e,0x00000000,20,62,1413132
15,Classical RSA,PCR_READ,468,0x0000017e,0x00000000,20,62,1339336
15,Classical RSA,PCR_READ,469,0x0000017e,0x00000000,20,62,1650875
15,Classical RSA,PCR_READ,470,0x0000017e,0x00000000,20,62,2029360
15,Classical RSA,PCR_READ,471,0x0000017e,0x00000000,20,62,1469828
15,Classical RSA,PCR_READ,472,0x0000017e,0x00000000,20,62,1405618
15,Classical RSA,PCR_READ,473,0x0000017e,0x00000000,20,62,1521980
15,Classical RSA,PCR_READ,474,0x0000017e,0x00000000,20,62,1224656
15,Classical RSA,PCR_READ,475,0x0000017e,0x00000000,20,62,1466342
15,Classical RSA,NONCE_RANDOM,476,0x0000017b,0x00000000,12,44,1511596
15,Classical RSA,QUOTE,477,0x00000158,0x00000000,107,428,3999691
16,Classical RSA,EK_CREATE,485,0x00000131,0x00000000,355,474,1417440
16,Classical RSA,AK_CREATE,486,0x00000131,0x00000000,353,440,1333503
16,Classical RSA,CREDENTIAL_RANDOM,487,0x0000017b,0x00000000,12,44,1414284
16,Classical RSA,MAKE_CREDENTIAL,488,0x00000168,0x00000000,84,338,1567750
16,Classical RSA,ACTIVATE_AUTH,489,0x00000176,0x00000000,59,48,1382274
16,Classical RSA,ACTIVATE_AUTH,490,0x00000151,0x00000000,41,29,1246932
16,Classical RSA,ACTIVATE_CREDENTIAL,491,0x00000147,0x00000000,464,122,3721051
16,Classical RSA,PCR_READ,492,0x0000017e,0x00000000,20,62,1517767
16,Classical RSA,PCR_READ,493,0x0000017e,0x00000000,20,62,1336039
16,Classical RSA,PCR_READ,494,0x0000017e,0x00000000,20,62,1260298
16,Classical RSA,PCR_READ,495,0x0000017e,0x00000000,20,62,1242464
16,Classical RSA,PCR_READ,496,0x0000017e,0x00000000,20,62,1252603
16,Classical RSA,PCR_READ,497,0x0000017e,0x00000000,20,62,1182512
16,Classical RSA,PCR_READ,498,0x0000017e,0x00000000,20,62,1394437
16,Classical RSA,PCR_READ,499,0x0000017e,0x00000000,20,62,1634996
16,Classical RSA,PCR_READ,500,0x0000017e,0x00000000,20,62,1508072
16,Classical RSA,PCR_READ,501,0x0000017e,0x00000000,20,62,1417437
16,Classical RSA,PCR_READ,502,0x0000017e,0x00000000,20,62,1412350
16,Classical RSA,PCR_READ,503,0x0000017e,0x00000000,20,62,1258534
16,Classical RSA,PCR_READ,504,0x0000017e,0x00000000,20,62,1409555
16,Classical RSA,PCR_READ,505,0x0000017e,0x00000000,20,62,1361576
16,Classical RSA,PCR_READ,506,0x0000017e,0x00000000,20,62,1304823
16,Classical RSA,PCR_READ,507,0x0000017e,0x00000000,20,62,1404493
16,Classical RSA,NONCE_RANDOM,508,0x0000017b,0x00000000,12,44,1549766
16,Classical RSA,QUOTE,509,0x00000158,0x00000000,107,428,5400941
17,Classical RSA,EK_CREATE,517,0x00000131,0x00000000,355,474,2130922
17,Classical RSA,AK_CREATE,518,0x00000131,0x00000000,353,440,1392581
17,Classical RSA,CREDENTIAL_RANDOM,519,0x0000017b,0x00000000,12,44,1510284
17,Classical RSA,MAKE_CREDENTIAL,520,0x00000168,0x00000000,84,338,1388356
17,Classical RSA,ACTIVATE_AUTH,521,0x00000176,0x00000000,59,48,1201748
17,Classical RSA,ACTIVATE_AUTH,522,0x00000151,0x00000000,41,29,1280755
17,Classical RSA,ACTIVATE_CREDENTIAL,523,0x00000147,0x00000000,464,122,4374278
17,Classical RSA,PCR_READ,524,0x0000017e,0x00000000,20,62,1725397
17,Classical RSA,PCR_READ,525,0x0000017e,0x00000000,20,62,1478140
17,Classical RSA,PCR_READ,526,0x0000017e,0x00000000,20,62,1510663
17,Classical RSA,PCR_READ,527,0x0000017e,0x00000000,20,62,1270146
17,Classical RSA,PCR_READ,528,0x0000017e,0x00000000,20,62,1394808
17,Classical RSA,PCR_READ,529,0x0000017e,0x00000000,20,62,1652518
17,Classical RSA,PCR_READ,530,0x0000017e,0x00000000,20,62,4232864
17,Classical RSA,PCR_READ,531,0x0000017e,0x00000000,20,62,1242589
17,Classical RSA,PCR_READ,532,0x0000017e,0x00000000,20,62,1418317
17,Classical RSA,PCR_READ,533,0x0000017e,0x00000000,20,62,1290123
17,Classical RSA,PCR_READ,534,0x0000017e,0x00000000,20,62,1317334
17,Classical RSA,PCR_READ,535,0x0000017e,0x00000000,20,62,1278692
17,Classical RSA,PCR_READ,536,0x0000017e,0x00000000,20,62,1311566
17,Classical RSA,PCR_READ,537,0x0000017e,0x00000000,20,62,1648788
17,Classical RSA,PCR_READ,538,0x0000017e,0x00000000,20,62,1758956
17,Classical RSA,PCR_READ,539,0x0000017e,0x00000000,20,62,1273142
17,Classical RSA,NONCE_RANDOM,540,0x0000017b,0x00000000,12,44,1401971
17,Classical RSA,QUOTE,541,0x00000158,0x00000000,107,428,4439439
18,Classical RSA,EK_CREATE,549,0x00000131,0x00000000,355,474,4291464
18,Classical RSA,AK_CREATE,550,0x00000131,0x00000000,353,440,1866416
18,Classical RSA,CREDENTIAL_RANDOM,551,0x0000017b,0x00000000,12,44,1194515
18,Classical RSA,MAKE_CREDENTIAL,552,0x00000168,0x00000000,84,338,1621060
18,Classical RSA,ACTIVATE_AUTH,553,0x00000176,0x00000000,59,48,1212148
18,Classical RSA,ACTIVATE_AUTH,554,0x00000151,0x00000000,41,29,1294211
18,Classical RSA,ACTIVATE_CREDENTIAL,555,0x00000147,0x00000000,464,122,4099957
18,Classical RSA,PCR_READ,556,0x0000017e,0x00000000,20,62,1587117
18,Classical RSA,PCR_READ,557,0x0000017e,0x00000000,20,62,1423261
18,Classical RSA,PCR_READ,558,0x0000017e,0x00000000,20,62,1284532
18,Classical RSA,PCR_READ,559,0x0000017e,0x00000000,20,62,1417149
18,Classical RSA,PCR_READ,560,0x0000017e,0x00000000,20,62,1687283
18,Classical RSA,PCR_READ,561,0x0000017e,0x00000000,20,62,1322303
18,Classical RSA,PCR_READ,562,0x0000017e,0x00000000,20,62,1219231
18,Classical RSA,PCR_READ,563,0x0000017e,0x00000000,20,62,1269835
18,Classical RSA,PCR_READ,564,0x0000017e,0x00000000,20,62,1348182
18,Classical RSA,PCR_READ,565,0x0000017e,0x00000000,20,62,1515352
18,Classical RSA,PCR_READ,566,0x0000017e,0x00000000,20,62,1541301
18,Classical RSA,PCR_READ,567,0x0000017e,0x00000000,20,62,1410488
18,Classical RSA,PCR_READ,568,0x0000017e,0x00000000,20,62,1334796
18,Classical RSA,PCR_READ,569,0x0000017e,0x00000000,20,62,1434222
18,Classical RSA,PCR_READ,570,0x0000017e,0x00000000,20,62,1859904
18,Classical RSA,PCR_READ,571,0x0000017e,0x00000000,20,62,2031464
18,Classical RSA,NONCE_RANDOM,572,0x0000017b,0x00000000,12,44,1591259
18,Classical RSA,QUOTE,573,0x00000158,0x00000000,107,428,5075299
19,Classical RSA,EK_CREATE,581,0x00000131,0x00000000,355,474,1464839
19,Classical RSA,AK_CREATE,582,0x00000131,0x00000000,353,440,1382515
19,Classical RSA,CREDENTIAL_RANDOM,583,0x0000017b,0x00000000,12,44,1483473
19,Classical RSA,MAKE_CREDENTIAL,584,0x00000168,0x00000000,84,338,1941386
19,Classical RSA,ACTIVATE_AUTH,585,0x00000176,0x00000000,59,48,1388857
19,Classical RSA,ACTIVATE_AUTH,586,0x00000151,0x00000000,41,29,1297952
19,Classical RSA,ACTIVATE_CREDENTIAL,587,0x00000147,0x00000000,464,122,5256516
19,Classical RSA,PCR_READ,588,0x0000017e,0x00000000,20,62,1654212
19,Classical RSA,PCR_READ,589,0x0000017e,0x00000000,20,62,1679819
19,Classical RSA,PCR_READ,590,0x0000017e,0x00000000,20,62,1449400
19,Classical RSA,PCR_READ,591,0x0000017e,0x00000000,20,62,1420897
19,Classical RSA,PCR_READ,592,0x0000017e,0x00000000,20,62,1438319
19,Classical RSA,PCR_READ,593,0x0000017e,0x00000000,20,62,1530540
19,Classical RSA,PCR_READ,594,0x0000017e,0x00000000,20,62,1487636
19,Classical RSA,PCR_READ,595,0x0000017e,0x00000000,20,62,1471890
19,Classical RSA,PCR_READ,596,0x0000017e,0x00000000,20,62,1674892
19,Classical RSA,PCR_READ,597,0x0000017e,0x00000000,20,62,1479754
19,Classical RSA,PCR_READ,598,0x0000017e,0x00000000,20,62,1283898
19,Classical RSA,PCR_READ,599,0x0000017e,0x00000000,20,62,1825711
19,Classical RSA,PCR_READ,600,0x0000017e,0x00000000,20,62,1426958
19,Classical RSA,PCR_READ,601,0x0000017e,0x00000000,20,62,1500845
19,Classical RSA,PCR_READ,602,0x0000017e,0x00000000,20,62,1312816
19,Classical RSA,PCR_READ,603,0x0000017e,0x00000000,20,62,1266329
19,Classical RSA,NONCE_RANDOM,604,0x0000017b,0x00000000,12,44,1254286
19,Classical RSA,QUOTE,605,0x00000158,0x00000000,107,428,3973231
20,Classical RSA,EK_CREATE,613,0x00000131,0x00000000,355,474,1369618
20,Classical RSA,AK_CREATE,614,0x00000131,0x00000000,353,440,1389709
20,Classical RSA,CREDENTIAL_RANDOM,615,0x0000017b,0x00000000,12,44,1295864
20,Classical RSA,MAKE_CREDENTIAL,616,0x00000168,0x00000000,84,338,1525722
20,Classical RSA,ACTIVATE_AUTH,617,0x00000176,0x00000000,59,48,1261580
20,Classical RSA,ACTIVATE_AUTH,618,0x00000151,0x00000000,41,29,1250499
20,Classical RSA,ACTIVATE_CREDENTIAL,619,0x00000147,0x00000000,464,122,3733103
20,Classical RSA,PCR_READ,620,0x0000017e,0x00000000,20,62,1425409
20,Classical RSA,PCR_READ,621,0x0000017e,0x00000000,20,62,1502910
20,Classical RSA,PCR_READ,622,0x0000017e,0x00000000,20,62,1183655
20,Classical RSA,PCR_READ,623,0x0000017e,0x00000000,20,62,1259758
20,Classical RSA,PCR_READ,624,0x0000017e,0x00000000,20,62,1204163
20,Classical RSA,PCR_READ,625,0x0000017e,0x00000000,20,62,1240681
20,Classical RSA,PCR_READ,626,0x0000017e,0x00000000,20,62,1240325
20,Classical RSA,PCR_READ,627,0x0000017e,0x00000000,20,62,1428191
20,Classical RSA,PCR_READ,628,0x0000017e,0x00000000,20,62,1346758
20,Classical RSA,PCR_READ,629,0x0000017e,0x00000000,20,62,1185682
20,Classical RSA,PCR_READ,630,0x0000017e,0x00000000,20,62,1253432
20,Classical RSA,PCR_READ,631,0x0000017e,0x00000000,20,62,1434462
20,Classical RSA,PCR_READ,632,0x0000017e,0x00000000,20,62,1258514
20,Classical RSA,PCR_READ,633,0x0000017e,0x00000000,20,62,1171014
20,Classical RSA,PCR_READ,634,0x0000017e,0x00000000,20,62,1379490
20,Classical RSA,PCR_READ,635,0x0000017e,0x00000000,20,62,1194241
20,Classical RSA,NONCE_RANDOM,636,0x0000017b,0x00000000,12,44,1182172
20,Classical RSA,QUOTE,637,0x00000158,0x00000000,107,428,5590213
21,Classical RSA,EK_CREATE,645,0x00000131,0x00000000,355,474,1653941
21,Classical RSA,AK_CREATE,646,0x00000131,0x00000000,353,440,1571407
21,Classical RSA,CREDENTIAL_RANDOM,647,0x0000017b,0x00000000,12,44,1527105
21,Classical RSA,MAKE_CREDENTIAL,648,0x00000168,0x00000000,84,338,1518518
21,Classical RSA,ACTIVATE_AUTH,649,0x00000176,0x00000000,59,48,1369325
21,Classical RSA,ACTIVATE_AUTH,650,0x00000151,0x00000000,41,29,1377851
21,Classical RSA,ACTIVATE_CREDENTIAL,651,0x00000147,0x00000000,464,122,4840106
21,Classical RSA,PCR_READ,652,0x0000017e,0x00000000,20,62,1665733
21,Classical RSA,PCR_READ,653,0x0000017e,0x00000000,20,62,1670411
21,Classical RSA,PCR_READ,654,0x0000017e,0x00000000,20,62,1445332
21,Classical RSA,PCR_READ,655,0x0000017e,0x00000000,20,62,1362719
21,Classical RSA,PCR_READ,656,0x0000017e,0x00000000,20,62,1462143
21,Classical RSA,PCR_READ,657,0x0000017e,0x00000000,20,62,1974538
21,Classical RSA,PCR_READ,658,0x0000017e,0x00000000,20,62,1383527
21,Classical RSA,PCR_READ,659,0x0000017e,0x00000000,20,62,1290674
21,Classical RSA,PCR_READ,660,0x0000017e,0x00000000,20,62,1257171
21,Classical RSA,PCR_READ,661,0x0000017e,0x00000000,20,62,1358039
21,Classical RSA,PCR_READ,662,0x0000017e,0x00000000,20,62,1353988
21,Classical RSA,PCR_READ,663,0x0000017e,0x00000000,20,62,1260784
21,Classical RSA,PCR_READ,664,0x0000017e,0x00000000,20,62,1171507
21,Classical RSA,PCR_READ,665,0x0000017e,0x00000000,20,62,1316999
21,Classical RSA,PCR_READ,666,0x0000017e,0x00000000,20,62,1212142
21,Classical RSA,PCR_READ,667,0x0000017e,0x00000000,20,62,1219843
21,Classical RSA,NONCE_RANDOM,668,0x0000017b,0x00000000,12,44,1220273
21,Classical RSA,QUOTE,669,0x00000158,0x00000000,107,428,3826353
22,Classical RSA,EK_CREATE,677,0x00000131,0x00000000,355,474,1413219
22,Classical RSA,AK_CREATE,678,0x00000131,0x00000000,353,440,1491489
22,Classical RSA,CREDENTIAL_RANDOM,679,0x0000017b,0x00000000,12,44,1442176
22,Classical RSA,MAKE_CREDENTIAL,680,0x00000168,0x00000000,84,338,1437557
22,Classical RSA,ACTIVATE_AUTH,681,0x00000176,0x00000000,59,48,1325579
22,Classical RSA,ACTIVATE_AUTH,682,0x00000151,0x00000000,41,29,1261840
22,Classical RSA,ACTIVATE_CREDENTIAL,683,0x00000147,0x00000000,464,122,3784529
22,Classical RSA,PCR_READ,684,0x0000017e,0x00000000,20,62,1180779
22,Classical RSA,PCR_READ,685,0x0000017e,0x00000000,20,62,1234168
22,Classical RSA,PCR_READ,686,0x0000017e,0x00000000,20,62,1155783
22,Classical RSA,PCR_READ,687,0x0000017e,0x00000000,20,62,1072248
22,Classical RSA,PCR_READ,688,0x0000017e,0x00000000,20,62,1226705
22,Classical RSA,PCR_READ,689,0x0000017e,0x00000000,20,62,1270852
22,Classical RSA,PCR_READ,690,0x0000017e,0x00000000,20,62,1208691
22,Classical RSA,PCR_READ,691,0x0000017e,0x00000000,20,62,1180339
22,Classical RSA,PCR_READ,692,0x0000017e,0x00000000,20,62,1158102
22,Classical RSA,PCR_READ,693,0x0000017e,0x00000000,20,62,1371685
22,Classical RSA,PCR_READ,694,0x0000017e,0x00000000,20,62,1312180
22,Classical RSA,PCR_READ,695,0x0000017e,0x00000000,20,62,1269084
22,Classical RSA,PCR_READ,696,0x0000017e,0x00000000,20,62,1457049
22,Classical RSA,PCR_READ,697,0x0000017e,0x00000000,20,62,1445355
22,Classical RSA,PCR_READ,698,0x0000017e,0x00000000,20,62,1166494
22,Classical RSA,PCR_READ,699,0x0000017e,0x00000000,20,62,1295789
22,Classical RSA,NONCE_RANDOM,700,0x0000017b,0x00000000,12,44,1248646
22,Classical RSA,QUOTE,701,0x00000158,0x00000000,107,428,3815667
23,Classical RSA,EK_CREATE,709,0x00000131,0x00000000,355,474,1433531
23,Classical RSA,AK_CREATE,710,0x00000131,0x00000000,353,440,1212338
23,Classical RSA,CREDENTIAL_RANDOM,711,0x0000017b,0x00000000,12,44,1219605
23,Classical RSA,MAKE_CREDENTIAL,712,0x00000168,0x00000000,84,338,1214759
23,Classical RSA,ACTIVATE_AUTH,713,0x00000176,0x00000000,59,48,1392414
23,Classical RSA,ACTIVATE_AUTH,714,0x00000151,0x00000000,41,29,1400379
23,Classical RSA,ACTIVATE_CREDENTIAL,715,0x00000147,0x00000000,464,122,5463507
23,Classical RSA,PCR_READ,716,0x0000017e,0x00000000,20,62,1475010
23,Classical RSA,PCR_READ,717,0x0000017e,0x00000000,20,62,1458663
23,Classical RSA,PCR_READ,718,0x0000017e,0x00000000,20,62,1367959
23,Classical RSA,PCR_READ,719,0x0000017e,0x00000000,20,62,1285965
23,Classical RSA,PCR_READ,720,0x0000017e,0x00000000,20,62,1343783
23,Classical RSA,PCR_READ,721,0x0000017e,0x00000000,20,62,1233327
23,Classical RSA,PCR_READ,722,0x0000017e,0x00000000,20,62,1407472
23,Classical RSA,PCR_READ,723,0x0000017e,0x00000000,20,62,1325288
23,Classical RSA,PCR_READ,724,0x0000017e,0x00000000,20,62,1117836
23,Classical RSA,PCR_READ,725,0x0000017e,0x00000000,20,62,1418422
23,Classical RSA,PCR_READ,726,0x0000017e,0x00000000,20,62,1548020
23,Classical RSA,PCR_READ,727,0x0000017e,0x00000000,20,62,1323806
23,Classical RSA,PCR_READ,728,0x0000017e,0x00000000,20,62,1287038
23,Classical RSA,PCR_READ,729,0x0000017e,0x00000000,20,62,1277589
23,Classical RSA,PCR_READ,730,0x0000017e,0x00000000,20,62,1254166
23,Classical RSA,PCR_READ,731,0x0000017e,0x00000000,20,62,1168797
23,Classical RSA,NONCE_RANDOM,732,0x0000017b,0x00000000,12,44,1188524
23,Classical RSA,QUOTE,733,0x00000158,0x00000000,107,428,3693019
24,Classical RSA,EK_CREATE,741,0x00000131,0x00000000,355,474,1510797
24,Classical RSA,AK_CREATE,742,0x00000131,0x00000000,353,440,1546368
24,Classical RSA,CREDENTIAL_RANDOM,743,0x0000017b,0x00000000,12,44,1404827
24,Classical RSA,MAKE_CREDENTIAL,744,0x00000168,0x00000000,84,338,1547535
24,Classical RSA,ACTIVATE_AUTH,745,0x00000176,0x00000000,59,48,1293720
24,Classical RSA,ACTIVATE_AUTH,746,0x00000151,0x00000000,41,29,1661405
24,Classical RSA,ACTIVATE_CREDENTIAL,747,0x00000147,0x00000000,464,122,4879816
24,Classical RSA,PCR_READ,748,0x0000017e,0x00000000,20,62,1520252
24,Classical RSA,PCR_READ,749,0x0000017e,0x00000000,20,62,1555899
24,Classical RSA,PCR_READ,750,0x0000017e,0x00000000,20,62,1519640
24,Classical RSA,PCR_READ,751,0x0000017e,0x00000000,20,62,1426928
24,Classical RSA,PCR_READ,752,0x0000017e,0x00000000,20,62,1186795
24,Classical RSA,PCR_READ,753,0x0000017e,0x00000000,20,62,1188609
24,Classical RSA,PCR_READ,754,0x0000017e,0x00000000,20,62,1177123
24,Classical RSA,PCR_READ,755,0x0000017e,0x00000000,20,62,1282684
24,Classical RSA,PCR_READ,756,0x0000017e,0x00000000,20,62,1232055
24,Classical RSA,PCR_READ,757,0x0000017e,0x00000000,20,62,1355970
24,Classical RSA,PCR_READ,758,0x0000017e,0x00000000,20,62,1472864
24,Classical RSA,PCR_READ,759,0x0000017e,0x00000000,20,62,1227957
24,Classical RSA,PCR_READ,760,0x0000017e,0x00000000,20,62,1532585
24,Classical RSA,PCR_READ,761,0x0000017e,0x00000000,20,62,1359251
24,Classical RSA,PCR_READ,762,0x0000017e,0x00000000,20,62,1486829
24,Classical RSA,PCR_READ,763,0x0000017e,0x00000000,20,62,1367838
24,Classical RSA,NONCE_RANDOM,764,0x0000017b,0x00000000,12,44,1523428
24,Classical RSA,QUOTE,765,0x00000158,0x00000000,107,428,5266690
25,Classical RSA,EK_CREATE,773,0x00000131,0x00000000,355,474,1386623
25,Classical RSA,AK_CREATE,774,0x00000131,0x00000000,353,440,1315466
25,Classical RSA,CREDENTIAL_RANDOM,775,0x0000017b,0x00000000,12,44,1249713
25,Classical RSA,MAKE_CREDENTIAL,776,0x00000168,0x00000000,84,338,1459223
25,Classical RSA,ACTIVATE_AUTH,777,0x00000176,0x00000000,59,48,1261850
25,Classical RSA,ACTIVATE_AUTH,778,0x00000151,0x00000000,41,29,1080653
25,Classical RSA,ACTIVATE_CREDENTIAL,779,0x00000147,0x00000000,464,122,3675135
25,Classical RSA,PCR_READ,780,0x0000017e,0x00000000,20,62,1295077
25,Classical RSA,PCR_READ,781,0x0000017e,0x00000000,20,62,1188840
25,Classical RSA,PCR_READ,782,0x0000017e,0x00000000,20,62,1232516
25,Classical RSA,PCR_READ,783,0x0000017e,0x00000000,20,62,1474757
25,Classical RSA,PCR_READ,784,0x0000017e,0x00000000,20,62,1441896
25,Classical RSA,PCR_READ,785,0x0000017e,0x00000000,20,62,1257462
25,Classical RSA,PCR_READ,786,0x0000017e,0x00000000,20,62,1473705
25,Classical RSA,PCR_READ,787,0x0000017e,0x00000000,20,62,1546384
25,Classical RSA,PCR_READ,788,0x0000017e,0x00000000,20,62,1375943
25,Classical RSA,PCR_READ,789,0x0000017e,0x00000000,20,62,1135775
25,Classical RSA,PCR_READ,790,0x0000017e,0x00000000,20,62,1404373
25,Classical RSA,PCR_READ,791,0x0000017e,0x00000000,20,62,1210655
25,Classical RSA,PCR_READ,792,0x0000017e,0x00000000,20,62,1496588
25,Classical RSA,PCR_READ,793,0x0000017e,0x00000000,20,62,1195858
25,Classical RSA,PCR_READ,794,0x0000017e,0x00000000,20,62,1226425
25,Classical RSA,PCR_READ,795,0x0000017e,0x00000000,20,62,1363099
25,Classical RSA,NONCE_RANDOM,796,0x0000017b,0x00000000,12,44,1249302
25,Classical RSA,QUOTE,797,0x00000158,0x00000000,107,428,3931523
26,Classical RSA,EK_CREATE,805,0x00000131,0x00000000,355,474,1399935
26,Classical RSA,AK_CREATE,806,0x00000131,0x00000000,353,440,1313516
26,Classical RSA,CREDENTIAL_RANDOM,807,0x0000017b,0x00000000,12,44,1308269
26,Classical RSA,MAKE_CREDENTIAL,808,0x00000168,0x00000000,84,338,1386740
26,Classical RSA,ACTIVATE_AUTH,809,0x00000176,0x00000000,59,48,1281818
26,Classical RSA,ACTIVATE_AUTH,810,0x00000151,0x00000000,41,29,1141687
26,Classical RSA,ACTIVATE_CREDENTIAL,811,0x00000147,0x00000000,464,122,3806750
26,Classical RSA,PCR_READ,812,0x0000017e,0x00000000,20,62,1198443
26,Classical RSA,PCR_READ,813,0x0000017e,0x00000000,20,62,1364972
26,Classical RSA,PCR_READ,814,0x0000017e,0x00000000,20,62,1295168
26,Classical RSA,PCR_READ,815,0x0000017e,0x00000000,20,62,1291344
26,Classical RSA,PCR_READ,816,0x0000017e,0x00000000,20,62,1201698
26,Classical RSA,PCR_READ,817,0x0000017e,0x00000000,20,62,1241593
26,Classical RSA,PCR_READ,818,0x0000017e,0x00000000,20,62,1228538
26,Classical RSA,PCR_READ,819,0x0000017e,0x00000000,20,62,1261236
26,Classical RSA,PCR_READ,820,0x0000017e,0x00000000,20,62,1176021
26,Classical RSA,PCR_READ,821,0x0000017e,0x00000000,20,62,1234420
26,Classical RSA,PCR_READ,822,0x0000017e,0x00000000,20,62,1258624
26,Classical RSA,PCR_READ,823,0x0000017e,0x00000000,20,62,1266614
26,Classical RSA,PCR_READ,824,0x0000017e,0x00000000,20,62,1187597
26,Classical RSA,PCR_READ,825,0x0000017e,0x00000000,20,62,1088517
26,Classical RSA,PCR_READ,826,0x0000017e,0x00000000,20,62,1236844
26,Classical RSA,PCR_READ,827,0x0000017e,0x00000000,20,62,1088568
26,Classical RSA,NONCE_RANDOM,828,0x0000017b,0x00000000,12,44,1160151
26,Classical RSA,QUOTE,829,0x00000158,0x00000000,107,428,3908059
27,Classical RSA,EK_CREATE,837,0x00000131,0x00000000,355,474,1394625
27,Classical RSA,AK_CREATE,838,0x00000131,0x00000000,353,440,1404726
27,Classical RSA,CREDENTIAL_RANDOM,839,0x0000017b,0x00000000,12,44,1399277
27,Classical RSA,MAKE_CREDENTIAL,840,0x00000168,0x00000000,84,338,1269885
27,Classical RSA,ACTIVATE_AUTH,841,0x00000176,0x00000000,59,48,1182233
27,Classical RSA,ACTIVATE_AUTH,842,0x00000151,0x00000000,41,29,1180579
27,Classical RSA,ACTIVATE_CREDENTIAL,843,0x00000147,0x00000000,464,122,3785732
27,Classical RSA,PCR_READ,844,0x0000017e,0x00000000,20,62,1482041
27,Classical RSA,PCR_READ,845,0x0000017e,0x00000000,20,62,1322887
27,Classical RSA,PCR_READ,846,0x0000017e,0x00000000,20,62,1238379
27,Classical RSA,PCR_READ,847,0x0000017e,0x00000000,20,62,1276385
27,Classical RSA,PCR_READ,848,0x0000017e,0x00000000,20,62,1430544
27,Classical RSA,PCR_READ,849,0x0000017e,0x00000000,20,62,1414171
27,Classical RSA,PCR_READ,850,0x0000017e,0x00000000,20,62,1237034
27,Classical RSA,PCR_READ,851,0x0000017e,0x00000000,20,62,1104889
27,Classical RSA,PCR_READ,852,0x0000017e,0x00000000,20,62,1181721
27,Classical RSA,PCR_READ,853,0x0000017e,0x00000000,20,62,1326761
27,Classical RSA,PCR_READ,854,0x0000017e,0x00000000,20,62,1164253
27,Classical RSA,PCR_READ,855,0x0000017e,0x00000000,20,62,1208347
27,Classical RSA,PCR_READ,856,0x0000017e,0x00000000,20,62,1342620
27,Classical RSA,PCR_READ,857,0x0000017e,0x00000000,20,62,1205706
27,Classical RSA,PCR_READ,858,0x0000017e,0x00000000,20,62,1177924
27,Classical RSA,PCR_READ,859,0x0000017e,0x00000000,20,62,1149451
27,Classical RSA,NONCE_RANDOM,860,0x0000017b,0x00000000,12,44,1136476
27,Classical RSA,QUOTE,861,0x00000158,0x00000000,107,428,3806811
28,Classical RSA,EK_CREATE,869,0x00000131,0x00000000,355,474,1239492
28,Classical RSA,AK_CREATE,870,0x00000131,0x00000000,353,440,1262271
28,Classical RSA,CREDENTIAL_RANDOM,871,0x0000017b,0x00000000,12,44,1413048
28,Classical RSA,MAKE_CREDENTIAL,872,0x00000168,0x00000000,84,338,1313471
28,Classical RSA,ACTIVATE_AUTH,873,0x00000176,0x00000000,59,48,1299927
28,Classical RSA,ACTIVATE_AUTH,874,0x00000151,0x00000000,41,29,1366986
28,Classical RSA,ACTIVATE_CREDENTIAL,875,0x00000147,0x00000000,464,122,3587362
28,Classical RSA,PCR_READ,876,0x0000017e,0x00000000,20,62,1384003
28,Classical RSA,PCR_READ,877,0x0000017e,0x00000000,20,62,1205233
28,Classical RSA,PCR_READ,878,0x0000017e,0x00000000,20,62,1313376
28,Classical RSA,PCR_READ,879,0x0000017e,0x00000000,20,62,1256500
28,Classical RSA,PCR_READ,880,0x0000017e,0x00000000,20,62,1342778
28,Classical RSA,PCR_READ,881,0x0000017e,0x00000000,20,62,1309574
28,Classical RSA,PCR_READ,882,0x0000017e,0x00000000,20,62,1328249
28,Classical RSA,PCR_READ,883,0x0000017e,0x00000000,20,62,1178776
28,Classical RSA,PCR_READ,884,0x0000017e,0x00000000,20,62,1123743
28,Classical RSA,PCR_READ,885,0x0000017e,0x00000000,20,62,1406961
28,Classical RSA,PCR_READ,886,0x0000017e,0x00000000,20,62,1179687
28,Classical RSA,PCR_READ,887,0x0000017e,0x00000000,20,62,1318909
28,Classical RSA,PCR_READ,888,0x0000017e,0x00000000,20,62,1366876
28,Classical RSA,PCR_READ,889,0x0000017e,0x00000000,20,62,1227579
28,Classical RSA,PCR_READ,890,0x0000017e,0x00000000,20,62,1334421
28,Classical RSA,PCR_READ,891,0x0000017e,0x00000000,20,62,1303639
28,Classical RSA,NONCE_RANDOM,892,0x0000017b,0x00000000,12,44,1209754
28,Classical RSA,QUOTE,893,0x00000158,0x00000000,107,428,3890887
29,Classical RSA,EK_CREATE,901,0x00000131,0x00000000,355,474,1233771
29,Classical RSA,AK_CREATE,902,0x00000131,0x00000000,353,440,1260979
29,Classical RSA,CREDENTIAL_RANDOM,903,0x0000017b,0x00000000,12,44,1518024
29,Classical RSA,MAKE_CREDENTIAL,904,0x00000168,0x00000000,84,338,1179547
29,Classical RSA,ACTIVATE_AUTH,905,0x00000176,0x00000000,59,48,1193634
29,Classical RSA,ACTIVATE_AUTH,906,0x00000151,0x00000000,41,29,1327858
29,Classical RSA,ACTIVATE_CREDENTIAL,907,0x00000147,0x00000000,464,122,3687624
29,Classical RSA,PCR_READ,908,0x0000017e,0x00000000,20,62,1218620
29,Classical RSA,PCR_READ,909,0x0000017e,0x00000000,20,62,1203753
29,Classical RSA,PCR_READ,910,0x0000017e,0x00000000,20,62,1174718
29,Classical RSA,PCR_READ,911,0x0000017e,0x00000000,20,62,1195960
29,Classical RSA,PCR_READ,912,0x0000017e,0x00000000,20,62,1227974
29,Classical RSA,PCR_READ,913,0x0000017e,0x00000000,20,62,1217380
29,Classical RSA,PCR_READ,914,0x0000017e,0x00000000,20,62,1132270
29,Classical RSA,PCR_READ,915,0x0000017e,0x00000000,20,62,1113140
29,Classical RSA,PCR_READ,916,0x0000017e,0x00000000,20,62,1255629
29,Classical RSA,PCR_READ,917,0x0000017e,0x00000000,20,62,1390219
29,Classical RSA,PCR_READ,918,0x0000017e,0x00000000,20,62,1302266
29,Classical RSA,PCR_READ,919,0x0000017e,0x00000000,20,62,1342250
29,Classical RSA,PCR_READ,920,0x0000017e,0x00000000,20,62,1354526
29,Classical RSA,PCR_READ,921,0x0000017e,0x00000000,20,62,1301641
29,Classical RSA,PCR_READ,922,0x0000017e,0x00000000,20,62,1265427
29,Classical RSA,PCR_READ,923,0x0000017e,0x00000000,20,62,1463766
29,Classical RSA,NONCE_RANDOM,924,0x0000017b,0x00000000,12,44,1488793
29,Classical RSA,QUOTE,925,0x00000158,0x00000000,107,428,3929840
30,Classical RSA,EK_CREATE,933,0x00000131,0x00000000,355,474,1186731
30,Classical RSA,AK_CREATE,934,0x00000131,0x00000000,353,440,1215824
30,Classical RSA,CREDENTIAL_RANDOM,935,0x0000017b,0x00000000,12,44,1292457
30,Classical RSA,MAKE_CREDENTIAL,936,0x00000168,0x00000000,84,338,1331651
30,Classical RSA,ACTIVATE_AUTH,937,0x00000176,0x00000000,59,48,1218008
30,Classical RSA,ACTIVATE_AUTH,938,0x00000151,0x00000000,41,29,1379179
30,Classical RSA,ACTIVATE_CREDENTIAL,939,0x00000147,0x00000000,464,122,3858360
30,Classical RSA,PCR_READ,940,0x0000017e,0x00000000,20,62,1360281
30,Classical RSA,PCR_READ,941,0x0000017e,0x00000000,20,62,1297607
30,Classical RSA,PCR_READ,942,0x0000017e,0x00000000,20,62,1224992
30,Classical RSA,PCR_READ,943,0x0000017e,0x00000000,20,62,1328054
30,Classical RSA,PCR_READ,944,0x0000017e,0x00000000,20,62,1280335
30,Classical RSA,PCR_READ,945,0x0000017e,0x00000000,20,62,1240220
30,Classical RSA,PCR_READ,946,0x0000017e,0x00000000,20,62,1209462
30,Classical RSA,PCR_READ,947,0x0000017e,0x00000000,20,62,1127571
30,Classical RSA,PCR_READ,948,0x0000017e,0x00000000,20,62,1322834
30,Classical RSA,PCR_READ,949,0x0000017e,0x00000000,20,62,1212359
30,Classical RSA,PCR_READ,950,0x0000017e,0x00000000,20,62,1267752
30,Classical RSA,PCR_READ,951,0x0000017e,0x00000000,20,62,1214201
30,Classical RSA,PCR_READ,952,0x0000017e,0x00000000,20,62,1090310
30,Classical RSA,PCR_READ,953,0x0000017e,0x00000000,20,62,1151456
30,Classical RSA,PCR_READ,954,0x0000017e,0x00000000,20,62,1251922
30,Classical RSA,PCR_READ,955,0x0000017e,0x00000000,20,62,1428571
30,Classical RSA,NONCE_RANDOM,956,0x0000017b,0x00000000,12,44,1173566
30,Classical RSA,QUOTE,957,0x00000158,0x00000000,107,428,3701464
31,Classical RSA,EK_CREATE,965,0x00000131,0x00000000,355,474,1250599
31,Classical RSA,AK_CREATE,966,0x00000131,0x00000000,353,440,1402936
31,Classical RSA,CREDENTIAL_RANDOM,967,0x0000017b,0x00000000,12,44,1241569
31,Classical RSA,MAKE_CREDENTIAL,968,0x00000168,0x00000000,84,338,1345656
31,Classical RSA,ACTIVATE_AUTH,969,0x00000176,0x00000000,59,48,1151475
31,Classical RSA,ACTIVATE_AUTH,970,0x00000151,0x00000000,41,29,1222201
31,Classical RSA,ACTIVATE_CREDENTIAL,971,0x00000147,0x00000000,464,122,4939997
31,Classical RSA,PCR_READ,972,0x0000017e,0x00000000,20,62,1328598
31,Classical RSA,PCR_READ,973,0x0000017e,0x00000000,20,62,1542901
31,Classical RSA,PCR_READ,974,0x0000017e,0x00000000,20,62,1530291
31,Classical RSA,PCR_READ,975,0x0000017e,0x00000000,20,62,1230372
31,Classical RSA,PCR_READ,976,0x0000017e,0x00000000,20,62,1599162
31,Classical RSA,PCR_READ,977,0x0000017e,0x00000000,20,62,1353357
31,Classical RSA,PCR_READ,978,0x0000017e,0x00000000,20,62,1250299
31,Classical RSA,PCR_READ,979,0x0000017e,0x00000000,20,62,1188794
31,Classical RSA,PCR_READ,980,0x0000017e,0x00000000,20,62,1188233
31,Classical RSA,PCR_READ,981,0x0000017e,0x00000000,20,62,1306223
31,Classical RSA,PCR_READ,982,0x0000017e,0x00000000,20,62,1364973
31,Classical RSA,PCR_READ,983,0x0000017e,0x00000000,20,62,1205416
31,Classical RSA,PCR_READ,984,0x0000017e,0x00000000,20,62,1138435
31,Classical RSA,PCR_READ,985,0x0000017e,0x00000000,20,62,1320145
31,Classical RSA,PCR_READ,986,0x0000017e,0x00000000,20,62,1208205
31,Classical RSA,PCR_READ,987,0x0000017e,0x00000000,20,62,1139953
31,Classical RSA,NONCE_RANDOM,988,0x0000017b,0x00000000,12,44,1242780
31,Classical RSA,QUOTE,989,0x00000158,0x00000000,107,428,5303109
32,Classical RSA,EK_CREATE,997,0x00000131,0x00000000,355,474,1354861
32,Classical RSA,AK_CREATE,998,0x00000131,0x00000000,353,440,1210177
32,Classical RSA,CREDENTIAL_RANDOM,999,0x0000017b,0x00000000,12,44,1230679
32,Classical RSA,MAKE_CREDENTIAL,1000,0x00000168,0x00000000,84,338,1410938
32,Classical RSA,ACTIVATE_AUTH,1001,0x00000176,0x00000000,59,48,1368018
32,Classical RSA,ACTIVATE_AUTH,1002,0x00000151,0x00000000,41,29,1304971
32,Classical RSA,ACTIVATE_CREDENTIAL,1003,0x00000147,0x00000000,464,122,3838901
32,Classical RSA,PCR_READ,1004,0x0000017e,0x00000000,20,62,1407682
32,Classical RSA,PCR_READ,1005,0x0000017e,0x00000000,20,62,1279212
32,Classical RSA,PCR_READ,1006,0x0000017e,0x00000000,20,62,1384108
32,Classical RSA,PCR_READ,1007,0x0000017e,0x00000000,20,62,1294201
32,Classical RSA,PCR_READ,1008,0x0000017e,0x00000000,20,62,1270356
32,Classical RSA,PCR_READ,1009,0x0000017e,0x00000000,20,62,1375401
32,Classical RSA,PCR_READ,1010,0x0000017e,0x00000000,20,62,1506476
32,Classical RSA,PCR_READ,1011,0x0000017e,0x00000000,20,62,1358871
32,Classical RSA,PCR_READ,1012,0x0000017e,0x00000000,20,62,1386678
32,Classical RSA,PCR_READ,1013,0x0000017e,0x00000000,20,62,1414801
32,Classical RSA,PCR_READ,1014,0x0000017e,0x00000000,20,62,1293299
32,Classical RSA,PCR_READ,1015,0x0000017e,0x00000000,20,62,1353064
32,Classical RSA,PCR_READ,1016,0x0000017e,0x00000000,20,62,1287885
32,Classical RSA,PCR_READ,1017,0x0000017e,0x00000000,20,62,1353150
32,Classical RSA,PCR_READ,1018,0x0000017e,0x00000000,20,62,1286406
32,Classical RSA,PCR_READ,1019,0x0000017e,0x00000000,20,62,1308532
32,Classical RSA,NONCE_RANDOM,1020,0x0000017b,0x00000000,12,44,1366345
32,Classical RSA,QUOTE,1021,0x00000158,0x00000000,107,428,4467828
33,Classical RSA,EK_CREATE,1029,0x00000131,0x00000000,355,474,1256431
33,Classical RSA,AK_CREATE,1030,0x00000131,0x00000000,353,440,1287559
33,Classical RSA,CREDENTIAL_RANDOM,1031,0x0000017b,0x00000000,12,44,1159525
33,Classical RSA,MAKE_CREDENTIAL,1032,0x00000168,0x00000000,84,338,1403169
33,Classical RSA,ACTIVATE_AUTH,1033,0x00000176,0x00000000,59,48,1387475
33,Classical RSA,ACTIVATE_AUTH,1034,0x00000151,0x00000000,41,29,1464848
33,Classical RSA,ACTIVATE_CREDENTIAL,1035,0x00000147,0x00000000,464,122,4165419
33,Classical RSA,PCR_READ,1036,0x0000017e,0x00000000,20,62,1449800
33,Classical RSA,PCR_READ,1037,0x0000017e,0x00000000,20,62,1235622
33,Classical RSA,PCR_READ,1038,0x0000017e,0x00000000,20,62,1115337
33,Classical RSA,PCR_READ,1039,0x0000017e,0x00000000,20,62,1279543
33,Classical RSA,PCR_READ,1040,0x0000017e,0x00000000,20,62,1302962
33,Classical RSA,PCR_READ,1041,0x0000017e,0x00000000,20,62,1094053
33,Classical RSA,PCR_READ,1042,0x0000017e,0x00000000,20,62,1119766
33,Classical RSA,PCR_READ,1043,0x0000017e,0x00000000,20,62,1210094
33,Classical RSA,PCR_READ,1044,0x0000017e,0x00000000,20,62,1165651
33,Classical RSA,PCR_READ,1045,0x0000017e,0x00000000,20,62,1309013
33,Classical RSA,PCR_READ,1046,0x0000017e,0x00000000,20,62,1383406
33,Classical RSA,PCR_READ,1047,0x0000017e,0x00000000,20,62,1174037
33,Classical RSA,PCR_READ,1048,0x0000017e,0x00000000,20,62,1197186
33,Classical RSA,PCR_READ,1049,0x0000017e,0x00000000,20,62,1300472
33,Classical RSA,PCR_READ,1050,0x0000017e,0x00000000,20,62,1357829
33,Classical RSA,PCR_READ,1051,0x0000017e,0x00000000,20,62,1275175
33,Classical RSA,NONCE_RANDOM,1052,0x0000017b,0x00000000,12,44,1292788
33,Classical RSA,QUOTE,1053,0x00000158,0x00000000,107,428,3904093
34,Classical RSA,EK_CREATE,1061,0x00000131,0x00000000,355,474,1345676
34,Classical RSA,AK_CREATE,1062,0x00000131,0x00000000,353,440,1331670
34,Classical RSA,CREDENTIAL_RANDOM,1063,0x0000017b,0x00000000,12,44,1112583
34,Classical RSA,MAKE_CREDENTIAL,1064,0x00000168,0x00000000,84,338,1380251
34,Classical RSA,ACTIVATE_AUTH,1065,0x00000176,0x00000000,59,48,1675564
34,Classical RSA,ACTIVATE_AUTH,1066,0x00000151,0x00000000,41,29,1684164
34,Classical RSA,ACTIVATE_CREDENTIAL,1067,0x00000147,0x00000000,464,122,4896620
34,Classical RSA,PCR_READ,1068,0x0000017e,0x00000000,20,62,1526753
34,Classical RSA,PCR_READ,1069,0x0000017e,0x00000000,20,62,1592235
34,Classical RSA,PCR_READ,1070,0x0000017e,0x00000000,20,62,1415777
34,Classical RSA,PCR_READ,1071,0x0000017e,0x00000000,20,62,1299832
34,Classical RSA,PCR_READ,1072,0x0000017e,0x00000000,20,62,1284523
34,Classical RSA,PCR_READ,1073,0x0000017e,0x00000000,20,62,1316246
34,Classical RSA,PCR_READ,1074,0x0000017e,0x00000000,20,62,1247419
34,Classical RSA,PCR_READ,1075,0x0000017e,0x00000000,20,62,1160291
34,Classical RSA,PCR_READ,1076,0x0000017e,0x00000000,20,62,1266669
34,Classical RSA,PCR_READ,1077,0x0000017e,0x00000000,20,62,1257121
34,Classical RSA,PCR_READ,1078,0x0000017e,0x00000000,20,62,1127204
34,Classical RSA,PCR_READ,1079,0x0000017e,0x00000000,20,62,1503666
34,Classical RSA,PCR_READ,1080,0x0000017e,0x00000000,20,62,1134433
34,Classical RSA,PCR_READ,1081,0x0000017e,0x00000000,20,62,1349153
34,Classical RSA,PCR_READ,1082,0x0000017e,0x00000000,20,62,1282629
34,Classical RSA,PCR_READ,1083,0x0000017e,0x00000000,20,62,1272600
34,Classical RSA,NONCE_RANDOM,1084,0x0000017b,0x00000000,12,44,1355765
34,Classical RSA,QUOTE,1085,0x00000158,0x00000000,107,428,3764863
35,Classical RSA,EK_CREATE,1093,0x00000131,0x00000000,355,474,1283501
35,Classical RSA,AK_CREATE,1094,0x00000131,0x00000000,353,440,1233507
35,Classical RSA,CREDENTIAL_RANDOM,1095,0x0000017b,0x00000000,12,44,1468485
35,Classical RSA,MAKE_CREDENTIAL,1096,0x00000168,0x00000000,84,338,1326190
35,Classical RSA,ACTIVATE_AUTH,1097,0x00000176,0x00000000,59,48,1213841
35,Classical RSA,ACTIVATE_AUTH,1098,0x00000151,0x00000000,41,29,1263784
35,Classical RSA,ACTIVATE_CREDENTIAL,1099,0x00000147,0x00000000,464,122,3756658
35,Classical RSA,PCR_READ,1100,0x0000017e,0x00000000,20,62,1562441
35,Classical RSA,PCR_READ,1101,0x0000017e,0x00000000,20,62,1258625
35,Classical RSA,PCR_READ,1102,0x0000017e,0x00000000,20,62,1308026
35,Classical RSA,PCR_READ,1103,0x0000017e,0x00000000,20,62,1249267
35,Classical RSA,PCR_READ,1104,0x0000017e,0x00000000,20,62,1352509
35,Classical RSA,PCR_READ,1105,0x0000017e,0x00000000,20,62,1350194
35,Classical RSA,PCR_READ,1106,0x0000017e,0x00000000,20,62,1223089
35,Classical RSA,PCR_READ,1107,0x0000017e,0x00000000,20,62,1188243
35,Classical RSA,PCR_READ,1108,0x0000017e,0x00000000,20,62,1366465
35,Classical RSA,PCR_READ,1109,0x0000017e,0x00000000,20,62,1515072
35,Classical RSA,PCR_READ,1110,0x0000017e,0x00000000,20,62,1313808
35,Classical RSA,PCR_READ,1111,0x0000017e,0x00000000,20,62,1343392
35,Classical RSA,PCR_READ,1112,0x0000017e,0x00000000,20,62,1298594
35,Classical RSA,PCR_READ,1113,0x0000017e,0x00000000,20,62,1306609
35,Classical RSA,PCR_READ,1114,0x0000017e,0x00000000,20,62,1269876
35,Classical RSA,PCR_READ,1115,0x0000017e,0x00000000,20,62,1303168
35,Classical RSA,NONCE_RANDOM,1116,0x0000017b,0x00000000,12,44,1333834
35,Classical RSA,QUOTE,1117,0x00000158,0x00000000,107,428,4062256
36,Classical RSA,EK_CREATE,1125,0x00000131,0x00000000,355,474,1392253
36,Classical RSA,AK_CREATE,1126,0x00000131,0x00000000,353,440,1392123
36,Classical RSA,CREDENTIAL_RANDOM,1127,0x0000017b,0x00000000,12,44,1353211
36,Classical RSA,MAKE_CREDENTIAL,1128,0x00000168,0x00000000,84,338,1274514
36,Classical RSA,ACTIVATE_AUTH,1129,0x00000176,0x00000000,59,48,1250950
36,Classical RSA,ACTIVATE_AUTH,1130,0x00000151,0x00000000,41,29,1226595
36,Classical RSA,ACTIVATE_CREDENTIAL,1131,0x00000147,0x00000000,464,122,3758962
36,Classical RSA,PCR_READ,1132,0x0000017e,0x00000000,20,62,1268272
36,Classical RSA,PCR_READ,1133,0x0000017e,0x00000000,20,62,1226745
36,Classical RSA,PCR_READ,1134,0x0000017e,0x00000000,20,62,1444190
36,Classical RSA,PCR_READ,1135,0x0000017e,0x00000000,20,62,1407402
36,Classical RSA,PCR_READ,1136,0x0000017e,0x00000000,20,62,1346978
36,Classical RSA,PCR_READ,1137,0x0000017e,0x00000000,20,62,1112211
36,Classical RSA,PCR_READ,1138,0x0000017e,0x00000000,20,62,1147228
36,Classical RSA,PCR_READ,1139,0x0000017e,0x00000000,20,62,1199123
36,Classical RSA,PCR_READ,1140,0x0000017e,0x00000000,20,62,1203101
36,Classical RSA,PCR_READ,1141,0x0000017e,0x00000000,20,62,1167465
36,Classical RSA,PCR_READ,1142,0x0000017e,0x00000000,20,62,1210219
36,Classical RSA,PCR_READ,1143,0x0000017e,0x00000000,20,62,1380527
36,Classical RSA,PCR_READ,1144,0x0000017e,0x00000000,20,62,1249049
36,Classical RSA,PCR_READ,1145,0x0000017e,0x00000000,20,62,1131053
36,Classical RSA,PCR_READ,1146,0x0000017e,0x00000000,20,62,1128282
36,Classical RSA,PCR_READ,1147,0x0000017e,0x00000000,20,62,1262170
36,Classical RSA,NONCE_RANDOM,1148,0x0000017b,0x00000000,12,44,1177814
36,Classical RSA,QUOTE,1149,0x00000158,0x00000000,107,428,3699071
37,Classical RSA,EK_CREATE,1157,0x00000131,0x00000000,355,474,1413789
37,Classical RSA,AK_CREATE,1158,0x00000131,0x00000000,353,440,1472022
37,Classical RSA,CREDENTIAL_RANDOM,1159,0x0000017b,0x00000000,12,44,1227321
37,Classical RSA,MAKE_CREDENTIAL,1160,0x00000168,0x00000000,84,338,1343893
37,Classical RSA,ACTIVATE_AUTH,1161,0x00000176,0x00000000,59,48,1378718
37,Classical RSA,ACTIVATE_AUTH,1162,0x00000151,0x00000000,41,29,1081164
37,Classical RSA,ACTIVATE_CREDENTIAL,1163,0x00000147,0x00000000,464,122,3566955
37,Classical RSA,PCR_READ,1164,0x0000017e,0x00000000,20,62,1150372
37,Classical RSA,PCR_READ,1165,0x0000017e,0x00000000,20,62,1077767
37,Classical RSA,PCR_READ,1166,0x0000017e,0x00000000,20,62,1222437
37,Classical RSA,PCR_READ,1167,0x0000017e,0x00000000,20,62,1271819
37,Classical RSA,PCR_READ,1168,0x0000017e,0x00000000,20,62,1164589
37,Classical RSA,PCR_READ,1169,0x0000017e,0x00000000,20,62,1312455
37,Classical RSA,PCR_READ,1170,0x0000017e,0x00000000,20,62,1204753
37,Classical RSA,PCR_READ,1171,0x0000017e,0x00000000,20,62,1429225
37,Classical RSA,PCR_READ,1172,0x0000017e,0x00000000,20,62,1283388
37,Classical RSA,PCR_READ,1173,0x0000017e,0x00000000,20,62,1275832
37,Classical RSA,PCR_READ,1174,0x0000017e,0x00000000,20,62,1113769
37,Classical RSA,PCR_READ,1175,0x0000017e,0x00000000,20,62,1420769
37,Classical RSA,PCR_READ,1176,0x0000017e,0x00000000,20,62,1332469
37,Classical RSA,PCR_READ,1177,0x0000017e,0x00000000,20,62,1133130
37,Classical RSA,PCR_READ,1178,0x0000017e,0x00000000,20,62,1317685
37,Classical RSA,PCR_READ,1179,0x0000017e,0x00000000,20,62,1181150
37,Classical RSA,NONCE_RANDOM,1180,0x0000017b,0x00000000,12,44,1223810
37,Classical RSA,QUOTE,1181,0x00000158,0x00000000,107,428,3766806
38,Classical RSA,EK_CREATE,1189,0x00000131,0x00000000,355,474,1377356
38,Classical RSA,AK_CREATE,1190,0x00000131,0x00000000,353,440,1296665
38,Classical RSA,CREDENTIAL_RANDOM,1191,0x0000017b,0x00000000,12,44,1416429
38,Classical RSA,MAKE_CREDENTIAL,1192,0x00000168,0x00000000,84,338,1571958
38,Classical RSA,ACTIVATE_AUTH,1193,0x00000176,0x00000000,59,48,1514461
38,Classical RSA,ACTIVATE_AUTH,1194,0x00000151,0x00000000,41,29,1686121
38,Classical RSA,ACTIVATE_CREDENTIAL,1195,0x00000147,0x00000000,464,122,4814948
38,Classical RSA,PCR_READ,1196,0x0000017e,0x00000000,20,62,1630849
38,Classical RSA,PCR_READ,1197,0x0000017e,0x00000000,20,62,1206831
38,Classical RSA,PCR_READ,1198,0x0000017e,0x00000000,20,62,1334563
38,Classical RSA,PCR_READ,1199,0x0000017e,0x00000000,20,62,1142692
38,Classical RSA,PCR_READ,1200,0x0000017e,0x00000000,20,62,1151612
38,Classical RSA,PCR_READ,1201,0x0000017e,0x00000000,20,62,1223860
38,Classical RSA,PCR_READ,1202,0x0000017e,0x00000000,20,62,1244168
38,Classical RSA,PCR_READ,1203,0x0000017e,0x00000000,20,62,1421658
38,Classical RSA,PCR_READ,1204,0x0000017e,0x00000000,20,62,1232185
38,Classical RSA,PCR_READ,1205,0x0000017e,0x00000000,20,62,1312545
38,Classical RSA,PCR_READ,1206,0x0000017e,0x00000000,20,62,1221245
38,Classical RSA,PCR_READ,1207,0x0000017e,0x00000000,20,62,1324908
38,Classical RSA,PCR_READ,1208,0x0000017e,0x00000000,20,62,1468916
38,Classical RSA,PCR_READ,1209,0x0000017e,0x00000000,20,62,1239449
38,Classical RSA,PCR_READ,1210,0x0000017e,0x00000000,20,62,1460149
38,Classical RSA,PCR_READ,1211,0x0000017e,0x00000000,20,62,1353691
38,Classical RSA,NONCE_RANDOM,1212,0x0000017b,0x00000000,12,44,1154390
38,Classical RSA,QUOTE,1213,0x00000158,0x00000000,107,428,3971888
39,Classical RSA,EK_CREATE,1221,0x00000131,0x00000000,355,474,1330389
39,Classical RSA,AK_CREATE,1222,0x00000131,0x00000000,353,440,1355364
39,Classical RSA,CREDENTIAL_RANDOM,1223,0x0000017b,0x00000000,12,44,1181250
39,Classical RSA,MAKE_CREDENTIAL,1224,0x00000168,0x00000000,84,338,1491138
39,Classical RSA,ACTIVATE_AUTH,1225,0x00000176,0x00000000,59,48,1263473
39,Classical RSA,ACTIVATE_AUTH,1226,0x00000151,0x00000000,41,29,1246444
39,Classical RSA,ACTIVATE_CREDENTIAL,1227,0x00000147,0x00000000,464,122,3758298
39,Classical RSA,PCR_READ,1228,0x0000017e,0x00000000,20,62,1508509
39,Classical RSA,PCR_READ,1229,0x0000017e,0x00000000,20,62,1279904
39,Classical RSA,PCR_READ,1230,0x0000017e,0x00000000,20,62,1508941
39,Classical RSA,PCR_READ,1231,0x0000017e,0x00000000,20,62,1268082
39,Classical RSA,PCR_READ,1232,0x0000017e,0x00000000,20,62,1341789
39,Classical RSA,PCR_READ,1233,0x0000017e,0x00000000,20,62,1296866
39,Classical RSA,PCR_READ,1234,0x0000017e,0x00000000,20,62,1121549
39,Classical RSA,PCR_READ,1235,0x0000017e,0x00000000,20,62,1233638
39,Classical RSA,PCR_READ,1236,0x0000017e,0x00000000,20,62,1187292
39,Classical RSA,PCR_READ,1237,0x0000017e,0x00000000,20,62,1157148
39,Classical RSA,PCR_READ,1238,0x0000017e,0x00000000,20,62,1208458
39,Classical RSA,PCR_READ,1239,0x0000017e,0x00000000,20,62,1276067
39,Classical RSA,PCR_READ,1240,0x0000017e,0x00000000,20,62,1302016
39,Classical RSA,PCR_READ,1241,0x0000017e,0x00000000,20,62,1476621
39,Classical RSA,PCR_READ,1242,0x0000017e,0x00000000,20,62,1224000
39,Classical RSA,PCR_READ,1243,0x0000017e,0x00000000,20,62,1222077
39,Classical RSA,NONCE_RANDOM,1244,0x0000017b,0x00000000,12,44,1290194
39,Classical RSA,QUOTE,1245,0x00000158,0x00000000,107,428,3904153
40,Classical RSA,EK_CREATE,1253,0x00000131,0x00000000,355,474,1435604
40,Classical RSA,AK_CREATE,1254,0x00000131,0x00000000,353,440,1481720
40,Classical RSA,CREDENTIAL_RANDOM,1255,0x0000017b,0x00000000,12,44,1290945
40,Classical RSA,MAKE_CREDENTIAL,1256,0x00000168,0x00000000,84,338,1418793
40,Classical RSA,ACTIVATE_AUTH,1257,0x00000176,0x00000000,59,48,1236518
40,Classical RSA,ACTIVATE_AUTH,1258,0x00000151,0x00000000,41,29,1246276
40,Classical RSA,ACTIVATE_CREDENTIAL,1259,0x00000147,0x00000000,464,122,3779229
40,Classical RSA,PCR_READ,1260,0x0000017e,0x00000000,20,62,1315200
40,Classical RSA,PCR_READ,1261,0x0000017e,0x00000000,20,62,1405507
40,Classical RSA,PCR_READ,1262,0x0000017e,0x00000000,20,62,1344604
40,Classical RSA,PCR_READ,1263,0x0000017e,0x00000000,20,62,1211426
40,Classical RSA,PCR_READ,1264,0x0000017e,0x00000000,20,62,1362268
40,Classical RSA,PCR_READ,1265,0x0000017e,0x00000000,20,62,1545118
40,Classical RSA,PCR_READ,1266,0x0000017e,0x00000000,20,62,1283411
40,Classical RSA,PCR_READ,1267,0x0000017e,0x00000000,20,62,1231854
40,Classical RSA,PCR_READ,1268,0x0000017e,0x00000000,20,62,1216115
40,Classical RSA,PCR_READ,1269,0x0000017e,0x00000000,20,62,1390870
40,Classical RSA,PCR_READ,1270,0x0000017e,0x00000000,20,62,1334631
40,Classical RSA,PCR_READ,1271,0x0000017e,0x00000000,20,62,1240075
40,Classical RSA,PCR_READ,1272,0x0000017e,0x00000000,20,62,1234539
40,Classical RSA,PCR_READ,1273,0x0000017e,0x00000000,20,62,1353792
40,Classical RSA,PCR_READ,1274,0x0000017e,0x00000000,20,62,1216737
40,Classical RSA,PCR_READ,1275,0x0000017e,0x00000000,20,62,1201728
40,Classical RSA,NONCE_RANDOM,1276,0x0000017b,0x00000000,12,44,1436686
40,Classical RSA,QUOTE,1277,0x00000158,0x00000000,107,428,4484123
41,Classical RSA,EK_CREATE,1285,0x00000131,0x00000000,355,474,1275887
41,Classical RSA,AK_CREATE,1286,0x00000131,0x00000000,353,440,1401781
41,Classical RSA,CREDENTIAL_RANDOM,1287,0x0000017b,0x00000000,12,44,1363480
41,Classical RSA,MAKE_CREDENTIAL,1288,0x00000168,0x00000000,84,338,1381493
41,Classical RSA,ACTIVATE_AUTH,1289,0x00000176,0x00000000,59,48,1289757
41,Classical RSA,ACTIVATE_AUTH,1290,0x00000151,0x00000000,41,29,1133777
41,Classical RSA,ACTIVATE_CREDENTIAL,1291,0x00000147,0x00000000,464,122,4503098
41,Classical RSA,PCR_READ,1292,0x0000017e,0x00000000,20,62,1315916
41,Classical RSA,PCR_READ,1293,0x0000017e,0x00000000,20,62,1354859
41,Classical RSA,PCR_READ,1294,0x0000017e,0x00000000,20,62,1201413
41,Classical RSA,PCR_READ,1295,0x0000017e,0x00000000,20,62,1206142
41,Classical RSA,PCR_READ,1296,0x0000017e,0x00000000,20,62,1203763
41,Classical RSA,PCR_READ,1297,0x0000017e,0x00000000,20,62,1174588
41,Classical RSA,PCR_READ,1298,0x0000017e,0x00000000,20,62,1262702
41,Classical RSA,PCR_READ,1299,0x0000017e,0x00000000,20,62,1155291
41,Classical RSA,PCR_READ,1300,0x0000017e,0x00000000,20,62,1263316
41,Classical RSA,PCR_READ,1301,0x0000017e,0x00000000,20,62,1379490
41,Classical RSA,PCR_READ,1302,0x0000017e,0x00000000,20,62,1497036
41,Classical RSA,PCR_READ,1303,0x0000017e,0x00000000,20,62,1579853
41,Classical RSA,PCR_READ,1304,0x0000017e,0x00000000,20,62,1390966
41,Classical RSA,PCR_READ,1305,0x0000017e,0x00000000,20,62,1224000
41,Classical RSA,PCR_READ,1306,0x0000017e,0x00000000,20,62,1257978
41,Classical RSA,PCR_READ,1307,0x0000017e,0x00000000,20,62,1224240
41,Classical RSA,NONCE_RANDOM,1308,0x0000017b,0x00000000,12,44,1137859
41,Classical RSA,QUOTE,1309,0x00000158,0x00000000,107,428,3624802
42,Classical RSA,EK_CREATE,1317,0x00000131,0x00000000,355,474,1366145
42,Classical RSA,AK_CREATE,1318,0x00000131,0x00000000,353,440,1315190
42,Classical RSA,CREDENTIAL_RANDOM,1319,0x0000017b,0x00000000,12,44,1507157
42,Classical RSA,MAKE_CREDENTIAL,1320,0x00000168,0x00000000,84,338,1401642
42,Classical RSA,ACTIVATE_AUTH,1321,0x00000176,0x00000000,59,48,1227405
42,Classical RSA,ACTIVATE_AUTH,1322,0x00000151,0x00000000,41,29,1468328
42,Classical RSA,ACTIVATE_CREDENTIAL,1323,0x00000147,0x00000000,464,122,5363348
42,Classical RSA,PCR_READ,1324,0x0000017e,0x00000000,20,62,1486168
42,Classical RSA,PCR_READ,1325,0x0000017e,0x00000000,20,62,1342911
42,Classical RSA,PCR_READ,1326,0x0000017e,0x00000000,20,62,1348331
42,Classical RSA,PCR_READ,1327,0x0000017e,0x00000000,20,62,1299100
42,Classical RSA,PCR_READ,1328,0x0000017e,0x00000000,20,62,1228067
42,Classical RSA,PCR_READ,1329,0x0000017e,0x00000000,20,62,1331961
42,Classical RSA,PCR_READ,1330,0x0000017e,0x00000000,20,62,1412692
42,Classical RSA,PCR_READ,1331,0x0000017e,0x00000000,20,62,1305712
42,Classical RSA,PCR_READ,1332,0x0000017e,0x00000000,20,62,1169138
42,Classical RSA,PCR_READ,1333,0x0000017e,0x00000000,20,62,1338834
42,Classical RSA,PCR_READ,1334,0x0000017e,0x00000000,20,62,1392774
42,Classical RSA,PCR_READ,1335,0x0000017e,0x00000000,20,62,1255368
42,Classical RSA,PCR_READ,1336,0x0000017e,0x00000000,20,62,1300422
42,Classical RSA,PCR_READ,1337,0x0000017e,0x00000000,20,62,1263413
42,Classical RSA,PCR_READ,1338,0x0000017e,0x00000000,20,62,1331090
42,Classical RSA,PCR_READ,1339,0x0000017e,0x00000000,20,62,1390621
42,Classical RSA,NONCE_RANDOM,1340,0x0000017b,0x00000000,12,44,1289121
42,Classical RSA,QUOTE,1341,0x00000158,0x00000000,107,428,3646322
43,Classical RSA,EK_CREATE,1349,0x00000131,0x00000000,355,474,1192628
43,Classical RSA,AK_CREATE,1350,0x00000131,0x00000000,353,440,1295964
43,Classical RSA,CREDENTIAL_RANDOM,1351,0x0000017b,0x00000000,12,44,1478413
43,Classical RSA,MAKE_CREDENTIAL,1352,0x00000168,0x00000000,84,338,1369962
43,Classical RSA,ACTIVATE_AUTH,1353,0x00000176,0x00000000,59,48,1245260
43,Classical RSA,ACTIVATE_AUTH,1354,0x00000151,0x00000000,41,29,1184289
43,Classical RSA,ACTIVATE_CREDENTIAL,1355,0x00000147,0x00000000,464,122,4351076
43,Classical RSA,PCR_READ,1356,0x0000017e,0x00000000,20,62,1586510
43,Classical RSA,PCR_READ,1357,0x0000017e,0x00000000,20,62,1550419
43,Classical RSA,PCR_READ,1358,0x0000017e,0x00000000,20,62,1558773
43,Classical RSA,PCR_READ,1359,0x0000017e,0x00000000,20,62,1346417
43,Classical RSA,PCR_READ,1360,0x0000017e,0x00000000,20,62,1379329
43,Classical RSA,PCR_READ,1361,0x0000017e,0x00000000,20,62,1371405
43,Classical RSA,PCR_READ,1362,0x0000017e,0x00000000,20,62,1308247
43,Classical RSA,PCR_READ,1363,0x0000017e,0x00000000,20,62,1390132
43,Classical RSA,PCR_READ,1364,0x0000017e,0x00000000,20,62,1609851
43,Classical RSA,PCR_READ,1365,0x0000017e,0x00000000,20,62,1363254
43,Classical RSA,PCR_READ,1366,0x0000017e,0x00000000,20,62,1353271
43,Classical RSA,PCR_READ,1367,0x0000017e,0x00000000,20,62,1214022
43,Classical RSA,PCR_READ,1368,0x0000017e,0x00000000,20,62,1330683
43,Classical RSA,PCR_READ,1369,0x0000017e,0x00000000,20,62,1222487
43,Classical RSA,PCR_READ,1370,0x0000017e,0x00000000,20,62,1356336
43,Classical RSA,PCR_READ,1371,0x0000017e,0x00000000,20,62,1325679
43,Classical RSA,NONCE_RANDOM,1372,0x0000017b,0x00000000,12,44,1290199
43,Classical RSA,QUOTE,1373,0x00000158,0x00000000,107,428,3584928
44,Classical RSA,EK_CREATE,1381,0x00000131,0x00000000,355,474,1349463
44,Classical RSA,AK_CREATE,1382,0x00000131,0x00000000,353,440,1258103
44,Classical RSA,CREDENTIAL_RANDOM,1383,0x0000017b,0x00000000,12,44,1192635
44,Classical RSA,MAKE_CREDENTIAL,1384,0x00000168,0x00000000,84,338,1400997
44,Classical RSA,ACTIVATE_AUTH,1385,0x00000176,0x00000000,59,48,1315560
44,Classical RSA,ACTIVATE_AUTH,1386,0x00000151,0x00000000,41,29,1375081
44,Classical RSA,ACTIVATE_CREDENTIAL,1387,0x00000147,0x00000000,464,122,4880591
44,Classical RSA,PCR_READ,1388,0x0000017e,0x00000000,20,62,1477016
44,Classical RSA,PCR_READ,1389,0x0000017e,0x00000000,20,62,1362383
44,Classical RSA,PCR_READ,1390,0x0000017e,0x00000000,20,62,1275636
44,Classical RSA,PCR_READ,1391,0x0000017e,0x00000000,20,62,1321381
44,Classical RSA,PCR_READ,1392,0x0000017e,0x00000000,20,62,1196629
44,Classical RSA,PCR_READ,1393,0x0000017e,0x00000000,20,62,1379099
44,Classical RSA,PCR_READ,1394,0x0000017e,0x00000000,20,62,1216066
44,Classical RSA,PCR_READ,1395,0x0000017e,0x00000000,20,62,1147397
44,Classical RSA,PCR_READ,1396,0x0000017e,0x00000000,20,62,1288460
44,Classical RSA,PCR_READ,1397,0x0000017e,0x00000000,20,62,1230392
44,Classical RSA,PCR_READ,1398,0x0000017e,0x00000000,20,62,1359082
44,Classical RSA,PCR_READ,1399,0x0000017e,0x00000000,20,62,1214873
44,Classical RSA,PCR_READ,1400,0x0000017e,0x00000000,20,62,1148068
44,Classical RSA,PCR_READ,1401,0x0000017e,0x00000000,20,62,1271689
44,Classical RSA,PCR_READ,1402,0x0000017e,0x00000000,20,62,1231564
44,Classical RSA,PCR_READ,1403,0x0000017e,0x00000000,20,62,1204123
44,Classical RSA,NONCE_RANDOM,1404,0x0000017b,0x00000000,12,44,1300215
44,Classical RSA,QUOTE,1405,0x00000158,0x00000000,107,428,3896414
45,Classical RSA,EK_CREATE,1413,0x00000131,0x00000000,355,474,1494674
45,Classical RSA,AK_CREATE,1414,0x00000131,0x00000000,353,440,1643010
45,Classical RSA,CREDENTIAL_RANDOM,1415,0x0000017b,0x00000000,12,44,1488713
45,Classical RSA,MAKE_CREDENTIAL,1416,0x00000168,0x00000000,84,338,1461934
45,Classical RSA,ACTIVATE_AUTH,1417,0x00000176,0x00000000,59,48,1351988
45,Classical RSA,ACTIVATE_AUTH,1418,0x00000151,0x00000000,41,29,1356039
45,Classical RSA,ACTIVATE_CREDENTIAL,1419,0x00000147,0x00000000,464,122,4598332
45,Classical RSA,PCR_READ,1420,0x0000017e,0x00000000,20,62,1515473
45,Classical RSA,PCR_READ,1421,0x0000017e,0x00000000,20,62,1898416
45,Classical RSA,PCR_READ,1422,0x0000017e,0x00000000,20,62,1434211
45,Classical RSA,PCR_READ,1423,0x0000017e,0x00000000,20,62,1343662
45,Classical RSA,PCR_READ,1424,0x0000017e,0x00000000,20,62,1365093
45,Classical RSA,PCR_READ,1425,0x0000017e,0x00000000,20,62,1382195
45,Classical RSA,PCR_READ,1426,0x0000017e,0x00000000,20,62,1423494
45,Classical RSA,PCR_READ,1427,0x0000017e,0x00000000,20,62,1347508
45,Classical RSA,PCR_READ,1428,0x0000017e,0x00000000,20,62,1428140
45,Classical RSA,PCR_READ,1429,0x0000017e,0x00000000,20,62,1696841
45,Classical RSA,PCR_READ,1430,0x0000017e,0x00000000,20,62,1358009
45,Classical RSA,PCR_READ,1431,0x0000017e,0x00000000,20,62,1704327
45,Classical RSA,PCR_READ,1432,0x0000017e,0x00000000,20,62,1348279
45,Classical RSA,PCR_READ,1433,0x0000017e,0x00000000,20,62,1380090
45,Classical RSA,PCR_READ,1434,0x0000017e,0x00000000,20,62,1093517
45,Classical RSA,PCR_READ,1435,0x0000017e,0x00000000,20,62,1116544
45,Classical RSA,NONCE_RANDOM,1436,0x0000017b,0x00000000,12,44,1318651
45,Classical RSA,QUOTE,1437,0x00000158,0x00000000,107,428,4147936
46,Classical RSA,EK_CREATE,1445,0x00000131,0x00000000,355,474,1410853
46,Classical RSA,AK_CREATE,1446,0x00000131,0x00000000,353,440,1294216
46,Classical RSA,CREDENTIAL_RANDOM,1447,0x0000017b,0x00000000,12,44,1309880
46,Classical RSA,MAKE_CREDENTIAL,1448,0x00000168,0x00000000,84,338,1257131
46,Classical RSA,ACTIVATE_AUTH,1449,0x00000176,0x00000000,59,48,1195811
46,Classical RSA,ACTIVATE_AUTH,1450,0x00000151,0x00000000,41,29,1203341
46,Classical RSA,ACTIVATE_CREDENTIAL,1451,0x00000147,0x00000000,464,122,3740664
46,Classical RSA,PCR_READ,1452,0x0000017e,0x00000000,20,62,1362558
46,Classical RSA,PCR_READ,1453,0x0000017e,0x00000000,20,62,1282609
46,Classical RSA,PCR_READ,1454,0x0000017e,0x00000000,20,62,1226204
46,Classical RSA,PCR_READ,1455,0x0000017e,0x00000000,20,62,1249116
46,Classical RSA,PCR_READ,1456,0x0000017e,0x00000000,20,62,1180539
46,Classical RSA,PCR_READ,1457,0x0000017e,0x00000000,20,62,1212668
46,Classical RSA,PCR_READ,1458,0x0000017e,0x00000000,20,62,1282219
46,Classical RSA,PCR_READ,1459,0x0000017e,0x00000000,20,62,1237339
46,Classical RSA,PCR_READ,1460,0x0000017e,0x00000000,20,62,1231594
46,Classical RSA,PCR_READ,1461,0x0000017e,0x00000000,20,62,1276934
46,Classical RSA,PCR_READ,1462,0x0000017e,0x00000000,20,62,1232926
46,Classical RSA,PCR_READ,1463,0x0000017e,0x00000000,20,62,1693294
46,Classical RSA,PCR_READ,1464,0x0000017e,0x00000000,20,62,1486810
46,Classical RSA,PCR_READ,1465,0x0000017e,0x00000000,20,62,1433410
46,Classical RSA,PCR_READ,1466,0x0000017e,0x00000000,20,62,1481202
46,Classical RSA,PCR_READ,1467,0x0000017e,0x00000000,20,62,1332544
46,Classical RSA,NONCE_RANDOM,1468,0x0000017b,0x00000000,12,44,1292542
46,Classical RSA,QUOTE,1469,0x00000158,0x00000000,107,428,3736701
47,Classical RSA,EK_CREATE,1477,0x00000131,0x00000000,355,474,1297167
47,Classical RSA,AK_CREATE,1478,0x00000131,0x00000000,353,440,1196669
47,Classical RSA,CREDENTIAL_RANDOM,1479,0x0000017b,0x00000000,12,44,1179607
47,Classical RSA,MAKE_CREDENTIAL,1480,0x00000168,0x00000000,84,338,1356937
47,Classical RSA,ACTIVATE_AUTH,1481,0x00000176,0x00000000,59,48,1213150
47,Classical RSA,ACTIVATE_AUTH,1482,0x00000151,0x00000000,41,29,1090030
47,Classical RSA,ACTIVATE_CREDENTIAL,1483,0x00000147,0x00000000,464,122,4945863
47,Classical RSA,PCR_READ,1484,0x0000017e,0x00000000,20,62,1657066
47,Classical RSA,PCR_READ,1485,0x0000017e,0x00000000,20,62,1518228
47,Classical RSA,PCR_READ,1486,0x0000017e,0x00000000,20,62,1377225
47,Classical RSA,PCR_READ,1487,0x0000017e,0x00000000,20,62,1265768
47,Classical RSA,PCR_READ,1488,0x0000017e,0x00000000,20,62,1137939
47,Classical RSA,PCR_READ,1489,0x0000017e,0x00000000,20,62,1104327
47,Classical RSA,PCR_READ,1490,0x0000017e,0x00000000,20,62,1470008
47,Classical RSA,PCR_READ,1491,0x0000017e,0x00000000,20,62,1316532
47,Classical RSA,PCR_READ,1492,0x0000017e,0x00000000,20,62,1269104
47,Classical RSA,PCR_READ,1493,0x0000017e,0x00000000,20,62,1319818
47,Classical RSA,PCR_READ,1494,0x0000017e,0x00000000,20,62,1295734
47,Classical RSA,PCR_READ,1495,0x0000017e,0x00000000,20,62,1299531
47,Classical RSA,PCR_READ,1496,0x0000017e,0x00000000,20,62,1206857
47,Classical RSA,PCR_READ,1497,0x0000017e,0x00000000,20,62,1289813
47,Classical RSA,PCR_READ,1498,0x0000017e,0x00000000,20,62,1276928
47,Classical RSA,PCR_READ,1499,0x0000017e,0x00000000,20,62,1313447
47,Classical RSA,NONCE_RANDOM,1500,0x0000017b,0x00000000,12,44,1185227
47,Classical RSA,QUOTE,1501,0x00000158,0x00000000,107,428,3744726
48,Classical RSA,EK_CREATE,1509,0x00000131,0x00000000,355,474,1204237
48,Classical RSA,AK_CREATE,1510,0x00000131,0x00000000,353,440,1405004
48,Classical RSA,CREDENTIAL_RANDOM,1511,0x0000017b,0x00000000,12,44,1442237
48,Classical RSA,MAKE_CREDENTIAL,1512,0x00000168,0x00000000,84,338,1473194
48,Classical RSA,ACTIVATE_AUTH,1513,0x00000176,0x00000000,59,48,1326230
48,Classical RSA,ACTIVATE_AUTH,1514,0x00000151,0x00000000,41,29,1317344
48,Classical RSA,ACTIVATE_CREDENTIAL,1515,0x00000147,0x00000000,464,122,3651256
48,Classical RSA,PCR_READ,1516,0x0000017e,0x00000000,20,62,1481705
48,Classical RSA,PCR_READ,1517,0x0000017e,0x00000000,20,62,1337391
48,Classical RSA,PCR_READ,1518,0x0000017e,0x00000000,20,62,1311964
48,Classical RSA,PCR_READ,1519,0x0000017e,0x00000000,20,62,1315800
48,Classical RSA,PCR_READ,1520,0x0000017e,0x00000000,20,62,1200336
48,Classical RSA,PCR_READ,1521,0x0000017e,0x00000000,20,62,1197381
48,Classical RSA,PCR_READ,1522,0x0000017e,0x00000000,20,62,1487912
48,Classical RSA,PCR_READ,1523,0x0000017e,0x00000000,20,62,1317023
48,Classical RSA,PCR_READ,1524,0x0000017e,0x00000000,20,62,1154951
48,Classical RSA,PCR_READ,1525,0x0000017e,0x00000000,20,62,1235441
48,Classical RSA,PCR_READ,1526,0x0000017e,0x00000000,20,62,1159590
48,Classical RSA,PCR_READ,1527,0x0000017e,0x00000000,20,62,1233387
48,Classical RSA,PCR_READ,1528,0x0000017e,0x00000000,20,62,1263524
48,Classical RSA,PCR_READ,1529,0x0000017e,0x00000000,20,62,1239829
48,Classical RSA,PCR_READ,1530,0x0000017e,0x00000000,20,62,1328645
48,Classical RSA,PCR_READ,1531,0x0000017e,0x00000000,20,62,1257688
48,Classical RSA,NONCE_RANDOM,1532,0x0000017b,0x00000000,12,44,1483588
48,Classical RSA,QUOTE,1533,0x00000158,0x00000000,107,428,4344983
49,Classical RSA,EK_CREATE,1541,0x00000131,0x00000000,355,474,1425144
49,Classical RSA,AK_CREATE,1542,0x00000131,0x00000000,353,440,1287950
49,Classical RSA,CREDENTIAL_RANDOM,1543,0x0000017b,0x00000000,12,44,1317945
49,Classical RSA,MAKE_CREDENTIAL,1544,0x00000168,0x00000000,84,338,1258724
49,Classical RSA,ACTIVATE_AUTH,1545,0x00000176,0x00000000,59,48,1118648
49,Classical RSA,ACTIVATE_AUTH,1546,0x00000151,0x00000000,41,29,1094749
49,Classical RSA,ACTIVATE_CREDENTIAL,1547,0x00000147,0x00000000,464,122,3680421
49,Classical RSA,PCR_READ,1548,0x0000017e,0x00000000,20,62,1301587
49,Classical RSA,PCR_READ,1549,0x0000017e,0x00000000,20,62,1312782
49,Classical RSA,PCR_READ,1550,0x0000017e,0x00000000,20,62,1305076
49,Classical RSA,PCR_READ,1551,0x0000017e,0x00000000,20,62,1160651
49,Classical RSA,PCR_READ,1552,0x0000017e,0x00000000,20,62,1159781
49,Classical RSA,PCR_READ,1553,0x0000017e,0x00000000,20,62,1091533
49,Classical RSA,PCR_READ,1554,0x0000017e,0x00000000,20,62,1240791
49,Classical RSA,PCR_READ,1555,0x0000017e,0x00000000,20,62,1203597
49,Classical RSA,PCR_READ,1556,0x0000017e,0x00000000,20,62,1179406
49,Classical RSA,PCR_READ,1557,0x0000017e,0x00000000,20,62,1562193
49,Classical RSA,PCR_READ,1558,0x0000017e,0x00000000,20,62,1436703
49,Classical RSA,PCR_READ,1559,0x0000017e,0x00000000,20,62,1376203
49,Classical RSA,PCR_READ,1560,0x0000017e,0x00000000,20,62,1505755
49,Classical RSA,PCR_READ,1561,0x0000017e,0x00000000,20,62,1400879
49,Classical RSA,PCR_READ,1562,0x0000017e,0x00000000,20,62,1339315
49,Classical RSA,PCR_READ,1563,0x0000017e,0x00000000,20,62,1353776
49,Classical RSA,NONCE_RANDOM,1564,0x0000017b,0x00000000,12,44,1403789
49,Classical RSA,QUOTE,1565,0x00000158,0x00000000,107,428,5356708
50,Classical RSA,EK_CREATE,1573,0x00000131,0x00000000,355,474,1366786
50,Classical RSA,AK_CREATE,1574,0x00000131,0x00000000,353,440,1355325
50,Classical RSA,CREDENTIAL_RANDOM,1575,0x0000017b,0x00000000,12,44,1188213
50,Classical RSA,MAKE_CREDENTIAL,1576,0x00000168,0x00000000,84,338,1389102
50,Classical RSA,ACTIVATE_AUTH,1577,0x00000176,0x00000000,59,48,1337256
50,Classical RSA,ACTIVATE_AUTH,1578,0x00000151,0x00000000,41,29,1208283
50,Classical RSA,ACTIVATE_CREDENTIAL,1579,0x00000147,0x00000000,464,122,3834031
50,Classical RSA,PCR_READ,1580,0x0000017e,0x00000000,20,62,1443827
50,Classical RSA,PCR_READ,1581,0x0000017e,0x00000000,20,62,1354633
50,Classical RSA,PCR_READ,1582,0x0000017e,0x00000000,20,62,1217788
50,Classical RSA,PCR_READ,1583,0x0000017e,0x00000000,20,62,1223674
50,Classical RSA,PCR_READ,1584,0x0000017e,0x00000000,20,62,1335523
50,Classical RSA,PCR_READ,1585,0x0000017e,0x00000000,20,62,1259045
50,Classical RSA,PCR_READ,1586,0x0000017e,0x00000000,20,62,1186074
50,Classical RSA,PCR_READ,1587,0x0000017e,0x00000000,20,62,1424067
50,Classical RSA,PCR_READ,1588,0x0000017e,0x00000000,20,62,1253715
50,Classical RSA,PCR_READ,1589,0x0000017e,0x00000000,20,62,1246361
50,Classical RSA,PCR_READ,1590,0x0000017e,0x00000000,20,62,1391817
50,Classical RSA,PCR_READ,1591,0x0000017e,0x00000000,20,62,1419579
50,Classical RSA,PCR_READ,1592,0x0000017e,0x00000000,20,62,1287107
50,Classical RSA,PCR_READ,1593,0x0000017e,0x00000000,20,62,1419780
50,Classical RSA,PCR_READ,1594,0x0000017e,0x00000000,20,62,1274644
50,Classical RSA,PCR_READ,1595,0x0000017e,0x00000000,20,62,1125051
50,Classical RSA,NONCE_RANDOM,1596,0x0000017b,0x00000000,12,44,1482511
50,Classical RSA,QUOTE,1597,0x00000158,0x00000000,107,428,3739410
51,Classical RSA,EK_CREATE,1605,0x00000131,0x00000000,355,474,1309724
51,Classical RSA,AK_CREATE,1606,0x00000131,0x00000000,353,440,1302456
51,Classical RSA,CREDENTIAL_RANDOM,1607,0x0000017b,0x00000000,12,44,1343222
51,Classical RSA,MAKE_CREDENTIAL,1608,0x00000168,0x00000000,84,338,1408574
51,Classical RSA,ACTIVATE_AUTH,1609,0x00000176,0x00000000,59,48,1314454
51,Classical RSA,ACTIVATE_AUTH,1610,0x00000151,0x00000000,41,29,1337381
51,Classical RSA,ACTIVATE_CREDENTIAL,1611,0x00000147,0x00000000,464,122,5207781
51,Classical RSA,PCR_READ,1612,0x0000017e,0x00000000,20,62,1497038
51,Classical RSA,PCR_READ,1613,0x0000017e,0x00000000,20,62,1245730
51,Classical RSA,PCR_READ,1614,0x0000017e,0x00000000,20,62,1282339
51,Classical RSA,PCR_READ,1615,0x0000017e,0x00000000,20,62,1242805
51,Classical RSA,PCR_READ,1616,0x0000017e,0x00000000,20,62,1268993
51,Classical RSA,PCR_READ,1617,0x0000017e,0x00000000,20,62,1307409
51,Classical RSA,PCR_READ,1618,0x0000017e,0x00000000,20,62,1245209
51,Classical RSA,PCR_READ,1619,0x0000017e,0x00000000,20,62,1299618
51,Classical RSA,PCR_READ,1620,0x0000017e,0x00000000,20,62,1236989
51,Classical RSA,PCR_READ,1621,0x0000017e,0x00000000,20,62,1265317
51,Classical RSA,PCR_READ,1622,0x0000017e,0x00000000,20,62,1238552
51,Classical RSA,PCR_READ,1623,0x0000017e,0x00000000,20,62,1400359
51,Classical RSA,PCR_READ,1624,0x0000017e,0x00000000,20,62,1268052
51,Classical RSA,PCR_READ,1625,0x0000017e,0x00000000,20,62,1489835
51,Classical RSA,PCR_READ,1626,0x0000017e,0x00000000,20,62,1257993
51,Classical RSA,PCR_READ,1627,0x0000017e,0x00000000,20,62,1226147
51,Classical RSA,NONCE_RANDOM,1628,0x0000017b,0x00000000,12,44,1278859
51,Classical RSA,QUOTE,1629,0x00000158,0x00000000,107,428,3777351
52,Classical RSA,EK_CREATE,1637,0x00000131,0x00000000,355,474,1603146
52,Classical RSA,AK_CREATE,1638,0x00000131,0x00000000,353,440,1271899
52,Classical RSA,CREDENTIAL_RANDOM,1639,0x0000017b,0x00000000,12,44,1326020
52,Classical RSA,MAKE_CREDENTIAL,1640,0x00000168,0x00000000,84,338,1416078
52,Classical RSA,ACTIVATE_AUTH,1641,0x00000176,0x00000000,59,48,1175921
52,Classical RSA,ACTIVATE_AUTH,1642,0x00000151,0x00000000,41,29,1311854
52,Classical RSA,ACTIVATE_CREDENTIAL,1643,0x00000147,0x00000000,464,122,4776016
52,Classical RSA,PCR_READ,1644,0x0000017e,0x00000000,20,62,1504112
52,Classical RSA,PCR_READ,1645,0x0000017e,0x00000000,20,62,1328675
52,Classical RSA,PCR_READ,1646,0x0000017e,0x00000000,20,62,1396271
52,Classical RSA,PCR_READ,1647,0x0000017e,0x00000000,20,62,1276859
52,Classical RSA,PCR_READ,1648,0x0000017e,0x00000000,20,62,1116460
52,Classical RSA,PCR_READ,1649,0x0000017e,0x00000000,20,62,1176311
52,Classical RSA,PCR_READ,1650,0x0000017e,0x00000000,20,62,1422390
52,Classical RSA,PCR_READ,1651,0x0000017e,0x00000000,20,62,1602735
52,Classical RSA,PCR_READ,1652,0x0000017e,0x00000000,20,62,1381183
52,Classical RSA,PCR_READ,1653,0x0000017e,0x00000000,20,62,1263213
52,Classical RSA,PCR_READ,1654,0x0000017e,0x00000000,20,62,1389067
52,Classical RSA,PCR_READ,1655,0x0000017e,0x00000000,20,62,1725394
52,Classical RSA,PCR_READ,1656,0x0000017e,0x00000000,20,62,1689437
52,Classical RSA,PCR_READ,1657,0x0000017e,0x00000000,20,62,1190558
52,Classical RSA,PCR_READ,1658,0x0000017e,0x00000000,20,62,1245039
52,Classical RSA,PCR_READ,1659,0x0000017e,0x00000000,20,62,1260258
52,Classical RSA,NONCE_RANDOM,1660,0x0000017b,0x00000000,12,44,1244939
52,Classical RSA,QUOTE,1661,0x00000158,0x00000000,107,428,4957925
53,Classical RSA,EK_CREATE,1669,0x00000131,0x00000000,355,474,1243707
53,Classical RSA,AK_CREATE,1670,0x00000131,0x00000000,353,440,1344734
53,Classical RSA,CREDENTIAL_RANDOM,1671,0x0000017b,0x00000000,12,44,1502069
53,Classical RSA,MAKE_CREDENTIAL,1672,0x00000168,0x00000000,84,338,1327773
53,Classical RSA,ACTIVATE_AUTH,1673,0x00000176,0x00000000,59,48,1232425
53,Classical RSA,ACTIVATE_AUTH,1674,0x00000151,0x00000000,41,29,1241112
53,Classical RSA,ACTIVATE_CREDENTIAL,1675,0x00000147,0x00000000,464,122,3699521
53,Classical RSA,PCR_READ,1676,0x0000017e,0x00000000,20,62,1522892
53,Classical RSA,PCR_READ,1677,0x0000017e,0x00000000,20,62,1359151
53,Classical RSA,PCR_READ,1678,0x0000017e,0x00000000,20,62,1191816
53,Classical RSA,PCR_READ,1679,0x0000017e,0x00000000,20,62,1222427
53,Classical RSA,PCR_READ,1680,0x0000017e,0x00000000,20,62,1227877
53,Classical RSA,PCR_READ,1681,0x0000017e,0x00000000,20,62,1263123
53,Classical RSA,PCR_READ,1682,0x0000017e,0x00000000,20,62,1224260
53,Classical RSA,PCR_READ,1683,0x0000017e,0x00000000,20,62,1466161
53,Classical RSA,PCR_READ,1684,0x0000017e,0x00000000,20,62,1206918
53,Classical RSA,PCR_READ,1685,0x0000017e,0x00000000,20,62,1315210
53,Classical RSA,PCR_READ,1686,0x0000017e,0x00000000,20,62,1293159
53,Classical RSA,PCR_READ,1687,0x0000017e,0x00000000,20,62,1260452
53,Classical RSA,PCR_READ,1688,0x0000017e,0x00000000,20,62,1185554
53,Classical RSA,PCR_READ,1689,0x0000017e,0x00000000,20,62,1271539
53,Classical RSA,PCR_READ,1690,0x0000017e,0x00000000,20,62,1312465
53,Classical RSA,PCR_READ,1691,0x0000017e,0x00000000,20,62,1437949
53,Classical RSA,NONCE_RANDOM,1692,0x0000017b,0x00000000,12,44,1456964
53,Classical RSA,QUOTE,1693,0x00000158,0x00000000,107,428,4041438
54,Classical RSA,EK_CREATE,1701,0x00000131,0x00000000,355,474,1353932
54,Classical RSA,AK_CREATE,1702,0x00000131,0x00000000,353,440,1409385
54,Classical RSA,CREDENTIAL_RANDOM,1703,0x0000017b,0x00000000,12,44,1399426
54,Classical RSA,MAKE_CREDENTIAL,1704,0x00000168,0x00000000,84,338,1476220
54,Classical RSA,ACTIVATE_AUTH,1705,0x00000176,0x00000000,59,48,1482531
54,Classical RSA,ACTIVATE_AUTH,1706,0x00000151,0x00000000,41,29,1326972
54,Classical RSA,ACTIVATE_CREDENTIAL,1707,0x00000147,0x00000000,464,122,3864018
54,Classical RSA,PCR_READ,1708,0x0000017e,0x00000000,20,62,1341614
54,Classical RSA,PCR_READ,1709,0x0000017e,0x00000000,20,62,1365068
54,Classical RSA,PCR_READ,1710,0x0000017e,0x00000000,20,62,1397628
54,Classical RSA,PCR_READ,1711,0x0000017e,0x00000000,20,62,1220819
54,Classical RSA,PCR_READ,1712,0x0000017e,0x00000000,20,62,1109297
54,Classical RSA,PCR_READ,1713,0x0000017e,0x00000000,20,62,1240870
54,Classical RSA,PCR_READ,1714,0x0000017e,0x00000000,20,62,1275296
54,Classical RSA,PCR_READ,1715,0x0000017e,0x00000000,20,62,1227787
54,Classical RSA,PCR_READ,1716,0x0000017e,0x00000000,20,62,1238893
54,Classical RSA,PCR_READ,1717,0x0000017e,0x00000000,20,62,1230398
54,Classical RSA,PCR_READ,1718,0x0000017e,0x00000000,20,62,1184426
54,Classical RSA,PCR_READ,1719,0x0000017e,0x00000000,20,62,1162425
54,Classical RSA,PCR_READ,1720,0x0000017e,0x00000000,20,62,1408553
54,Classical RSA,PCR_READ,1721,0x0000017e,0x00000000,20,62,1295373
54,Classical RSA,PCR_READ,1722,0x0000017e,0x00000000,20,62,1219431
54,Classical RSA,PCR_READ,1723,0x0000017e,0x00000000,20,62,1391725
54,Classical RSA,NONCE_RANDOM,1724,0x0000017b,0x00000000,12,44,1495392
54,Classical RSA,QUOTE,1725,0x00000158,0x00000000,107,428,3785522
55,Classical RSA,EK_CREATE,1733,0x00000131,0x00000000,355,474,1365490
55,Classical RSA,AK_CREATE,1734,0x00000131,0x00000000,353,440,1434074
55,Classical RSA,CREDENTIAL_RANDOM,1735,0x0000017b,0x00000000,12,44,1313206
55,Classical RSA,MAKE_CREDENTIAL,1736,0x00000168,0x00000000,84,338,1295262
55,Classical RSA,ACTIVATE_AUTH,1737,0x00000176,0x00000000,59,48,1253692
55,Classical RSA,ACTIVATE_AUTH,1738,0x00000151,0x00000000,41,29,1255158
55,Classical RSA,ACTIVATE_CREDENTIAL,1739,0x00000147,0x00000000,464,122,3814335
55,Classical RSA,PCR_READ,1740,0x0000017e,0x00000000,20,62,1303669
55,Classical RSA,PCR_READ,1741,0x0000017e,0x00000000,20,62,1197902
55,Classical RSA,PCR_READ,1742,0x0000017e,0x00000000,20,62,1372507
55,Classical RSA,PCR_READ,1743,0x0000017e,0x00000000,20,62,1339560
55,Classical RSA,PCR_READ,1744,0x0000017e,0x00000000,20,62,1327828
55,Classical RSA,PCR_READ,1745,0x0000017e,0x00000000,20,62,1239569
55,Classical RSA,PCR_READ,1746,0x0000017e,0x00000000,20,62,1330869
55,Classical RSA,PCR_READ,1747,0x0000017e,0x00000000,20,62,1169814
55,Classical RSA,PCR_READ,1748,0x0000017e,0x00000000,20,62,1131794
55,Classical RSA,PCR_READ,1749,0x0000017e,0x00000000,20,62,1262241
55,Classical RSA,PCR_READ,1750,0x0000017e,0x00000000,20,62,1289132
55,Classical RSA,PCR_READ,1751,0x0000017e,0x00000000,20,62,1471150
55,Classical RSA,PCR_READ,1752,0x0000017e,0x00000000,20,62,1313831
55,Classical RSA,PCR_READ,1753,0x0000017e,0x00000000,20,62,1424824
55,Classical RSA,PCR_READ,1754,0x0000017e,0x00000000,20,62,1292093
55,Classical RSA,PCR_READ,1755,0x0000017e,0x00000000,20,62,1368223
55,Classical RSA,NONCE_RANDOM,1756,0x0000017b,0x00000000,12,44,1452650
55,Classical RSA,QUOTE,1757,0x00000158,0x00000000,107,428,3830074
56,Classical RSA,EK_CREATE,1765,0x00000131,0x00000000,355,474,1171786
56,Classical RSA,AK_CREATE,1766,0x00000131,0x00000000,353,440,1151726
56,Classical RSA,CREDENTIAL_RANDOM,1767,0x0000017b,0x00000000,12,44,1252429
56,Classical RSA,MAKE_CREDENTIAL,1768,0x00000168,0x00000000,84,338,1334215
56,Classical RSA,ACTIVATE_AUTH,1769,0x00000176,0x00000000,59,48,1227967
56,Classical RSA,ACTIVATE_AUTH,1770,0x00000151,0x00000000,41,29,1418578
56,Classical RSA,ACTIVATE_CREDENTIAL,1771,0x00000147,0x00000000,464,122,3798190
56,Classical RSA,PCR_READ,1772,0x0000017e,0x00000000,20,62,1220954
56,Classical RSA,PCR_READ,1773,0x0000017e,0x00000000,20,62,1225192
56,Classical RSA,PCR_READ,1774,0x0000017e,0x00000000,20,62,1155245
56,Classical RSA,PCR_READ,1775,0x0000017e,0x00000000,20,62,1272631
56,Classical RSA,PCR_READ,1776,0x0000017e,0x00000000,20,62,1274063
56,Classical RSA,PCR_READ,1777,0x0000017e,0x00000000,20,62,1059784
56,Classical RSA,PCR_READ,1778,0x0000017e,0x00000000,20,62,1050714
56,Classical RSA,PCR_READ,1779,0x0000017e,0x00000000,20,62,1292608
56,Classical RSA,PCR_READ,1780,0x0000017e,0x00000000,20,62,1222703
56,Classical RSA,PCR_READ,1781,0x0000017e,0x00000000,20,62,1403339
56,Classical RSA,PCR_READ,1782,0x0000017e,0x00000000,20,62,1751125
56,Classical RSA,PCR_READ,1783,0x0000017e,0x00000000,20,62,1401427
56,Classical RSA,PCR_READ,1784,0x0000017e,0x00000000,20,62,1452436
56,Classical RSA,PCR_READ,1785,0x0000017e,0x00000000,20,62,1357799
56,Classical RSA,PCR_READ,1786,0x0000017e,0x00000000,20,62,1326862
56,Classical RSA,PCR_READ,1787,0x0000017e,0x00000000,20,62,1345256
56,Classical RSA,NONCE_RANDOM,1788,0x0000017b,0x00000000,12,44,1214643
56,Classical RSA,QUOTE,1789,0x00000158,0x00000000,107,428,3612298
57,Classical RSA,EK_CREATE,1797,0x00000131,0x00000000,355,474,1194184
57,Classical RSA,AK_CREATE,1798,0x00000131,0x00000000,353,440,1253815
57,Classical RSA,CREDENTIAL_RANDOM,1799,0x0000017b,0x00000000,12,44,1225744
57,Classical RSA,MAKE_CREDENTIAL,1800,0x00000168,0x00000000,84,338,1232306
57,Classical RSA,ACTIVATE_AUTH,1801,0x00000176,0x00000000,59,48,1264345
57,Classical RSA,ACTIVATE_AUTH,1802,0x00000151,0x00000000,41,29,1390754
57,Classical RSA,ACTIVATE_CREDENTIAL,1803,0x00000147,0x00000000,464,122,3663113
57,Classical RSA,PCR_READ,1804,0x0000017e,0x00000000,20,62,1191717
57,Classical RSA,PCR_READ,1805,0x0000017e,0x00000000,20,62,1268255
57,Classical RSA,PCR_READ,1806,0x0000017e,0x00000000,20,62,1165901
57,Classical RSA,PCR_READ,1807,0x0000017e,0x00000000,20,62,1155880
57,Classical RSA,PCR_READ,1808,0x0000017e,0x00000000,20,62,1133010
57,Classical RSA,PCR_READ,1809,0x0000017e,0x00000000,20,62,1245069
57,Classical RSA,PCR_READ,1810,0x0000017e,0x00000000,20,62,1386272
57,Classical RSA,PCR_READ,1811,0x0000017e,0x00000000,20,62,1430464
57,Classical RSA,PCR_READ,1812,0x0000017e,0x00000000,20,62,1574874
57,Classical RSA,PCR_READ,1813,0x0000017e,0x00000000,20,62,1169904
57,Classical RSA,PCR_READ,1814,0x0000017e,0x00000000,20,62,1046555
57,Classical RSA,PCR_READ,1815,0x0000017e,0x00000000,20,62,1320249
57,Classical RSA,PCR_READ,1816,0x0000017e,0x00000000,20,62,1338658
57,Classical RSA,PCR_READ,1817,0x0000017e,0x00000000,20,62,1300117
57,Classical RSA,PCR_READ,1818,0x0000017e,0x00000000,20,62,1167805
57,Classical RSA,PCR_READ,1819,0x0000017e,0x00000000,20,62,1201638
57,Classical RSA,NONCE_RANDOM,1820,0x0000017b,0x00000000,12,44,1390059
57,Classical RSA,QUOTE,1821,0x00000158,0x00000000,107,428,3632265
58,Classical RSA,EK_CREATE,1829,0x00000131,0x00000000,355,474,1500885
58,Classical RSA,AK_CREATE,1830,0x00000131,0x00000000,353,440,1295974
58,Classical RSA,CREDENTIAL_RANDOM,1831,0x0000017b,0x00000000,12,44,1591735
58,Classical RSA,MAKE_CREDENTIAL,1832,0x00000168,0x00000000,84,338,2013891
58,Classical RSA,ACTIVATE_AUTH,1833,0x00000176,0x00000000,59,48,1570625
58,Classical RSA,ACTIVATE_AUTH,1834,0x00000151,0x00000000,41,29,1316147
58,Classical RSA,ACTIVATE_CREDENTIAL,1835,0x00000147,0x00000000,464,122,3709925
58,Classical RSA,PCR_READ,1836,0x0000017e,0x00000000,20,62,1303838
58,Classical RSA,PCR_READ,1837,0x0000017e,0x00000000,20,62,1311573
58,Classical RSA,PCR_READ,1838,0x0000017e,0x00000000,20,62,1246485
58,Classical RSA,PCR_READ,1839,0x0000017e,0x00000000,20,62,1353078
58,Classical RSA,PCR_READ,1840,0x0000017e,0x00000000,20,62,1186239
58,Classical RSA,PCR_READ,1841,0x0000017e,0x00000000,20,62,1292848
58,Classical RSA,PCR_READ,1842,0x0000017e,0x00000000,20,62,1282609
58,Classical RSA,PCR_READ,1843,0x0000017e,0x00000000,20,62,1540599
58,Classical RSA,PCR_READ,1844,0x0000017e,0x00000000,20,62,1299691
58,Classical RSA,PCR_READ,1845,0x0000017e,0x00000000,20,62,1212859
58,Classical RSA,PCR_READ,1846,0x0000017e,0x00000000,20,62,1185178
58,Classical RSA,PCR_READ,1847,0x0000017e,0x00000000,20,62,1319027
58,Classical RSA,PCR_READ,1848,0x0000017e,0x00000000,20,62,1333204
58,Classical RSA,PCR_READ,1849,0x0000017e,0x00000000,20,62,1223744
58,Classical RSA,PCR_READ,1850,0x0000017e,0x00000000,20,62,1213375
58,Classical RSA,PCR_READ,1851,0x0000017e,0x00000000,20,62,1223980
58,Classical RSA,NONCE_RANDOM,1852,0x0000017b,0x00000000,12,44,1258194
58,Classical RSA,QUOTE,1853,0x00000158,0x00000000,107,428,3797173
59,Classical RSA,EK_CREATE,1861,0x00000131,0x00000000,355,474,1453768
59,Classical RSA,AK_CREATE,1862,0x00000131,0x00000000,353,440,1428170
59,Classical RSA,CREDENTIAL_RANDOM,1863,0x0000017b,0x00000000,12,44,1316832
59,Classical RSA,MAKE_CREDENTIAL,1864,0x00000168,0x00000000,84,338,1360544
59,Classical RSA,ACTIVATE_AUTH,1865,0x00000176,0x00000000,59,48,1197941
59,Classical RSA,ACTIVATE_AUTH,1866,0x00000151,0x00000000,41,29,1338984
59,Classical RSA,ACTIVATE_CREDENTIAL,1867,0x00000147,0x00000000,464,122,5294592
59,Classical RSA,PCR_READ,1868,0x0000017e,0x00000000,20,62,1428100
59,Classical RSA,PCR_READ,1869,0x0000017e,0x00000000,20,62,1255328
59,Classical RSA,PCR_READ,1870,0x0000017e,0x00000000,20,62,1266148
59,Classical RSA,PCR_READ,1871,0x0000017e,0x00000000,20,62,1137519
59,Classical RSA,PCR_READ,1872,0x0000017e,0x00000000,20,62,1340918
59,Classical RSA,PCR_READ,1873,0x0000017e,0x00000000,20,62,1245049
59,Classical RSA,PCR_READ,1874,0x0000017e,0x00000000,20,62,1207589
59,Classical RSA,PCR_READ,1875,0x0000017e,0x00000000,20,62,1173896
59,Classical RSA,PCR_READ,1876,0x0000017e,0x00000000,20,62,1183815
59,Classical RSA,PCR_READ,1877,0x0000017e,0x00000000,20,62,1296365
59,Classical RSA,PCR_READ,1878,0x0000017e,0x00000000,20,62,1413133
59,Classical RSA,PCR_READ,1879,0x0000017e,0x00000000,20,62,1256621
59,Classical RSA,PCR_READ,1880,0x0000017e,0x00000000,20,62,1330598
59,Classical RSA,PCR_READ,1881,0x0000017e,0x00000000,20,62,1205325
59,Classical RSA,PCR_READ,1882,0x0000017e,0x00000000,20,62,1201548
59,Classical RSA,PCR_READ,1883,0x0000017e,0x00000000,20,62,1160692
59,Classical RSA,NONCE_RANDOM,1884,0x0000017b,0x00000000,12,44,1213661
59,Classical RSA,QUOTE,1885,0x00000158,0x00000000,107,428,4042981
60,Classical RSA,EK_CREATE,1893,0x00000131,0x00000000,355,474,1543876
60,Classical RSA,AK_CREATE,1894,0x00000131,0x00000000,353,440,1591915
60,Classical RSA,CREDENTIAL_RANDOM,1895,0x0000017b,0x00000000,12,44,1301864
60,Classical RSA,MAKE_CREDENTIAL,1896,0x00000168,0x00000000,84,338,1189065
60,Classical RSA,ACTIVATE_AUTH,1897,0x00000176,0x00000000,59,48,1532955
60,Classical RSA,ACTIVATE_AUTH,1898,0x00000151,0x00000000,41,29,1394889
60,Classical RSA,ACTIVATE_CREDENTIAL,1899,0x00000147,0x00000000,464,122,3903486
60,Classical RSA,PCR_READ,1900,0x0000017e,0x00000000,20,62,1412170
60,Classical RSA,PCR_READ,1901,0x0000017e,0x00000000,20,62,1188223
60,Classical RSA,PCR_READ,1902,0x0000017e,0x00000000,20,62,1255257
60,Classical RSA,PCR_READ,1903,0x0000017e,0x00000000,20,62,1332863
60,Classical RSA,PCR_READ,1904,0x0000017e,0x00000000,20,62,1331968
60,Classical RSA,PCR_READ,1905,0x0000017e,0x00000000,20,62,1189686
60,Classical RSA,PCR_READ,1906,0x0000017e,0x00000000,20,62,1280525
60,Classical RSA,PCR_READ,1907,0x0000017e,0x00000000,20,62,1269024
60,Classical RSA,PCR_READ,1908,0x0000017e,0x00000000,20,62,1250179
60,Classical RSA,PCR_READ,1909,0x0000017e,0x00000000,20,62,1232087
60,Classical RSA,PCR_READ,1910,0x0000017e,0x00000000,20,62,1283187
60,Classical RSA,PCR_READ,1911,0x0000017e,0x00000000,20,62,1297838
60,Classical RSA,PCR_READ,1912,0x0000017e,0x00000000,20,62,1363390
60,Classical RSA,PCR_READ,1913,0x0000017e,0x00000000,20,62,1393335
60,Classical RSA,PCR_READ,1914,0x0000017e,0x00000000,20,62,1264667
60,Classical RSA,PCR_READ,1915,0x0000017e,0x00000000,20,62,1175379
60,Classical RSA,NONCE_RANDOM,1916,0x0000017b,0x00000000,12,44,1325239
60,Classical RSA,QUOTE,1917,0x00000158,0x00000000,107,428,3692538
61,Classical RSA,EK_CREATE,1925,0x00000131,0x00000000,355,474,1313347
61,Classical RSA,AK_CREATE,1926,0x00000131,0x00000000,353,440,1203611
61,Classical RSA,CREDENTIAL_RANDOM,1927,0x0000017b,0x00000000,12,44,1151365
61,Classical RSA,MAKE_CREDENTIAL,1928,0x00000168,0x00000000,84,338,1216025
61,Classical RSA,ACTIVATE_AUTH,1929,0x00000176,0x00000000,59,48,1146726
61,Classical RSA,ACTIVATE_AUTH,1930,0x00000151,0x00000000,41,29,1440784
61,Classical RSA,ACTIVATE_CREDENTIAL,1931,0x00000147,0x00000000,464,122,3717437
61,Classical RSA,PCR_READ,1932,0x0000017e,0x00000000,20,62,1100280
61,Classical RSA,PCR_READ,1933,0x0000017e,0x00000000,20,62,1283257
61,Classical RSA,PCR_READ,1934,0x0000017e,0x00000000,20,62,1100159
61,Classical RSA,PCR_READ,1935,0x0000017e,0x00000000,20,62,1135294
61,Classical RSA,PCR_READ,1936,0x0000017e,0x00000000,20,62,1310040
61,Classical RSA,PCR_READ,1937,0x0000017e,0x00000000,20,62,1468725
61,Classical RSA,PCR_READ,1938,0x0000017e,0x00000000,20,62,1373008
61,Classical RSA,PCR_READ,1939,0x0000017e,0x00000000,20,62,1383577
61,Classical RSA,PCR_READ,1940,0x0000017e,0x00000000,20,62,1196709
61,Classical RSA,PCR_READ,1941,0x0000017e,0x00000000,20,62,1531062
61,Classical RSA,PCR_READ,1942,0x0000017e,0x00000000,20,62,1524160
61,Classical RSA,PCR_READ,1943,0x0000017e,0x00000000,20,62,1403468
61,Classical RSA,PCR_READ,1944,0x0000017e,0x00000000,20,62,1288796
61,Classical RSA,PCR_READ,1945,0x0000017e,0x00000000,20,62,1347991
61,Classical RSA,PCR_READ,1946,0x0000017e,0x00000000,20,62,1239499
61,Classical RSA,PCR_READ,1947,0x0000017e,0x00000000,20,62,1338243
61,Classical RSA,NONCE_RANDOM,1948,0x0000017b,0x00000000,12,44,1409285
61,Classical RSA,QUOTE,1949,0x00000158,0x00000000,107,428,3995963
62,Classical RSA,EK_CREATE,1957,0x00000131,0x00000000,355,474,1355375
62,Classical RSA,AK_CREATE,1958,0x00000131,0x00000000,353,440,1279063
62,Classical RSA,CREDENTIAL_RANDOM,1959,0x0000017b,0x00000000,12,44,1260929
62,Classical RSA,MAKE_CREDENTIAL,1960,0x00000168,0x00000000,84,338,1283140
62,Classical RSA,ACTIVATE_AUTH,1961,0x00000176,0x00000000,59,48,1353611
62,Classical RSA,ACTIVATE_AUTH,1962,0x00000151,0x00000000,41,29,1195126
62,Classical RSA,ACTIVATE_CREDENTIAL,1963,0x00000147,0x00000000,464,122,5269065
62,Classical RSA,PCR_READ,1964,0x0000017e,0x00000000,20,62,1433520
62,Classical RSA,PCR_READ,1965,0x0000017e,0x00000000,20,62,1161674
62,Classical RSA,PCR_READ,1966,0x0000017e,0x00000000,20,62,1173315
62,Classical RSA,PCR_READ,1967,0x0000017e,0x00000000,20,62,1139363
62,Classical RSA,PCR_READ,1968,0x0000017e,0x00000000,20,62,1202099
62,Classical RSA,PCR_READ,1969,0x0000017e,0x00000000,20,62,1229470
62,Classical RSA,PCR_READ,1970,0x0000017e,0x00000000,20,62,1125927
62,Classical RSA,PCR_READ,1971,0x0000017e,0x00000000,20,62,1141877
62,Classical RSA,PCR_READ,1972,0x0000017e,0x00000000,20,62,1277089
62,Classical RSA,PCR_READ,1973,0x0000017e,0x00000000,20,62,1371856
62,Classical RSA,PCR_READ,1974,0x0000017e,0x00000000,20,62,1484585
62,Classical RSA,PCR_READ,1975,0x0000017e,0x00000000,20,62,1739139
62,Classical RSA,PCR_READ,1976,0x0000017e,0x00000000,20,62,1375382
62,Classical RSA,PCR_READ,1977,0x0000017e,0x00000000,20,62,1410237
62,Classical RSA,PCR_READ,1978,0x0000017e,0x00000000,20,62,1238787
62,Classical RSA,PCR_READ,1979,0x0000017e,0x00000000,20,62,1368689
62,Classical RSA,NONCE_RANDOM,1980,0x0000017b,0x00000000,12,44,1212709
62,Classical RSA,QUOTE,1981,0x00000158,0x00000000,107,428,4394997
63,Classical RSA,EK_CREATE,1989,0x00000131,0x00000000,355,474,1232363
63,Classical RSA,AK_CREATE,1990,0x00000131,0x00000000,353,440,1589841
63,Classical RSA,CREDENTIAL_RANDOM,1991,0x0000017b,0x00000000,12,44,1471962
63,Classical RSA,MAKE_CREDENTIAL,1992,0x00000168,0x00000000,84,338,1406399
63,Classical RSA,ACTIVATE_AUTH,1993,0x00000176,0x00000000,59,48,1343222
63,Classical RSA,ACTIVATE_AUTH,1994,0x00000151,0x00000000,41,29,1170560
63,Classical RSA,ACTIVATE_CREDENTIAL,1995,0x00000147,0x00000000,464,122,4057328
63,Classical RSA,PCR_READ,1996,0x0000017e,0x00000000,20,62,1369802
63,Classical RSA,PCR_READ,1997,0x0000017e,0x00000000,20,62,1223499
63,Classical RSA,PCR_READ,1998,0x0000017e,0x00000000,20,62,1181225
63,Classical RSA,PCR_READ,1999,0x0000017e,0x00000000,20,62,1277579
63,Classical RSA,PCR_READ,2000,0x0000017e,0x00000000,20,62,1338804
63,Classical RSA,PCR_READ,2001,0x0000017e,0x00000000,20,62,1164494
63,Classical RSA,PCR_READ,2002,0x0000017e,0x00000000,20,62,1147347
63,Classical RSA,PCR_READ,2003,0x0000017e,0x00000000,20,62,1249110
63,Classical RSA,PCR_READ,2004,0x0000017e,0x00000000,20,62,1127437
63,Classical RSA,PCR_READ,2005,0x0000017e,0x00000000,20,62,1266059
63,Classical RSA,PCR_READ,2006,0x0000017e,0x00000000,20,62,1130415
63,Classical RSA,PCR_READ,2007,0x0000017e,0x00000000,20,62,1428020
63,Classical RSA,PCR_READ,2008,0x0000017e,0x00000000,20,62,1198505
63,Classical RSA,PCR_READ,2009,0x0000017e,0x00000000,20,62,1238815
63,Classical RSA,PCR_READ,2010,0x0000017e,0x00000000,20,62,1355104
63,Classical RSA,PCR_READ,2011,0x0000017e,0x00000000,20,62,1292017
63,Classical RSA,NONCE_RANDOM,2012,0x0000017b,0x00000000,12,44,1407302
63,Classical RSA,QUOTE,2013,0x00000158,0x00000000,107,428,5057340
64,Classical RSA,EK_CREATE,2021,0x00000131,0x00000000,355,474,1325003
64,Classical RSA,AK_CREATE,2022,0x00000131,0x00000000,353,440,1293332
64,Classical RSA,CREDENTIAL_RANDOM,2023,0x0000017b,0x00000000,12,44,1209550
64,Classical RSA,MAKE_CREDENTIAL,2024,0x00000168,0x00000000,84,338,1338974
64,Classical RSA,ACTIVATE_AUTH,2025,0x00000176,0x00000000,59,48,1267912
64,Classical RSA,ACTIVATE_AUTH,2026,0x00000151,0x00000000,41,29,1174357
64,Classical RSA,ACTIVATE_CREDENTIAL,2027,0x00000147,0x00000000,464,122,3828522
64,Classical RSA,PCR_READ,2028,0x0000017e,0x00000000,20,62,1280600
64,Classical RSA,PCR_READ,2029,0x0000017e,0x00000000,20,62,1416403
64,Classical RSA,PCR_READ,2030,0x0000017e,0x00000000,20,62,1384649
64,Classical RSA,PCR_READ,2031,0x0000017e,0x00000000,20,62,1352039
64,Classical RSA,PCR_READ,2032,0x0000017e,0x00000000,20,62,1211962
64,Classical RSA,PCR_READ,2033,0x0000017e,0x00000000,20,62,1184845
64,Classical RSA,PCR_READ,2034,0x0000017e,0x00000000,20,62,1281013
64,Classical RSA,PCR_READ,2035,0x0000017e,0x00000000,20,62,1146806
64,Classical RSA,PCR_READ,2036,0x0000017e,0x00000000,20,62,1226143
64,Classical RSA,PCR_READ,2037,0x0000017e,0x00000000,20,62,1187242
64,Classical RSA,PCR_READ,2038,0x0000017e,0x00000000,20,62,1273471
64,Classical RSA,PCR_READ,2039,0x0000017e,0x00000000,20,62,1260178
64,Classical RSA,PCR_READ,2040,0x0000017e,0x00000000,20,62,1251852
64,Classical RSA,PCR_READ,2041,0x0000017e,0x00000000,20,62,1289422
64,Classical RSA,PCR_READ,2042,0x0000017e,0x00000000,20,62,1231524
64,Classical RSA,PCR_READ,2043,0x0000017e,0x00000000,20,62,1307395
64,Classical RSA,NONCE_RANDOM,2044,0x0000017b,0x00000000,12,44,1326090
64,Classical RSA,QUOTE,2045,0x00000158,0x00000000,107,428,3711163
65,Classical RSA,EK_CREATE,2053,0x00000131,0x00000000,355,474,1125837
65,Classical RSA,AK_CREATE,2054,0x00000131,0x00000000,353,440,1515483
65,Classical RSA,CREDENTIAL_RANDOM,2055,0x0000017b,0x00000000,12,44,1667085
65,Classical RSA,MAKE_CREDENTIAL,2056,0x00000168,0x00000000,84,338,1555551
65,Classical RSA,ACTIVATE_AUTH,2057,0x00000176,0x00000000,59,48,1276635
65,Classical RSA,ACTIVATE_AUTH,2058,0x00000151,0x00000000,41,29,1229059
65,Classical RSA,ACTIVATE_CREDENTIAL,2059,0x00000147,0x00000000,464,122,3750556
65,Classical RSA,PCR_READ,2060,0x0000017e,0x00000000,20,62,1552852
65,Classical RSA,PCR_READ,2061,0x0000017e,0x00000000,20,62,1268282
65,Classical RSA,PCR_READ,2062,0x0000017e,0x00000000,20,62,1190460
65,Classical RSA,PCR_READ,2063,0x0000017e,0x00000000,20,62,1207015
65,Classical RSA,PCR_READ,2064,0x0000017e,0x00000000,20,62,1202731
65,Classical RSA,PCR_READ,2065,0x0000017e,0x00000000,20,62,1205415
65,Classical RSA,PCR_READ,2066,0x0000017e,0x00000000,20,62,1196078
65,Classical RSA,PCR_READ,2067,0x0000017e,0x00000000,20,62,1222851
65,Classical RSA,PCR_READ,2068,0x0000017e,0x00000000,20,62,1274581
65,Classical RSA,PCR_READ,2069,0x0000017e,0x00000000,20,62,1156319
65,Classical RSA,PCR_READ,2070,0x0000017e,0x00000000,20,62,3157456
65,Classical RSA,PCR_READ,2071,0x0000017e,0x00000000,20,62,1276161
65,Classical RSA,PCR_READ,2072,0x0000017e,0x00000000,20,62,1221372
65,Classical RSA,PCR_READ,2073,0x0000017e,0x00000000,20,62,1276297
65,Classical RSA,PCR_READ,2074,0x0000017e,0x00000000,20,62,1363960
65,Classical RSA,PCR_READ,2075,0x0000017e,0x00000000,20,62,1229153
65,Classical RSA,NONCE_RANDOM,2076,0x0000017b,0x00000000,12,44,1109604
65,Classical RSA,QUOTE,2077,0x00000158,0x00000000,107,428,5177474
66,Classical RSA,EK_CREATE,2085,0x00000131,0x00000000,355,474,1460781
66,Classical RSA,AK_CREATE,2086,0x00000131,0x00000000,353,440,1386072
66,Classical RSA,CREDENTIAL_RANDOM,2087,0x0000017b,0x00000000,12,44,1406330
66,Classical RSA,MAKE_CREDENTIAL,2088,0x00000168,0x00000000,84,338,1510303
66,Classical RSA,ACTIVATE_AUTH,2089,0x00000176,0x00000000,59,48,1407151
66,Classical RSA,ACTIVATE_AUTH,2090,0x00000151,0x00000000,41,29,1522646
66,Classical RSA,ACTIVATE_CREDENTIAL,2091,0x00000147,0x00000000,464,122,5074512
66,Classical RSA,PCR_READ,2092,0x0000017e,0x00000000,20,62,1292538
66,Classical RSA,PCR_READ,2093,0x0000017e,0x00000000,20,62,1296345
66,Classical RSA,PCR_READ,2094,0x0000017e,0x00000000,20,62,1274153
66,Classical RSA,PCR_READ,2095,0x0000017e,0x00000000,20,62,1293991
66,Classical RSA,PCR_READ,2096,0x0000017e,0x00000000,20,62,1265948
66,Classical RSA,PCR_READ,2097,0x0000017e,0x00000000,20,62,1216276
66,Classical RSA,PCR_READ,2098,0x0000017e,0x00000000,20,62,1284944
66,Classical RSA,PCR_READ,2099,0x0000017e,0x00000000,20,62,1223129
66,Classical RSA,PCR_READ,2100,0x0000017e,0x00000000,20,62,1372917
66,Classical RSA,PCR_READ,2101,0x0000017e,0x00000000,20,62,1420245
66,Classical RSA,PCR_READ,2102,0x0000017e,0x00000000,20,62,1239899
66,Classical RSA,PCR_READ,2103,0x0000017e,0x00000000,20,62,1386668
66,Classical RSA,PCR_READ,2104,0x0000017e,0x00000000,20,62,1322538
66,Classical RSA,PCR_READ,2105,0x0000017e,0x00000000,20,62,1515664
66,Classical RSA,PCR_READ,2106,0x0000017e,0x00000000,20,62,1313516
66,Classical RSA,PCR_READ,2107,0x0000017e,0x00000000,20,62,1239058
66,Classical RSA,NONCE_RANDOM,2108,0x0000017b,0x00000000,12,44,1593097
66,Classical RSA,QUOTE,2109,0x00000158,0x00000000,107,428,3890897
67,Classical RSA,EK_CREATE,2117,0x00000131,0x00000000,355,474,1275355
67,Classical RSA,AK_CREATE,2118,0x00000131,0x00000000,353,440,1639016
67,Classical RSA,CREDENTIAL_RANDOM,2119,0x0000017b,0x00000000,12,44,1348208
67,Classical RSA,MAKE_CREDENTIAL,2120,0x00000168,0x00000000,84,338,1823627
67,Classical RSA,ACTIVATE_AUTH,2121,0x00000176,0x00000000,59,48,1226105
67,Classical RSA,ACTIVATE_AUTH,2122,0x00000151,0x00000000,41,29,1472412
67,Classical RSA,ACTIVATE_CREDENTIAL,2123,0x00000147,0x00000000,464,122,3719328
67,Classical RSA,PCR_READ,2124,0x0000017e,0x00000000,20,62,1319819
67,Classical RSA,PCR_READ,2125,0x0000017e,0x00000000,20,62,1241723
67,Classical RSA,PCR_READ,2126,0x0000017e,0x00000000,20,62,1350866
67,Classical RSA,PCR_READ,2127,0x0000017e,0x00000000,20,62,1290183
67,Classical RSA,PCR_READ,2128,0x0000017e,0x00000000,20,62,1355936
67,Classical RSA,PCR_READ,2129,0x0000017e,0x00000000,20,62,1486542
67,Classical RSA,PCR_READ,2130,0x0000017e,0x00000000,20,62,1467260
67,Classical RSA,PCR_READ,2131,0x0000017e,0x00000000,20,62,1364021
67,Classical RSA,PCR_READ,2132,0x0000017e,0x00000000,20,62,1217581
67,Classical RSA,PCR_READ,2133,0x0000017e,0x00000000,20,62,1300870
67,Classical RSA,PCR_READ,2134,0x0000017e,0x00000000,20,62,1432428
67,Classical RSA,PCR_READ,2135,0x0000017e,0x00000000,20,62,1403885
67,Classical RSA,PCR_READ,2136,0x0000017e,0x00000000,20,62,1402252
67,Classical RSA,PCR_READ,2137,0x0000017e,0x00000000,20,62,1604940
67,Classical RSA,PCR_READ,2138,0x0000017e,0x00000000,20,62,1539287
67,Classical RSA,PCR_READ,2139,0x0000017e,0x00000000,20,62,1504463
67,Classical RSA,NONCE_RANDOM,2140,0x0000017b,0x00000000,12,44,2871518
67,Classical RSA,QUOTE,2141,0x00000158,0x00000000,107,428,4970118
68,Classical RSA,EK_CREATE,2149,0x00000131,0x00000000,355,474,1228137
68,Classical RSA,AK_CREATE,2150,0x00000131,0x00000000,353,440,1403875
68,Classical RSA,CREDENTIAL_RANDOM,2151,0x0000017b,0x00000000,12,44,1163271
68,Classical RSA,MAKE_CREDENTIAL,2152,0x00000168,0x00000000,84,338,1437783
68,Classical RSA,ACTIVATE_AUTH,2153,0x00000176,0x00000000,59,48,1219882
68,Classical RSA,ACTIVATE_AUTH,2154,0x00000151,0x00000000,41,29,1163758
68,Classical RSA,ACTIVATE_CREDENTIAL,2155,0x00000147,0x00000000,464,122,4419442
68,Classical RSA,PCR_READ,2156,0x0000017e,0x00000000,20,62,1416429
68,Classical RSA,PCR_READ,2157,0x0000017e,0x00000000,20,62,1282068
68,Classical RSA,PCR_READ,2158,0x0000017e,0x00000000,20,62,1321852
68,Classical RSA,PCR_READ,2159,0x0000017e,0x00000000,20,62,1293249
68,Classical RSA,PCR_READ,2160,0x0000017e,0x00000000,20,62,1365023
68,Classical RSA,PCR_READ,2161,0x0000017e,0x00000000,20,62,1308157
68,Classical RSA,PCR_READ,2162,0x0000017e,0x00000000,20,62,1300903
68,Classical RSA,PCR_READ,2163,0x0000017e,0x00000000,20,62,1390690
68,Classical RSA,PCR_READ,2164,0x0000017e,0x00000000,20,62,1301093
68,Classical RSA,PCR_READ,2165,0x0000017e,0x00000000,20,62,1246572
68,Classical RSA,PCR_READ,2166,0x0000017e,0x00000000,20,62,1270397
68,Classical RSA,PCR_READ,2167,0x0000017e,0x00000000,20,62,1152707
68,Classical RSA,PCR_READ,2168,0x0000017e,0x00000000,20,62,1195016
68,Classical RSA,PCR_READ,2169,0x0000017e,0x00000000,20,62,1220713
68,Classical RSA,PCR_READ,2170,0x0000017e,0x00000000,20,62,1403514
68,Classical RSA,PCR_READ,2171,0x0000017e,0x00000000,20,62,1327253
68,Classical RSA,NONCE_RANDOM,2172,0x0000017b,0x00000000,12,44,1278732
68,Classical RSA,QUOTE,2173,0x00000158,0x00000000,107,428,4057327
69,Classical RSA,EK_CREATE,2181,0x00000131,0x00000000,355,474,1364923
69,Classical RSA,AK_CREATE,2182,0x00000131,0x00000000,353,440,1291555
69,Classical RSA,CREDENTIAL_RANDOM,2183,0x0000017b,0x00000000,12,44,1336880
69,Classical RSA,MAKE_CREDENTIAL,2184,0x00000168,0x00000000,84,338,1363439
69,Classical RSA,ACTIVATE_AUTH,2185,0x00000176,0x00000000,59,48,1211847
69,Classical RSA,ACTIVATE_AUTH,2186,0x00000151,0x00000000,41,29,1334196
69,Classical RSA,ACTIVATE_CREDENTIAL,2187,0x00000147,0x00000000,464,122,4937827
69,Classical RSA,PCR_READ,2188,0x0000017e,0x00000000,20,62,1318936
69,Classical RSA,PCR_READ,2189,0x0000017e,0x00000000,20,62,1206136
69,Classical RSA,PCR_READ,2190,0x0000017e,0x00000000,20,62,1183455
69,Classical RSA,PCR_READ,2191,0x0000017e,0x00000000,20,62,1205235
69,Classical RSA,PCR_READ,2192,0x0000017e,0x00000000,20,62,1253214
69,Classical RSA,PCR_READ,2193,0x0000017e,0x00000000,20,62,1154250
69,Classical RSA,PCR_READ,2194,0x0000017e,0x00000000,20,62,1350098
69,Classical RSA,PCR_READ,2195,0x0000017e,0x00000000,20,62,1206740
69,Classical RSA,PCR_READ,2196,0x0000017e,0x00000000,20,62,1255073
69,Classical RSA,PCR_READ,2197,0x0000017e,0x00000000,20,62,1329837
69,Classical RSA,PCR_READ,2198,0x0000017e,0x00000000,20,62,1404176
69,Classical RSA,PCR_READ,2199,0x0000017e,0x00000000,20,62,1291736
69,Classical RSA,PCR_READ,2200,0x0000017e,0x00000000,20,62,1239359
69,Classical RSA,PCR_READ,2201,0x0000017e,0x00000000,20,62,1258044
69,Classical RSA,PCR_READ,2202,0x0000017e,0x00000000,20,62,1468064
69,Classical RSA,PCR_READ,2203,0x0000017e,0x00000000,20,62,1471410
69,Classical RSA,NONCE_RANDOM,2204,0x0000017b,0x00000000,12,44,1251772
69,Classical RSA,QUOTE,2205,0x00000158,0x00000000,107,428,3662151
70,Classical RSA,EK_CREATE,2213,0x00000131,0x00000000,355,474,1756966
70,Classical RSA,AK_CREATE,2214,0x00000131,0x00000000,353,440,1541248
70,Classical RSA,CREDENTIAL_RANDOM,2215,0x0000017b,0x00000000,12,44,1253105
70,Classical RSA,MAKE_CREDENTIAL,2216,0x00000168,0x00000000,84,338,1280074
70,Classical RSA,ACTIVATE_AUTH,2217,0x00000176,0x00000000,59,48,1284954
70,Classical RSA,ACTIVATE_AUTH,2218,0x00000151,0x00000000,41,29,1257392
70,Classical RSA,ACTIVATE_CREDENTIAL,2219,0x00000147,0x00000000,464,122,3967440
70,Classical RSA,PCR_READ,2220,0x0000017e,0x00000000,20,62,1528867
70,Classical RSA,PCR_READ,2221,0x0000017e,0x00000000,20,62,1337791
70,Classical RSA,PCR_READ,2222,0x0000017e,0x00000000,20,62,1382625
70,Classical RSA,PCR_READ,2223,0x0000017e,0x00000000,20,62,1305797
70,Classical RSA,PCR_READ,2224,0x0000017e,0x00000000,20,62,1322378
70,Classical RSA,PCR_READ,2225,0x0000017e,0x00000000,20,62,1406149
70,Classical RSA,PCR_READ,2226,0x0000017e,0x00000000,20,62,1229420
70,Classical RSA,PCR_READ,2227,0x0000017e,0x00000000,20,62,1347600
70,Classical RSA,PCR_READ,2228,0x0000017e,0x00000000,20,62,1341143
70,Classical RSA,PCR_READ,2229,0x0000017e,0x00000000,20,62,1242585
70,Classical RSA,PCR_READ,2230,0x0000017e,0x00000000,20,62,1417796
70,Classical RSA,PCR_READ,2231,0x0000017e,0x00000000,20,62,1300232
70,Classical RSA,PCR_READ,2232,0x0000017e,0x00000000,20,62,1251902
70,Classical RSA,PCR_READ,2233,0x0000017e,0x00000000,20,62,1299881
70,Classical RSA,PCR_READ,2234,0x0000017e,0x00000000,20,62,1362949
70,Classical RSA,PCR_READ,2235,0x0000017e,0x00000000,20,62,1325101
70,Classical RSA,NONCE_RANDOM,2236,0x0000017b,0x00000000,12,44,1168767
70,Classical RSA,QUOTE,2237,0x00000158,0x00000000,107,428,4153917
71,Classical RSA,EK_CREATE,2245,0x00000131,0x00000000,355,474,1219331
71,Classical RSA,AK_CREATE,2246,0x00000131,0x00000000,353,440,1210185
71,Classical RSA,CREDENTIAL_RANDOM,2247,0x0000017b,0x00000000,12,44,1337666
71,Classical RSA,MAKE_CREDENTIAL,2248,0x00000168,0x00000000,84,338,1338388
71,Classical RSA,ACTIVATE_AUTH,2249,0x00000176,0x00000000,59,48,1356287
71,Classical RSA,ACTIVATE_AUTH,2250,0x00000151,0x00000000,41,29,1234364
71,Classical RSA,ACTIVATE_CREDENTIAL,2251,0x00000147,0x00000000,464,122,3792294
71,Classical RSA,PCR_READ,2252,0x0000017e,0x00000000,20,62,1244508
71,Classical RSA,PCR_READ,2253,0x0000017e,0x00000000,20,62,1353219
71,Classical RSA,PCR_READ,2254,0x0000017e,0x00000000,20,62,1272617
71,Classical RSA,PCR_READ,2255,0x0000017e,0x00000000,20,62,1188684
71,Classical RSA,PCR_READ,2256,0x0000017e,0x00000000,20,62,1128292
71,Classical RSA,PCR_READ,2257,0x0000017e,0x00000000,20,62,1107412
71,Classical RSA,PCR_READ,2258,0x0000017e,0x00000000,20,62,1125235
71,Classical RSA,PCR_READ,2259,0x0000017e,0x00000000,20,62,1223620
71,Classical RSA,PCR_READ,2260,0x0000017e,0x00000000,20,62,1430074
71,Classical RSA,PCR_READ,2261,0x0000017e,0x00000000,20,62,1275787
71,Classical RSA,PCR_READ,2262,0x0000017e,0x00000000,20,62,1183124
71,Classical RSA,PCR_READ,2263,0x0000017e,0x00000000,20,62,1168115
71,Classical RSA,PCR_READ,2264,0x0000017e,0x00000000,20,62,1171254
71,Classical RSA,PCR_READ,2265,0x0000017e,0x00000000,20,62,1134139
71,Classical RSA,PCR_READ,2266,0x0000017e,0x00000000,20,62,1525757
71,Classical RSA,PCR_READ,2267,0x0000017e,0x00000000,20,62,1358174
71,Classical RSA,NONCE_RANDOM,2268,0x0000017b,0x00000000,12,44,1599424
71,Classical RSA,QUOTE,2269,0x00000158,0x00000000,107,428,4435376
72,Classical RSA,EK_CREATE,2277,0x00000131,0x00000000,355,474,1381133
72,Classical RSA,AK_CREATE,2278,0x00000131,0x00000000,353,440,1389248
72,Classical RSA,CREDENTIAL_RANDOM,2279,0x0000017b,0x00000000,12,44,1335238
72,Classical RSA,MAKE_CREDENTIAL,2280,0x00000168,0x00000000,84,338,1125766
72,Classical RSA,ACTIVATE_AUTH,2281,0x00000176,0x00000000,59,48,1374280
72,Classical RSA,ACTIVATE_AUTH,2282,0x00000151,0x00000000,41,29,1362548
72,Classical RSA,ACTIVATE_CREDENTIAL,2283,0x00000147,0x00000000,464,122,4752112
72,Classical RSA,PCR_READ,2284,0x0000017e,0x00000000,20,62,1598677
72,Classical RSA,PCR_READ,2285,0x0000017e,0x00000000,20,62,1787209
72,Classical RSA,PCR_READ,2286,0x0000017e,0x00000000,20,62,2023725
72,Classical RSA,PCR_READ,2287,0x0000017e,0x00000000,20,62,1836175
72,Classical RSA,PCR_READ,2288,0x0000017e,0x00000000,20,62,1784594
72,Classical RSA,PCR_READ,2289,0x0000017e,0x00000000,20,62,1913525
72,Classical RSA,PCR_READ,2290,0x0000017e,0x00000000,20,62,1466772
72,Classical RSA,PCR_READ,2291,0x0000017e,0x00000000,20,62,1405217
72,Classical RSA,PCR_READ,2292,0x0000017e,0x00000000,20,62,1373011
72,Classical RSA,PCR_READ,2293,0x0000017e,0x00000000,20,62,1302773
72,Classical RSA,PCR_READ,2294,0x0000017e,0x00000000,20,62,1259967
72,Classical RSA,PCR_READ,2295,0x0000017e,0x00000000,20,62,1253034
72,Classical RSA,PCR_READ,2296,0x0000017e,0x00000000,20,62,1310061
72,Classical RSA,PCR_READ,2297,0x0000017e,0x00000000,20,62,1341444
72,Classical RSA,PCR_READ,2298,0x0000017e,0x00000000,20,62,1339801
72,Classical RSA,PCR_READ,2299,0x0000017e,0x00000000,20,62,1208672
72,Classical RSA,NONCE_RANDOM,2300,0x0000017b,0x00000000,12,44,1398890
72,Classical RSA,QUOTE,2301,0x00000158,0x00000000,107,428,3905320
73,Classical RSA,EK_CREATE,2309,0x00000131,0x00000000,355,474,1650972
73,Classical RSA,AK_CREATE,2310,0x00000131,0x00000000,353,440,1446284
73,Classical RSA,CREDENTIAL_RANDOM,2311,0x0000017b,0x00000000,12,44,1426126
73,Classical RSA,MAKE_CREDENTIAL,2312,0x00000168,0x00000000,84,338,1432247
73,Classical RSA,ACTIVATE_AUTH,2313,0x00000176,0x00000000,59,48,1338483
73,Classical RSA,ACTIVATE_AUTH,2314,0x00000151,0x00000000,41,29,1643565
73,Classical RSA,ACTIVATE_CREDENTIAL,2315,0x00000147,0x00000000,464,122,4405443
73,Classical RSA,PCR_READ,2316,0x0000017e,0x00000000,20,62,1779545
73,Classical RSA,PCR_READ,2317,0x0000017e,0x00000000,20,62,1645054
73,Classical RSA,PCR_READ,2318,0x0000017e,0x00000000,20,62,1318135
73,Classical RSA,PCR_READ,2319,0x0000017e,0x00000000,20,62,1276027
73,Classical RSA,PCR_READ,2320,0x0000017e,0x00000000,20,62,1259045
73,Classical RSA,PCR_READ,2321,0x0000017e,0x00000000,20,62,1257242
73,Classical RSA,PCR_READ,2322,0x0000017e,0x00000000,20,62,1208731
73,Classical RSA,PCR_READ,2323,0x0000017e,0x00000000,20,62,1277148
73,Classical RSA,PCR_READ,2324,0x0000017e,0x00000000,20,62,1194796
73,Classical RSA,PCR_READ,2325,0x0000017e,0x00000000,20,62,1408153
73,Classical RSA,PCR_READ,2326,0x0000017e,0x00000000,20,62,1428971
73,Classical RSA,PCR_READ,2327,0x0000017e,0x00000000,20,62,1356857
73,Classical RSA,PCR_READ,2328,0x0000017e,0x00000000,20,62,1526173
73,Classical RSA,PCR_READ,2329,0x0000017e,0x00000000,20,62,1595094
73,Classical RSA,PCR_READ,2330,0x0000017e,0x00000000,20,62,1564401
73,Classical RSA,PCR_READ,2331,0x0000017e,0x00000000,20,62,1813378
73,Classical RSA,NONCE_RANDOM,2332,0x0000017b,0x00000000,12,44,1764165
73,Classical RSA,QUOTE,2333,0x00000158,0x00000000,107,428,4616472
74,Classical RSA,EK_CREATE,2341,0x00000131,0x00000000,355,474,1557161
74,Classical RSA,AK_CREATE,2342,0x00000131,0x00000000,353,440,1452797
74,Classical RSA,CREDENTIAL_RANDOM,2343,0x0000017b,0x00000000,12,44,1503832
74,Classical RSA,MAKE_CREDENTIAL,2344,0x00000168,0x00000000,84,338,1523392
74,Classical RSA,ACTIVATE_AUTH,2345,0x00000176,0x00000000,59,48,1312089
74,Classical RSA,ACTIVATE_AUTH,2346,0x00000151,0x00000000,41,29,1511365
74,Classical RSA,ACTIVATE_CREDENTIAL,2347,0x00000147,0x00000000,464,122,6007771
74,Classical RSA,PCR_READ,2348,0x0000017e,0x00000000,20,62,1648464
74,Classical RSA,PCR_READ,2349,0x0000017e,0x00000000,20,62,1586001
74,Classical RSA,PCR_READ,2350,0x0000017e,0x00000000,20,62,1483724
74,Classical RSA,PCR_READ,2351,0x0000017e,0x00000000,20,62,1575595
74,Classical RSA,PCR_READ,2352,0x0000017e,0x00000000,20,62,1549988
74,Classical RSA,PCR_READ,2353,0x0000017e,0x00000000,20,62,1360233
74,Classical RSA,PCR_READ,2354,0x0000017e,0x00000000,20,62,1822680
74,Classical RSA,PCR_READ,2355,0x0000017e,0x00000000,20,62,1610224
74,Classical RSA,PCR_READ,2356,0x0000017e,0x00000000,20,62,1520231
74,Classical RSA,PCR_READ,2357,0x0000017e,0x00000000,20,62,1465780
74,Classical RSA,PCR_READ,2358,0x0000017e,0x00000000,20,62,1495686
74,Classical RSA,PCR_READ,2359,0x0000017e,0x00000000,20,62,1493182
74,Classical RSA,PCR_READ,2360,0x0000017e,0x00000000,20,62,1588790
74,Classical RSA,PCR_READ,2361,0x0000017e,0x00000000,20,62,1412170
74,Classical RSA,PCR_READ,2362,0x0000017e,0x00000000,20,62,1647359
74,Classical RSA,PCR_READ,2363,0x0000017e,0x00000000,20,62,1514181
74,Classical RSA,NONCE_RANDOM,2364,0x0000017b,0x00000000,12,44,1501991
74,Classical RSA,QUOTE,2365,0x00000158,0x00000000,107,428,6639654
75,Classical RSA,EK_CREATE,2373,0x00000131,0x00000000,355,474,1549804
75,Classical RSA,AK_CREATE,2374,0x00000131,0x00000000,353,440,1412901
75,Classical RSA,CREDENTIAL_RANDOM,2375,0x0000017b,0x00000000,12,44,1255679
75,Classical RSA,MAKE_CREDENTIAL,2376,0x00000168,0x00000000,84,338,1444460
75,Classical RSA,ACTIVATE_AUTH,2377,0x00000176,0x00000000,59,48,1666254
75,Classical RSA,ACTIVATE_AUTH,2378,0x00000151,0x00000000,41,29,2462457
75,Classical RSA,ACTIVATE_CREDENTIAL,2379,0x00000147,0x00000000,464,122,4834806
75,Classical RSA,PCR_READ,2380,0x0000017e,0x00000000,20,62,1593658
75,Classical RSA,PCR_READ,2381,0x0000017e,0x00000000,20,62,1476571
75,Classical RSA,PCR_READ,2382,0x0000017e,0x00000000,20,62,1888578
75,Classical RSA,PCR_READ,2383,0x0000017e,0x00000000,20,62,1307626
75,Classical RSA,PCR_READ,2384,0x0000017e,0x00000000,20,62,1391412
75,Classical RSA,PCR_READ,2385,0x0000017e,0x00000000,20,62,1262852
75,Classical RSA,PCR_READ,2386,0x0000017e,0x00000000,20,62,1462163
75,Classical RSA,PCR_READ,2387,0x0000017e,0x00000000,20,62,1622533
75,Classical RSA,PCR_READ,2388,0x0000017e,0x00000000,20,62,1238667
75,Classical RSA,PCR_READ,2389,0x0000017e,0x00000000,20,62,1482271
75,Classical RSA,PCR_READ,2390,0x0000017e,0x00000000,20,62,1674389
75,Classical RSA,PCR_READ,2391,0x0000017e,0x00000000,20,62,1347530
75,Classical RSA,PCR_READ,2392,0x0000017e,0x00000000,20,62,1198192
75,Classical RSA,PCR_READ,2393,0x0000017e,0x00000000,20,62,1212058
75,Classical RSA,PCR_READ,2394,0x0000017e,0x00000000,20,62,1310385
75,Classical RSA,PCR_READ,2395,0x0000017e,0x00000000,20,62,1414350
75,Classical RSA,NONCE_RANDOM,2396,0x0000017b,0x00000000,12,44,1448768
75,Classical RSA,QUOTE,2397,0x00000158,0x00000000,107,428,4735210
76,Classical RSA,EK_CREATE,2405,0x00000131,0x00000000,355,474,1365439
76,Classical RSA,AK_CREATE,2406,0x00000131,0x00000000,353,440,1321286
76,Classical RSA,CREDENTIAL_RANDOM,2407,0x0000017b,0x00000000,12,44,1515093
76,Classical RSA,MAKE_CREDENTIAL,2408,0x00000168,0x00000000,84,338,1396952
76,Classical RSA,ACTIVATE_AUTH,2409,0x00000176,0x00000000,59,48,1457926
76,Classical RSA,ACTIVATE_AUTH,2410,0x00000151,0x00000000,41,29,1369441
76,Classical RSA,ACTIVATE_CREDENTIAL,2411,0x00000147,0x00000000,464,122,4433368
76,Classical RSA,PCR_READ,2412,0x0000017e,0x00000000,20,62,2257846
76,Classical RSA,PCR_READ,2413,0x0000017e,0x00000000,20,62,1978254
76,Classical RSA,PCR_READ,2414,0x0000017e,0x00000000,20,62,1356357
76,Classical RSA,PCR_READ,2415,0x0000017e,0x00000000,20,62,1374200
76,Classical RSA,PCR_READ,2416,0x0000017e,0x00000000,20,62,1386974
76,Classical RSA,PCR_READ,2417,0x0000017e,0x00000000,20,62,1496518
76,Classical RSA,PCR_READ,2418,0x0000017e,0x00000000,20,62,1378267
76,Classical RSA,PCR_READ,2419,0x0000017e,0x00000000,20,62,2375846
76,Classical RSA,PCR_READ,2420,0x0000017e,0x00000000,20,62,1688896
76,Classical RSA,PCR_READ,2421,0x0000017e,0x00000000,20,62,1435193
76,Classical RSA,PCR_READ,2422,0x0000017e,0x00000000,20,62,1382505
76,Classical RSA,PCR_READ,2423,0x0000017e,0x00000000,20,62,1779096
76,Classical RSA,PCR_READ,2424,0x0000017e,0x00000000,20,62,1410193
76,Classical RSA,PCR_READ,2425,0x0000017e,0x00000000,20,62,1293359
76,Classical RSA,PCR_READ,2426,0x0000017e,0x00000000,20,62,1350726
76,Classical RSA,PCR_READ,2427,0x0000017e,0x00000000,20,62,1612493
76,Classical RSA,NONCE_RANDOM,2428,0x0000017b,0x00000000,12,44,1684147
76,Classical RSA,QUOTE,2429,0x00000158,0x00000000,107,428,4484483
77,Classical RSA,EK_CREATE,2437,0x00000131,0x00000000,355,474,1536512
77,Classical RSA,AK_CREATE,2438,0x00000131,0x00000000,353,440,1680470
77,Classical RSA,CREDENTIAL_RANDOM,2439,0x0000017b,0x00000000,12,44,1427258
77,Classical RSA,MAKE_CREDENTIAL,2440,0x00000168,0x00000000,84,338,1518288
77,Classical RSA,ACTIVATE_AUTH,2441,0x00000176,0x00000000,59,48,1290624
77,Classical RSA,ACTIVATE_AUTH,2442,0x00000151,0x00000000,41,29,1318606
77,Classical RSA,ACTIVATE_CREDENTIAL,2443,0x00000147,0x00000000,464,122,4307583
77,Classical RSA,PCR_READ,2444,0x0000017e,0x00000000,20,62,1467223
77,Classical RSA,PCR_READ,2445,0x0000017e,0x00000000,20,62,1527315
77,Classical RSA,PCR_READ,2446,0x0000017e,0x00000000,20,62,1353021
77,Classical RSA,PCR_READ,2447,0x0000017e,0x00000000,20,62,1446975
77,Classical RSA,PCR_READ,2448,0x0000017e,0x00000000,20,62,1192441
77,Classical RSA,PCR_READ,2449,0x0000017e,0x00000000,20,62,1392095
77,Classical RSA,PCR_READ,2450,0x0000017e,0x00000000,20,62,1368697
77,Classical RSA,PCR_READ,2451,0x0000017e,0x00000000,20,62,1271292
77,Classical RSA,PCR_READ,2452,0x0000017e,0x00000000,20,62,1380417
77,Classical RSA,PCR_READ,2453,0x0000017e,0x00000000,20,62,1351221
77,Classical RSA,PCR_READ,2454,0x0000017e,0x00000000,20,62,1221751
77,Classical RSA,PCR_READ,2455,0x0000017e,0x00000000,20,62,1599479
77,Classical RSA,PCR_READ,2456,0x0000017e,0x00000000,20,62,1260341
77,Classical RSA,PCR_READ,2457,0x0000017e,0x00000000,20,62,1218567
77,Classical RSA,PCR_READ,2458,0x0000017e,0x00000000,20,62,1627545
77,Classical RSA,PCR_READ,2459,0x0000017e,0x00000000,20,62,1480935
77,Classical RSA,NONCE_RANDOM,2460,0x0000017b,0x00000000,12,44,1461532
77,Classical RSA,QUOTE,2461,0x00000158,0x00000000,107,428,4158967
78,Classical RSA,EK_CREATE,2469,0x00000131,0x00000000,355,474,1662096
78,Classical RSA,AK_CREATE,2470,0x00000131,0x00000000,353,440,1492946
78,Classical RSA,CREDENTIAL_RANDOM,2471,0x0000017b,0x00000000,12,44,1621335
78,Classical RSA,MAKE_CREDENTIAL,2472,0x00000168,0x00000000,84,338,1370242
78,Classical RSA,ACTIVATE_AUTH,2473,0x00000176,0x00000000,59,48,1451574
78,Classical RSA,ACTIVATE_AUTH,2474,0x00000151,0x00000000,41,29,1499954
78,Classical RSA,ACTIVATE_CREDENTIAL,2475,0x00000147,0x00000000,464,122,5762313
78,Classical RSA,PCR_READ,2476,0x0000017e,0x00000000,20,62,1520072
78,Classical RSA,PCR_READ,2477,0x0000017e,0x00000000,20,62,1362713
78,Classical RSA,PCR_READ,2478,0x0000017e,0x00000000,20,62,1247239
78,Classical RSA,PCR_READ,2479,0x0000017e,0x00000000,20,62,1229119
78,Classical RSA,PCR_READ,2480,0x0000017e,0x00000000,20,62,1368099
78,Classical RSA,PCR_READ,2481,0x0000017e,0x00000000,20,62,1286917
78,Classical RSA,PCR_READ,2482,0x0000017e,0x00000000,20,62,1222427
78,Classical RSA,PCR_READ,2483,0x0000017e,0x00000000,20,62,1185589
78,Classical RSA,PCR_READ,2484,0x0000017e,0x00000000,20,62,1394557
78,Classical RSA,PCR_READ,2485,0x0000017e,0x00000000,20,62,1496237
78,Classical RSA,PCR_READ,2486,0x0000017e,0x00000000,20,62,1371174
78,Classical RSA,PCR_READ,2487,0x0000017e,0x00000000,20,62,1342621
78,Classical RSA,PCR_READ,2488,0x0000017e,0x00000000,20,62,1451223
78,Classical RSA,PCR_READ,2489,0x0000017e,0x00000000,20,62,1420125
78,Classical RSA,PCR_READ,2490,0x0000017e,0x00000000,20,62,1434011
78,Classical RSA,PCR_READ,2491,0x0000017e,0x00000000,20,62,1366876
78,Classical RSA,NONCE_RANDOM,2492,0x0000017b,0x00000000,12,44,1320293
78,Classical RSA,QUOTE,2493,0x00000158,0x00000000,107,428,4058787
79,Classical RSA,EK_CREATE,2501,0x00000131,0x00000000,355,474,1338664
79,Classical RSA,AK_CREATE,2502,0x00000131,0x00000000,353,440,1322283
79,Classical RSA,CREDENTIAL_RANDOM,2503,0x0000017b,0x00000000,12,44,1596443
79,Classical RSA,MAKE_CREDENTIAL,2504,0x00000168,0x00000000,84,338,1418076
79,Classical RSA,ACTIVATE_AUTH,2505,0x00000176,0x00000000,59,48,1336359
79,Classical RSA,ACTIVATE_AUTH,2506,0x00000151,0x00000000,41,29,1366250
79,Classical RSA,ACTIVATE_CREDENTIAL,2507,0x00000147,0x00000000,464,122,3855697
79,Classical RSA,PCR_READ,2508,0x0000017e,0x00000000,20,62,1377490
79,Classical RSA,PCR_READ,2509,0x0000017e,0x00000000,20,62,1468305
79,Classical RSA,PCR_READ,2510,0x0000017e,0x00000000,20,62,1208691
79,Classical RSA,PCR_READ,2511,0x0000017e,0x00000000,20,62,1151224
79,Classical RSA,PCR_READ,2512,0x0000017e,0x00000000,20,62,1230312
79,Classical RSA,PCR_READ,2513,0x0000017e,0x00000000,20,62,1373328
79,Classical RSA,PCR_READ,2514,0x0000017e,0x00000000,20,62,1291917
79,Classical RSA,PCR_READ,2515,0x0000017e,0x00000000,20,62,1186980
79,Classical RSA,PCR_READ,2516,0x0000017e,0x00000000,20,62,1309369
79,Classical RSA,PCR_READ,2517,0x0000017e,0x00000000,20,62,1423151
79,Classical RSA,PCR_READ,2518,0x0000017e,0x00000000,20,62,1476180
79,Classical RSA,PCR_READ,2519,0x0000017e,0x00000000,20,62,1427990
79,Classical RSA,PCR_READ,2520,0x0000017e,0x00000000,20,62,1421047
79,Classical RSA,PCR_READ,2521,0x0000017e,0x00000000,20,62,1264114
79,Classical RSA,PCR_READ,2522,0x0000017e,0x00000000,20,62,1500435
79,Classical RSA,PCR_READ,2523,0x0000017e,0x00000000,20,62,1475979
79,Classical RSA,NONCE_RANDOM,2524,0x0000017b,0x00000000,12,44,1294884
79,Classical RSA,QUOTE,2525,0x00000158,0x00000000,107,428,4889885
80,Classical RSA,EK_CREATE,2533,0x00000131,0x00000000,355,474,1300101
80,Classical RSA,AK_CREATE,2534,0x00000131,0x00000000,353,440,1486529
80,Classical RSA,CREDENTIAL_RANDOM,2535,0x0000017b,0x00000000,12,44,1558578
80,Classical RSA,MAKE_CREDENTIAL,2536,0x00000168,0x00000000,84,338,1529094
80,Classical RSA,ACTIVATE_AUTH,2537,0x00000176,0x00000000,59,48,1311623
80,Classical RSA,ACTIVATE_AUTH,2538,0x00000151,0x00000000,41,29,1768945
80,Classical RSA,ACTIVATE_CREDENTIAL,2539,0x00000147,0x00000000,464,122,4661708
80,Classical RSA,PCR_READ,2540,0x0000017e,0x00000000,20,62,1682980
80,Classical RSA,PCR_READ,2541,0x0000017e,0x00000000,20,62,1379733
80,Classical RSA,PCR_READ,2542,0x0000017e,0x00000000,20,62,1239289
80,Classical RSA,PCR_READ,2543,0x0000017e,0x00000000,20,62,1237194
80,Classical RSA,PCR_READ,2544,0x0000017e,0x00000000,20,62,1489382
80,Classical RSA,PCR_READ,2545,0x0000017e,0x00000000,20,62,1314178
80,Classical RSA,PCR_READ,2546,0x0000017e,0x00000000,20,62,1346478
80,Classical RSA,PCR_READ,2547,0x0000017e,0x00000000,20,62,1186741
80,Classical RSA,PCR_READ,2548,0x0000017e,0x00000000,20,62,1256273
80,Classical RSA,PCR_READ,2549,0x0000017e,0x00000000,20,62,1403822
80,Classical RSA,PCR_READ,2550,0x0000017e,0x00000000,20,62,1241392
80,Classical RSA,PCR_READ,2551,0x0000017e,0x00000000,20,62,1172614
80,Classical RSA,PCR_READ,2552,0x0000017e,0x00000000,20,62,1146746
80,Classical RSA,PCR_READ,2553,0x0000017e,0x00000000,20,62,1276267
80,Classical RSA,PCR_READ,2554,0x0000017e,0x00000000,20,62,1249829
80,Classical RSA,PCR_READ,2555,0x0000017e,0x00000000,20,62,1421848
80,Classical RSA,NONCE_RANDOM,2556,0x0000017b,0x00000000,12,44,1289312
80,Classical RSA,QUOTE,2557,0x00000158,0x00000000,107,428,5519141
81,Classical RSA,EK_CREATE,2565,0x00000131,0x00000000,355,474,1260457
81,Classical RSA,AK_CREATE,2566,0x00000131,0x00000000,353,440,1333123
81,Classical RSA,CREDENTIAL_RANDOM,2567,0x0000017b,0x00000000,12,44,1251371
81,Classical RSA,MAKE_CREDENTIAL,2568,0x00000168,0x00000000,84,338,1261871
81,Classical RSA,ACTIVATE_AUTH,2569,0x00000176,0x00000000,59,48,1312364
81,Classical RSA,ACTIVATE_AUTH,2570,0x00000151,0x00000000,41,29,1238978
81,Classical RSA,ACTIVATE_CREDENTIAL,2571,0x00000147,0x00000000,464,122,3780031
81,Classical RSA,PCR_READ,2572,0x0000017e,0x00000000,20,62,1383360
81,Classical RSA,PCR_READ,2573,0x0000017e,0x00000000,20,62,1387204
81,Classical RSA,PCR_READ,2574,0x0000017e,0x00000000,20,62,1211747
81,Classical RSA,PCR_READ,2575,0x0000017e,0x00000000,20,62,1159119
81,Classical RSA,PCR_READ,2576,0x0000017e,0x00000000,20,62,1308818
81,Classical RSA,PCR_READ,2577,0x0000017e,0x00000000,20,62,1239739
81,Classical RSA,PCR_READ,2578,0x0000017e,0x00000000,20,62,1075854
81,Classical RSA,PCR_READ,2579,0x0000017e,0x00000000,20,62,1136617
81,Classical RSA,PCR_READ,2580,0x0000017e,0x00000000,20,62,1274484
81,Classical RSA,PCR_READ,2581,0x0000017e,0x00000000,20,62,1226392
81,Classical RSA,PCR_READ,2582,0x0000017e,0x00000000,20,62,1197711
81,Classical RSA,PCR_READ,2583,0x0000017e,0x00000000,20,62,1276443
81,Classical RSA,PCR_READ,2584,0x0000017e,0x00000000,20,62,1278236
81,Classical RSA,PCR_READ,2585,0x0000017e,0x00000000,20,62,1429015
81,Classical RSA,PCR_READ,2586,0x0000017e,0x00000000,20,62,1365621
81,Classical RSA,PCR_READ,2587,0x0000017e,0x00000000,20,62,1557481
81,Classical RSA,NONCE_RANDOM,2588,0x0000017b,0x00000000,12,44,1340011
81,Classical RSA,QUOTE,2589,0x00000158,0x00000000,107,428,4906878
82,Classical RSA,EK_CREATE,2597,0x00000131,0x00000000,355,474,1249367
82,Classical RSA,AK_CREATE,2598,0x00000131,0x00000000,353,440,1319037
82,Classical RSA,CREDENTIAL_RANDOM,2599,0x0000017b,0x00000000,12,44,1726977
82,Classical RSA,MAKE_CREDENTIAL,2600,0x00000168,0x00000000,84,338,1867157
82,Classical RSA,ACTIVATE_AUTH,2601,0x00000176,0x00000000,59,48,2698687
82,Classical RSA,ACTIVATE_AUTH,2602,0x00000151,0x00000000,41,29,1559355
82,Classical RSA,ACTIVATE_CREDENTIAL,2603,0x00000147,0x00000000,464,122,5003254
82,Classical RSA,PCR_READ,2604,0x0000017e,0x00000000,20,62,1916665
82,Classical RSA,PCR_READ,2605,0x0000017e,0x00000000,20,62,1646848
82,Classical RSA,PCR_READ,2606,0x0000017e,0x00000000,20,62,1287749
82,Classical RSA,PCR_READ,2607,0x0000017e,0x00000000,20,62,1390320
82,Classical RSA,PCR_READ,2608,0x0000017e,0x00000000,20,62,1412145
82,Classical RSA,PCR_READ,2609,0x0000017e,0x00000000,20,62,1531818
82,Classical RSA,PCR_READ,2610,0x0000017e,0x00000000,20,62,1220133
82,Classical RSA,PCR_READ,2611,0x0000017e,0x00000000,20,62,1488824
82,Classical RSA,PCR_READ,2612,0x0000017e,0x00000000,20,62,1748336
82,Classical RSA,PCR_READ,2613,0x0000017e,0x00000000,20,62,1305041
82,Classical RSA,PCR_READ,2614,0x0000017e,0x00000000,20,62,1411913
82,Classical RSA,PCR_READ,2615,0x0000017e,0x00000000,20,62,1468803
82,Classical RSA,PCR_READ,2616,0x0000017e,0x00000000,20,62,6898480
82,Classical RSA,PCR_READ,2617,0x0000017e,0x00000000,20,62,1535169
82,Classical RSA,PCR_READ,2618,0x0000017e,0x00000000,20,62,1475588
82,Classical RSA,PCR_READ,2619,0x0000017e,0x00000000,20,62,1803159
82,Classical RSA,NONCE_RANDOM,2620,0x0000017b,0x00000000,12,44,1933742
82,Classical RSA,QUOTE,2621,0x00000158,0x00000000,107,428,4855685
83,Classical RSA,EK_CREATE,2629,0x00000131,0x00000000,355,474,1501557
83,Classical RSA,AK_CREATE,2630,0x00000131,0x00000000,353,440,1462814
83,Classical RSA,CREDENTIAL_RANDOM,2631,0x0000017b,0x00000000,12,44,1492841
83,Classical RSA,MAKE_CREDENTIAL,2632,0x00000168,0x00000000,84,338,2001348
83,Classical RSA,ACTIVATE_AUTH,2633,0x00000176,0x00000000,59,48,1512548
83,Classical RSA,ACTIVATE_AUTH,2634,0x00000151,0x00000000,41,29,1443479
83,Classical RSA,ACTIVATE_CREDENTIAL,2635,0x00000147,0x00000000,464,122,5052757
83,Classical RSA,PCR_READ,2636,0x0000017e,0x00000000,20,62,1598022
83,Classical RSA,PCR_READ,2637,0x0000017e,0x00000000,20,62,1431105
83,Classical RSA,PCR_READ,2638,0x0000017e,0x00000000,20,62,1337471
83,Classical RSA,PCR_READ,2639,0x0000017e,0x00000000,20,62,1356737
83,Classical RSA,PCR_READ,2640,0x0000017e,0x00000000,20,62,1392874
83,Classical RSA,PCR_READ,2641,0x0000017e,0x00000000,20,62,1346719
83,Classical RSA,PCR_READ,2642,0x0000017e,0x00000000,20,62,1274594
83,Classical RSA,PCR_READ,2643,0x0000017e,0x00000000,20,62,1435113
83,Classical RSA,PCR_READ,2644,0x0000017e,0x00000000,20,62,1250790
83,Classical RSA,PCR_READ,2645,0x0000017e,0x00000000,20,62,1184497
83,Classical RSA,PCR_READ,2646,0x0000017e,0x00000000,20,62,1391121
83,Classical RSA,PCR_READ,2647,0x0000017e,0x00000000,20,62,1361356
83,Classical RSA,PCR_READ,2648,0x0000017e,0x00000000,20,62,1386312
83,Classical RSA,PCR_READ,2649,0x0000017e,0x00000000,20,62,1382065
83,Classical RSA,PCR_READ,2650,0x0000017e,0x00000000,20,62,1458587
83,Classical RSA,PCR_READ,2651,0x0000017e,0x00000000,20,62,1899869
83,Classical RSA,NONCE_RANDOM,2652,0x0000017b,0x00000000,12,44,1759497
83,Classical RSA,QUOTE,2653,0x00000158,0x00000000,107,428,5182714
84,Classical RSA,EK_CREATE,2661,0x00000131,0x00000000,355,474,1232025
84,Classical RSA,AK_CREATE,2662,0x00000131,0x00000000,353,440,1206302
84,Classical RSA,CREDENTIAL_RANDOM,2663,0x0000017b,0x00000000,12,44,1266299
84,Classical RSA,MAKE_CREDENTIAL,2664,0x00000168,0x00000000,84,338,1486604
84,Classical RSA,ACTIVATE_AUTH,2665,0x00000176,0x00000000,59,48,1387805
84,Classical RSA,ACTIVATE_AUTH,2666,0x00000151,0x00000000,41,29,1239157
84,Classical RSA,ACTIVATE_CREDENTIAL,2667,0x00000147,0x00000000,464,122,4803417
84,Classical RSA,PCR_READ,2668,0x0000017e,0x00000000,20,62,1254196
84,Classical RSA,PCR_READ,2669,0x0000017e,0x00000000,20,62,1416033
84,Classical RSA,PCR_READ,2670,0x0000017e,0x00000000,20,62,1311308
84,Classical RSA,PCR_READ,2671,0x0000017e,0x00000000,20,62,1310411
84,Classical RSA,PCR_READ,2672,0x0000017e,0x00000000,20,62,1270226
84,Classical RSA,PCR_READ,2673,0x0000017e,0x00000000,20,62,1278241
84,Classical RSA,PCR_READ,2674,0x0000017e,0x00000000,20,62,1149762
84,Classical RSA,PCR_READ,2675,0x0000017e,0x00000000,20,62,1199413
84,Classical RSA,PCR_READ,2676,0x0000017e,0x00000000,20,62,1470650
84,Classical RSA,PCR_READ,2677,0x0000017e,0x00000000,20,62,1160562
84,Classical RSA,PCR_READ,2678,0x0000017e,0x00000000,20,62,1234470
84,Classical RSA,PCR_READ,2679,0x0000017e,0x00000000,20,62,1280575
84,Classical RSA,PCR_READ,2680,0x0000017e,0x00000000,20,62,1233969
84,Classical RSA,PCR_READ,2681,0x0000017e,0x00000000,20,62,1308016
84,Classical RSA,PCR_READ,2682,0x0000017e,0x00000000,20,62,1171342
84,Classical RSA,PCR_READ,2683,0x0000017e,0x00000000,20,62,1117081
84,Classical RSA,NONCE_RANDOM,2684,0x0000017b,0x00000000,12,44,1285765
84,Classical RSA,QUOTE,2685,0x00000158,0x00000000,107,428,3723025
85,Classical RSA,EK_CREATE,2693,0x00000131,0x00000000,355,474,1357098
85,Classical RSA,AK_CREATE,2694,0x00000131,0x00000000,353,440,1297296
85,Classical RSA,CREDENTIAL_RANDOM,2695,0x0000017b,0x00000000,12,44,1239880
85,Classical RSA,MAKE_CREDENTIAL,2696,0x00000168,0x00000000,84,338,1349083
85,Classical RSA,ACTIVATE_AUTH,2697,0x00000176,0x00000000,59,48,1139984
85,Classical RSA,ACTIVATE_AUTH,2698,0x00000151,0x00000000,41,29,1170646
85,Classical RSA,ACTIVATE_CREDENTIAL,2699,0x00000147,0x00000000,464,122,3723090
85,Classical RSA,PCR_READ,2700,0x0000017e,0x00000000,20,62,1272580
85,Classical RSA,PCR_READ,2701,0x0000017e,0x00000000,20,62,1207479
85,Classical RSA,PCR_READ,2702,0x0000017e,0x00000000,20,62,1280555
85,Classical RSA,PCR_READ,2703,0x0000017e,0x00000000,20,62,1236203
85,Classical RSA,PCR_READ,2704,0x0000017e,0x00000000,20,62,1205135
85,Classical RSA,PCR_READ,2705,0x0000017e,0x00000000,20,62,1194445
85,Classical RSA,PCR_READ,2706,0x0000017e,0x00000000,20,62,1112813
85,Classical RSA,PCR_READ,2707,0x0000017e,0x00000000,20,62,1170930
85,Classical RSA,PCR_READ,2708,0x0000017e,0x00000000,20,62,1218981
85,Classical RSA,PCR_READ,2709,0x0000017e,0x00000000,20,62,1124485
85,Classical RSA,PCR_READ,2710,0x0000017e,0x00000000,20,62,1189786
85,Classical RSA,PCR_READ,2711,0x0000017e,0x00000000,20,62,1271479
85,Classical RSA,PCR_READ,2712,0x0000017e,0x00000000,20,62,1443929
85,Classical RSA,PCR_READ,2713,0x0000017e,0x00000000,20,62,1105489
85,Classical RSA,PCR_READ,2714,0x0000017e,0x00000000,20,62,1233327
85,Classical RSA,PCR_READ,2715,0x0000017e,0x00000000,20,62,1398224
85,Classical RSA,NONCE_RANDOM,2716,0x0000017b,0x00000000,12,44,1163628
85,Classical RSA,QUOTE,2717,0x00000158,0x00000000,107,428,3857536
86,Classical RSA,EK_CREATE,2725,0x00000131,0x00000000,355,474,1499073
86,Classical RSA,AK_CREATE,2726,0x00000131,0x00000000,353,440,1293039
86,Classical RSA,CREDENTIAL_RANDOM,2727,0x0000017b,0x00000000,12,44,1334696
86,Classical RSA,MAKE_CREDENTIAL,2728,0x00000168,0x00000000,84,338,1376784
86,Classical RSA,ACTIVATE_AUTH,2729,0x00000176,0x00000000,59,48,1224440
86,Classical RSA,ACTIVATE_AUTH,2730,0x00000151,0x00000000,41,29,1189296
86,Classical RSA,ACTIVATE_CREDENTIAL,2731,0x00000147,0x00000000,464,122,4501665
86,Classical RSA,PCR_READ,2732,0x0000017e,0x00000000,20,62,1629185
86,Classical RSA,PCR_READ,2733,0x0000017e,0x00000000,20,62,1536752
86,Classical RSA,PCR_READ,2734,0x0000017e,0x00000000,20,62,1448769
86,Classical RSA,PCR_READ,2735,0x0000017e,0x00000000,20,62,1293590
86,Classical RSA,PCR_READ,2736,0x0000017e,0x00000000,20,62,1251761
86,Classical RSA,PCR_READ,2737,0x0000017e,0x00000000,20,62,1332994
86,Classical RSA,PCR_READ,2738,0x0000017e,0x00000000,20,62,1319738
86,Classical RSA,PCR_READ,2739,0x0000017e,0x00000000,20,62,1467092
86,Classical RSA,PCR_READ,2740,0x0000017e,0x00000000,20,62,1331711
86,Classical RSA,PCR_READ,2741,0x0000017e,0x00000000,20,62,1211417
86,Classical RSA,PCR_READ,2742,0x0000017e,0x00000000,20,62,1097163
86,Classical RSA,PCR_READ,2743,0x0000017e,0x00000000,20,62,1451483
86,Classical RSA,PCR_READ,2744,0x0000017e,0x00000000,20,62,1361128
86,Classical RSA,PCR_READ,2745,0x0000017e,0x00000000,20,62,1368436
86,Classical RSA,PCR_READ,2746,0x0000017e,0x00000000,20,62,1265808
86,Classical RSA,PCR_READ,2747,0x0000017e,0x00000000,20,62,1179538
86,Classical RSA,NONCE_RANDOM,2748,0x0000017b,0x00000000,12,44,1275165
86,Classical RSA,QUOTE,2749,0x00000158,0x00000000,107,428,5248115
87,Classical RSA,EK_CREATE,2757,0x00000131,0x00000000,355,474,1459148
87,Classical RSA,AK_CREATE,2758,0x00000131,0x00000000,353,440,1399998
87,Classical RSA,CREDENTIAL_RANDOM,2759,0x0000017b,0x00000000,12,44,1224897
87,Classical RSA,MAKE_CREDENTIAL,2760,0x00000168,0x00000000,84,338,1286151
87,Classical RSA,ACTIVATE_AUTH,2761,0x00000176,0x00000000,59,48,1284826
87,Classical RSA,ACTIVATE_AUTH,2762,0x00000151,0x00000000,41,29,1217806
87,Classical RSA,ACTIVATE_CREDENTIAL,2763,0x00000147,0x00000000,464,122,4751992
87,Classical RSA,PCR_READ,2764,0x0000017e,0x00000000,20,62,1360198
87,Classical RSA,PCR_READ,2765,0x0000017e,0x00000000,20,62,1262391
87,Classical RSA,PCR_READ,2766,0x0000017e,0x00000000,20,62,1237119
87,Classical RSA,PCR_READ,2767,0x0000017e,0x00000000,20,62,1428173
87,Classical RSA,PCR_READ,2768,0x0000017e,0x00000000,20,62,1269755
87,Classical RSA,PCR_READ,2769,0x0000017e,0x00000000,20,62,1276134
87,Classical RSA,PCR_READ,2770,0x0000017e,0x00000000,20,62,1161203
87,Classical RSA,PCR_READ,2771,0x0000017e,0x00000000,20,62,1276397
87,Classical RSA,PCR_READ,2772,0x0000017e,0x00000000,20,62,1317223
87,Classical RSA,PCR_READ,2773,0x0000017e,0x00000000,20,62,1311974
87,Classical RSA,PCR_READ,2774,0x0000017e,0x00000000,20,62,1244448
87,Classical RSA,PCR_READ,2775,0x0000017e,0x00000000,20,62,1208131
87,Classical RSA,PCR_READ,2776,0x0000017e,0x00000000,20,62,1311021
87,Classical RSA,PCR_READ,2777,0x0000017e,0x00000000,20,62,1299110
87,Classical RSA,PCR_READ,2778,0x0000017e,0x00000000,20,62,1243557
87,Classical RSA,PCR_READ,2779,0x0000017e,0x00000000,20,62,1214101
87,Classical RSA,NONCE_RANDOM,2780,0x0000017b,0x00000000,12,44,1283210
87,Classical RSA,QUOTE,2781,0x00000158,0x00000000,107,428,3914501
88,Classical RSA,EK_CREATE,2789,0x00000131,0x00000000,355,474,1216571
88,Classical RSA,AK_CREATE,2790,0x00000131,0x00000000,353,440,1296825
88,Classical RSA,CREDENTIAL_RANDOM,2791,0x0000017b,0x00000000,12,44,1171923
88,Classical RSA,MAKE_CREDENTIAL,2792,0x00000168,0x00000000,84,338,1212339
88,Classical RSA,ACTIVATE_AUTH,2793,0x00000176,0x00000000,59,48,1203713
88,Classical RSA,ACTIVATE_AUTH,2794,0x00000151,0x00000000,41,29,1225582
88,Classical RSA,ACTIVATE_CREDENTIAL,2795,0x00000147,0x00000000,464,122,4241691
88,Classical RSA,PCR_READ,2796,0x0000017e,0x00000000,20,62,1326330
88,Classical RSA,PCR_READ,2797,0x0000017e,0x00000000,20,62,1257964
88,Classical RSA,PCR_READ,2798,0x0000017e,0x00000000,20,62,1286577
88,Classical RSA,PCR_READ,2799,0x0000017e,0x00000000,20,62,1423536
88,Classical RSA,PCR_READ,2800,0x0000017e,0x00000000,20,62,1348708
88,Classical RSA,PCR_READ,2801,0x0000017e,0x00000000,20,62,1308237
88,Classical RSA,PCR_READ,2802,0x0000017e,0x00000000,20,62,1247693
88,Classical RSA,PCR_READ,2803,0x0000017e,0x00000000,20,62,1366375
88,Classical RSA,PCR_READ,2804,0x0000017e,0x00000000,20,62,1301485
88,Classical RSA,PCR_READ,2805,0x0000017e,0x00000000,20,62,1367818
88,Classical RSA,PCR_READ,2806,0x0000017e,0x00000000,20,62,1316212
88,Classical RSA,PCR_READ,2807,0x0000017e,0x00000000,20,62,1340557
88,Classical RSA,PCR_READ,2808,0x0000017e,0x00000000,20,62,1419738
88,Classical RSA,PCR_READ,2809,0x0000017e,0x00000000,20,62,1545887
88,Classical RSA,PCR_READ,2810,0x0000017e,0x00000000,20,62,1249688
88,Classical RSA,PCR_READ,2811,0x0000017e,0x00000000,20,62,1418164
88,Classical RSA,NONCE_RANDOM,2812,0x0000017b,0x00000000,12,44,1305950
88,Classical RSA,QUOTE,2813,0x00000158,0x00000000,107,428,3989952
89,Classical RSA,EK_CREATE,2821,0x00000131,0x00000000,355,474,1289602
89,Classical RSA,AK_CREATE,2822,0x00000131,0x00000000,353,440,1241692
89,Classical RSA,CREDENTIAL_RANDOM,2823,0x0000017b,0x00000000,12,44,1315611
89,Classical RSA,MAKE_CREDENTIAL,2824,0x00000168,0x00000000,84,338,1487742
89,Classical RSA,ACTIVATE_AUTH,2825,0x00000176,0x00000000,59,48,1349123
89,Classical RSA,ACTIVATE_AUTH,2826,0x00000151,0x00000000,41,29,1314709
89,Classical RSA,ACTIVATE_CREDENTIAL,2827,0x00000147,0x00000000,464,122,4312974
89,Classical RSA,PCR_READ,2828,0x0000017e,0x00000000,20,62,1423622
89,Classical RSA,PCR_READ,2829,0x0000017e,0x00000000,20,62,1293750
89,Classical RSA,PCR_READ,2830,0x0000017e,0x00000000,20,62,1202320
89,Classical RSA,PCR_READ,2831,0x0000017e,0x00000000,20,62,1449871
89,Classical RSA,PCR_READ,2832,0x0000017e,0x00000000,20,62,1283111
89,Classical RSA,PCR_READ,2833,0x0000017e,0x00000000,20,62,1287939
89,Classical RSA,PCR_READ,2834,0x0000017e,0x00000000,20,62,1565410
89,Classical RSA,PCR_READ,2835,0x0000017e,0x00000000,20,62,2807470
89,Classical RSA,PCR_READ,2836,0x0000017e,0x00000000,20,62,1567956
89,Classical RSA,PCR_READ,2837,0x0000017e,0x00000000,20,62,1312919
89,Classical RSA,PCR_READ,2838,0x0000017e,0x00000000,20,62,1421117
89,Classical RSA,PCR_READ,2839,0x0000017e,0x00000000,20,62,1276695
89,Classical RSA,PCR_READ,2840,0x0000017e,0x00000000,20,62,1221035
89,Classical RSA,PCR_READ,2841,0x0000017e,0x00000000,20,62,1122371
89,Classical RSA,PCR_READ,2842,0x0000017e,0x00000000,20,62,1598410
89,Classical RSA,PCR_READ,2843,0x0000017e,0x00000000,20,62,1371194
89,Classical RSA,NONCE_RANDOM,2844,0x0000017b,0x00000000,12,44,1249414
89,Classical RSA,QUOTE,2845,0x00000158,0x00000000,107,428,3706554
90,Classical RSA,EK_CREATE,2853,0x00000131,0x00000000,355,474,1269755
90,Classical RSA,AK_CREATE,2854,0x00000131,0x00000000,353,440,1317133
90,Classical RSA,CREDENTIAL_RANDOM,2855,0x0000017b,0x00000000,12,44,1310461
90,Classical RSA,MAKE_CREDENTIAL,2856,0x00000168,0x00000000,84,338,1341990
90,Classical RSA,ACTIVATE_AUTH,2857,0x00000176,0x00000000,59,48,1235461
90,Classical RSA,ACTIVATE_AUTH,2858,0x00000151,0x00000000,41,29,1238211
90,Classical RSA,ACTIVATE_CREDENTIAL,2859,0x00000147,0x00000000,464,122,4607848
90,Classical RSA,PCR_READ,2860,0x0000017e,0x00000000,20,62,1292693
90,Classical RSA,PCR_READ,2861,0x0000017e,0x00000000,20,62,1209743
90,Classical RSA,PCR_READ,2862,0x0000017e,0x00000000,20,62,1296796
90,Classical RSA,PCR_READ,2863,0x0000017e,0x00000000,20,62,1213084
90,Classical RSA,PCR_READ,2864,0x0000017e,0x00000000,20,62,1229506
90,Classical RSA,PCR_READ,2865,0x0000017e,0x00000000,20,62,1203146
90,Classical RSA,PCR_READ,2866,0x0000017e,0x00000000,20,62,1251687
90,Classical RSA,PCR_READ,2867,0x0000017e,0x00000000,20,62,1173045
90,Classical RSA,PCR_READ,2868,0x0000017e,0x00000000,20,62,1287082
90,Classical RSA,PCR_READ,2869,0x0000017e,0x00000000,20,62,1278351
90,Classical RSA,PCR_READ,2870,0x0000017e,0x00000000,20,62,1220694
90,Classical RSA,PCR_READ,2871,0x0000017e,0x00000000,20,62,1219852
90,Classical RSA,PCR_READ,2872,0x0000017e,0x00000000,20,62,1168261
90,Classical RSA,PCR_READ,2873,0x0000017e,0x00000000,20,62,1210199
90,Classical RSA,PCR_READ,2874,0x0000017e,0x00000000,20,62,1257122
90,Classical RSA,PCR_READ,2875,0x0000017e,0x00000000,20,62,1429022
90,Classical RSA,NONCE_RANDOM,2876,0x0000017b,0x00000000,12,44,1352730
90,Classical RSA,QUOTE,2877,0x00000158,0x00000000,107,428,4743686
91,Classical RSA,EK_CREATE,2885,0x00000131,0x00000000,355,474,1385536
91,Classical RSA,AK_CREATE,2886,0x00000131,0x00000000,353,440,1618074
91,Classical RSA,CREDENTIAL_RANDOM,2887,0x0000017b,0x00000000,12,44,1477236
91,Classical RSA,MAKE_CREDENTIAL,2888,0x00000168,0x00000000,84,338,1363679
91,Classical RSA,ACTIVATE_AUTH,2889,0x00000176,0x00000000,59,48,1269402
91,Classical RSA,ACTIVATE_AUTH,2890,0x00000151,0x00000000,41,29,1273106
91,Classical RSA,ACTIVATE_CREDENTIAL,2891,0x00000147,0x00000000,464,122,3659544
91,Classical RSA,PCR_READ,2892,0x0000017e,0x00000000,20,62,1497988
91,Classical RSA,PCR_READ,2893,0x0000017e,0x00000000,20,62,1880203
91,Classical RSA,PCR_READ,2894,0x0000017e,0x00000000,20,62,1477171
91,Classical RSA,PCR_READ,2895,0x0000017e,0x00000000,20,62,1424666
91,Classical RSA,PCR_READ,2896,0x0000017e,0x00000000,20,62,1245036
91,Classical RSA,PCR_READ,2897,0x0000017e,0x00000000,20,62,1170159
91,Classical RSA,PCR_READ,2898,0x0000017e,0x00000000,20,62,1274945
91,Classical RSA,PCR_READ,2899,0x0000017e,0x00000000,20,62,1398029
91,Classical RSA,PCR_READ,2900,0x0000017e,0x00000000,20,62,1378463
91,Classical RSA,PCR_READ,2901,0x0000017e,0x00000000,20,62,1297351
91,Classical RSA,PCR_READ,2902,0x0000017e,0x00000000,20,62,1248370
91,Classical RSA,PCR_READ,2903,0x0000017e,0x00000000,20,62,1283671
91,Classical RSA,PCR_READ,2904,0x0000017e,0x00000000,20,62,1219712
91,Classical RSA,PCR_READ,2905,0x0000017e,0x00000000,20,62,1375722
91,Classical RSA,PCR_READ,2906,0x0000017e,0x00000000,20,62,1215174
91,Classical RSA,PCR_READ,2907,0x0000017e,0x00000000,20,62,1389754
91,Classical RSA,NONCE_RANDOM,2908,0x0000017b,0x00000000,12,44,1223529
91,Classical RSA,QUOTE,2909,0x00000158,0x00000000,107,428,3898842
92,Classical RSA,EK_CREATE,2917,0x00000131,0x00000000,355,474,1913905
92,Classical RSA,AK_CREATE,2918,0x00000131,0x00000000,353,440,1426317
92,Classical RSA,CREDENTIAL_RANDOM,2919,0x0000017b,0x00000000,12,44,1657116
92,Classical RSA,MAKE_CREDENTIAL,2920,0x00000168,0x00000000,84,338,1309975
92,Classical RSA,ACTIVATE_AUTH,2921,0x00000176,0x00000000,59,48,1331957
92,Classical RSA,ACTIVATE_AUTH,2922,0x00000151,0x00000000,41,29,1258434
92,Classical RSA,ACTIVATE_CREDENTIAL,2923,0x00000147,0x00000000,464,122,3945098
92,Classical RSA,PCR_READ,2924,0x0000017e,0x00000000,20,62,1496037
92,Classical RSA,PCR_READ,2925,0x0000017e,0x00000000,20,62,1126989
92,Classical RSA,PCR_READ,2926,0x0000017e,0x00000000,20,62,1218753
92,Classical RSA,PCR_READ,2927,0x0000017e,0x00000000,20,62,1218731
92,Classical RSA,PCR_READ,2928,0x0000017e,0x00000000,20,62,1271991
92,Classical RSA,PCR_READ,2929,0x0000017e,0x00000000,20,62,1258248
92,Classical RSA,PCR_READ,2930,0x0000017e,0x00000000,20,62,1422936
92,Classical RSA,PCR_READ,2931,0x0000017e,0x00000000,20,62,1407803
92,Classical RSA,PCR_READ,2932,0x0000017e,0x00000000,20,62,1385561
92,Classical RSA,PCR_READ,2933,0x0000017e,0x00000000,20,62,1447035
92,Classical RSA,PCR_READ,2934,0x0000017e,0x00000000,20,62,1246898
92,Classical RSA,PCR_READ,2935,0x0000017e,0x00000000,20,62,1435063
92,Classical RSA,PCR_READ,2936,0x0000017e,0x00000000,20,62,1070063
92,Classical RSA,PCR_READ,2937,0x0000017e,0x00000000,20,62,1311543
92,Classical RSA,PCR_READ,2938,0x0000017e,0x00000000,20,62,1244949
92,Classical RSA,PCR_READ,2939,0x0000017e,0x00000000,20,62,1300934
92,Classical RSA,NONCE_RANDOM,2940,0x0000017b,0x00000000,12,44,1210565
92,Classical RSA,QUOTE,2941,0x00000158,0x00000000,107,428,4492568
93,Classical RSA,EK_CREATE,2949,0x00000131,0x00000000,355,474,1240291
93,Classical RSA,AK_CREATE,2950,0x00000131,0x00000000,353,440,1059894
93,Classical RSA,CREDENTIAL_RANDOM,2951,0x0000017b,0x00000000,12,44,1038554
93,Classical RSA,MAKE_CREDENTIAL,2952,0x00000168,0x00000000,84,338,1243296
93,Classical RSA,ACTIVATE_AUTH,2953,0x00000176,0x00000000,59,48,1498712
93,Classical RSA,ACTIVATE_AUTH,2954,0x00000151,0x00000000,41,29,1380041
93,Classical RSA,ACTIVATE_CREDENTIAL,2955,0x00000147,0x00000000,464,122,5124134
93,Classical RSA,PCR_READ,2956,0x0000017e,0x00000000,20,62,1792608
93,Classical RSA,PCR_READ,2957,0x0000017e,0x00000000,20,62,1289652
93,Classical RSA,PCR_READ,2958,0x0000017e,0x00000000,20,62,1338293
93,Classical RSA,PCR_READ,2959,0x0000017e,0x00000000,20,62,1280465
93,Classical RSA,PCR_READ,2960,0x0000017e,0x00000000,20,62,1195056
93,Classical RSA,PCR_READ,2961,0x0000017e,0x00000000,20,62,1239930
93,Classical RSA,PCR_READ,2962,0x0000017e,0x00000000,20,62,1278311
93,Classical RSA,PCR_READ,2963,0x0000017e,0x00000000,20,62,1281597
93,Classical RSA,PCR_READ,2964,0x0000017e,0x00000000,20,62,1482471
93,Classical RSA,PCR_READ,2965,0x0000017e,0x00000000,20,62,1357137
93,Classical RSA,PCR_READ,2966,0x0000017e,0x00000000,20,62,1290945
93,Classical RSA,PCR_READ,2967,0x0000017e,0x00000000,20,62,1355800
93,Classical RSA,PCR_READ,2968,0x0000017e,0x00000000,20,62,1285264
93,Classical RSA,PCR_READ,2969,0x0000017e,0x00000000,20,62,1189932
93,Classical RSA,PCR_READ,2970,0x0000017e,0x00000000,20,62,1415145
93,Classical RSA,PCR_READ,2971,0x0000017e,0x00000000,20,62,1209092
93,Classical RSA,NONCE_RANDOM,2972,0x0000017b,0x00000000,12,44,1373348
93,Classical RSA,QUOTE,2973,0x00000158,0x00000000,107,428,4520399
94,Classical RSA,EK_CREATE,2981,0x00000131,0x00000000,355,474,1421172
94,Classical RSA,AK_CREATE,2982,0x00000131,0x00000000,353,440,1215419
94,Classical RSA,CREDENTIAL_RANDOM,2983,0x0000017b,0x00000000,12,44,1184605
94,Classical RSA,MAKE_CREDENTIAL,2984,0x00000168,0x00000000,84,338,1412708
94,Classical RSA,ACTIVATE_AUTH,2985,0x00000176,0x00000000,59,48,1276448
94,Classical RSA,ACTIVATE_AUTH,2986,0x00000151,0x00000000,41,29,1139954
94,Classical RSA,ACTIVATE_CREDENTIAL,2987,0x00000147,0x00000000,464,122,3696405
94,Classical RSA,PCR_READ,2988,0x0000017e,0x00000000,20,62,1431797
94,Classical RSA,PCR_READ,2989,0x0000017e,0x00000000,20,62,1189585
94,Classical RSA,PCR_READ,2990,0x0000017e,0x00000000,20,62,1381025
94,Classical RSA,PCR_READ,2991,0x0000017e,0x00000000,20,62,1934971
94,Classical RSA,PCR_READ,2992,0x0000017e,0x00000000,20,62,1468014
94,Classical RSA,PCR_READ,2993,0x0000017e,0x00000000,20,62,1322062
94,Classical RSA,PCR_READ,2994,0x0000017e,0x00000000,20,62,1314468
94,Classical RSA,PCR_READ,2995,0x0000017e,0x00000000,20,62,1298289
94,Classical RSA,PCR_READ,2996,0x0000017e,0x00000000,20,62,1345907
94,Classical RSA,PCR_READ,2997,0x0000017e,0x00000000,20,62,1180979
94,Classical RSA,PCR_READ,2998,0x0000017e,0x00000000,20,62,1134022
94,Classical RSA,PCR_READ,2999,0x0000017e,0x00000000,20,62,1268694
94,Classical RSA,PCR_READ,3000,0x0000017e,0x00000000,20,62,1459383
94,Classical RSA,PCR_READ,3001,0x0000017e,0x00000000,20,62,1188494
94,Classical RSA,PCR_READ,3002,0x0000017e,0x00000000,20,62,1326851
94,Classical RSA,PCR_READ,3003,0x0000017e,0x00000000,20,62,1230036
94,Classical RSA,NONCE_RANDOM,3004,0x0000017b,0x00000000,12,44,1359147
94,Classical RSA,QUOTE,3005,0x00000158,0x00000000,107,428,3603012
95,Classical RSA,EK_CREATE,3013,0x00000131,0x00000000,355,474,1285525
95,Classical RSA,AK_CREATE,3014,0x00000131,0x00000000,353,440,1342079
95,Classical RSA,CREDENTIAL_RANDOM,3015,0x0000017b,0x00000000,12,44,1246602
95,Classical RSA,MAKE_CREDENTIAL,3016,0x00000168,0x00000000,84,338,1380541
95,Classical RSA,ACTIVATE_AUTH,3017,0x00000176,0x00000000,59,48,1270426
95,Classical RSA,ACTIVATE_AUTH,3018,0x00000151,0x00000000,41,29,1275370
95,Classical RSA,ACTIVATE_CREDENTIAL,3019,0x00000147,0x00000000,464,122,3772956
95,Classical RSA,PCR_READ,3020,0x0000017e,0x00000000,20,62,1347346
95,Classical RSA,PCR_READ,3021,0x0000017e,0x00000000,20,62,1245945
95,Classical RSA,PCR_READ,3022,0x0000017e,0x00000000,20,62,1194195
95,Classical RSA,PCR_READ,3023,0x0000017e,0x00000000,20,62,1413698
95,Classical RSA,PCR_READ,3024,0x0000017e,0x00000000,20,62,1430073
95,Classical RSA,PCR_READ,3025,0x0000017e,0x00000000,20,62,1120427
95,Classical RSA,PCR_READ,3026,0x0000017e,0x00000000,20,62,1221204
95,Classical RSA,PCR_READ,3027,0x0000017e,0x00000000,20,62,1306614
95,Classical RSA,PCR_READ,3028,0x0000017e,0x00000000,20,62,1291175
95,Classical RSA,PCR_READ,3029,0x0000017e,0x00000000,20,62,1209593
95,Classical RSA,PCR_READ,3030,0x0000017e,0x00000000,20,62,1239001
95,Classical RSA,PCR_READ,3031,0x0000017e,0x00000000,20,62,1468735
95,Classical RSA,PCR_READ,3032,0x0000017e,0x00000000,20,62,1266015
95,Classical RSA,PCR_READ,3033,0x0000017e,0x00000000,20,62,1098166
95,Classical RSA,PCR_READ,3034,0x0000017e,0x00000000,20,62,1169489
95,Classical RSA,PCR_READ,3035,0x0000017e,0x00000000,20,62,1451753
95,Classical RSA,NONCE_RANDOM,3036,0x0000017b,0x00000000,12,44,1307576
95,Classical RSA,QUOTE,3037,0x00000158,0x00000000,107,428,3914441
96,Classical RSA,EK_CREATE,3045,0x00000131,0x00000000,355,474,1291918
96,Classical RSA,AK_CREATE,3046,0x00000131,0x00000000,353,440,1098296
96,Classical RSA,CREDENTIAL_RANDOM,3047,0x0000017b,0x00000000,12,44,1261806
96,Classical RSA,MAKE_CREDENTIAL,3048,0x00000168,0x00000000,84,338,1187882
96,Classical RSA,ACTIVATE_AUTH,3049,0x00000176,0x00000000,59,48,1226079
96,Classical RSA,ACTIVATE_AUTH,3050,0x00000151,0x00000000,41,29,1066341
96,Classical RSA,ACTIVATE_CREDENTIAL,3051,0x00000147,0x00000000,464,122,3992046
96,Classical RSA,PCR_READ,3052,0x0000017e,0x00000000,20,62,1652057
96,Classical RSA,PCR_READ,3053,0x0000017e,0x00000000,20,62,1177286
96,Classical RSA,PCR_READ,3054,0x0000017e,0x00000000,20,62,1331571
96,Classical RSA,PCR_READ,3055,0x0000017e,0x00000000,20,62,1294868
96,Classical RSA,PCR_READ,3056,0x0000017e,0x00000000,20,62,1210045
96,Classical RSA,PCR_READ,3057,0x0000017e,0x00000000,20,62,1748089
96,Classical RSA,PCR_READ,3058,0x0000017e,0x00000000,20,62,1464195
96,Classical RSA,PCR_READ,3059,0x0000017e,0x00000000,20,62,1365955
96,Classical RSA,PCR_READ,3060,0x0000017e,0x00000000,20,62,1355909
96,Classical RSA,PCR_READ,3061,0x0000017e,0x00000000,20,62,1419121
96,Classical RSA,PCR_READ,3062,0x0000017e,0x00000000,20,62,1193713
96,Classical RSA,PCR_READ,3063,0x0000017e,0x00000000,20,62,1222892
96,Classical RSA,PCR_READ,3064,0x0000017e,0x00000000,20,62,1152587
96,Classical RSA,PCR_READ,3065,0x0000017e,0x00000000,20,62,1313582
96,Classical RSA,PCR_READ,3066,0x0000017e,0x00000000,20,62,1334566
96,Classical RSA,PCR_READ,3067,0x0000017e,0x00000000,20,62,1440293
96,Classical RSA,NONCE_RANDOM,3068,0x0000017b,0x00000000,12,44,1382496
96,Classical RSA,QUOTE,3069,0x00000158,0x00000000,107,428,5399378
97,Classical RSA,EK_CREATE,3077,0x00000131,0x00000000,355,474,1212749
97,Classical RSA,AK_CREATE,3078,0x00000131,0x00000000,353,440,1302907
97,Classical RSA,CREDENTIAL_RANDOM,3079,0x0000017b,0x00000000,12,44,1265231
97,Classical RSA,MAKE_CREDENTIAL,3080,0x00000168,0x00000000,84,338,1377852
97,Classical RSA,ACTIVATE_AUTH,3081,0x00000176,0x00000000,59,48,1277940
97,Classical RSA,ACTIVATE_AUTH,3082,0x00000151,0x00000000,41,29,1278301
97,Classical RSA,ACTIVATE_CREDENTIAL,3083,0x00000147,0x00000000,464,122,3750696
97,Classical RSA,PCR_READ,3084,0x0000017e,0x00000000,20,62,1382605
97,Classical RSA,PCR_READ,3085,0x0000017e,0x00000000,20,62,1348743
97,Classical RSA,PCR_READ,3086,0x0000017e,0x00000000,20,62,1270806
97,Classical RSA,PCR_READ,3087,0x0000017e,0x00000000,20,62,1364513
97,Classical RSA,PCR_READ,3088,0x0000017e,0x00000000,20,62,1205966
97,Classical RSA,PCR_READ,3089,0x0000017e,0x00000000,20,62,1395148
97,Classical RSA,PCR_READ,3090,0x0000017e,0x00000000,20,62,1450341
97,Classical RSA,PCR_READ,3091,0x0000017e,0x00000000,20,62,1503330
97,Classical RSA,PCR_READ,3092,0x0000017e,0x00000000,20,62,1350064
97,Classical RSA,PCR_READ,3093,0x0000017e,0x00000000,20,62,1467313
97,Classical RSA,PCR_READ,3094,0x0000017e,0x00000000,20,62,1201663
97,Classical RSA,PCR_READ,3095,0x0000017e,0x00000000,20,62,1397378
97,Classical RSA,PCR_READ,3096,0x0000017e,0x00000000,20,62,1262812
97,Classical RSA,PCR_READ,3097,0x0000017e,0x00000000,20,62,1406154
97,Classical RSA,PCR_READ,3098,0x0000017e,0x00000000,20,62,1452010
97,Classical RSA,PCR_READ,3099,0x0000017e,0x00000000,20,62,1386743
97,Classical RSA,NONCE_RANDOM,3100,0x0000017b,0x00000000,12,44,1523298
97,Classical RSA,QUOTE,3101,0x00000158,0x00000000,107,428,3775161
98,Classical RSA,EK_CREATE,3109,0x00000131,0x00000000,355,474,1402167
98,Classical RSA,AK_CREATE,3110,0x00000131,0x00000000,353,440,1224421
98,Classical RSA,CREDENTIAL_RANDOM,3111,0x0000017b,0x00000000,12,44,1511756
98,Classical RSA,MAKE_CREDENTIAL,3112,0x00000168,0x00000000,84,338,1361105
98,Classical RSA,ACTIVATE_AUTH,3113,0x00000176,0x00000000,59,48,1316923
98,Classical RSA,ACTIVATE_AUTH,3114,0x00000151,0x00000000,41,29,1388997
98,Classical RSA,ACTIVATE_CREDENTIAL,3115,0x00000147,0x00000000,464,122,3964845
98,Classical RSA,PCR_READ,3116,0x0000017e,0x00000000,20,62,1160922
98,Classical RSA,PCR_READ,3117,0x0000017e,0x00000000,20,62,1310601
98,Classical RSA,PCR_READ,3118,0x0000017e,0x00000000,20,62,1158568
98,Classical RSA,PCR_READ,3119,0x0000017e,0x00000000,20,62,1116350
98,Classical RSA,PCR_READ,3120,0x0000017e,0x00000000,20,62,1067458
98,Classical RSA,PCR_READ,3121,0x0000017e,0x00000000,20,62,1046760
98,Classical RSA,PCR_READ,3122,0x0000017e,0x00000000,20,62,1045301
98,Classical RSA,PCR_READ,3123,0x0000017e,0x00000000,20,62,1348759
98,Classical RSA,PCR_READ,3124,0x0000017e,0x00000000,20,62,1421878
98,Classical RSA,PCR_READ,3125,0x0000017e,0x00000000,20,62,1154520
98,Classical RSA,PCR_READ,3126,0x0000017e,0x00000000,20,62,1189757
98,Classical RSA,PCR_READ,3127,0x0000017e,0x00000000,20,62,1162104
98,Classical RSA,PCR_READ,3128,0x0000017e,0x00000000,20,62,1463106
98,Classical RSA,PCR_READ,3129,0x0000017e,0x00000000,20,62,1261219
98,Classical RSA,PCR_READ,3130,0x0000017e,0x00000000,20,62,1290824
98,Classical RSA,PCR_READ,3131,0x0000017e,0x00000000,20,62,1418562
98,Classical RSA,NONCE_RANDOM,3132,0x0000017b,0x00000000,12,44,1303307
98,Classical RSA,QUOTE,3133,0x00000158,0x00000000,107,428,3714945
99,Classical RSA,EK_CREATE,3141,0x00000131,0x00000000,355,474,1448087
99,Classical RSA,AK_CREATE,3142,0x00000131,0x00000000,353,440,1290964
99,Classical RSA,CREDENTIAL_RANDOM,3143,0x0000017b,0x00000000,12,44,1295799
99,Classical RSA,MAKE_CREDENTIAL,3144,0x00000168,0x00000000,84,338,1340071
99,Classical RSA,ACTIVATE_AUTH,3145,0x00000176,0x00000000,59,48,1345867
99,Classical RSA,ACTIVATE_AUTH,3146,0x00000151,0x00000000,41,29,1278211
99,Classical RSA,ACTIVATE_CREDENTIAL,3147,0x00000147,0x00000000,464,122,3690895
99,Classical RSA,PCR_READ,3148,0x0000017e,0x00000000,20,62,1422180
99,Classical RSA,PCR_READ,3149,0x0000017e,0x00000000,20,62,1386091
99,Classical RSA,PCR_READ,3150,0x0000017e,0x00000000,20,62,1201268
99,Classical RSA,PCR_READ,3151,0x0000017e,0x00000000,20,62,1290473
99,Classical RSA,PCR_READ,3152,0x0000017e,0x00000000,20,62,1172784
99,Classical RSA,PCR_READ,3153,0x0000017e,0x00000000,20,62,1296565
99,Classical RSA,PCR_READ,3154,0x0000017e,0x00000000,20,62,1399366
99,Classical RSA,PCR_READ,3155,0x0000017e,0x00000000,20,62,1255358
99,Classical RSA,PCR_READ,3156,0x0000017e,0x00000000,20,62,1422440
99,Classical RSA,PCR_READ,3157,0x0000017e,0x00000000,20,62,1375061
99,Classical RSA,PCR_READ,3158,0x0000017e,0x00000000,20,62,1239093
99,Classical RSA,PCR_READ,3159,0x0000017e,0x00000000,20,62,1231739
99,Classical RSA,PCR_READ,3160,0x0000017e,0x00000000,20,62,1420106
99,Classical RSA,PCR_READ,3161,0x0000017e,0x00000000,20,62,1236223
99,Classical RSA,PCR_READ,3162,0x0000017e,0x00000000,20,62,1253995
99,Classical RSA,PCR_READ,3163,0x0000017e,0x00000000,20,62,1208857
99,Classical RSA,NONCE_RANDOM,3164,0x0000017b,0x00000000,12,44,1287348
99,Classical RSA,QUOTE,3165,0x00000158,0x00000000,107,428,3798520
100,Classical RSA,EK_CREATE,3173,0x00000131,0x00000000,355,474,1310911
100,Classical RSA,AK_CREATE,3174,0x00000131,0x00000000,353,440,1406550
100,Classical RSA,CREDENTIAL_RANDOM,3175,0x0000017b,0x00000000,12,44,1344494
100,Classical RSA,MAKE_CREDENTIAL,3176,0x00000168,0x00000000,84,338,1349715
100,Classical RSA,ACTIVATE_AUTH,3177,0x00000176,0x00000000,59,48,1635547
100,Classical RSA,ACTIVATE_AUTH,3178,0x00000151,0x00000000,41,29,1360544
100,Classical RSA,ACTIVATE_CREDENTIAL,3179,0x00000147,0x00000000,464,122,4405195
100,Classical RSA,PCR_READ,3180,0x0000017e,0x00000000,20,62,1446304
100,Classical RSA,PCR_READ,3181,0x0000017e,0x00000000,20,62,1424644
100,Classical RSA,PCR_READ,3182,0x0000017e,0x00000000,20,62,1373739
100,Classical RSA,PCR_READ,3183,0x0000017e,0x00000000,20,62,1379880
100,Classical RSA,PCR_READ,3184,0x0000017e,0x00000000,20,62,1608416
100,Classical RSA,PCR_READ,3185,0x0000017e,0x00000000,20,62,1364722
100,Classical RSA,PCR_READ,3186,0x0000017e,0x00000000,20,62,1402122
100,Classical RSA,PCR_READ,3187,0x0000017e,0x00000000,20,62,1222888
100,Classical RSA,PCR_READ,3188,0x0000017e,0x00000000,20,62,1309480
100,Classical RSA,PCR_READ,3189,0x0000017e,0x00000000,20,62,1218152
100,Classical RSA,PCR_READ,3190,0x0000017e,0x00000000,20,62,1316158
100,Classical RSA,PCR_READ,3191,0x0000017e,0x00000000,20,62,1403554
100,Classical RSA,PCR_READ,3192,0x0000017e,0x00000000,20,62,1441886
100,Classical RSA,PCR_READ,3193,0x0000017e,0x00000000,20,62,1259496
100,Classical RSA,PCR_READ,3194,0x0000017e,0x00000000,20,62,1156804
100,Classical RSA,PCR_READ,3195,0x0000017e,0x00000000,20,62,1289101
100,Classical RSA,NONCE_RANDOM,3196,0x0000017b,0x00000000,12,44,1501446
100,Classical RSA,QUOTE,3197,0x00000158,0x00000000,107,428,4873711
101,Classical RSA,EK_CREATE,3205,0x00000131,0x00000000,355,474,1388573
101,Classical RSA,AK_CREATE,3206,0x00000131,0x00000000,353,440,1335728
101,Classical RSA,CREDENTIAL_RANDOM,3207,0x0000017b,0x00000000,12,44,1389839
101,Classical RSA,MAKE_CREDENTIAL,3208,0x00000168,0x00000000,84,338,1628022
101,Classical RSA,ACTIVATE_AUTH,3209,0x00000176,0x00000000,59,48,1601274
101,Classical RSA,ACTIVATE_AUTH,3210,0x00000151,0x00000000,41,29,1445502
101,Classical RSA,ACTIVATE_CREDENTIAL,3211,0x00000147,0x00000000,464,122,4365181
101,Classical RSA,PCR_READ,3212,0x0000017e,0x00000000,20,62,1513059
101,Classical RSA,PCR_READ,3213,0x0000017e,0x00000000,20,62,1585874
101,Classical RSA,PCR_READ,3214,0x0000017e,0x00000000,20,62,1496422
101,Classical RSA,PCR_READ,3215,0x0000017e,0x00000000,20,62,1403395
101,Classical RSA,PCR_READ,3216,0x0000017e,0x00000000,20,62,1557787
101,Classical RSA,PCR_READ,3217,0x0000017e,0x00000000,20,62,1621032
101,Classical RSA,PCR_READ,3218,0x0000017e,0x00000000,20,62,1355512
101,Classical RSA,PCR_READ,3219,0x0000017e,0x00000000,20,62,1262942
101,Classical RSA,PCR_READ,3220,0x0000017e,0x00000000,20,62,1231585
101,Classical RSA,PCR_READ,3221,0x0000017e,0x00000000,20,62,1200557
101,Classical RSA,PCR_READ,3222,0x0000017e,0x00000000,20,62,1166723
101,Classical RSA,PCR_READ,3223,0x0000017e,0x00000000,20,62,1330438
101,Classical RSA,PCR_READ,3224,0x0000017e,0x00000000,20,62,1328134
101,Classical RSA,PCR_READ,3225,0x0000017e,0x00000000,20,62,1286076
101,Classical RSA,PCR_READ,3226,0x0000017e,0x00000000,20,62,1326742
101,Classical RSA,PCR_READ,3227,0x0000017e,0x00000000,20,62,1319412
101,Classical RSA,NONCE_RANDOM,3228,0x0000017b,0x00000000,12,44,1306749
101,Classical RSA,QUOTE,3229,0x00000158,0x00000000,107,428,5101973
102,Classical RSA,EK_CREATE,3237,0x00000131,0x00000000,355,474,1597536
102,Classical RSA,AK_CREATE,3238,0x00000131,0x00000000,353,440,1598958
102,Classical RSA,CREDENTIAL_RANDOM,3239,0x0000017b,0x00000000,12,44,1591314
102,Classical RSA,MAKE_CREDENTIAL,3240,0x00000168,0x00000000,84,338,1538015
102,Classical RSA,ACTIVATE_AUTH,3241,0x00000176,0x00000000,59,48,1535060
102,Classical RSA,ACTIVATE_AUTH,3242,0x00000151,0x00000000,41,29,1874652
102,Classical RSA,ACTIVATE_CREDENTIAL,3243,0x00000147,0x00000000,464,122,6093370
102,Classical RSA,PCR_READ,3244,0x0000017e,0x00000000,20,62,1766040
102,Classical RSA,PCR_READ,3245,0x0000017e,0x00000000,20,62,1564274
102,Classical RSA,PCR_READ,3246,0x0000017e,0x00000000,20,62,1555928
102,Classical RSA,PCR_READ,3247,0x0000017e,0x00000000,20,62,1661979
102,Classical RSA,PCR_READ,3248,0x0000017e,0x00000000,20,62,2855526
102,Classical RSA,PCR_READ,3249,0x0000017e,0x00000000,20,62,1748347
102,Classical RSA,PCR_READ,3250,0x0000017e,0x00000000,20,62,1492089
102,Classical RSA,PCR_READ,3251,0x0000017e,0x00000000,20,62,1642650
102,Classical RSA,PCR_READ,3252,0x0000017e,0x00000000,20,62,1580273
102,Classical RSA,PCR_READ,3253,0x0000017e,0x00000000,20,62,1500295
102,Classical RSA,PCR_READ,3254,0x0000017e,0x00000000,20,62,1391222
102,Classical RSA,PCR_READ,3255,0x0000017e,0x00000000,20,62,1991699
102,Classical RSA,PCR_READ,3256,0x0000017e,0x00000000,20,62,1750300
102,Classical RSA,PCR_READ,3257,0x0000017e,0x00000000,20,62,1750281
102,Classical RSA,PCR_READ,3258,0x0000017e,0x00000000,20,62,1476580
102,Classical RSA,PCR_READ,3259,0x0000017e,0x00000000,20,62,1386352
102,Classical RSA,NONCE_RANDOM,3260,0x0000017b,0x00000000,12,44,1403574
102,Classical RSA,QUOTE,3261,0x00000158,0x00000000,107,428,5132374
103,Classical RSA,EK_CREATE,3269,0x00000131,0x00000000,355,474,1274423
103,Classical RSA,AK_CREATE,3270,0x00000131,0x00000000,353,440,1303919
103,Classical RSA,CREDENTIAL_RANDOM,3271,0x0000017b,0x00000000,12,44,1151806
103,Classical RSA,MAKE_CREDENTIAL,3272,0x00000168,0x00000000,84,338,1380431
103,Classical RSA,ACTIVATE_AUTH,3273,0x00000176,0x00000000,59,48,1239960
103,Classical RSA,ACTIVATE_AUTH,3274,0x00000151,0x00000000,41,29,1193253
103,Classical RSA,ACTIVATE_CREDENTIAL,3275,0x00000147,0x00000000,464,122,5187102
103,Classical RSA,PCR_READ,3276,0x0000017e,0x00000000,20,62,1277279
103,Classical RSA,PCR_READ,3277,0x0000017e,0x00000000,20,62,1159259
103,Classical RSA,PCR_READ,3278,0x0000017e,0x00000000,20,62,1219351
103,Classical RSA,PCR_READ,3279,0x0000017e,0x00000000,20,62,1174568
103,Classical RSA,PCR_READ,3280,0x0000017e,0x00000000,20,62,1193563
103,Classical RSA,PCR_READ,3281,0x0000017e,0x00000000,20,62,1171112
103,Classical RSA,PCR_READ,3282,0x0000017e,0x00000000,20,62,1210214
103,Classical RSA,PCR_READ,3283,0x0000017e,0x00000000,20,62,1269625
103,Classical RSA,PCR_READ,3284,0x0000017e,0x00000000,20,62,1311268
103,Classical RSA,PCR_READ,3285,0x0000017e,0x00000000,20,62,1249753
103,Classical RSA,PCR_READ,3286,0x0000017e,0x00000000,20,62,1237535
103,Classical RSA,PCR_READ,3287,0x0000017e,0x00000000,20,62,1179737
103,Classical RSA,PCR_READ,3288,0x0000017e,0x00000000,20,62,1338463
103,Classical RSA,PCR_READ,3289,0x0000017e,0x00000000,20,62,1297147
103,Classical RSA,PCR_READ,3290,0x0000017e,0x00000000,20,62,1255519
103,Classical RSA,PCR_READ,3291,0x0000017e,0x00000000,20,62,1235231
103,Classical RSA,NONCE_RANDOM,3292,0x0000017b,0x00000000,12,44,1491359
103,Classical RSA,QUOTE,3293,0x00000158,0x00000000,107,428,5336292
104,Classical RSA,EK_CREATE,3301,0x00000131,0x00000000,355,474,1282038
104,Classical RSA,AK_CREATE,3302,0x00000131,0x00000000,353,440,1318726
104,Classical RSA,CREDENTIAL_RANDOM,3303,0x0000017b,0x00000000,12,44,1179557
104,Classical RSA,MAKE_CREDENTIAL,3304,0x00000168,0x00000000,84,338,1256841
104,Classical RSA,ACTIVATE_AUTH,3305,0x00000176,0x00000000,59,48,1157235
104,Classical RSA,ACTIVATE_AUTH,3306,0x00000151,0x00000000,41,29,1250550
104,Classical RSA,ACTIVATE_CREDENTIAL,3307,0x00000147,0x00000000,464,122,3865189
104,Classical RSA,PCR_READ,3308,0x0000017e,0x00000000,20,62,1253970
104,Classical RSA,PCR_READ,3309,0x0000017e,0x00000000,20,62,1265844
104,Classical RSA,PCR_READ,3310,0x0000017e,0x00000000,20,62,1213391
104,Classical RSA,PCR_READ,3311,0x0000017e,0x00000000,20,62,1073940
104,Classical RSA,PCR_READ,3312,0x0000017e,0x00000000,20,62,1188845
104,Classical RSA,PCR_READ,3313,0x0000017e,0x00000000,20,62,1250750
104,Classical RSA,PCR_READ,3314,0x0000017e,0x00000000,20,62,1383847
104,Classical RSA,PCR_READ,3315,0x0000017e,0x00000000,20,62,1235902
104,Classical RSA,PCR_READ,3316,0x0000017e,0x00000000,20,62,1399086
104,Classical RSA,PCR_READ,3317,0x0000017e,0x00000000,20,62,1461613
104,Classical RSA,PCR_READ,3318,0x0000017e,0x00000000,20,62,1292177
104,Classical RSA,PCR_READ,3319,0x0000017e,0x00000000,20,62,1254537
104,Classical RSA,PCR_READ,3320,0x0000017e,0x00000000,20,62,1329405
104,Classical RSA,PCR_READ,3321,0x0000017e,0x00000000,20,62,1200556
104,Classical RSA,PCR_READ,3322,0x0000017e,0x00000000,20,62,1372688
104,Classical RSA,PCR_READ,3323,0x0000017e,0x00000000,20,62,1479916
104,Classical RSA,NONCE_RANDOM,3324,0x0000017b,0x00000000,12,44,1248015
104,Classical RSA,QUOTE,3325,0x00000158,0x00000000,107,428,4879288
105,Classical RSA,EK_CREATE,3333,0x00000131,0x00000000,355,474,1318236
105,Classical RSA,AK_CREATE,3334,0x00000131,0x00000000,353,440,1331721
105,Classical RSA,CREDENTIAL_RANDOM,3335,0x0000017b,0x00000000,12,44,1259455
105,Classical RSA,MAKE_CREDENTIAL,3336,0x00000168,0x00000000,84,338,1376634
105,Classical RSA,ACTIVATE_AUTH,3337,0x00000176,0x00000000,59,48,1277664
105,Classical RSA,ACTIVATE_AUTH,3338,0x00000151,0x00000000,41,29,1319998
105,Classical RSA,ACTIVATE_CREDENTIAL,3339,0x00000147,0x00000000,464,122,3835502
105,Classical RSA,PCR_READ,3340,0x0000017e,0x00000000,20,62,1276234
105,Classical RSA,PCR_READ,3341,0x0000017e,0x00000000,20,62,1293069
105,Classical RSA,PCR_READ,3342,0x0000017e,0x00000000,20,62,1233658
105,Classical RSA,PCR_READ,3343,0x0000017e,0x00000000,20,62,1443782
105,Classical RSA,PCR_READ,3344,0x0000017e,0x00000000,20,62,1230292
105,Classical RSA,PCR_READ,3345,0x0000017e,0x00000000,20,62,1323245
105,Classical RSA,PCR_READ,3346,0x0000017e,0x00000000,20,62,1315360
105,Classical RSA,PCR_READ,3347,0x0000017e,0x00000000,20,62,1232954
105,Classical RSA,PCR_READ,3348,0x0000017e,0x00000000,20,62,1154351
105,Classical RSA,PCR_READ,3349,0x0000017e,0x00000000,20,62,1133752
105,Classical RSA,PCR_READ,3350,0x0000017e,0x00000000,20,62,1364386
105,Classical RSA,PCR_READ,3351,0x0000017e,0x00000000,20,62,1228524
105,Classical RSA,PCR_READ,3352,0x0000017e,0x00000000,20,62,1302521
105,Classical RSA,PCR_READ,3353,0x0000017e,0x00000000,20,62,1177809
105,Classical RSA,PCR_READ,3354,0x0000017e,0x00000000,20,62,1242715
105,Classical RSA,PCR_READ,3355,0x0000017e,0x00000000,20,62,1194966
105,Classical RSA,NONCE_RANDOM,3356,0x0000017b,0x00000000,12,44,1191188
105,Classical RSA,QUOTE,3357,0x00000158,0x00000000,107,428,4268691
106,Classical RSA,EK_CREATE,3365,0x00000131,0x00000000,355,474,1281257
106,Classical RSA,AK_CREATE,3366,0x00000131,0x00000000,353,440,1347149
106,Classical RSA,CREDENTIAL_RANDOM,3367,0x0000017b,0x00000000,12,44,1348321
106,Classical RSA,MAKE_CREDENTIAL,3368,0x00000168,0x00000000,84,338,1227607
106,Classical RSA,ACTIVATE_AUTH,3369,0x00000176,0x00000000,59,48,1202039
106,Classical RSA,ACTIVATE_AUTH,3370,0x00000151,0x00000000,41,29,1234950
106,Classical RSA,ACTIVATE_CREDENTIAL,3371,0x00000147,0x00000000,464,122,3929900
106,Classical RSA,PCR_READ,3372,0x0000017e,0x00000000,20,62,1605932
106,Classical RSA,PCR_READ,3373,0x0000017e,0x00000000,20,62,1496979
106,Classical RSA,PCR_READ,3374,0x0000017e,0x00000000,20,62,1299621
106,Classical RSA,PCR_READ,3375,0x0000017e,0x00000000,20,62,1354914
106,Classical RSA,PCR_READ,3376,0x0000017e,0x00000000,20,62,1369541
106,Classical RSA,PCR_READ,3377,0x0000017e,0x00000000,20,62,1478795
106,Classical RSA,PCR_READ,3378,0x0000017e,0x00000000,20,62,1617363
106,Classical RSA,PCR_READ,3379,0x0000017e,0x00000000,20,62,1305632
106,Classical RSA,PCR_READ,3380,0x0000017e,0x00000000,20,62,1552742
106,Classical RSA,PCR_READ,3381,0x0000017e,0x00000000,20,62,1808418
106,Classical RSA,PCR_READ,3382,0x0000017e,0x00000000,20,62,1348803
106,Classical RSA,PCR_READ,3383,0x0000017e,0x00000000,20,62,1189265
106,Classical RSA,PCR_READ,3384,0x0000017e,0x00000000,20,62,1286808
106,Classical RSA,PCR_READ,3385,0x0000017e,0x00000000,20,62,1327052
106,Classical RSA,PCR_READ,3386,0x0000017e,0x00000000,20,62,1285624
106,Classical RSA,PCR_READ,3387,0x0000017e,0x00000000,20,62,1269245
106,Classical RSA,NONCE_RANDOM,3388,0x0000017b,0x00000000,12,44,1383928
106,Classical RSA,QUOTE,3389,0x00000158,0x00000000,107,428,4587906
107,Classical RSA,EK_CREATE,3397,0x00000131,0x00000000,355,474,1172473
107,Classical RSA,AK_CREATE,3398,0x00000131,0x00000000,353,440,1323405
107,Classical RSA,CREDENTIAL_RANDOM,3399,0x0000017b,0x00000000,12,44,1209102
107,Classical RSA,MAKE_CREDENTIAL,3400,0x00000168,0x00000000,84,338,1282439
107,Classical RSA,ACTIVATE_AUTH,3401,0x00000176,0x00000000,59,48,1378919
107,Classical RSA,ACTIVATE_AUTH,3402,0x00000151,0x00000000,41,29,1352879
107,Classical RSA,ACTIVATE_CREDENTIAL,3403,0x00000147,0x00000000,464,122,3937916
107,Classical RSA,PCR_READ,3404,0x0000017e,0x00000000,20,62,1201287
107,Classical RSA,PCR_READ,3405,0x0000017e,0x00000000,20,62,1219422
107,Classical RSA,PCR_READ,3406,0x0000017e,0x00000000,20,62,1118674
107,Classical RSA,PCR_READ,3407,0x0000017e,0x00000000,20,62,1316653
107,Classical RSA,PCR_READ,3408,0x0000017e,0x00000000,20,62,1254767
107,Classical RSA,PCR_READ,3409,0x0000017e,0x00000000,20,62,1021653
107,Classical RSA,PCR_READ,3410,0x0000017e,0x00000000,20,62,1220563
107,Classical RSA,PCR_READ,3411,0x0000017e,0x00000000,20,62,1092455
107,Classical RSA,PCR_READ,3412,0x0000017e,0x00000000,20,62,1159851
107,Classical RSA,PCR_READ,3413,0x0000017e,0x00000000,20,62,1450351
107,Classical RSA,PCR_READ,3414,0x0000017e,0x00000000,20,62,1398385
107,Classical RSA,PCR_READ,3415,0x0000017e,0x00000000,20,62,1447687
107,Classical RSA,PCR_READ,3416,0x0000017e,0x00000000,20,62,1239438
107,Classical RSA,PCR_READ,3417,0x0000017e,0x00000000,20,62,1313406
107,Classical RSA,PCR_READ,3418,0x0000017e,0x00000000,20,62,1135445
107,Classical RSA,PCR_READ,3419,0x0000017e,0x00000000,20,62,1111852
107,Classical RSA,NONCE_RANDOM,3420,0x0000017b,0x00000000,12,44,1172073
107,Classical RSA,QUOTE,3421,0x00000158,0x00000000,107,428,3729823
108,Classical RSA,EK_CREATE,3429,0x00000131,0x00000000,355,474,1185849
108,Classical RSA,AK_CREATE,3430,0x00000131,0x00000000,353,440,1332051
108,Classical RSA,CREDENTIAL_RANDOM,3431,0x0000017b,0x00000000,12,44,1297898
108,Classical RSA,MAKE_CREDENTIAL,3432,0x00000168,0x00000000,84,338,1366335
108,Classical RSA,ACTIVATE_AUTH,3433,0x00000176,0x00000000,59,48,1352629
108,Classical RSA,ACTIVATE_AUTH,3434,0x00000151,0x00000000,41,29,1395149
108,Classical RSA,ACTIVATE_CREDENTIAL,3435,0x00000147,0x00000000,464,122,3857425
108,Classical RSA,PCR_READ,3436,0x0000017e,0x00000000,20,62,1460530
108,Classical RSA,PCR_READ,3437,0x0000017e,0x00000000,20,62,1375151
108,Classical RSA,PCR_READ,3438,0x0000017e,0x00000000,20,62,1372266
108,Classical RSA,PCR_READ,3439,0x0000017e,0x00000000,20,62,1298869
108,Classical RSA,PCR_READ,3440,0x0000017e,0x00000000,20,62,1250369
108,Classical RSA,PCR_READ,3441,0x0000017e,0x00000000,20,62,1595672
108,Classical RSA,PCR_READ,3442,0x0000017e,0x00000000,20,62,1534879
108,Classical RSA,PCR_READ,3443,0x0000017e,0x00000000,20,62,1407021
108,Classical RSA,PCR_READ,3444,0x0000017e,0x00000000,20,62,1277570
108,Classical RSA,PCR_READ,3445,0x0000017e,0x00000000,20,62,1467573
108,Classical RSA,PCR_READ,3446,0x0000017e,0x00000000,20,62,1632904
108,Classical RSA,PCR_READ,3447,0x0000017e,0x00000000,20,62,1731632
108,Classical RSA,PCR_READ,3448,0x0000017e,0x00000000,20,62,1449480
108,Classical RSA,PCR_READ,3449,0x0000017e,0x00000000,20,62,1412384
108,Classical RSA,PCR_READ,3450,0x0000017e,0x00000000,20,62,1305158
108,Classical RSA,PCR_READ,3451,0x0000017e,0x00000000,20,62,1445633
108,Classical RSA,NONCE_RANDOM,3452,0x0000017b,0x00000000,12,44,1367909
108,Classical RSA,QUOTE,3453,0x00000158,0x00000000,107,428,4870813
109,Classical RSA,EK_CREATE,3461,0x00000131,0x00000000,355,474,1279593
109,Classical RSA,AK_CREATE,3462,0x00000131,0x00000000,353,440,1108946
109,Classical RSA,CREDENTIAL_RANDOM,3463,0x0000017b,0x00000000,12,44,1650645
109,Classical RSA,MAKE_CREDENTIAL,3464,0x00000168,0x00000000,84,338,4479138
109,Classical RSA,ACTIVATE_AUTH,3465,0x00000176,0x00000000,59,48,1978841
109,Classical RSA,ACTIVATE_AUTH,3466,0x00000151,0x00000000,41,29,1588599
109,Classical RSA,ACTIVATE_CREDENTIAL,3467,0x00000147,0x00000000,464,122,4654353
109,Classical RSA,PCR_READ,3468,0x0000017e,0x00000000,20,62,1481126
109,Classical RSA,PCR_READ,3469,0x0000017e,0x00000000,20,62,1280455
109,Classical RSA,PCR_READ,3470,0x0000017e,0x00000000,20,62,1418512
109,Classical RSA,PCR_READ,3471,0x0000017e,0x00000000,20,62,1140895
109,Classical RSA,PCR_READ,3472,0x0000017e,0x00000000,20,62,1314789
109,Classical RSA,PCR_READ,3473,0x0000017e,0x00000000,20,62,1247825
109,Classical RSA,PCR_READ,3474,0x0000017e,0x00000000,20,62,1215985
109,Classical RSA,PCR_READ,3475,0x0000017e,0x00000000,20,62,1411920
109,Classical RSA,PCR_READ,3476,0x0000017e,0x00000000,20,62,1154190
109,Classical RSA,PCR_READ,3477,0x0000017e,0x00000000,20,62,1267360
109,Classical RSA,PCR_READ,3478,0x0000017e,0x00000000,20,62,1258037
109,Classical RSA,PCR_READ,3479,0x0000017e,0x00000000,20,62,1403621
109,Classical RSA,PCR_READ,3480,0x0000017e,0x00000000,20,62,1198167
109,Classical RSA,PCR_READ,3481,0x0000017e,0x00000000,20,62,1298774
109,Classical RSA,PCR_READ,3482,0x0000017e,0x00000000,20,62,1383347
109,Classical RSA,PCR_READ,3483,0x0000017e,0x00000000,20,62,1118212
109,Classical RSA,NONCE_RANDOM,3484,0x0000017b,0x00000000,12,44,1264435
109,Classical RSA,QUOTE,3485,0x00000158,0x00000000,107,428,3878855
110,Classical RSA,EK_CREATE,3493,0x00000131,0x00000000,355,474,1326580
110,Classical RSA,AK_CREATE,3494,0x00000131,0x00000000,353,440,1362849
110,Classical RSA,CREDENTIAL_RANDOM,3495,0x0000017b,0x00000000,12,44,1321691
110,Classical RSA,MAKE_CREDENTIAL,3496,0x00000168,0x00000000,84,338,1586204
110,Classical RSA,ACTIVATE_AUTH,3497,0x00000176,0x00000000,59,48,1353040
110,Classical RSA,ACTIVATE_AUTH,3498,0x00000151,0x00000000,41,29,1233873
110,Classical RSA,ACTIVATE_CREDENTIAL,3499,0x00000147,0x00000000,464,122,3875438
110,Classical RSA,PCR_READ,3500,0x0000017e,0x00000000,20,62,1275501
110,Classical RSA,PCR_READ,3501,0x0000017e,0x00000000,20,62,1205666
110,Classical RSA,PCR_READ,3502,0x0000017e,0x00000000,20,62,1262662
110,Classical RSA,PCR_READ,3503,0x0000017e,0x00000000,20,62,1269835
110,Classical RSA,PCR_READ,3504,0x0000017e,0x00000000,20,62,1261339
110,Classical RSA,PCR_READ,3505,0x0000017e,0x00000000,20,62,1183464
110,Classical RSA,PCR_READ,3506,0x0000017e,0x00000000,20,62,1220949
110,Classical RSA,PCR_READ,3507,0x0000017e,0x00000000,20,62,1223970
110,Classical RSA,PCR_READ,3508,0x0000017e,0x00000000,20,62,1223329
110,Classical RSA,PCR_READ,3509,0x0000017e,0x00000000,20,62,1266639
110,Classical RSA,PCR_READ,3510,0x0000017e,0x00000000,20,62,1246196
110,Classical RSA,PCR_READ,3511,0x0000017e,0x00000000,20,62,1272541
110,Classical RSA,PCR_READ,3512,0x0000017e,0x00000000,20,62,1242505
110,Classical RSA,PCR_READ,3513,0x0000017e,0x00000000,20,62,1355535
110,Classical RSA,PCR_READ,3514,0x0000017e,0x00000000,20,62,1273517
110,Classical RSA,PCR_READ,3515,0x0000017e,0x00000000,20,62,1281612
110,Classical RSA,NONCE_RANDOM,3516,0x0000017b,0x00000000,12,44,1585002
110,Classical RSA,QUOTE,3517,0x00000158,0x00000000,107,428,4907721
111,Classical RSA,EK_CREATE,3525,0x00000131,0x00000000,355,474,1155913
111,Classical RSA,AK_CREATE,3526,0x00000131,0x00000000,353,440,1212544
111,Classical RSA,CREDENTIAL_RANDOM,3527,0x0000017b,0x00000000,12,44,1336685
111,Classical RSA,MAKE_CREDENTIAL,3528,0x00000168,0x00000000,84,338,1353841
111,Classical RSA,ACTIVATE_AUTH,3529,0x00000176,0x00000000,59,48,1321281
111,Classical RSA,ACTIVATE_AUTH,3530,0x00000151,0x00000000,41,29,1263173
111,Classical RSA,ACTIVATE_CREDENTIAL,3531,0x00000147,0x00000000,464,122,4010901
111,Classical RSA,PCR_READ,3532,0x0000017e,0x00000000,20,62,1272821
111,Classical RSA,PCR_READ,3533,0x0000017e,0x00000000,20,62,1205715
111,Classical RSA,PCR_READ,3534,0x0000017e,0x00000000,20,62,1345928
111,Classical RSA,PCR_READ,3535,0x0000017e,0x00000000,20,62,1162546
111,Classical RSA,PCR_READ,3536,0x0000017e,0x00000000,20,62,1350118
111,Classical RSA,PCR_READ,3537,0x0000017e,0x00000000,20,62,1196298
111,Classical RSA,PCR_READ,3538,0x0000017e,0x00000000,20,62,1295304
111,Classical RSA,PCR_READ,3539,0x0000017e,0x00000000,20,62,1105514
111,Classical RSA,PCR_READ,3540,0x0000017e,0x00000000,20,62,1225743
111,Classical RSA,PCR_READ,3541,0x0000017e,0x00000000,20,62,1184466
111,Classical RSA,PCR_READ,3542,0x0000017e,0x00000000,20,62,1208171
111,Classical RSA,PCR_READ,3543,0x0000017e,0x00000000,20,62,1211947
111,Classical RSA,PCR_READ,3544,0x0000017e,0x00000000,20,62,1322774
111,Classical RSA,PCR_READ,3545,0x0000017e,0x00000000,20,62,1247343
111,Classical RSA,PCR_READ,3546,0x0000017e,0x00000000,20,62,1306454
111,Classical RSA,PCR_READ,3547,0x0000017e,0x00000000,20,62,1463797
111,Classical RSA,NONCE_RANDOM,3548,0x0000017b,0x00000000,12,44,1173586
111,Classical RSA,QUOTE,3549,0x00000158,0x00000000,107,428,4366168
112,Classical RSA,EK_CREATE,3557,0x00000131,0x00000000,355,474,1107853
112,Classical RSA,AK_CREATE,3558,0x00000131,0x00000000,353,440,1102765
112,Classical RSA,CREDENTIAL_RANDOM,3559,0x0000017b,0x00000000,12,44,1068981
112,Classical RSA,MAKE_CREDENTIAL,3560,0x00000168,0x00000000,84,338,1143900
112,Classical RSA,ACTIVATE_AUTH,3561,0x00000176,0x00000000,59,48,1136838
112,Classical RSA,ACTIVATE_AUTH,3562,0x00000151,0x00000000,41,29,1254286
112,Classical RSA,ACTIVATE_CREDENTIAL,3563,0x00000147,0x00000000,464,122,3720740
112,Classical RSA,PCR_READ,3564,0x0000017e,0x00000000,20,62,1357348
112,Classical RSA,PCR_READ,3565,0x0000017e,0x00000000,20,62,1225723
112,Classical RSA,PCR_READ,3566,0x0000017e,0x00000000,20,62,1336609
112,Classical RSA,PCR_READ,3567,0x0000017e,0x00000000,20,62,1281392
112,Classical RSA,PCR_READ,3568,0x0000017e,0x00000000,20,62,1263057
112,Classical RSA,PCR_READ,3569,0x0000017e,0x00000000,20,62,1362036
112,Classical RSA,PCR_READ,3570,0x0000017e,0x00000000,20,62,1477825
112,Classical RSA,PCR_READ,3571,0x0000017e,0x00000000,20,62,1400867
112,Classical RSA,PCR_READ,3572,0x0000017e,0x00000000,20,62,1199405
112,Classical RSA,PCR_READ,3573,0x0000017e,0x00000000,20,62,1308466
112,Classical RSA,PCR_READ,3574,0x0000017e,0x00000000,20,62,1214773
112,Classical RSA,PCR_READ,3575,0x0000017e,0x00000000,20,62,1259676
112,Classical RSA,PCR_READ,3576,0x0000017e,0x00000000,20,62,1246576
112,Classical RSA,PCR_READ,3577,0x0000017e,0x00000000,20,62,1406606
112,Classical RSA,PCR_READ,3578,0x0000017e,0x00000000,20,62,1447601
112,Classical RSA,PCR_READ,3579,0x0000017e,0x00000000,20,62,1401946
112,Classical RSA,NONCE_RANDOM,3580,0x0000017b,0x00000000,12,44,1236673
112,Classical RSA,QUOTE,3581,0x00000158,0x00000000,107,428,3917797
113,Classical RSA,EK_CREATE,3589,0x00000131,0x00000000,355,474,1231692
113,Classical RSA,AK_CREATE,3590,0x00000131,0x00000000,353,440,1437585
113,Classical RSA,CREDENTIAL_RANDOM,3591,0x0000017b,0x00000000,12,44,1121178
113,Classical RSA,MAKE_CREDENTIAL,3592,0x00000168,0x00000000,84,338,1330782
113,Classical RSA,ACTIVATE_AUTH,3593,0x00000176,0x00000000,59,48,1088099
113,Classical RSA,ACTIVATE_AUTH,3594,0x00000151,0x00000000,41,29,1263158
113,Classical RSA,ACTIVATE_CREDENTIAL,3595,0x00000147,0x00000000,464,122,3711663
113,Classical RSA,PCR_READ,3596,0x0000017e,0x00000000,20,62,1689607
113,Classical RSA,PCR_READ,3597,0x0000017e,0x00000000,20,62,1308440
113,Classical RSA,PCR_READ,3598,0x0000017e,0x00000000,20,62,1238704
113,Classical RSA,PCR_READ,3599,0x0000017e,0x00000000,20,62,1091262
113,Classical RSA,PCR_READ,3600,0x0000017e,0x00000000,20,62,1073500
113,Classical RSA,PCR_READ,3601,0x0000017e,0x00000000,20,62,3346904
113,Classical RSA,PCR_READ,3602,0x0000017e,0x00000000,20,62,1545539
113,Classical RSA,PCR_READ,3603,0x0000017e,0x00000000,20,62,1129587
113,Classical RSA,PCR_READ,3604,0x0000017e,0x00000000,20,62,1082293
113,Classical RSA,PCR_READ,3605,0x0000017e,0x00000000,20,62,1079080
113,Classical RSA,PCR_READ,3606,0x0000017e,0x00000000,20,62,1078149
113,Classical RSA,PCR_READ,3607,0x0000017e,0x00000000,20,62,2551116
113,Classical RSA,PCR_READ,3608,0x0000017e,0x00000000,20,62,1236510
113,Classical RSA,PCR_READ,3609,0x0000017e,0x00000000,20,62,1118624
113,Classical RSA,PCR_READ,3610,0x0000017e,0x00000000,20,62,1195838
113,Classical RSA,PCR_READ,3611,0x0000017e,0x00000000,20,62,1281677
113,Classical RSA,NONCE_RANDOM,3612,0x0000017b,0x00000000,12,44,1281327
113,Classical RSA,QUOTE,3613,0x00000158,0x00000000,107,428,3690777
114,Classical RSA,EK_CREATE,3621,0x00000131,0x00000000,355,474,2445605
114,Classical RSA,AK_CREATE,3622,0x00000131,0x00000000,353,440,1139152
114,Classical RSA,CREDENTIAL_RANDOM,3623,0x0000017b,0x00000000,12,44,1239038
114,Classical RSA,MAKE_CREDENTIAL,3624,0x00000168,0x00000000,84,338,1216966
114,Classical RSA,ACTIVATE_AUTH,3625,0x00000176,0x00000000,59,48,1094318
114,Classical RSA,ACTIVATE_AUTH,3626,0x00000151,0x00000000,41,29,1058011
114,Classical RSA,ACTIVATE_CREDENTIAL,3627,0x00000147,0x00000000,464,122,3631895
114,Classical RSA,PCR_READ,3628,0x0000017e,0x00000000,20,62,1300392
114,Classical RSA,PCR_READ,3629,0x0000017e,0x00000000,20,62,1054134
114,Classical RSA,PCR_READ,3630,0x0000017e,0x00000000,20,62,1285354
114,Classical RSA,PCR_READ,3631,0x0000017e,0x00000000,20,62,1065515
114,Classical RSA,PCR_READ,3632,0x0000017e,0x00000000,20,62,1274414
114,Classical RSA,PCR_READ,3633,0x0000017e,0x00000000,20,62,1248395
114,Classical RSA,PCR_READ,3634,0x0000017e,0x00000000,20,62,1315650
114,Classical RSA,PCR_READ,3635,0x0000017e,0x00000000,20,62,1172257
114,Classical RSA,PCR_READ,3636,0x0000017e,0x00000000,20,62,1724509
114,Classical RSA,PCR_READ,3637,0x0000017e,0x00000000,20,62,1218149
114,Classical RSA,PCR_READ,3638,0x0000017e,0x00000000,20,62,1252824
114,Classical RSA,PCR_READ,3639,0x0000017e,0x00000000,20,62,1135576
114,Classical RSA,PCR_READ,3640,0x0000017e,0x00000000,20,62,1080442
114,Classical RSA,PCR_READ,3641,0x0000017e,0x00000000,20,62,1189160
114,Classical RSA,PCR_READ,3642,0x0000017e,0x00000000,20,62,1141646
114,Classical RSA,PCR_READ,3643,0x0000017e,0x00000000,20,62,1109191
114,Classical RSA,NONCE_RANDOM,3644,0x0000017b,0x00000000,12,44,1129093
114,Classical RSA,QUOTE,3645,0x00000158,0x00000000,107,428,3634270
115,Classical RSA,EK_CREATE,3653,0x00000131,0x00000000,355,474,1342316
115,Classical RSA,AK_CREATE,3654,0x00000131,0x00000000,353,440,1105292
115,Classical RSA,CREDENTIAL_RANDOM,3655,0x0000017b,0x00000000,12,44,1122007
115,Classical RSA,MAKE_CREDENTIAL,3656,0x00000168,0x00000000,84,338,1068961
115,Classical RSA,ACTIVATE_AUTH,3657,0x00000176,0x00000000,59,48,1139493
115,Classical RSA,ACTIVATE_AUTH,3658,0x00000151,0x00000000,41,29,1083418
115,Classical RSA,ACTIVATE_CREDENTIAL,3659,0x00000147,0x00000000,464,122,3496737
115,Classical RSA,PCR_READ,3660,0x0000017e,0x00000000,20,62,1175256
115,Classical RSA,PCR_READ,3661,0x0000017e,0x00000000,20,62,1135134
115,Classical RSA,PCR_READ,3662,0x0000017e,0x00000000,20,62,1191800
115,Classical RSA,PCR_READ,3663,0x0000017e,0x00000000,20,62,1074391
115,Classical RSA,PCR_READ,3664,0x0000017e,0x00000000,20,62,1121128
115,Classical RSA,PCR_READ,3665,0x0000017e,0x00000000,20,62,1140758
115,Classical RSA,PCR_READ,3666,0x0000017e,0x00000000,20,62,1127097
115,Classical RSA,PCR_READ,3667,0x0000017e,0x00000000,20,62,1700167
115,Classical RSA,PCR_READ,3668,0x0000017e,0x00000000,20,62,1047902
115,Classical RSA,PCR_READ,3669,0x0000017e,0x00000000,20,62,1113774
115,Classical RSA,PCR_READ,3670,0x0000017e,0x00000000,20,62,1131759
115,Classical RSA,PCR_READ,3671,0x0000017e,0x00000000,20,62,1073400
115,Classical RSA,PCR_READ,3672,0x0000017e,0x00000000,20,62,1038294
115,Classical RSA,PCR_READ,3673,0x0000017e,0x00000000,20,62,1072588
115,Classical RSA,PCR_READ,3674,0x0000017e,0x00000000,20,62,1069753
115,Classical RSA,PCR_READ,3675,0x0000017e,0x00000000,20,62,1062709
115,Classical RSA,NONCE_RANDOM,3676,0x0000017b,0x00000000,12,44,4127358
115,Classical RSA,QUOTE,3677,0x00000158,0x00000000,107,428,3664896
116,Classical RSA,EK_CREATE,3685,0x00000131,0x00000000,355,474,1710125
116,Classical RSA,AK_CREATE,3686,0x00000131,0x00000000,353,440,1325298
116,Classical RSA,CREDENTIAL_RANDOM,3687,0x0000017b,0x00000000,12,44,1180309
116,Classical RSA,MAKE_CREDENTIAL,3688,0x00000168,0x00000000,84,338,1324968
116,Classical RSA,ACTIVATE_AUTH,3689,0x00000176,0x00000000,59,48,1207043
116,Classical RSA,ACTIVATE_AUTH,3690,0x00000151,0x00000000,41,29,1390345
116,Classical RSA,ACTIVATE_CREDENTIAL,3691,0x00000147,0x00000000,464,122,4564382
116,Classical RSA,PCR_READ,3692,0x0000017e,0x00000000,20,62,1470449
116,Classical RSA,PCR_READ,3693,0x0000017e,0x00000000,20,62,1208131
116,Classical RSA,PCR_READ,3694,0x0000017e,0x00000000,20,62,1154891
116,Classical RSA,PCR_READ,3695,0x0000017e,0x00000000,20,62,1133682
116,Classical RSA,PCR_READ,3696,0x0000017e,0x00000000,20,62,1309930
116,Classical RSA,PCR_READ,3697,0x0000017e,0x00000000,20,62,1257092
116,Classical RSA,PCR_READ,3698,0x0000017e,0x00000000,20,62,1174358
116,Classical RSA,PCR_READ,3699,0x0000017e,0x00000000,20,62,1863932
116,Classical RSA,PCR_READ,3700,0x0000017e,0x00000000,20,62,1221265
116,Classical RSA,PCR_READ,3701,0x0000017e,0x00000000,20,62,1222127
116,Classical RSA,PCR_READ,3702,0x0000017e,0x00000000,20,62,1134042
116,Classical RSA,PCR_READ,3703,0x0000017e,0x00000000,20,62,1202249
116,Classical RSA,PCR_READ,3704,0x0000017e,0x00000000,20,62,1206637
116,Classical RSA,PCR_READ,3705,0x0000017e,0x00000000,20,62,1125155
116,Classical RSA,PCR_READ,3706,0x0000017e,0x00000000,20,62,1174498
116,Classical RSA,PCR_READ,3707,0x0000017e,0x00000000,20,62,1057630
116,Classical RSA,NONCE_RANDOM,3708,0x0000017b,0x00000000,12,44,1066206
116,Classical RSA,QUOTE,3709,0x00000158,0x00000000,107,428,4484003
117,Classical RSA,EK_CREATE,3717,0x00000131,0x00000000,355,474,1211557
117,Classical RSA,AK_CREATE,3718,0x00000131,0x00000000,353,440,1144962
117,Classical RSA,CREDENTIAL_RANDOM,3719,0x0000017b,0x00000000,12,44,1119065
117,Classical RSA,MAKE_CREDENTIAL,3720,0x00000168,0x00000000,84,338,1181995
117,Classical RSA,ACTIVATE_AUTH,3721,0x00000176,0x00000000,59,48,1133822
117,Classical RSA,ACTIVATE_AUTH,3722,0x00000151,0x00000000,41,29,1158054
117,Classical RSA,ACTIVATE_CREDENTIAL,3723,0x00000147,0x00000000,464,122,3648566
117,Classical RSA,PCR_READ,3724,0x0000017e,0x00000000,20,62,1214392
117,Classical RSA,PCR_READ,3725,0x0000017e,0x00000000,20,62,1412201
117,Classical RSA,PCR_READ,3726,0x0000017e,0x00000000,20,62,1347881
117,Classical RSA,PCR_READ,3727,0x0000017e,0x00000000,20,62,1282849
117,Classical RSA,PCR_READ,3728,0x0000017e,0x00000000,20,62,1937789
117,Classical RSA,PCR_READ,3729,0x0000017e,0x00000000,20,62,1174528
117,Classical RSA,PCR_READ,3730,0x0000017e,0x00000000,20,62,1140304
117,Classical RSA,PCR_READ,3731,0x0000017e,0x00000000,20,62,1138972
117,Classical RSA,PCR_READ,3732,0x0000017e,0x00000000,20,62,1095941
117,Classical RSA,PCR_READ,3733,0x0000017e,0x00000000,20,62,1029698
117,Classical RSA,PCR_READ,3734,0x0000017e,0x00000000,20,62,1058051
117,Classical RSA,PCR_READ,3735,0x0000017e,0x00000000,20,62,1078319
117,Classical RSA,PCR_READ,3736,0x0000017e,0x00000000,20,62,1299856
117,Classical RSA,PCR_READ,3737,0x0000017e,0x00000000,20,62,1244022
117,Classical RSA,PCR_READ,3738,0x0000017e,0x00000000,20,62,1169258
117,Classical RSA,PCR_READ,3739,0x0000017e,0x00000000,20,62,1067598
117,Classical RSA,NONCE_RANDOM,3740,0x0000017b,0x00000000,12,44,1068520
117,Classical RSA,QUOTE,3741,0x00000158,0x00000000,107,428,3459714
118,Classical RSA,EK_CREATE,3749,0x00000131,0x00000000,355,474,1198663
118,Classical RSA,AK_CREATE,3750,0x00000131,0x00000000,353,440,1068179
118,Classical RSA,CREDENTIAL_RANDOM,3751,0x0000017b,0x00000000,12,44,1094980
118,Classical RSA,MAKE_CREDENTIAL,3752,0x00000168,0x00000000,84,338,1085011
118,Classical RSA,ACTIVATE_AUTH,3753,0x00000176,0x00000000,59,48,1009671
118,Classical RSA,ACTIVATE_AUTH,3754,0x00000151,0x00000000,41,29,988261
118,Classical RSA,ACTIVATE_CREDENTIAL,3755,0x00000147,0x00000000,464,122,5290679
118,Classical RSA,PCR_READ,3756,0x0000017e,0x00000000,20,62,1171968
118,Classical RSA,PCR_READ,3757,0x0000017e,0x00000000,20,62,1278451
118,Classical RSA,PCR_READ,3758,0x0000017e,0x00000000,20,62,1156434
118,Classical RSA,PCR_READ,3759,0x0000017e,0x00000000,20,62,1054594
118,Classical RSA,PCR_READ,3760,0x0000017e,0x00000000,20,62,1442998
118,Classical RSA,PCR_READ,3761,0x0000017e,0x00000000,20,62,1025370
118,Classical RSA,PCR_READ,3762,0x0000017e,0x00000000,20,62,1364442
118,Classical RSA,PCR_READ,3763,0x0000017e,0x00000000,20,62,1357017
118,Classical RSA,PCR_READ,3764,0x0000017e,0x00000000,20,62,1118323
118,Classical RSA,PCR_READ,3765,0x0000017e,0x00000000,20,62,1207540
118,Classical RSA,PCR_READ,3766,0x0000017e,0x00000000,20,62,1175680
118,Classical RSA,PCR_READ,3767,0x0000017e,0x00000000,20,62,1226164
118,Classical RSA,PCR_READ,3768,0x0000017e,0x00000000,20,62,1268553
118,Classical RSA,PCR_READ,3769,0x0000017e,0x00000000,20,62,1097905
118,Classical RSA,PCR_READ,3770,0x0000017e,0x00000000,20,62,1417530
118,Classical RSA,PCR_READ,3771,0x0000017e,0x00000000,20,62,1200276
118,Classical RSA,NONCE_RANDOM,3772,0x0000017b,0x00000000,12,44,1068210
118,Classical RSA,QUOTE,3773,0x00000158,0x00000000,107,428,3475765
119,Classical RSA,EK_CREATE,3781,0x00000131,0x00000000,355,474,1261394
119,Classical RSA,AK_CREATE,3782,0x00000131,0x00000000,353,440,1308839
119,Classical RSA,CREDENTIAL_RANDOM,3783,0x0000017b,0x00000000,12,44,1088177
119,Classical RSA,MAKE_CREDENTIAL,3784,0x00000168,0x00000000,84,338,1315741
119,Classical RSA,ACTIVATE_AUTH,3785,0x00000176,0x00000000,59,48,1329419
119,Classical RSA,ACTIVATE_AUTH,3786,0x00000151,0x00000000,41,29,1406237
119,Classical RSA,ACTIVATE_CREDENTIAL,3787,0x00000147,0x00000000,464,122,5107494
119,Classical RSA,PCR_READ,3788,0x0000017e,0x00000000,20,62,1668348
119,Classical RSA,PCR_READ,3789,0x0000017e,0x00000000,20,62,1659131
119,Classical RSA,PCR_READ,3790,0x0000017e,0x00000000,20,62,1469497
119,Classical RSA,PCR_READ,3791,0x0000017e,0x00000000,20,62,1498171
119,Classical RSA,PCR_READ,3792,0x0000017e,0x00000000,20,62,1307104
119,Classical RSA,PCR_READ,3793,0x0000017e,0x00000000,20,62,1385361
119,Classical RSA,PCR_READ,3794,0x0000017e,0x00000000,20,62,1311527
119,Classical RSA,PCR_READ,3795,0x0000017e,0x00000000,20,62,1307851
119,Classical RSA,PCR_READ,3796,0x0000017e,0x00000000,20,62,1184140
119,Classical RSA,PCR_READ,3797,0x0000017e,0x00000000,20,62,2712107
119,Classical RSA,PCR_READ,3798,0x0000017e,0x00000000,20,62,1309622
119,Classical RSA,PCR_READ,3799,0x0000017e,0x00000000,20,62,1220443
119,Classical RSA,PCR_READ,3800,0x0000017e,0x00000000,20,62,1113651
119,Classical RSA,PCR_READ,3801,0x0000017e,0x00000000,20,62,1528320
119,Classical RSA,PCR_READ,3802,0x0000017e,0x00000000,20,62,1190404
119,Classical RSA,PCR_READ,3803,0x0000017e,0x00000000,20,62,1070033
119,Classical RSA,NONCE_RANDOM,3804,0x0000017b,0x00000000,12,44,1144301
119,Classical RSA,QUOTE,3805,0x00000158,0x00000000,107,428,4270354
120,Classical RSA,EK_CREATE,3813,0x00000131,0x00000000,355,474,1688931
120,Classical RSA,AK_CREATE,3814,0x00000131,0x00000000,353,440,1213300
120,Classical RSA,CREDENTIAL_RANDOM,3815,0x0000017b,0x00000000,12,44,1181584
120,Classical RSA,MAKE_CREDENTIAL,3816,0x00000168,0x00000000,84,338,1304647
120,Classical RSA,ACTIVATE_AUTH,3817,0x00000176,0x00000000,59,48,1205324
120,Classical RSA,ACTIVATE_AUTH,3818,0x00000151,0x00000000,41,29,1332652
120,Classical RSA,ACTIVATE_CREDENTIAL,3819,0x00000147,0x00000000,464,122,3674194
120,Classical RSA,PCR_READ,3820,0x0000017e,0x00000000,20,62,1262511
120,Classical RSA,PCR_READ,3821,0x0000017e,0x00000000,20,62,1220683
120,Classical RSA,PCR_READ,3822,0x0000017e,0x00000000,20,62,1334205
120,Classical RSA,PCR_READ,3823,0x0000017e,0x00000000,20,62,1103655
120,Classical RSA,PCR_READ,3824,0x0000017e,0x00000000,20,62,1152768
120,Classical RSA,PCR_READ,3825,0x0000017e,0x00000000,20,62,1112853
120,Classical RSA,PCR_READ,3826,0x0000017e,0x00000000,20,62,1139717
120,Classical RSA,PCR_READ,3827,0x0000017e,0x00000000,20,62,1402858
120,Classical RSA,PCR_READ,3828,0x0000017e,0x00000000,20,62,1525927
120,Classical RSA,PCR_READ,3829,0x0000017e,0x00000000,20,62,1169844
120,Classical RSA,PCR_READ,3830,0x0000017e,0x00000000,20,62,1127320
120,Classical RSA,PCR_READ,3831,0x0000017e,0x00000000,20,62,1153729
120,Classical RSA,PCR_READ,3832,0x0000017e,0x00000000,20,62,1247975
120,Classical RSA,PCR_READ,3833,0x0000017e,0x00000000,20,62,1354854
120,Classical RSA,PCR_READ,3834,0x0000017e,0x00000000,20,62,1197240
120,Classical RSA,PCR_READ,3835,0x0000017e,0x00000000,20,62,1165510
120,Classical RSA,NONCE_RANDOM,3836,0x0000017b,0x00000000,12,44,1193824
120,Classical RSA,QUOTE,3837,0x00000158,0x00000000,107,428,3859418
121,Classical RSA,EK_CREATE,3845,0x00000131,0x00000000,355,474,1101552
121,Classical RSA,AK_CREATE,3846,0x00000131,0x00000000,353,440,1241306
121,Classical RSA,CREDENTIAL_RANDOM,3847,0x0000017b,0x00000000,12,44,1044440
121,Classical RSA,MAKE_CREDENTIAL,3848,0x00000168,0x00000000,84,338,1117031
121,Classical RSA,ACTIVATE_AUTH,3849,0x00000176,0x00000000,59,48,1084102
121,Classical RSA,ACTIVATE_AUTH,3850,0x00000151,0x00000000,41,29,1048430
121,Classical RSA,ACTIVATE_CREDENTIAL,3851,0x00000147,0x00000000,464,122,3476616
121,Classical RSA,PCR_READ,3852,0x0000017e,0x00000000,20,62,1166082
121,Classical RSA,PCR_READ,3853,0x0000017e,0x00000000,20,62,1014970
121,Classical RSA,PCR_READ,3854,0x0000017e,0x00000000,20,62,1050537
121,Classical RSA,PCR_READ,3855,0x0000017e,0x00000000,20,62,1806224
121,Classical RSA,PCR_READ,3856,0x0000017e,0x00000000,20,62,1229610
121,Classical RSA,PCR_READ,3857,0x0000017e,0x00000000,20,62,1243506
121,Classical RSA,PCR_READ,3858,0x0000017e,0x00000000,20,62,1411830
121,Classical RSA,PCR_READ,3859,0x0000017e,0x00000000,20,62,1319888
121,Classical RSA,PCR_READ,3860,0x0000017e,0x00000000,20,62,1121339
121,Classical RSA,PCR_READ,3861,0x0000017e,0x00000000,20,62,1002838
121,Classical RSA,PCR_READ,3862,0x0000017e,0x00000000,20,62,1213941
121,Classical RSA,PCR_READ,3863,0x0000017e,0x00000000,20,62,1052213
121,Classical RSA,PCR_READ,3864,0x0000017e,0x00000000,20,62,1167282
121,Classical RSA,PCR_READ,3865,0x0000017e,0x00000000,20,62,1217864
121,Classical RSA,PCR_READ,3866,0x0000017e,0x00000000,20,62,1263488
121,Classical RSA,PCR_READ,3867,0x0000017e,0x00000000,20,62,1267652
121,Classical RSA,NONCE_RANDOM,3868,0x0000017b,0x00000000,12,44,1184917
121,Classical RSA,QUOTE,3869,0x00000158,0x00000000,107,428,3698459
122,Classical RSA,EK_CREATE,3877,0x00000131,0x00000000,355,474,1113565
122,Classical RSA,AK_CREATE,3878,0x00000131,0x00000000,353,440,1237264
122,Classical RSA,CREDENTIAL_RANDOM,3879,0x0000017b,0x00000000,12,44,1067779
122,Classical RSA,MAKE_CREDENTIAL,3880,0x00000168,0x00000000,84,338,1169598
122,Classical RSA,ACTIVATE_AUTH,3881,0x00000176,0x00000000,59,48,993822
122,Classical RSA,ACTIVATE_AUTH,3882,0x00000151,0x00000000,41,29,1010593
122,Classical RSA,ACTIVATE_CREDENTIAL,3883,0x00000147,0x00000000,464,122,3653074
122,Classical RSA,PCR_READ,3884,0x0000017e,0x00000000,20,62,1092525
122,Classical RSA,PCR_READ,3885,0x0000017e,0x00000000,20,62,1109597
122,Classical RSA,PCR_READ,3886,0x0000017e,0x00000000,20,62,1627982
122,Classical RSA,PCR_READ,3887,0x0000017e,0x00000000,20,62,1071807
122,Classical RSA,PCR_READ,3888,0x0000017e,0x00000000,20,62,1055677
122,Classical RSA,PCR_READ,3889,0x0000017e,0x00000000,20,62,1066846
122,Classical RSA,PCR_READ,3890,0x0000017e,0x00000000,20,62,973814
122,Classical RSA,PCR_READ,3891,0x0000017e,0x00000000,20,62,1020110
122,Classical RSA,PCR_READ,3892,0x0000017e,0x00000000,20,62,1130767
122,Classical RSA,PCR_READ,3893,0x0000017e,0x00000000,20,62,1003970
122,Classical RSA,PCR_READ,3894,0x0000017e,0x00000000,20,62,1053182
122,Classical RSA,PCR_READ,3895,0x0000017e,0x00000000,20,62,1774726
122,Classical RSA,PCR_READ,3896,0x0000017e,0x00000000,20,62,1115177
122,Classical RSA,PCR_READ,3897,0x0000017e,0x00000000,20,62,1409429
122,Classical RSA,PCR_READ,3898,0x0000017e,0x00000000,20,62,1024195
122,Classical RSA,PCR_READ,3899,0x0000017e,0x00000000,20,62,1057450
122,Classical RSA,NONCE_RANDOM,3900,0x0000017b,0x00000000,12,44,1071076
122,Classical RSA,QUOTE,3901,0x00000158,0x00000000,107,428,3389112
123,Classical RSA,EK_CREATE,3909,0x00000131,0x00000000,355,474,1314388
123,Classical RSA,AK_CREATE,3910,0x00000131,0x00000000,353,440,1110419
123,Classical RSA,CREDENTIAL_RANDOM,3911,0x0000017b,0x00000000,12,44,1116990
123,Classical RSA,MAKE_CREDENTIAL,3912,0x00000168,0x00000000,84,338,1359573
123,Classical RSA,ACTIVATE_AUTH,3913,0x00000176,0x00000000,59,48,1135856
123,Classical RSA,ACTIVATE_AUTH,3914,0x00000151,0x00000000,41,29,1062844
123,Classical RSA,ACTIVATE_CREDENTIAL,3915,0x00000147,0x00000000,464,122,3632131
123,Classical RSA,PCR_READ,3916,0x0000017e,0x00000000,20,62,1319297
123,Classical RSA,PCR_READ,3917,0x0000017e,0x00000000,20,62,1154781
123,Classical RSA,PCR_READ,3918,0x0000017e,0x00000000,20,62,1056818
123,Classical RSA,PCR_READ,3919,0x0000017e,0x00000000,20,62,1069442
123,Classical RSA,PCR_READ,3920,0x0000017e,0x00000000,20,62,2311806
123,Classical RSA,PCR_READ,3921,0x0000017e,0x00000000,20,62,1191068
123,Classical RSA,PCR_READ,3922,0x0000017e,0x00000000,20,62,1081665
123,Classical RSA,PCR_READ,3923,0x0000017e,0x00000000,20,62,1106792
123,Classical RSA,PCR_READ,3924,0x0000017e,0x00000000,20,62,3088663
123,Classical RSA,PCR_READ,3925,0x0000017e,0x00000000,20,62,1137699
123,Classical RSA,PCR_READ,3926,0x0000017e,0x00000000,20,62,1055155
123,Classical RSA,PCR_READ,3927,0x0000017e,0x00000000,20,62,1077236
123,Classical RSA,PCR_READ,3928,0x0000017e,0x00000000,20,62,1139733
123,Classical RSA,PCR_READ,3929,0x0000017e,0x00000000,20,62,2243379
123,Classical RSA,PCR_READ,3930,0x0000017e,0x00000000,20,62,1175891
123,Classical RSA,PCR_READ,3931,0x0000017e,0x00000000,20,62,1193022
123,Classical RSA,NONCE_RANDOM,3932,0x0000017b,0x00000000,12,44,1177754
123,Classical RSA,QUOTE,3933,0x00000158,0x00000000,107,428,3574849
124,Classical RSA,EK_CREATE,3941,0x00000131,0x00000000,355,474,1103165
124,Classical RSA,AK_CREATE,3942,0x00000131,0x00000000,353,440,1052661
124,Classical RSA,CREDENTIAL_RANDOM,3943,0x0000017b,0x00000000,12,44,1084901
124,Classical RSA,MAKE_CREDENTIAL,3944,0x00000168,0x00000000,84,338,1079270
124,Classical RSA,ACTIVATE_AUTH,3945,0x00000176,0x00000000,59,48,1103685
124,Classical RSA,ACTIVATE_AUTH,3946,0x00000151,0x00000000,41,29,1038444
124,Classical RSA,ACTIVATE_CREDENTIAL,3947,0x00000147,0x00000000,464,122,3454434
124,Classical RSA,PCR_READ,3948,0x0000017e,0x00000000,20,62,1118183
124,Classical RSA,PCR_READ,3949,0x0000017e,0x00000000,20,62,1005833
124,Classical RSA,PCR_READ,3950,0x0000017e,0x00000000,20,62,998259
124,Classical RSA,PCR_READ,3951,0x0000017e,0x00000000,20,62,1150954
124,Classical RSA,PCR_READ,3952,0x0000017e,0x00000000,20,62,1157456
124,Classical RSA,PCR_READ,3953,0x0000017e,0x00000000,20,62,1110288
124,Classical RSA,PCR_READ,3954,0x0000017e,0x00000000,20,62,1136306
124,Classical RSA,PCR_READ,3955,0x0000017e,0x00000000,20,62,1120878
124,Classical RSA,PCR_READ,3956,0x0000017e,0x00000000,20,62,1099257
124,Classical RSA,PCR_READ,3957,0x0000017e,0x00000000,20,62,1216035
124,Classical RSA,PCR_READ,3958,0x0000017e,0x00000000,20,62,1138139
124,Classical RSA,PCR_READ,3959,0x0000017e,0x00000000,20,62,1047792
124,Classical RSA,PCR_READ,3960,0x0000017e,0x00000000,20,62,1019619
124,Classical RSA,PCR_READ,3961,0x0000017e,0x00000000,20,62,1042863
124,Classical RSA,PCR_READ,3962,0x0000017e,0x00000000,20,62,1112743
124,Classical RSA,PCR_READ,3963,0x0000017e,0x00000000,20,62,1046430
124,Classical RSA,NONCE_RANDOM,3964,0x0000017b,0x00000000,12,44,1019840
124,Classical RSA,QUOTE,3965,0x00000158,0x00000000,107,428,3466457
125,Classical RSA,EK_CREATE,3973,0x00000131,0x00000000,355,474,994713
125,Classical RSA,AK_CREATE,3974,0x00000131,0x00000000,353,440,1057089
125,Classical RSA,CREDENTIAL_RANDOM,3975,0x0000017b,0x00000000,12,44,993149
125,Classical RSA,MAKE_CREDENTIAL,3976,0x00000168,0x00000000,84,338,1083489
125,Classical RSA,ACTIVATE_AUTH,3977,0x00000176,0x00000000,59,48,975317
125,Classical RSA,ACTIVATE_AUTH,3978,0x00000151,0x00000000,41,29,1058733
125,Classical RSA,ACTIVATE_CREDENTIAL,3979,0x00000147,0x00000000,464,122,3269891
125,Classical RSA,PCR_READ,3980,0x0000017e,0x00000000,20,62,1156024
125,Classical RSA,PCR_READ,3981,0x0000017e,0x00000000,20,62,1000233
125,Classical RSA,PCR_READ,3982,0x0000017e,0x00000000,20,62,1045968
125,Classical RSA,PCR_READ,3983,0x0000017e,0x00000000,20,62,1036120
125,Classical RSA,PCR_READ,3984,0x0000017e,0x00000000,20,62,1047140
125,Classical RSA,PCR_READ,3985,0x0000017e,0x00000000,20,62,978292
125,Classical RSA,PCR_READ,3986,0x0000017e,0x00000000,20,62,939170
125,Classical RSA,PCR_READ,3987,0x0000017e,0x00000000,20,62,999060
125,Classical RSA,PCR_READ,3988,0x0000017e,0x00000000,20,62,1019840
125,Classical RSA,PCR_READ,3989,0x0000017e,0x00000000,20,62,976900
125,Classical RSA,PCR_READ,3990,0x0000017e,0x00000000,20,62,1034798
125,Classical RSA,PCR_READ,3991,0x0000017e,0x00000000,20,62,990224
125,Classical RSA,PCR_READ,3992,0x0000017e,0x00000000,20,62,1135155
125,Classical RSA,PCR_READ,3993,0x0000017e,0x00000000,20,62,1065574
125,Classical RSA,PCR_READ,3994,0x0000017e,0x00000000,20,62,1017115
125,Classical RSA,PCR_READ,3995,0x0000017e,0x00000000,20,62,1091853
125,Classical RSA,NONCE_RANDOM,3996,0x0000017b,0x00000000,12,44,1019328
125,Classical RSA,QUOTE,3997,0x00000158,0x00000000,107,428,3346924
126,Classical RSA,EK_CREATE,4005,0x00000131,0x00000000,355,474,1128182
126,Classical RSA,AK_CREATE,4006,0x00000131,0x00000000,353,440,1095501
126,Classical RSA,CREDENTIAL_RANDOM,4007,0x0000017b,0x00000000,12,44,1016613
126,Classical RSA,MAKE_CREDENTIAL,4008,0x00000168,0x00000000,84,338,1152738
126,Classical RSA,ACTIVATE_AUTH,4009,0x00000176,0x00000000,59,48,1227256
126,Classical RSA,ACTIVATE_AUTH,4010,0x00000151,0x00000000,41,29,1365183
126,Classical RSA,ACTIVATE_CREDENTIAL,4011,0x00000147,0x00000000,464,122,3998378
126,Classical RSA,PCR_READ,4012,0x0000017e,0x00000000,20,62,1866347
126,Classical RSA,PCR_READ,4013,0x0000017e,0x00000000,20,62,1246692
126,Classical RSA,PCR_READ,4014,0x0000017e,0x00000000,20,62,1269725
126,Classical RSA,PCR_READ,4015,0x0000017e,0x00000000,20,62,1198242
126,Classical RSA,PCR_READ,4016,0x0000017e,0x00000000,20,62,1386753
126,Classical RSA,PCR_READ,4017,0x0000017e,0x00000000,20,62,1148830
126,Classical RSA,PCR_READ,4018,0x0000017e,0x00000000,20,62,1064172
126,Classical RSA,PCR_READ,4019,0x0000017e,0x00000000,20,62,1127931
126,Classical RSA,PCR_READ,4020,0x0000017e,0x00000000,20,62,1257562
126,Classical RSA,PCR_READ,4021,0x0000017e,0x00000000,20,62,1104167
126,Classical RSA,PCR_READ,4022,0x0000017e,0x00000000,20,62,1099157
126,Classical RSA,PCR_READ,4023,0x0000017e,0x00000000,20,62,1029778
126,Classical RSA,PCR_READ,4024,0x0000017e,0x00000000,20,62,990475
126,Classical RSA,PCR_READ,4025,0x0000017e,0x00000000,20,62,1034897
126,Classical RSA,PCR_READ,4026,0x0000017e,0x00000000,20,62,1096192
126,Classical RSA,PCR_READ,4027,0x0000017e,0x00000000,20,62,980406
126,Classical RSA,NONCE_RANDOM,4028,0x0000017b,0x00000000,12,44,1036671
126,Classical RSA,QUOTE,4029,0x00000158,0x00000000,107,428,3475584
127,Classical RSA,EK_CREATE,4037,0x00000131,0x00000000,355,474,1146315
127,Classical RSA,AK_CREATE,4038,0x00000131,0x00000000,353,440,1076014
127,Classical RSA,CREDENTIAL_RANDOM,4039,0x0000017b,0x00000000,12,44,1037422
127,Classical RSA,MAKE_CREDENTIAL,4040,0x00000168,0x00000000,84,338,1189816
127,Classical RSA,ACTIVATE_AUTH,4041,0x00000176,0x00000000,59,48,1016984
127,Classical RSA,ACTIVATE_AUTH,4042,0x00000151,0x00000000,41,29,1138902
127,Classical RSA,ACTIVATE_CREDENTIAL,4043,0x00000147,0x00000000,464,122,3387119
127,Classical RSA,PCR_READ,4044,0x0000017e,0x00000000,20,62,1125967
127,Classical RSA,PCR_READ,4045,0x0000017e,0x00000000,20,62,1147978
127,Classical RSA,PCR_READ,4046,0x0000017e,0x00000000,20,62,1054189
127,Classical RSA,PCR_READ,4047,0x0000017e,0x00000000,20,62,1033490
127,Classical RSA,PCR_READ,4048,0x0000017e,0x00000000,20,62,1024979
127,Classical RSA,PCR_READ,4049,0x0000017e,0x00000000,20,62,1011203
127,Classical RSA,PCR_READ,4050,0x0000017e,0x00000000,20,62,1026843
127,Classical RSA,PCR_READ,4051,0x0000017e,0x00000000,20,62,1026543
127,Classical RSA,PCR_READ,4052,0x0000017e,0x00000000,20,62,1127089
127,Classical RSA,PCR_READ,4053,0x0000017e,0x00000000,20,62,1021413
127,Classical RSA,PCR_READ,4054,0x0000017e,0x00000000,20,62,1080973
127,Classical RSA,PCR_READ,4055,0x0000017e,0x00000000,20,62,1010513
127,Classical RSA,PCR_READ,4056,0x0000017e,0x00000000,20,62,985776
127,Classical RSA,PCR_READ,4057,0x0000017e,0x00000000,20,62,1060415
127,Classical RSA,PCR_READ,4058,0x0000017e,0x00000000,20,62,1085362
127,Classical RSA,PCR_READ,4059,0x0000017e,0x00000000,20,62,1136828
127,Classical RSA,NONCE_RANDOM,4060,0x0000017b,0x00000000,12,44,1022044
127,Classical RSA,QUOTE,4061,0x00000158,0x00000000,107,428,3349028
128,Classical RSA,EK_CREATE,4069,0x00000131,0x00000000,355,474,1078494
128,Classical RSA,AK_CREATE,4070,0x00000131,0x00000000,353,440,1053142
128,Classical RSA,CREDENTIAL_RANDOM,4071,0x0000017b,0x00000000,12,44,1031261
128,Classical RSA,MAKE_CREDENTIAL,4072,0x00000168,0x00000000,84,338,1120226
128,Classical RSA,ACTIVATE_AUTH,4073,0x00000176,0x00000000,59,48,1049785
128,Classical RSA,ACTIVATE_AUTH,4074,0x00000151,0x00000000,41,29,1131448
128,Classical RSA,ACTIVATE_CREDENTIAL,4075,0x00000147,0x00000000,464,122,3532891
128,Classical RSA,PCR_READ,4076,0x0000017e,0x00000000,20,62,1122231
128,Classical RSA,PCR_READ,4077,0x0000017e,0x00000000,20,62,1050967
128,Classical RSA,PCR_READ,4078,0x0000017e,0x00000000,20,62,999692
128,Classical RSA,PCR_READ,4079,0x0000017e,0x00000000,20,62,1009991
128,Classical RSA,PCR_READ,4080,0x0000017e,0x00000000,20,62,1016454
128,Classical RSA,PCR_READ,4081,0x0000017e,0x00000000,20,62,1026032
128,Classical RSA,PCR_READ,4082,0x0000017e,0x00000000,20,62,1133572
128,Classical RSA,PCR_READ,4083,0x0000017e,0x00000000,20,62,1131057
128,Classical RSA,PCR_READ,4084,0x0000017e,0x00000000,20,62,977991
128,Classical RSA,PCR_READ,4085,0x0000017e,0x00000000,20,62,1038995
128,Classical RSA,PCR_READ,4086,0x0000017e,0x00000000,20,62,974746
128,Classical RSA,PCR_READ,4087,0x0000017e,0x00000000,20,62,1037012
128,Classical RSA,PCR_READ,4088,0x0000017e,0x00000000,20,62,1149020
128,Classical RSA,PCR_READ,4089,0x0000017e,0x00000000,20,62,974455
128,Classical RSA,PCR_READ,4090,0x0000017e,0x00000000,20,62,994332
128,Classical RSA,PCR_READ,4091,0x0000017e,0x00000000,20,62,1018908
128,Classical RSA,NONCE_RANDOM,4092,0x0000017b,0x00000000,12,44,1077237
128,Classical RSA,QUOTE,4093,0x00000158,0x00000000,107,428,3372992
129,Classical RSA,EK_CREATE,4101,0x00000131,0x00000000,355,474,1135265
129,Classical RSA,AK_CREATE,4102,0x00000131,0x00000000,353,440,966199
129,Classical RSA,CREDENTIAL_RANDOM,4103,0x0000017b,0x00000000,12,44,1078298
129,Classical RSA,MAKE_CREDENTIAL,4104,0x00000168,0x00000000,84,338,1051368
129,Classical RSA,ACTIVATE_AUTH,4105,0x00000176,0x00000000,59,48,1080482
129,Classical RSA,ACTIVATE_AUTH,4106,0x00000151,0x00000000,41,29,1107403
129,Classical RSA,ACTIVATE_CREDENTIAL,4107,0x00000147,0x00000000,464,122,3277084
129,Classical RSA,PCR_READ,4108,0x0000017e,0x00000000,20,62,1074141
129,Classical RSA,PCR_READ,4109,0x0000017e,0x00000000,20,62,961581
129,Classical RSA,PCR_READ,4110,0x0000017e,0x00000000,20,62,1018267
129,Classical RSA,PCR_READ,4111,0x0000017e,0x00000000,20,62,1005343
129,Classical RSA,PCR_READ,4112,0x0000017e,0x00000000,20,62,1035889
129,Classical RSA,PCR_READ,4113,0x0000017e,0x00000000,20,62,978793
129,Classical RSA,PCR_READ,4114,0x0000017e,0x00000000,20,62,958074
129,Classical RSA,PCR_READ,4115,0x0000017e,0x00000000,20,62,1054157
129,Classical RSA,PCR_READ,4116,0x0000017e,0x00000000,20,62,1305458
129,Classical RSA,PCR_READ,4117,0x0000017e,0x00000000,20,62,1158698
129,Classical RSA,PCR_READ,4118,0x0000017e,0x00000000,20,62,1135776
129,Classical RSA,PCR_READ,4119,0x0000017e,0x00000000,20,62,1114255
129,Classical RSA,PCR_READ,4120,0x0000017e,0x00000000,20,62,1048614
129,Classical RSA,PCR_READ,4121,0x0000017e,0x00000000,20,62,1145563
129,Classical RSA,PCR_READ,4122,0x0000017e,0x00000000,20,62,1059634
129,Classical RSA,PCR_READ,4123,0x0000017e,0x00000000,20,62,1102964
129,Classical RSA,NONCE_RANDOM,4124,0x0000017b,0x00000000,12,44,1043163
129,Classical RSA,QUOTE,4125,0x00000158,0x00000000,107,428,3485703
130,Classical RSA,EK_CREATE,4133,0x00000131,0x00000000,355,474,1080142
130,Classical RSA,AK_CREATE,4134,0x00000131,0x00000000,353,440,1130218
130,Classical RSA,CREDENTIAL_RANDOM,4135,0x0000017b,0x00000000,12,44,1160789
130,Classical RSA,MAKE_CREDENTIAL,4136,0x00000168,0x00000000,84,338,1206567
130,Classical RSA,ACTIVATE_AUTH,4137,0x00000176,0x00000000,59,48,1084640
130,Classical RSA,ACTIVATE_AUTH,4138,0x00000151,0x00000000,41,29,1098736
130,Classical RSA,ACTIVATE_CREDENTIAL,4139,0x00000147,0x00000000,464,122,3427704
130,Classical RSA,PCR_READ,4140,0x0000017e,0x00000000,20,62,1102674
130,Classical RSA,PCR_READ,4141,0x0000017e,0x00000000,20,62,1126238
130,Classical RSA,PCR_READ,4142,0x0000017e,0x00000000,20,62,1159079
130,Classical RSA,PCR_READ,4143,0x0000017e,0x00000000,20,62,1167956
130,Classical RSA,PCR_READ,4144,0x0000017e,0x00000000,20,62,1216786
130,Classical RSA,PCR_READ,4145,0x0000017e,0x00000000,20,62,1177673
130,Classical RSA,PCR_READ,4146,0x0000017e,0x00000000,20,62,1201017
130,Classical RSA,PCR_READ,4147,0x0000017e,0x00000000,20,62,1479957
130,Classical RSA,PCR_READ,4148,0x0000017e,0x00000000,20,62,1336529
130,Classical RSA,PCR_READ,4149,0x0000017e,0x00000000,20,62,1146135
130,Classical RSA,PCR_READ,4150,0x0000017e,0x00000000,20,62,1195757
130,Classical RSA,PCR_READ,4151,0x0000017e,0x00000000,20,62,1365924
130,Classical RSA,PCR_READ,4152,0x0000017e,0x00000000,20,62,1375653
130,Classical RSA,PCR_READ,4153,0x0000017e,0x00000000,20,62,1127190
130,Classical RSA,PCR_READ,4154,0x0000017e,0x00000000,20,62,1086414
130,Classical RSA,PCR_READ,4155,0x0000017e,0x00000000,20,62,998621
130,Classical RSA,NONCE_RANDOM,4156,0x0000017b,0x00000000,12,44,965258
130,Classical RSA,QUOTE,4157,0x00000158,0x00000000,107,428,3396256
131,Classical RSA,EK_CREATE,4165,0x00000131,0x00000000,355,474,1221896
131,Classical RSA,AK_CREATE,4166,0x00000131,0x00000000,353,440,1150283
131,Classical RSA,CREDENTIAL_RANDOM,4167,0x0000017b,0x00000000,12,44,1019419
131,Classical RSA,MAKE_CREDENTIAL,4168,0x00000168,0x00000000,84,338,1267712
131,Classical RSA,ACTIVATE_AUTH,4169,0x00000176,0x00000000,59,48,1113484
131,Classical RSA,ACTIVATE_AUTH,4170,0x00000151,0x00000000,41,29,1093306
131,Classical RSA,ACTIVATE_CREDENTIAL,4171,0x00000147,0x00000000,464,122,3430310
131,Classical RSA,PCR_READ,4172,0x0000017e,0x00000000,20,62,1041630
131,Classical RSA,PCR_READ,4173,0x0000017e,0x00000000,20,62,1070244
131,Classical RSA,PCR_READ,4174,0x0000017e,0x00000000,20,62,1038254
131,Classical RSA,PCR_READ,4175,0x0000017e,0x00000000,20,62,1025300
131,Classical RSA,PCR_READ,4176,0x0000017e,0x00000000,20,62,1033795
131,Classical RSA,PCR_READ,4177,0x0000017e,0x00000000,20,62,1116900
131,Classical RSA,PCR_READ,4178,0x0000017e,0x00000000,20,62,1039196
131,Classical RSA,PCR_READ,4179,0x0000017e,0x00000000,20,62,1034928
131,Classical RSA,PCR_READ,4180,0x0000017e,0x00000000,20,62,1027664
131,Classical RSA,PCR_READ,4181,0x0000017e,0x00000000,20,62,1056468
131,Classical RSA,PCR_READ,4182,0x0000017e,0x00000000,20,62,1102394
131,Classical RSA,PCR_READ,4183,0x0000017e,0x00000000,20,62,1196429
131,Classical RSA,PCR_READ,4184,0x0000017e,0x00000000,20,62,1131388
131,Classical RSA,PCR_READ,4185,0x0000017e,0x00000000,20,62,1142218
131,Classical RSA,PCR_READ,4186,0x0000017e,0x00000000,20,62,1088288
131,Classical RSA,PCR_READ,4187,0x0000017e,0x00000000,20,62,1227640
131,Classical RSA,NONCE_RANDOM,4188,0x0000017b,0x00000000,12,44,1349080
131,Classical RSA,QUOTE,4189,0x00000158,0x00000000,107,428,3512132
132,Classical RSA,EK_CREATE,4197,0x00000131,0x00000000,355,474,1130095
132,Classical RSA,AK_CREATE,4198,0x00000131,0x00000000,353,440,1130736
132,Classical RSA,CREDENTIAL_RANDOM,4199,0x0000017b,0x00000000,12,44,1211176
132,Classical RSA,MAKE_CREDENTIAL,4200,0x00000168,0x00000000,84,338,1215314
132,Classical RSA,ACTIVATE_AUTH,4201,0x00000176,0x00000000,59,48,1099538
132,Classical RSA,ACTIVATE_AUTH,4202,0x00000151,0x00000000,41,29,1228488
132,Classical RSA,ACTIVATE_CREDENTIAL,4203,0x00000147,0x00000000,464,122,3597621
132,Classical RSA,PCR_READ,4204,0x0000017e,0x00000000,20,62,1233788
132,Classical RSA,PCR_READ,4205,0x0000017e,0x00000000,20,62,1331024
132,Classical RSA,PCR_READ,4206,0x0000017e,0x00000000,20,62,1398149
132,Classical RSA,PCR_READ,4207,0x0000017e,0x00000000,20,62,1204043
132,Classical RSA,PCR_READ,4208,0x0000017e,0x00000000,20,62,1127484
132,Classical RSA,PCR_READ,4209,0x0000017e,0x00000000,20,62,1200433
132,Classical RSA,PCR_READ,4210,0x0000017e,0x00000000,20,62,1125957
132,Classical RSA,PCR_READ,4211,0x0000017e,0x00000000,20,62,1107673
132,Classical RSA,PCR_READ,4212,0x0000017e,0x00000000,20,62,1162545
132,Classical RSA,PCR_READ,4213,0x0000017e,0x00000000,20,62,1081875
132,Classical RSA,PCR_READ,4214,0x0000017e,0x00000000,20,62,1124705
132,Classical RSA,PCR_READ,4215,0x0000017e,0x00000000,20,62,1307008
132,Classical RSA,PCR_READ,4216,0x0000017e,0x00000000,20,62,1349711
132,Classical RSA,PCR_READ,4217,0x0000017e,0x00000000,20,62,1067979
132,Classical RSA,PCR_READ,4218,0x0000017e,0x00000000,20,62,1187763
132,Classical RSA,PCR_READ,4219,0x0000017e,0x00000000,20,62,1123773
132,Classical RSA,NONCE_RANDOM,4220,0x0000017b,0x00000000,12,44,1312044
132,Classical RSA,QUOTE,4221,0x00000158,0x00000000,107,428,3481806
133,Classical RSA,EK_CREATE,4229,0x00000131,0x00000000,355,474,1149551
133,Classical RSA,AK_CREATE,4230,0x00000131,0x00000000,353,440,1105089
133,Classical RSA,CREDENTIAL_RANDOM,4231,0x0000017b,0x00000000,12,44,1193373
133,Classical RSA,MAKE_CREDENTIAL,4232,0x00000168,0x00000000,84,338,1209102
133,Classical RSA,ACTIVATE_AUTH,4233,0x00000176,0x00000000,59,48,1146536
133,Classical RSA,ACTIVATE_AUTH,4234,0x00000151,0x00000000,41,29,1164389
133,Classical RSA,ACTIVATE_CREDENTIAL,4235,0x00000147,0x00000000,464,122,3506511
133,Classical RSA,PCR_READ,4236,0x0000017e,0x00000000,20,62,1194024
133,Classical RSA,PCR_READ,4237,0x0000017e,0x00000000,20,62,1143961
133,Classical RSA,PCR_READ,4238,0x0000017e,0x00000000,20,62,1149111
133,Classical RSA,PCR_READ,4239,0x0000017e,0x00000000,20,62,1200610
133,Classical RSA,PCR_READ,4240,0x0000017e,0x00000000,20,62,1254444
133,Classical RSA,PCR_READ,4241,0x0000017e,0x00000000,20,62,1269866
133,Classical RSA,PCR_READ,4242,0x0000017e,0x00000000,20,62,1540980
133,Classical RSA,PCR_READ,4243,0x0000017e,0x00000000,20,62,1353491
133,Classical RSA,PCR_READ,4244,0x0000017e,0x00000000,20,62,1342715
133,Classical RSA,PCR_READ,4245,0x0000017e,0x00000000,20,62,1196644
133,Classical RSA,PCR_READ,4246,0x0000017e,0x00000000,20,62,1197230
133,Classical RSA,PCR_READ,4247,0x0000017e,0x00000000,20,62,1169719
133,Classical RSA,PCR_READ,4248,0x0000017e,0x00000000,20,62,1144521
133,Classical RSA,PCR_READ,4249,0x0000017e,0x00000000,20,62,1143470
133,Classical RSA,PCR_READ,4250,0x0000017e,0x00000000,20,62,1120648
133,Classical RSA,PCR_READ,4251,0x0000017e,0x00000000,20,62,1057990
133,Classical RSA,NONCE_RANDOM,4252,0x0000017b,0x00000000,12,44,1104256
133,Classical RSA,QUOTE,4253,0x00000158,0x00000000,107,428,3311449
134,Classical RSA,EK_CREATE,4261,0x00000131,0x00000000,355,474,1122053
134,Classical RSA,AK_CREATE,4262,0x00000131,0x00000000,353,440,1215651
134,Classical RSA,CREDENTIAL_RANDOM,4263,0x0000017b,0x00000000,12,44,1046850
134,Classical RSA,MAKE_CREDENTIAL,4264,0x00000168,0x00000000,84,338,1033626
134,Classical RSA,ACTIVATE_AUTH,4265,0x00000176,0x00000000,59,48,1129203
134,Classical RSA,ACTIVATE_AUTH,4266,0x00000151,0x00000000,41,29,1211207
134,Classical RSA,ACTIVATE_CREDENTIAL,4267,0x00000147,0x00000000,464,122,3413088
134,Classical RSA,PCR_READ,4268,0x0000017e,0x00000000,20,62,1255007
134,Classical RSA,PCR_READ,4269,0x0000017e,0x00000000,20,62,1070644
134,Classical RSA,PCR_READ,4270,0x0000017e,0x00000000,20,62,1063421
134,Classical RSA,PCR_READ,4271,0x0000017e,0x00000000,20,62,1145674
134,Classical RSA,PCR_READ,4272,0x0000017e,0x00000000,20,62,1105650
134,Classical RSA,PCR_READ,4273,0x0000017e,0x00000000,20,62,1017265
134,Classical RSA,PCR_READ,4274,0x0000017e,0x00000000,20,62,1029578
134,Classical RSA,PCR_READ,4275,0x0000017e,0x00000000,20,62,1008418
134,Classical RSA,PCR_READ,4276,0x0000017e,0x00000000,20,62,1055025
134,Classical RSA,PCR_READ,4277,0x0000017e,0x00000000,20,62,1106781
134,Classical RSA,PCR_READ,4278,0x0000017e,0x00000000,20,62,1466642
134,Classical RSA,PCR_READ,4279,0x0000017e,0x00000000,20,62,1278040
134,Classical RSA,PCR_READ,4280,0x0000017e,0x00000000,20,62,1102083
134,Classical RSA,PCR_READ,4281,0x0000017e,0x00000000,20,62,1133020
134,Classical RSA,PCR_READ,4282,0x0000017e,0x00000000,20,62,1130616
134,Classical RSA,PCR_READ,4283,0x0000017e,0x00000000,20,62,1050056
134,Classical RSA,NONCE_RANDOM,4284,0x0000017b,0x00000000,12,44,986969
134,Classical RSA,QUOTE,4285,0x00000158,0x00000000,107,428,3370689
135,Classical RSA,EK_CREATE,4293,0x00000131,0x00000000,355,474,1094699
135,Classical RSA,AK_CREATE,4294,0x00000131,0x00000000,353,440,1039275
135,Classical RSA,CREDENTIAL_RANDOM,4295,0x0000017b,0x00000000,12,44,1022084
135,Classical RSA,MAKE_CREDENTIAL,4296,0x00000168,0x00000000,84,338,1221255
135,Classical RSA,ACTIVATE_AUTH,4297,0x00000176,0x00000000,59,48,1043524
135,Classical RSA,ACTIVATE_AUTH,4298,0x00000151,0x00000000,41,29,998069
135,Classical RSA,ACTIVATE_CREDENTIAL,4299,0x00000147,0x00000000,464,122,3402819
135,Classical RSA,PCR_READ,4300,0x0000017e,0x00000000,20,62,1093046
135,Classical RSA,PCR_READ,4301,0x0000017e,0x00000000,20,62,1028316
135,Classical RSA,PCR_READ,4302,0x0000017e,0x00000000,20,62,1037442
135,Classical RSA,PCR_READ,4303,0x0000017e,0x00000000,20,62,1152937
135,Classical RSA,PCR_READ,4304,0x0000017e,0x00000000,20,62,1217752
135,Classical RSA,PCR_READ,4305,0x0000017e,0x00000000,20,62,1278058
135,Classical RSA,PCR_READ,4306,0x0000017e,0x00000000,20,62,1108784
135,Classical RSA,PCR_READ,4307,0x0000017e,0x00000000,20,62,1127470
135,Classical RSA,PCR_READ,4308,0x0000017e,0x00000000,20,62,1326975
135,Classical RSA,PCR_READ,4309,0x0000017e,0x00000000,20,62,1219528
135,Classical RSA,PCR_READ,4310,0x0000017e,0x00000000,20,62,1134063
135,Classical RSA,PCR_READ,4311,0x0000017e,0x00000000,20,62,1381242
135,Classical RSA,PCR_READ,4312,0x0000017e,0x00000000,20,62,1249938
135,Classical RSA,PCR_READ,4313,0x0000017e,0x00000000,20,62,1266439
135,Classical RSA,PCR_READ,4314,0x0000017e,0x00000000,20,62,1284142
135,Classical RSA,PCR_READ,4315,0x0000017e,0x00000000,20,62,1299952
135,Classical RSA,NONCE_RANDOM,4316,0x0000017b,0x00000000,12,44,1142027
135,Classical RSA,QUOTE,4317,0x00000158,0x00000000,107,428,3408940
136,Classical RSA,EK_CREATE,4325,0x00000131,0x00000000,355,474,1225212
136,Classical RSA,AK_CREATE,4326,0x00000131,0x00000000,353,440,1556923
136,Classical RSA,CREDENTIAL_RANDOM,4327,0x0000017b,0x00000000,12,44,1213958
136,Classical RSA,MAKE_CREDENTIAL,4328,0x00000168,0x00000000,84,338,1181816
136,Classical RSA,ACTIVATE_AUTH,4329,0x00000176,0x00000000,59,48,1567645
136,Classical RSA,ACTIVATE_AUTH,4330,0x00000151,0x00000000,41,29,1341980
136,Classical RSA,ACTIVATE_CREDENTIAL,4331,0x00000147,0x00000000,464,122,3644779
136,Classical RSA,PCR_READ,4332,0x0000017e,0x00000000,20,62,1164579
136,Classical RSA,PCR_READ,4333,0x0000017e,0x00000000,20,62,1110218
136,Classical RSA,PCR_READ,4334,0x0000017e,0x00000000,20,62,1056829
136,Classical RSA,PCR_READ,4335,0x0000017e,0x00000000,20,62,1054023
136,Classical RSA,PCR_READ,4336,0x0000017e,0x00000000,20,62,1161724
136,Classical RSA,PCR_READ,4337,0x0000017e,0x00000000,20,62,1206107
136,Classical RSA,PCR_READ,4338,0x0000017e,0x00000000,20,62,1037633
136,Classical RSA,PCR_READ,4339,0x0000017e,0x00000000,20,62,1023777
136,Classical RSA,PCR_READ,4340,0x0000017e,0x00000000,20,62,1028295
136,Classical RSA,PCR_READ,4341,0x0000017e,0x00000000,20,62,1129013
136,Classical RSA,PCR_READ,4342,0x0000017e,0x00000000,20,62,1166493
136,Classical RSA,PCR_READ,4343,0x0000017e,0x00000000,20,62,1071967
136,Classical RSA,PCR_READ,4344,0x0000017e,0x00000000,20,62,1203031
136,Classical RSA,PCR_READ,4345,0x0000017e,0x00000000,20,62,1044646
136,Classical RSA,PCR_READ,4346,0x0000017e,0x00000000,20,62,1016253
136,Classical RSA,PCR_READ,4347,0x0000017e,0x00000000,20,62,1234920
136,Classical RSA,NONCE_RANDOM,4348,0x0000017b,0x00000000,12,44,1156985
136,Classical RSA,QUOTE,4349,0x00000158,0x00000000,107,428,3272736
137,Classical RSA,EK_CREATE,4357,0x00000131,0x00000000,355,474,1100286
137,Classical RSA,AK_CREATE,4358,0x00000131,0x00000000,353,440,1048954
137,Classical RSA,CREDENTIAL_RANDOM,4359,0x0000017b,0x00000000,12,44,1034106
137,Classical RSA,MAKE_CREDENTIAL,4360,0x00000168,0x00000000,84,338,1028796
137,Classical RSA,ACTIVATE_AUTH,4361,0x00000176,0x00000000,59,48,1003198
137,Classical RSA,ACTIVATE_AUTH,4362,0x00000151,0x00000000,41,29,978623
137,Classical RSA,ACTIVATE_CREDENTIAL,4363,0x00000147,0x00000000,464,122,3366321
137,Classical RSA,PCR_READ,4364,0x0000017e,0x00000000,20,62,995935
137,Classical RSA,PCR_READ,4365,0x0000017e,0x00000000,20,62,993120
137,Classical RSA,PCR_READ,4366,0x0000017e,0x00000000,20,62,986858
137,Classical RSA,PCR_READ,4367,0x0000017e,0x00000000,20,62,1119355
137,Classical RSA,PCR_READ,4368,0x0000017e,0x00000000,20,62,973564
137,Classical RSA,PCR_READ,4369,0x0000017e,0x00000000,20,62,991016
137,Classical RSA,PCR_READ,4370,0x0000017e,0x00000000,20,62,988772
137,Classical RSA,PCR_READ,4371,0x0000017e,0x00000000,20,62,1009751
137,Classical RSA,PCR_READ,4372,0x0000017e,0x00000000,20,62,979244
137,Classical RSA,PCR_READ,4373,0x0000017e,0x00000000,20,62,965418
137,Classical RSA,PCR_READ,4374,0x0000017e,0x00000000,20,62,1056738
137,Classical RSA,PCR_READ,4375,0x0000017e,0x00000000,20,62,1119205
137,Classical RSA,PCR_READ,4376,0x0000017e,0x00000000,20,62,1008799
137,Classical RSA,PCR_READ,4377,0x0000017e,0x00000000,20,62,929661
137,Classical RSA,PCR_READ,4378,0x0000017e,0x00000000,20,62,1181571
137,Classical RSA,PCR_READ,4379,0x0000017e,0x00000000,20,62,1348134
137,Classical RSA,NONCE_RANDOM,4380,0x0000017b,0x00000000,12,44,1295309
137,Classical RSA,QUOTE,4381,0x00000158,0x00000000,107,428,4032651
138,Classical RSA,EK_CREATE,4389,0x00000131,0x00000000,355,474,1301872
138,Classical RSA,AK_CREATE,4390,0x00000131,0x00000000,353,440,1019679
138,Classical RSA,CREDENTIAL_RANDOM,4391,0x0000017b,0x00000000,12,44,1058993
138,Classical RSA,MAKE_CREDENTIAL,4392,0x00000168,0x00000000,84,338,1322143
138,Classical RSA,ACTIVATE_AUTH,4393,0x00000176,0x00000000,59,48,1100680
138,Classical RSA,ACTIVATE_AUTH,4394,0x00000151,0x00000000,41,29,1068676
138,Classical RSA,ACTIVATE_CREDENTIAL,4395,0x00000147,0x00000000,464,122,3557332
138,Classical RSA,PCR_READ,4396,0x0000017e,0x00000000,20,62,1231945
138,Classical RSA,PCR_READ,4397,0x0000017e,0x00000000,20,62,1276738
138,Classical RSA,PCR_READ,4398,0x0000017e,0x00000000,20,62,1214765
138,Classical RSA,PCR_READ,4399,0x0000017e,0x00000000,20,62,1182500
138,Classical RSA,PCR_READ,4400,0x0000017e,0x00000000,20,62,1169839
138,Classical RSA,PCR_READ,4401,0x0000017e,0x00000000,20,62,1217457
138,Classical RSA,PCR_READ,4402,0x0000017e,0x00000000,20,62,1139293
138,Classical RSA,PCR_READ,4403,0x0000017e,0x00000000,20,62,1096803
138,Classical RSA,PCR_READ,4404,0x0000017e,0x00000000,20,62,1069892
138,Classical RSA,PCR_READ,4405,0x0000017e,0x00000000,20,62,1159590
138,Classical RSA,PCR_READ,4406,0x0000017e,0x00000000,20,62,1085963
138,Classical RSA,PCR_READ,4407,0x0000017e,0x00000000,20,62,1370252
138,Classical RSA,PCR_READ,4408,0x0000017e,0x00000000,20,62,1244889
138,Classical RSA,PCR_READ,4409,0x0000017e,0x00000000,20,62,1203933
138,Classical RSA,PCR_READ,4410,0x0000017e,0x00000000,20,62,1442016
138,Classical RSA,PCR_READ,4411,0x0000017e,0x00000000,20,62,1248445
138,Classical RSA,NONCE_RANDOM,4412,0x0000017b,0x00000000,12,44,1155853
138,Classical RSA,QUOTE,4413,0x00000158,0x00000000,107,428,3578946
139,Classical RSA,EK_CREATE,4421,0x00000131,0x00000000,355,474,1004852
139,Classical RSA,AK_CREATE,4422,0x00000131,0x00000000,353,440,1017635
139,Classical RSA,CREDENTIAL_RANDOM,4423,0x0000017b,0x00000000,12,44,999702
139,Classical RSA,MAKE_CREDENTIAL,4424,0x00000168,0x00000000,84,338,1052501
139,Classical RSA,ACTIVATE_AUTH,4425,0x00000176,0x00000000,59,48,1054164
139,Classical RSA,ACTIVATE_AUTH,4426,0x00000151,0x00000000,41,29,1052110
139,Classical RSA,ACTIVATE_CREDENTIAL,4427,0x00000147,0x00000000,464,122,3411375
139,Classical RSA,PCR_READ,4428,0x0000017e,0x00000000,20,62,1091052
139,Classical RSA,PCR_READ,4429,0x0000017e,0x00000000,20,62,1102757
139,Classical RSA,PCR_READ,4430,0x0000017e,0x00000000,20,62,1195003
139,Classical RSA,PCR_READ,4431,0x0000017e,0x00000000,20,62,1018256
139,Classical RSA,PCR_READ,4432,0x0000017e,0x00000000,20,62,1059233
139,Classical RSA,PCR_READ,4433,0x0000017e,0x00000000,20,62,1018017
139,Classical RSA,PCR_READ,4434,0x0000017e,0x00000000,20,62,1081424
139,Classical RSA,PCR_READ,4435,0x0000017e,0x00000000,20,62,994262
139,Classical RSA,PCR_READ,4436,0x0000017e,0x00000000,20,62,1059463
139,Classical RSA,PCR_READ,4437,0x0000017e,0x00000000,20,62,998229
139,Classical RSA,PCR_READ,4438,0x0000017e,0x00000000,20,62,990926
139,Classical RSA,PCR_READ,4439,0x0000017e,0x00000000,20,62,1118463
139,Classical RSA,PCR_READ,4440,0x0000017e,0x00000000,20,62,1051038
139,Classical RSA,PCR_READ,4441,0x0000017e,0x00000000,20,62,1123603
139,Classical RSA,PCR_READ,4442,0x0000017e,0x00000000,20,62,1060255
139,Classical RSA,PCR_READ,4443,0x0000017e,0x00000000,20,62,1044024
139,Classical RSA,NONCE_RANDOM,4444,0x0000017b,0x00000000,12,44,1029648
139,Classical RSA,QUOTE,4445,0x00000158,0x00000000,107,428,3458843
140,Classical RSA,EK_CREATE,4453,0x00000131,0x00000000,355,474,1102413
140,Classical RSA,AK_CREATE,4454,0x00000131,0x00000000,353,440,986508
140,Classical RSA,CREDENTIAL_RANDOM,4455,0x0000017b,0x00000000,12,44,1020991
140,Classical RSA,MAKE_CREDENTIAL,4456,0x00000168,0x00000000,84,338,1041250
140,Classical RSA,ACTIVATE_AUTH,4457,0x00000176,0x00000000,59,48,1025881
140,Classical RSA,ACTIVATE_AUTH,4458,0x00000151,0x00000000,41,29,1031893
140,Classical RSA,ACTIVATE_CREDENTIAL,4459,0x00000147,0x00000000,464,122,3438014
140,Classical RSA,PCR_READ,4460,0x0000017e,0x00000000,20,62,1025731
140,Classical RSA,PCR_READ,4461,0x0000017e,0x00000000,20,62,1010863
140,Classical RSA,PCR_READ,4462,0x0000017e,0x00000000,20,62,968204
140,Classical RSA,PCR_READ,4463,0x0000017e,0x00000000,20,62,1046309
140,Classical RSA,PCR_READ,4464,0x0000017e,0x00000000,20,62,1062118
140,Classical RSA,PCR_READ,4465,0x0000017e,0x00000000,20,62,1080132
140,Classical RSA,PCR_READ,4466,0x0000017e,0x00000000,20,62,1040458
140,Classical RSA,PCR_READ,4467,0x0000017e,0x00000000,20,62,1032664
140,Classical RSA,PCR_READ,4468,0x0000017e,0x00000000,20,62,1163046
140,Classical RSA,PCR_READ,4469,0x0000017e,0x00000000,20,62,1032813
140,Classical RSA,PCR_READ,4470,0x0000017e,0x00000000,20,62,1094489
140,Classical RSA,PCR_READ,4471,0x0000017e,0x00000000,20,62,1010903
140,Classical RSA,PCR_READ,4472,0x0000017e,0x00000000,20,62,1058765
140,Classical RSA,PCR_READ,4473,0x0000017e,0x00000000,20,62,1022100
140,Classical RSA,PCR_READ,4474,0x0000017e,0x00000000,20,62,1060055
140,Classical RSA,PCR_READ,4475,0x0000017e,0x00000000,20,62,985475
140,Classical RSA,NONCE_RANDOM,4476,0x0000017b,0x00000000,12,44,1068881
140,Classical RSA,QUOTE,4477,0x00000158,0x00000000,107,428,3325594
141,Classical RSA,EK_CREATE,4485,0x00000131,0x00000000,355,474,1061027
141,Classical RSA,AK_CREATE,4486,0x00000131,0x00000000,353,440,1100690
141,Classical RSA,CREDENTIAL_RANDOM,4487,0x0000017b,0x00000000,12,44,995474
141,Classical RSA,MAKE_CREDENTIAL,4488,0x00000168,0x00000000,84,338,1035599
141,Classical RSA,ACTIVATE_AUTH,4489,0x00000176,0x00000000,59,48,968995
141,Classical RSA,ACTIVATE_AUTH,4490,0x00000151,0x00000000,41,29,996927
141,Classical RSA,ACTIVATE_CREDENTIAL,4491,0x00000147,0x00000000,464,122,3327569
141,Classical RSA,PCR_READ,4492,0x0000017e,0x00000000,20,62,899164
141,Classical RSA,PCR_READ,4493,0x0000017e,0x00000000,20,62,989423
141,Classical RSA,PCR_READ,4494,0x0000017e,0x00000000,20,62,1001675
141,Classical RSA,PCR_READ,4495,0x0000017e,0x00000000,20,62,1011414
141,Classical RSA,PCR_READ,4496,0x0000017e,0x00000000,20,62,955941
141,Classical RSA,PCR_READ,4497,0x0000017e,0x00000000,20,62,1009811
141,Classical RSA,PCR_READ,4498,0x0000017e,0x00000000,20,62,963184
141,Classical RSA,PCR_READ,4499,0x0000017e,0x00000000,20,62,1078839
141,Classical RSA,PCR_READ,4500,0x0000017e,0x00000000,20,62,1006425
141,Classical RSA,PCR_READ,4501,0x0000017e,0x00000000,20,62,988361
141,Classical RSA,PCR_READ,4502,0x0000017e,0x00000000,20,62,998039
141,Classical RSA,PCR_READ,4503,0x0000017e,0x00000000,20,62,1027855
141,Classical RSA,PCR_READ,4504,0x0000017e,0x00000000,20,62,996446
141,Classical RSA,PCR_READ,4505,0x0000017e,0x00000000,20,62,1063391
141,Classical RSA,PCR_READ,4506,0x0000017e,0x00000000,20,62,1033535
141,Classical RSA,PCR_READ,4507,0x0000017e,0x00000000,20,62,1063291
141,Classical RSA,NONCE_RANDOM,4508,0x0000017b,0x00000000,12,44,1024639
141,Classical RSA,QUOTE,4509,0x00000158,0x00000000,107,428,3553259
142,Classical RSA,EK_CREATE,4517,0x00000131,0x00000000,355,474,1162896
142,Classical RSA,AK_CREATE,4518,0x00000131,0x00000000,353,440,1159039
142,Classical RSA,CREDENTIAL_RANDOM,4519,0x0000017b,0x00000000,12,44,1043113
142,Classical RSA,MAKE_CREDENTIAL,4520,0x00000168,0x00000000,84,338,1102664
142,Classical RSA,ACTIVATE_AUTH,4521,0x00000176,0x00000000,59,48,914243
142,Classical RSA,ACTIVATE_AUTH,4522,0x00000151,0x00000000,41,29,1044245
142,Classical RSA,ACTIVATE_CREDENTIAL,4523,0x00000147,0x00000000,464,122,3524454
142,Classical RSA,PCR_READ,4524,0x0000017e,0x00000000,20,62,1125547
142,Classical RSA,PCR_READ,4525,0x0000017e,0x00000000,20,62,1020360
142,Classical RSA,PCR_READ,4526,0x0000017e,0x00000000,20,62,995665
142,Classical RSA,PCR_READ,4527,0x0000017e,0x00000000,20,62,990515
142,Classical RSA,PCR_READ,4528,0x0000017e,0x00000000,20,62,974535
142,Classical RSA,PCR_READ,4529,0x0000017e,0x00000000,20,62,1019248
142,Classical RSA,PCR_READ,4530,0x0000017e,0x00000000,20,62,1013578
142,Classical RSA,PCR_READ,4531,0x0000017e,0x00000000,20,62,988922
142,Classical RSA,PCR_READ,4532,0x0000017e,0x00000000,20,62,1006044
142,Classical RSA,PCR_READ,4533,0x0000017e,0x00000000,20,62,1038374
142,Classical RSA,PCR_READ,4534,0x0000017e,0x00000000,20,62,962292
142,Classical RSA,PCR_READ,4535,0x0000017e,0x00000000,20,62,976639
142,Classical RSA,PCR_READ,4536,0x0000017e,0x00000000,20,62,1023867
142,Classical RSA,PCR_READ,4537,0x0000017e,0x00000000,20,62,1049195
142,Classical RSA,PCR_READ,4538,0x0000017e,0x00000000,20,62,983162
142,Classical RSA,PCR_READ,4539,0x0000017e,0x00000000,20,62,1005834
142,Classical RSA,NONCE_RANDOM,4540,0x0000017b,0x00000000,12,44,990224
142,Classical RSA,QUOTE,4541,0x00000158,0x00000000,107,428,3328149
143,Classical RSA,EK_CREATE,4549,0x00000131,0x00000000,355,474,1128192
143,Classical RSA,AK_CREATE,4550,0x00000131,0x00000000,353,440,1005783
143,Classical RSA,CREDENTIAL_RANDOM,4551,0x0000017b,0x00000000,12,44,1081594
143,Classical RSA,MAKE_CREDENTIAL,4552,0x00000168,0x00000000,84,338,1055717
143,Classical RSA,ACTIVATE_AUTH,4553,0x00000176,0x00000000,59,48,1015462
143,Classical RSA,ACTIVATE_AUTH,4554,0x00000151,0x00000000,41,29,1027133
143,Classical RSA,ACTIVATE_CREDENTIAL,4555,0x00000147,0x00000000,464,122,3339080
143,Classical RSA,PCR_READ,4556,0x0000017e,0x00000000,20,62,1086424
143,Classical RSA,PCR_READ,4557,0x0000017e,0x00000000,20,62,1036180
143,Classical RSA,PCR_READ,4558,0x0000017e,0x00000000,20,62,1016022
143,Classical RSA,PCR_READ,4559,0x0000017e,0x00000000,20,62,979405
143,Classical RSA,PCR_READ,4560,0x0000017e,0x00000000,20,62,1077938
143,Classical RSA,PCR_READ,4561,0x0000017e,0x00000000,20,62,1062089
143,Classical RSA,PCR_READ,4562,0x0000017e,0x00000000,20,62,1042632
143,Classical RSA,PCR_READ,4563,0x0000017e,0x00000000,20,62,1002497
143,Classical RSA,PCR_READ,4564,0x0000017e,0x00000000,20,62,1094980
143,Classical RSA,PCR_READ,4565,0x0000017e,0x00000000,20,62,1083228
143,Classical RSA,PCR_READ,4566,0x0000017e,0x00000000,20,62,985585
143,Classical RSA,PCR_READ,4567,0x0000017e,0x00000000,20,62,991056
143,Classical RSA,PCR_READ,4568,0x0000017e,0x00000000,20,62,1042732
143,Classical RSA,PCR_READ,4569,0x0000017e,0x00000000,20,62,963134
143,Classical RSA,PCR_READ,4570,0x0000017e,0x00000000,20,62,1024509
143,Classical RSA,PCR_READ,4571,0x0000017e,0x00000000,20,62,930132
143,Classical RSA,NONCE_RANDOM,4572,0x0000017b,0x00000000,12,44,956241
143,Classical RSA,QUOTE,4573,0x00000158,0x00000000,107,428,3520738
144,Classical RSA,EK_CREATE,4581,0x00000131,0x00000000,355,474,1081845
144,Classical RSA,AK_CREATE,4582,0x00000131,0x00000000,353,440,965779
144,Classical RSA,CREDENTIAL_RANDOM,4583,0x0000017b,0x00000000,12,44,1091383
144,Classical RSA,MAKE_CREDENTIAL,4584,0x00000168,0x00000000,84,338,1067569
144,Classical RSA,ACTIVATE_AUTH,4585,0x00000176,0x00000000,59,48,932256
144,Classical RSA,ACTIVATE_AUTH,4586,0x00000151,0x00000000,41,29,970768
144,Classical RSA,ACTIVATE_CREDENTIAL,4587,0x00000147,0x00000000,464,122,3332868
144,Classical RSA,PCR_READ,4588,0x0000017e,0x00000000,20,62,1014079
144,Classical RSA,PCR_READ,4589,0x0000017e,0x00000000,20,62,1020340
144,Classical RSA,PCR_READ,4590,0x0000017e,0x00000000,20,62,1013918
144,Classical RSA,PCR_READ,4591,0x0000017e,0x00000000,20,62,980296
144,Classical RSA,PCR_READ,4592,0x0000017e,0x00000000,20,62,1027664
144,Classical RSA,PCR_READ,4593,0x0000017e,0x00000000,20,62,977220
144,Classical RSA,PCR_READ,4594,0x0000017e,0x00000000,20,62,1002849
144,Classical RSA,PCR_READ,4595,0x0000017e,0x00000000,20,62,1007316
144,Classical RSA,PCR_READ,4596,0x0000017e,0x00000000,20,62,1119495
144,Classical RSA,PCR_READ,4597,0x0000017e,0x00000000,20,62,1095170
144,Classical RSA,PCR_READ,4598,0x0000017e,0x00000000,20,62,1107362
144,Classical RSA,PCR_READ,4599,0x0000017e,0x00000000,20,62,1035569
144,Classical RSA,PCR_READ,4600,0x0000017e,0x00000000,20,62,1018618
144,Classical RSA,PCR_READ,4601,0x0000017e,0x00000000,20,62,1047471
144,Classical RSA,PCR_READ,4602,0x0000017e,0x00000000,20,62,1244879
144,Classical RSA,PCR_READ,4603,0x0000017e,0x00000000,20,62,1071797
144,Classical RSA,NONCE_RANDOM,4604,0x0000017b,0x00000000,12,44,1020240
144,Classical RSA,QUOTE,4605,0x00000158,0x00000000,107,428,3391227
145,Classical RSA,EK_CREATE,4613,0x00000131,0x00000000,355,474,1117071
145,Classical RSA,AK_CREATE,4614,0x00000131,0x00000000,353,440,1092315
145,Classical RSA,CREDENTIAL_RANDOM,4615,0x0000017b,0x00000000,12,44,1111069
145,Classical RSA,MAKE_CREDENTIAL,4616,0x00000168,0x00000000,84,338,1232496
145,Classical RSA,ACTIVATE_AUTH,4617,0x00000176,0x00000000,59,48,1076195
145,Classical RSA,ACTIVATE_AUTH,4618,0x00000151,0x00000000,41,29,1076786
145,Classical RSA,ACTIVATE_CREDENTIAL,4619,0x00000147,0x00000000,464,122,3335243
145,Classical RSA,PCR_READ,4620,0x0000017e,0x00000000,20,62,1114346
145,Classical RSA,PCR_READ,4621,0x0000017e,0x00000000,20,62,1009470
145,Classical RSA,PCR_READ,4622,0x0000017e,0x00000000,20,62,982460
145,Classical RSA,PCR_READ,4623,0x0000017e,0x00000000,20,62,1036861
145,Classical RSA,PCR_READ,4624,0x0000017e,0x00000000,20,62,1072428
145,Classical RSA,PCR_READ,4625,0x0000017e,0x00000000,20,62,1045467
145,Classical RSA,PCR_READ,4626,0x0000017e,0x00000000,20,62,942064
145,Classical RSA,PCR_READ,4627,0x0000017e,0x00000000,20,62,1023146
145,Classical RSA,PCR_READ,4628,0x0000017e,0x00000000,20,62,1017134
145,Classical RSA,PCR_READ,4629,0x0000017e,0x00000000,20,62,956922
145,Classical RSA,PCR_READ,4630,0x0000017e,0x00000000,20,62,985807
145,Classical RSA,PCR_READ,4631,0x0000017e,0x00000000,20,62,972321
145,Classical RSA,PCR_READ,4632,0x0000017e,0x00000000,20,62,1082696
145,Classical RSA,PCR_READ,4633,0x0000017e,0x00000000,20,62,1031201
145,Classical RSA,PCR_READ,4634,0x0000017e,0x00000000,20,62,1004151
145,Classical RSA,PCR_READ,4635,0x0000017e,0x00000000,20,62,993100
145,Classical RSA,NONCE_RANDOM,4636,0x0000017b,0x00000000,12,44,1069392
145,Classical RSA,QUOTE,4637,0x00000158,0x00000000,107,428,3413508
146,Classical RSA,EK_CREATE,4645,0x00000131,0x00000000,355,474,1138591
146,Classical RSA,AK_CREATE,4646,0x00000131,0x00000000,353,440,1027975
146,Classical RSA,CREDENTIAL_RANDOM,4647,0x0000017b,0x00000000,12,44,1110499
146,Classical RSA,MAKE_CREDENTIAL,4648,0x00000168,0x00000000,84,338,1291115
146,Classical RSA,ACTIVATE_AUTH,4649,0x00000176,0x00000000,59,48,1142919
146,Classical RSA,ACTIVATE_AUTH,4650,0x00000151,0x00000000,41,29,987009
146,Classical RSA,ACTIVATE_CREDENTIAL,4651,0x00000147,0x00000000,464,122,3443504
146,Classical RSA,PCR_READ,4652,0x0000017e,0x00000000,20,62,1179597
146,Classical RSA,PCR_READ,4653,0x0000017e,0x00000000,20,62,1029187
146,Classical RSA,PCR_READ,4654,0x0000017e,0x00000000,20,62,966481
146,Classical RSA,PCR_READ,4655,0x0000017e,0x00000000,20,62,980756
146,Classical RSA,PCR_READ,4656,0x0000017e,0x00000000,20,62,1059364
146,Classical RSA,PCR_READ,4657,0x0000017e,0x00000000,20,62,1022896
146,Classical RSA,PCR_READ,4658,0x0000017e,0x00000000,20,62,1016323
146,Classical RSA,PCR_READ,4659,0x0000017e,0x00000000,20,62,1023105
146,Classical RSA,PCR_READ,4660,0x0000017e,0x00000000,20,62,1040949
146,Classical RSA,PCR_READ,4661,0x0000017e,0x00000000,20,62,1027193
146,Classical RSA,PCR_READ,4662,0x0000017e,0x00000000,20,62,965789
146,Classical RSA,PCR_READ,4663,0x0000017e,0x00000000,20,62,1004321
146,Classical RSA,PCR_READ,4664,0x0000017e,0x00000000,20,62,1078659
146,Classical RSA,PCR_READ,4665,0x0000017e,0x00000000,20,62,1010232
146,Classical RSA,PCR_READ,4666,0x0000017e,0x00000000,20,62,1007076
146,Classical RSA,PCR_READ,4667,0x0000017e,0x00000000,20,62,979825
146,Classical RSA,NONCE_RANDOM,4668,0x0000017b,0x00000000,12,44,1093717
146,Classical RSA,QUOTE,4669,0x00000158,0x00000000,107,428,3301750
147,Classical RSA,EK_CREATE,4677,0x00000131,0x00000000,355,474,1097755
147,Classical RSA,AK_CREATE,4678,0x00000131,0x00000000,353,440,1087215
147,Classical RSA,CREDENTIAL_RANDOM,4679,0x0000017b,0x00000000,12,44,1017726
147,Classical RSA,MAKE_CREDENTIAL,4680,0x00000168,0x00000000,84,338,1048653
147,Classical RSA,ACTIVATE_AUTH,4681,0x00000176,0x00000000,59,48,1049345
147,Classical RSA,ACTIVATE_AUTH,4682,0x00000151,0x00000000,41,29,1039025
147,Classical RSA,ACTIVATE_CREDENTIAL,4683,0x00000147,0x00000000,464,122,3498787
147,Classical RSA,PCR_READ,4684,0x0000017e,0x00000000,20,62,1141426
147,Classical RSA,PCR_READ,4685,0x0000017e,0x00000000,20,62,1127331
147,Classical RSA,PCR_READ,4686,0x0000017e,0x00000000,20,62,1125065
147,Classical RSA,PCR_READ,4687,0x0000017e,0x00000000,20,62,1050376
147,Classical RSA,PCR_READ,4688,0x0000017e,0x00000000,20,62,1056799
147,Classical RSA,PCR_READ,4689,0x0000017e,0x00000000,20,62,1192512
147,Classical RSA,PCR_READ,4690,0x0000017e,0x00000000,20,62,1118754
147,Classical RSA,PCR_READ,4691,0x0000017e,0x00000000,20,62,1138831
147,Classical RSA,PCR_READ,4692,0x0000017e,0x00000000,20,62,1100540
147,Classical RSA,PCR_READ,4693,0x0000017e,0x00000000,20,62,1084751
147,Classical RSA,PCR_READ,4694,0x0000017e,0x00000000,20,62,1083248
147,Classical RSA,PCR_READ,4695,0x0000017e,0x00000000,20,62,1099371
147,Classical RSA,PCR_READ,4696,0x0000017e,0x00000000,20,62,1044683
147,Classical RSA,PCR_READ,4697,0x0000017e,0x00000000,20,62,1133141
147,Classical RSA,PCR_READ,4698,0x0000017e,0x00000000,20,62,1061837
147,Classical RSA,PCR_READ,4699,0x0000017e,0x00000000,20,62,1013498
147,Classical RSA,NONCE_RANDOM,4700,0x0000017b,0x00000000,12,44,1026572
147,Classical RSA,QUOTE,4701,0x00000158,0x00000000,107,428,3459063
148,Classical RSA,EK_CREATE,4709,0x00000131,0x00000000,355,474,1158097
148,Classical RSA,AK_CREATE,4710,0x00000131,0x00000000,353,440,1128072
148,Classical RSA,CREDENTIAL_RANDOM,4711,0x0000017b,0x00000000,12,44,1258464
148,Classical RSA,MAKE_CREDENTIAL,4712,0x00000168,0x00000000,84,338,1343862
148,Classical RSA,ACTIVATE_AUTH,4713,0x00000176,0x00000000,59,48,1121540
148,Classical RSA,ACTIVATE_AUTH,4714,0x00000151,0x00000000,41,29,1352058
148,Classical RSA,ACTIVATE_CREDENTIAL,4715,0x00000147,0x00000000,464,122,3448262
148,Classical RSA,PCR_READ,4716,0x0000017e,0x00000000,20,62,1319127
148,Classical RSA,PCR_READ,4717,0x0000017e,0x00000000,20,62,1208071
148,Classical RSA,PCR_READ,4718,0x0000017e,0x00000000,20,62,1190370
148,Classical RSA,PCR_READ,4719,0x0000017e,0x00000000,20,62,1191366
148,Classical RSA,PCR_READ,4720,0x0000017e,0x00000000,20,62,1119797
148,Classical RSA,PCR_READ,4721,0x0000017e,0x00000000,20,62,1242514
148,Classical RSA,PCR_READ,4722,0x0000017e,0x00000000,20,62,1124544
148,Classical RSA,PCR_READ,4723,0x0000017e,0x00000000,20,62,1127884
148,Classical RSA,PCR_READ,4724,0x0000017e,0x00000000,20,62,1291262
148,Classical RSA,PCR_READ,4725,0x0000017e,0x00000000,20,62,1232566
148,Classical RSA,PCR_READ,4726,0x0000017e,0x00000000,20,62,1359432
148,Classical RSA,PCR_READ,4727,0x0000017e,0x00000000,20,62,1238307
148,Classical RSA,PCR_READ,4728,0x0000017e,0x00000000,20,62,1215537
148,Classical RSA,PCR_READ,4729,0x0000017e,0x00000000,20,62,1161801
148,Classical RSA,PCR_READ,4730,0x0000017e,0x00000000,20,62,1329612
148,Classical RSA,PCR_READ,4731,0x0000017e,0x00000000,20,62,1149987
148,Classical RSA,NONCE_RANDOM,4732,0x0000017b,0x00000000,12,44,1061407
148,Classical RSA,QUOTE,4733,0x00000158,0x00000000,107,428,3462790
149,Classical RSA,EK_CREATE,4741,0x00000131,0x00000000,355,474,1324327
149,Classical RSA,AK_CREATE,4742,0x00000131,0x00000000,353,440,1133351
149,Classical RSA,CREDENTIAL_RANDOM,4743,0x0000017b,0x00000000,12,44,1055697
149,Classical RSA,MAKE_CREDENTIAL,4744,0x00000168,0x00000000,84,338,1071466
149,Classical RSA,ACTIVATE_AUTH,4745,0x00000176,0x00000000,59,48,1026442
149,Classical RSA,ACTIVATE_AUTH,4746,0x00000151,0x00000000,41,29,1318927
149,Classical RSA,ACTIVATE_CREDENTIAL,4747,0x00000147,0x00000000,464,122,3785541
149,Classical RSA,PCR_READ,4748,0x0000017e,0x00000000,20,62,1563753
149,Classical RSA,PCR_READ,4749,0x0000017e,0x00000000,20,62,1394147
149,Classical RSA,PCR_READ,4750,0x0000017e,0x00000000,20,62,1158858
149,Classical RSA,PCR_READ,4751,0x0000017e,0x00000000,20,62,1085502
149,Classical RSA,PCR_READ,4752,0x0000017e,0x00000000,20,62,1215093
149,Classical RSA,PCR_READ,4753,0x0000017e,0x00000000,20,62,1235963
149,Classical RSA,PCR_READ,4754,0x0000017e,0x00000000,20,62,1311412
149,Classical RSA,PCR_READ,4755,0x0000017e,0x00000000,20,62,1100159
149,Classical RSA,PCR_READ,4756,0x0000017e,0x00000000,20,62,1052410
149,Classical RSA,PCR_READ,4757,0x0000017e,0x00000000,20,62,1089620
149,Classical RSA,PCR_READ,4758,0x0000017e,0x00000000,20,62,1083869
149,Classical RSA,PCR_READ,4759,0x0000017e,0x00000000,20,62,1297588
149,Classical RSA,PCR_READ,4760,0x0000017e,0x00000000,20,62,1282493
149,Classical RSA,PCR_READ,4761,0x0000017e,0x00000000,20,62,1241898
149,Classical RSA,PCR_READ,4762,0x0000017e,0x00000000,20,62,1173165
149,Classical RSA,PCR_READ,4763,0x0000017e,0x00000000,20,62,1405648
149,Classical RSA,NONCE_RANDOM,4764,0x0000017b,0x00000000,12,44,1133441
149,Classical RSA,QUOTE,4765,0x00000158,0x00000000,107,428,3458161
150,Classical RSA,EK_CREATE,4773,0x00000131,0x00000000,355,474,1102353
150,Classical RSA,AK_CREATE,4774,0x00000131,0x00000000,353,440,1120307
150,Classical RSA,CREDENTIAL_RANDOM,4775,0x0000017b,0x00000000,12,44,1207278
150,Classical RSA,MAKE_CREDENTIAL,4776,0x00000168,0x00000000,84,338,1158718
150,Classical RSA,ACTIVATE_AUTH,4777,0x00000176,0x00000000,59,48,1040778
150,Classical RSA,ACTIVATE_AUTH,4778,0x00000151,0x00000000,41,29,1059704
150,Classical RSA,ACTIVATE_CREDENTIAL,4779,0x00000147,0x00000000,464,122,3642544
150,Classical RSA,PCR_READ,4780,0x0000017e,0x00000000,20,62,1318186
150,Classical RSA,PCR_READ,4781,0x0000017e,0x00000000,20,62,1177583
150,Classical RSA,PCR_READ,4782,0x0000017e,0x00000000,20,62,1136186
150,Classical RSA,PCR_READ,4783,0x0000017e,0x00000000,20,62,1399207
150,Classical RSA,PCR_READ,4784,0x0000017e,0x00000000,20,62,1148038
150,Classical RSA,PCR_READ,4785,0x0000017e,0x00000000,20,62,1006885
150,Classical RSA,PCR_READ,4786,0x0000017e,0x00000000,20,62,1150743
150,Classical RSA,PCR_READ,4787,0x0000017e,0x00000000,20,62,1222978
150,Classical RSA,PCR_READ,4788,0x0000017e,0x00000000,20,62,1254026
150,Classical RSA,PCR_READ,4789,0x0000017e,0x00000000,20,62,1219492
150,Classical RSA,PCR_READ,4790,0x0000017e,0x00000000,20,62,1119325
150,Classical RSA,PCR_READ,4791,0x0000017e,0x00000000,20,62,1305883
150,Classical RSA,PCR_READ,4792,0x0000017e,0x00000000,20,62,1362137
150,Classical RSA,PCR_READ,4793,0x0000017e,0x00000000,20,62,1213180
150,Classical RSA,PCR_READ,4794,0x0000017e,0x00000000,20,62,1116219
150,Classical RSA,PCR_READ,4795,0x0000017e,0x00000000,20,62,1114376
150,Classical RSA,NONCE_RANDOM,4796,0x0000017b,0x00000000,12,44,1202219
150,Classical RSA,QUOTE,4797,0x00000158,0x00000000,107,428,3644759
151,Classical RSA,EK_CREATE,4805,0x00000131,0x00000000,355,474,1278191
151,Classical RSA,AK_CREATE,4806,0x00000131,0x00000000,353,440,1152838
151,Classical RSA,CREDENTIAL_RANDOM,4807,0x0000017b,0x00000000,12,44,1067018
151,Classical RSA,MAKE_CREDENTIAL,4808,0x00000168,0x00000000,84,338,1118293
151,Classical RSA,ACTIVATE_AUTH,4809,0x00000176,0x00000000,59,48,1014309
151,Classical RSA,ACTIVATE_AUTH,4810,0x00000151,0x00000000,41,29,1163397
151,Classical RSA,ACTIVATE_CREDENTIAL,4811,0x00000147,0x00000000,464,122,3518183
151,Classical RSA,PCR_READ,4812,0x0000017e,0x00000000,20,62,1205946
151,Classical RSA,PCR_READ,4813,0x0000017e,0x00000000,20,62,1151124
151,Classical RSA,PCR_READ,4814,0x0000017e,0x00000000,20,62,1080222
151,Classical RSA,PCR_READ,4815,0x0000017e,0x00000000,20,62,1035229
151,Classical RSA,PCR_READ,4816,0x0000017e,0x00000000,20,62,1022634
151,Classical RSA,PCR_READ,4817,0x0000017e,0x00000000,20,62,1123773
151,Classical RSA,PCR_READ,4818,0x0000017e,0x00000000,20,62,1176156
151,Classical RSA,PCR_READ,4819,0x0000017e,0x00000000,20,62,1212273
151,Classical RSA,PCR_READ,4820,0x0000017e,0x00000000,20,62,971610
151,Classical RSA,PCR_READ,4821,0x0000017e,0x00000000,20,62,1103776
151,Classical RSA,PCR_READ,4822,0x0000017e,0x00000000,20,62,1031181
151,Classical RSA,PCR_READ,4823,0x0000017e,0x00000000,20,62,1199274
151,Classical RSA,PCR_READ,4824,0x0000017e,0x00000000,20,62,1217708
151,Classical RSA,PCR_READ,4825,0x0000017e,0x00000000,20,62,1258184
151,Classical RSA,PCR_READ,4826,0x0000017e,0x00000000,20,62,1030640
151,Classical RSA,PCR_READ,4827,0x0000017e,0x00000000,20,62,1235711
151,Classical RSA,NONCE_RANDOM,4828,0x0000017b,0x00000000,12,44,1191159
151,Classical RSA,QUOTE,4829,0x00000158,0x00000000,107,428,3534744
152,Classical RSA,EK_CREATE,4837,0x00000131,0x00000000,355,474,1251441
152,Classical RSA,AK_CREATE,4838,0x00000131,0x00000000,353,440,1244447
152,Classical RSA,CREDENTIAL_RANDOM,4839,0x0000017b,0x00000000,12,44,1118714
152,Classical RSA,MAKE_CREDENTIAL,4840,0x00000168,0x00000000,84,338,1280936
152,Classical RSA,ACTIVATE_AUTH,4841,0x00000176,0x00000000,59,48,1158628
152,Classical RSA,ACTIVATE_AUTH,4842,0x00000151,0x00000000,41,29,1289612
152,Classical RSA,ACTIVATE_CREDENTIAL,4843,0x00000147,0x00000000,464,122,3473510
152,Classical RSA,PCR_READ,4844,0x0000017e,0x00000000,20,62,1132439
152,Classical RSA,PCR_READ,4845,0x0000017e,0x00000000,20,62,1214893
152,Classical RSA,PCR_READ,4846,0x0000017e,0x00000000,20,62,1168366
152,Classical RSA,PCR_READ,4847,0x0000017e,0x00000000,20,62,1087896
152,Classical RSA,PCR_READ,4848,0x0000017e,0x00000000,20,62,1055126
152,Classical RSA,PCR_READ,4849,0x0000017e,0x00000000,20,62,1194508
152,Classical RSA,PCR_READ,4850,0x0000017e,0x00000000,20,62,1129300
152,Classical RSA,PCR_READ,4851,0x0000017e,0x00000000,20,62,1087726
152,Classical RSA,PCR_READ,4852,0x0000017e,0x00000000,20,62,1127771
152,Classical RSA,PCR_READ,4853,0x0000017e,0x00000000,20,62,1029076
152,Classical RSA,PCR_READ,4854,0x0000017e,0x00000000,20,62,1078539
152,Classical RSA,PCR_READ,4855,0x0000017e,0x00000000,20,62,1150042
152,Classical RSA,PCR_READ,4856,0x0000017e,0x00000000,20,62,1143450
152,Classical RSA,PCR_READ,4857,0x0000017e,0x00000000,20,62,998279
152,Classical RSA,PCR_READ,4858,0x0000017e,0x00000000,20,62,1101853
152,Classical RSA,PCR_READ,4859,0x0000017e,0x00000000,20,62,1038033
152,Classical RSA,NONCE_RANDOM,4860,0x0000017b,0x00000000,12,44,1217388
152,Classical RSA,QUOTE,4861,0x00000158,0x00000000,107,428,3497545
153,Classical RSA,EK_CREATE,4869,0x00000131,0x00000000,355,474,1070123
153,Classical RSA,AK_CREATE,4870,0x00000131,0x00000000,353,440,1208040
153,Classical RSA,CREDENTIAL_RANDOM,4871,0x0000017b,0x00000000,12,44,1237656
153,Classical RSA,MAKE_CREDENTIAL,4872,0x00000168,0x00000000,84,338,1187842
153,Classical RSA,ACTIVATE_AUTH,4873,0x00000176,0x00000000,59,48,1210648
153,Classical RSA,ACTIVATE_AUTH,4874,0x00000151,0x00000000,41,29,1211327
153,Classical RSA,ACTIVATE_CREDENTIAL,4875,0x00000147,0x00000000,464,122,3846922
153,Classical RSA,PCR_READ,4876,0x0000017e,0x00000000,20,62,1455224
153,Classical RSA,PCR_READ,4877,0x0000017e,0x00000000,20,62,1684685
153,Classical RSA,PCR_READ,4878,0x0000017e,0x00000000,20,62,1271829
153,Classical RSA,PCR_READ,4879,0x0000017e,0x00000000,20,62,1277770
153,Classical RSA,PCR_READ,4880,0x0000017e,0x00000000,20,62,1229530
153,Classical RSA,PCR_READ,4881,0x0000017e,0x00000000,20,62,1168045
153,Classical RSA,PCR_READ,4882,0x0000017e,0x00000000,20,62,1212599
153,Classical RSA,PCR_READ,4883,0x0000017e,0x00000000,20,62,1312217
153,Classical RSA,PCR_READ,4884,0x0000017e,0x00000000,20,62,1313584
153,Classical RSA,PCR_READ,4885,0x0000017e,0x00000000,20,62,1380151
153,Classical RSA,PCR_READ,4886,0x0000017e,0x00000000,20,62,1323636
153,Classical RSA,PCR_READ,4887,0x0000017e,0x00000000,20,62,1239690
153,Classical RSA,PCR_READ,4888,0x0000017e,0x00000000,20,62,1288821
153,Classical RSA,PCR_READ,4889,0x0000017e,0x00000000,20,62,1208521
153,Classical RSA,PCR_READ,4890,0x0000017e,0x00000000,20,62,1107153
153,Classical RSA,PCR_READ,4891,0x0000017e,0x00000000,20,62,1163657
153,Classical RSA,NONCE_RANDOM,4892,0x0000017b,0x00000000,12,44,1240411
153,Classical RSA,QUOTE,4893,0x00000158,0x00000000,107,428,3522872
154,Classical RSA,EK_CREATE,4901,0x00000131,0x00000000,355,474,1151615
154,Classical RSA,AK_CREATE,4902,0x00000131,0x00000000,353,440,1164013
154,Classical RSA,CREDENTIAL_RANDOM,4903,0x0000017b,0x00000000,12,44,1111456
154,Classical RSA,MAKE_CREDENTIAL,4904,0x00000168,0x00000000,84,338,1142969
154,Classical RSA,ACTIVATE_AUTH,4905,0x00000176,0x00000000,59,48,1062389
154,Classical RSA,ACTIVATE_AUTH,4906,0x00000151,0x00000000,41,29,1202781
154,Classical RSA,ACTIVATE_CREDENTIAL,4907,0x00000147,0x00000000,464,122,3542849
154,Classical RSA,PCR_READ,4908,0x0000017e,0x00000000,20,62,1256423
154,Classical RSA,PCR_READ,4909,0x0000017e,0x00000000,20,62,1117699
154,Classical RSA,PCR_READ,4910,0x0000017e,0x00000000,20,62,1180759
154,Classical RSA,PCR_READ,4911,0x0000017e,0x00000000,20,62,1175830
154,Classical RSA,PCR_READ,4912,0x0000017e,0x00000000,20,62,1140876
154,Classical RSA,PCR_READ,4913,0x0000017e,0x00000000,20,62,1072537
154,Classical RSA,PCR_READ,4914,0x0000017e,0x00000000,20,62,1164529
154,Classical RSA,PCR_READ,4915,0x0000017e,0x00000000,20,62,1190418
154,Classical RSA,PCR_READ,4916,0x0000017e,0x00000000,20,62,1309148
154,Classical RSA,PCR_READ,4917,0x0000017e,0x00000000,20,62,1264365
154,Classical RSA,PCR_READ,4918,0x0000017e,0x00000000,20,62,1360905
154,Classical RSA,PCR_READ,4919,0x0000017e,0x00000000,20,62,1271689
154,Classical RSA,PCR_READ,4920,0x0000017e,0x00000000,20,62,1366656
154,Classical RSA,PCR_READ,4921,0x0000017e,0x00000000,20,62,1626169
154,Classical RSA,PCR_READ,4922,0x0000017e,0x00000000,20,62,1762893
154,Classical RSA,PCR_READ,4923,0x0000017e,0x00000000,20,62,1589286
154,Classical RSA,NONCE_RANDOM,4924,0x0000017b,0x00000000,12,44,1604303
154,Classical RSA,QUOTE,4925,0x00000158,0x00000000,107,428,3636995
155,Classical RSA,EK_CREATE,4933,0x00000131,0x00000000,355,474,1098116
155,Classical RSA,AK_CREATE,4934,0x00000131,0x00000000,353,440,1096051
155,Classical RSA,CREDENTIAL_RANDOM,4935,0x0000017b,0x00000000,12,44,1073841
155,Classical RSA,MAKE_CREDENTIAL,4936,0x00000168,0x00000000,84,338,1138752
155,Classical RSA,ACTIVATE_AUTH,4937,0x00000176,0x00000000,59,48,1065194
155,Classical RSA,ACTIVATE_AUTH,4938,0x00000151,0x00000000,41,29,1011323
155,Classical RSA,ACTIVATE_CREDENTIAL,4939,0x00000147,0x00000000,464,122,3329291
155,Classical RSA,PCR_READ,4940,0x0000017e,0x00000000,20,62,1004872
155,Classical RSA,PCR_READ,4941,0x0000017e,0x00000000,20,62,1026983
155,Classical RSA,PCR_READ,4942,0x0000017e,0x00000000,20,62,1012286
155,Classical RSA,PCR_READ,4943,0x0000017e,0x00000000,20,62,1003870
155,Classical RSA,PCR_READ,4944,0x0000017e,0x00000000,20,62,1024802
155,Classical RSA,PCR_READ,4945,0x0000017e,0x00000000,20,62,995551
155,Classical RSA,PCR_READ,4946,0x0000017e,0x00000000,20,62,1056318
155,Classical RSA,PCR_READ,4947,0x0000017e,0x00000000,20,62,1027654
155,Classical RSA,PCR_READ,4948,0x0000017e,0x00000000,20,62,1013728
155,Classical RSA,PCR_READ,4949,0x0000017e,0x00000000,20,62,1071366
155,Classical RSA,PCR_READ,4950,0x0000017e,0x00000000,20,62,1070935
155,Classical RSA,PCR_READ,4951,0x0000017e,0x00000000,20,62,1057741
155,Classical RSA,PCR_READ,4952,0x0000017e,0x00000000,20,62,1031190
155,Classical RSA,PCR_READ,4953,0x0000017e,0x00000000,20,62,1061848
155,Classical RSA,PCR_READ,4954,0x0000017e,0x00000000,20,62,1075594
155,Classical RSA,PCR_READ,4955,0x0000017e,0x00000000,20,62,1079230
155,Classical RSA,NONCE_RANDOM,4956,0x0000017b,0x00000000,12,44,1076275
155,Classical RSA,QUOTE,4957,0x00000158,0x00000000,107,428,3566323
156,Classical RSA,EK_CREATE,4965,0x00000131,0x00000000,355,474,1332637
156,Classical RSA,AK_CREATE,4966,0x00000131,0x00000000,353,440,1362798
156,Classical RSA,CREDENTIAL_RANDOM,4967,0x0000017b,0x00000000,12,44,1068320
156,Classical RSA,MAKE_CREDENTIAL,4968,0x00000168,0x00000000,84,338,1287338
156,Classical RSA,ACTIVATE_AUTH,4969,0x00000176,0x00000000,59,48,1228038
156,Classical RSA,ACTIVATE_AUTH,4970,0x00000151,0x00000000,41,29,1394557
156,Classical RSA,ACTIVATE_CREDENTIAL,4971,0x00000147,0x00000000,464,122,3620677
156,Classical RSA,PCR_READ,4972,0x0000017e,0x00000000,20,62,1404403
156,Classical RSA,PCR_READ,4973,0x0000017e,0x00000000,20,62,1246341
156,Classical RSA,PCR_READ,4974,0x0000017e,0x00000000,20,62,1027343
156,Classical RSA,PCR_READ,4975,0x0000017e,0x00000000,20,62,1160011
156,Classical RSA,PCR_READ,4976,0x0000017e,0x00000000,20,62,1035930
156,Classical RSA,PCR_READ,4977,0x0000017e,0x00000000,20,62,1092786
156,Classical RSA,PCR_READ,4978,0x0000017e,0x00000000,20,62,1028245
156,Classical RSA,PCR_READ,4979,0x0000017e,0x00000000,20,62,1273923
156,Classical RSA,PCR_READ,4980,0x0000017e,0x00000000,20,62,1098787
156,Classical RSA,PCR_READ,4981,0x0000017e,0x00000000,20,62,1438151
156,Classical RSA,PCR_READ,4982,0x0000017e,0x00000000,20,62,1410945
156,Classical RSA,PCR_READ,4983,0x0000017e,0x00000000,20,62,1104567
156,Classical RSA,PCR_READ,4984,0x0000017e,0x00000000,20,62,1073971
156,Classical RSA,PCR_READ,4985,0x0000017e,0x00000000,20,62,1060545
156,Classical RSA,PCR_READ,4986,0x0000017e,0x00000000,20,62,1073720
156,Classical RSA,PCR_READ,4987,0x0000017e,0x00000000,20,62,1121740
156,Classical RSA,NONCE_RANDOM,4988,0x0000017b,0x00000000,12,44,1025099
156,Classical RSA,QUOTE,4989,0x00000158,0x00000000,107,428,3495712
157,Classical RSA,EK_CREATE,4997,0x00000131,0x00000000,355,474,1228609
157,Classical RSA,AK_CREATE,4998,0x00000131,0x00000000,353,440,1130706
157,Classical RSA,CREDENTIAL_RANDOM,4999,0x0000017b,0x00000000,12,44,1358621
157,Classical RSA,MAKE_CREDENTIAL,5000,0x00000168,0x00000000,84,338,1316483
157,Classical RSA,ACTIVATE_AUTH,5001,0x00000176,0x00000000,59,48,1175259
157,Classical RSA,ACTIVATE_AUTH,5002,0x00000151,0x00000000,41,29,1201839
157,Classical RSA,ACTIVATE_CREDENTIAL,5003,0x00000147,0x00000000,464,122,3726301
157,Classical RSA,PCR_READ,5004,0x0000017e,0x00000000,20,62,1366996
157,Classical RSA,PCR_READ,5005,0x0000017e,0x00000000,20,62,1235692
157,Classical RSA,PCR_READ,5006,0x0000017e,0x00000000,20,62,1318084
157,Classical RSA,PCR_READ,5007,0x0000017e,0x00000000,20,62,1282669
157,Classical RSA,PCR_READ,5008,0x0000017e,0x00000000,20,62,1212058
157,Classical RSA,PCR_READ,5009,0x0000017e,0x00000000,20,62,1356277
157,Classical RSA,PCR_READ,5010,0x0000017e,0x00000000,20,62,1379589
157,Classical RSA,PCR_READ,5011,0x0000017e,0x00000000,20,62,1327193
157,Classical RSA,PCR_READ,5012,0x0000017e,0x00000000,20,62,1176802
157,Classical RSA,PCR_READ,5013,0x0000017e,0x00000000,20,62,1223709
157,Classical RSA,PCR_READ,5014,0x0000017e,0x00000000,20,62,1151325
157,Classical RSA,PCR_READ,5015,0x0000017e,0x00000000,20,62,1194906
157,Classical RSA,PCR_READ,5016,0x0000017e,0x00000000,20,62,1209463
157,Classical RSA,PCR_READ,5017,0x0000017e,0x00000000,20,62,1605085
157,Classical RSA,PCR_READ,5018,0x0000017e,0x00000000,20,62,1554411
157,Classical RSA,PCR_READ,5019,0x0000017e,0x00000000,20,62,1693774
157,Classical RSA,NONCE_RANDOM,5020,0x0000017b,0x00000000,12,44,1321382
157,Classical RSA,QUOTE,5021,0x00000158,0x00000000,107,428,3674645
158,Classical RSA,EK_CREATE,5029,0x00000131,0x00000000,355,474,1160963
158,Classical RSA,AK_CREATE,5030,0x00000131,0x00000000,353,440,1107924
158,Classical RSA,CREDENTIAL_RANDOM,5031,0x0000017b,0x00000000,12,44,1127550
158,Classical RSA,MAKE_CREDENTIAL,5032,0x00000168,0x00000000,84,338,1181491
158,Classical RSA,ACTIVATE_AUTH,5033,0x00000176,0x00000000,59,48,1046669
158,Classical RSA,ACTIVATE_AUTH,5034,0x00000151,0x00000000,41,29,1090822
158,Classical RSA,ACTIVATE_CREDENTIAL,5035,0x00000147,0x00000000,464,122,3716853
158,Classical RSA,PCR_READ,5036,0x0000017e,0x00000000,20,62,1264345
158,Classical RSA,PCR_READ,5037,0x0000017e,0x00000000,20,62,1089980
158,Classical RSA,PCR_READ,5038,0x0000017e,0x00000000,20,62,1052861
158,Classical RSA,PCR_READ,5039,0x0000017e,0x00000000,20,62,1114780
158,Classical RSA,PCR_READ,5040,0x0000017e,0x00000000,20,62,1219789
158,Classical RSA,PCR_READ,5041,0x0000017e,0x00000000,20,62,1052871
158,Classical RSA,PCR_READ,5042,0x0000017e,0x00000000,20,62,1003890
158,Classical RSA,PCR_READ,5043,0x0000017e,0x00000000,20,62,1068370
158,Classical RSA,PCR_READ,5044,0x0000017e,0x00000000,20,62,1089559
158,Classical RSA,PCR_READ,5045,0x0000017e,0x00000000,20,62,1061958
158,Classical RSA,PCR_READ,5046,0x0000017e,0x00000000,20,62,1038785
158,Classical RSA,PCR_READ,5047,0x0000017e,0x00000000,20,62,1020381
158,Classical RSA,PCR_READ,5048,0x0000017e,0x00000000,20,62,1066396
158,Classical RSA,PCR_READ,5049,0x0000017e,0x00000000,20,62,1045528
158,Classical RSA,PCR_READ,5050,0x0000017e,0x00000000,20,62,1148430
158,Classical RSA,PCR_READ,5051,0x0000017e,0x00000000,20,62,1051419
158,Classical RSA,NONCE_RANDOM,5052,0x0000017b,0x00000000,12,44,1282268
158,Classical RSA,QUOTE,5053,0x00000158,0x00000000,107,428,3486104
159,Classical RSA,EK_CREATE,5061,0x00000131,0x00000000,355,474,1044245
159,Classical RSA,AK_CREATE,5062,0x00000131,0x00000000,353,440,1149391
159,Classical RSA,CREDENTIAL_RANDOM,5063,0x0000017b,0x00000000,12,44,1087296
159,Classical RSA,MAKE_CREDENTIAL,5064,0x00000168,0x00000000,84,338,1067288
159,Classical RSA,ACTIVATE_AUTH,5065,0x00000176,0x00000000,59,48,1123744
159,Classical RSA,ACTIVATE_AUTH,5066,0x00000151,0x00000000,41,29,1148299
159,Classical RSA,ACTIVATE_CREDENTIAL,5067,0x00000147,0x00000000,464,122,3567144
159,Classical RSA,PCR_READ,5068,0x0000017e,0x00000000,20,62,1136811
159,Classical RSA,PCR_READ,5069,0x0000017e,0x00000000,20,62,1254253
159,Classical RSA,PCR_READ,5070,0x0000017e,0x00000000,20,62,1087225
159,Classical RSA,PCR_READ,5071,0x0000017e,0x00000000,20,62,1172043
159,Classical RSA,PCR_READ,5072,0x0000017e,0x00000000,20,62,1156093
159,Classical RSA,PCR_READ,5073,0x0000017e,0x00000000,20,62,1174728
159,Classical RSA,PCR_READ,5074,0x0000017e,0x00000000,20,62,1270489
159,Classical RSA,PCR_READ,5075,0x0000017e,0x00000000,20,62,1288978
159,Classical RSA,PCR_READ,5076,0x0000017e,0x00000000,20,62,1021542
159,Classical RSA,PCR_READ,5077,0x0000017e,0x00000000,20,62,1051649
159,Classical RSA,PCR_READ,5078,0x0000017e,0x00000000,20,62,1145023
159,Classical RSA,PCR_READ,5079,0x0000017e,0x00000000,20,62,1126298
159,Classical RSA,PCR_READ,5080,0x0000017e,0x00000000,20,62,1070474
159,Classical RSA,PCR_READ,5081,0x0000017e,0x00000000,20,62,1056207
159,Classical RSA,PCR_READ,5082,0x0000017e,0x00000000,20,62,1054314
159,Classical RSA,PCR_READ,5083,0x0000017e,0x00000000,20,62,1112172
159,Classical RSA,NONCE_RANDOM,5084,0x0000017b,0x00000000,12,44,1181741
159,Classical RSA,QUOTE,5085,0x00000158,0x00000000,107,428,3393501
160,Classical RSA,EK_CREATE,5093,0x00000131,0x00000000,355,474,1224521
160,Classical RSA,AK_CREATE,5094,0x00000131,0x00000000,353,440,1136968
160,Classical RSA,CREDENTIAL_RANDOM,5095,0x0000017b,0x00000000,12,44,1106881
160,Classical RSA,MAKE_CREDENTIAL,5096,0x00000168,0x00000000,84,338,1183344
160,Classical RSA,ACTIVATE_AUTH,5097,0x00000176,0x00000000,59,48,1217581
160,Classical RSA,ACTIVATE_AUTH,5098,0x00000151,0x00000000,41,29,1065582
160,Classical RSA,ACTIVATE_CREDENTIAL,5099,0x00000147,0x00000000,464,122,3421814
160,Classical RSA,PCR_READ,5100,0x0000017e,0x00000000,20,62,1106791
160,Classical RSA,PCR_READ,5101,0x0000017e,0x00000000,20,62,1122160
160,Classical RSA,PCR_READ,5102,0x0000017e,0x00000000,20,62,1197049
160,Classical RSA,PCR_READ,5103,0x0000017e,0x00000000,20,62,985667
160,Classical RSA,PCR_READ,5104,0x0000017e,0x00000000,20,62,1036120
160,Classical RSA,PCR_READ,5105,0x0000017e,0x00000000,20,62,1211065
160,Classical RSA,PCR_READ,5106,0x0000017e,0x00000000,20,62,1120046
160,Classical RSA,PCR_READ,5107,0x0000017e,0x00000000,20,62,1221085
160,Classical RSA,PCR_READ,5108,0x0000017e,0x00000000,20,62,1157365
160,Classical RSA,PCR_READ,5109,0x0000017e,0x00000000,20,62,1240651
160,Classical RSA,PCR_READ,5110,0x0000017e,0x00000000,20,62,1143900
160,Classical RSA,PCR_READ,5111,0x0000017e,0x00000000,20,62,1138000
160,Classical RSA,PCR_READ,5112,0x0000017e,0x00000000,20,62,1182312
160,Classical RSA,PCR_READ,5113,0x0000017e,0x00000000,20,62,1110459
160,Classical RSA,PCR_READ,5114,0x0000017e,0x00000000,20,62,1157736
160,Classical RSA,PCR_READ,5115,0x0000017e,0x00000000,20,62,1059804
160,Classical RSA,NONCE_RANDOM,5116,0x0000017b,0x00000000,12,44,1186139
160,Classical RSA,QUOTE,5117,0x00000158,0x00000000,107,428,3633267
161,Classical RSA,EK_CREATE,5125,0x00000131,0x00000000,355,474,1187898
161,Classical RSA,AK_CREATE,5126,0x00000131,0x00000000,353,440,1131949
161,Classical RSA,CREDENTIAL_RANDOM,5127,0x0000017b,0x00000000,12,44,1053663
161,Classical RSA,MAKE_CREDENTIAL,5128,0x00000168,0x00000000,84,338,1090812
161,Classical RSA,ACTIVATE_AUTH,5129,0x00000176,0x00000000,59,48,1069913
161,Classical RSA,ACTIVATE_AUTH,5130,0x00000151,0x00000000,41,29,1170400
161,Classical RSA,ACTIVATE_CREDENTIAL,5131,0x00000147,0x00000000,464,122,3595638
161,Classical RSA,PCR_READ,5132,0x0000017e,0x00000000,20,62,1034027
161,Classical RSA,PCR_READ,5133,0x0000017e,0x00000000,20,62,1083698
161,Classical RSA,PCR_READ,5134,0x0000017e,0x00000000,20,62,1213711
161,Classical RSA,PCR_READ,5135,0x0000017e,0x00000000,20,62,1055506
161,Classical RSA,PCR_READ,5136,0x0000017e,0x00000000,20,62,1061670
161,Classical RSA,PCR_READ,5137,0x0000017e,0x00000000,20,62,1194772
161,Classical RSA,PCR_READ,5138,0x0000017e,0x00000000,20,62,1332182
161,Classical RSA,PCR_READ,5139,0x0000017e,0x00000000,20,62,1236122
161,Classical RSA,PCR_READ,5140,0x0000017e,0x00000000,20,62,1209423
161,Classical RSA,PCR_READ,5141,0x0000017e,0x00000000,20,62,1250910
161,Classical RSA,PCR_READ,5142,0x0000017e,0x00000000,20,62,1270195
161,Classical RSA,PCR_READ,5143,0x0000017e,0x00000000,20,62,1169048
161,Classical RSA,PCR_READ,5144,0x0000017e,0x00000000,20,62,1047490
161,Classical RSA,PCR_READ,5145,0x0000017e,0x00000000,20,62,1047160
161,Classical RSA,PCR_READ,5146,0x0000017e,0x00000000,20,62,1009821
161,Classical RSA,PCR_READ,5147,0x0000017e,0x00000000,20,62,1021683
161,Classical RSA,NONCE_RANDOM,5148,0x0000017b,0x00000000,12,44,1124214
161,Classical RSA,QUOTE,5149,0x00000158,0x00000000,107,428,3414451
162,Classical RSA,EK_CREATE,5157,0x00000131,0x00000000,355,474,1172901
162,Classical RSA,AK_CREATE,5158,0x00000131,0x00000000,353,440,1105400
162,Classical RSA,CREDENTIAL_RANDOM,5159,0x0000017b,0x00000000,12,44,1073993
162,Classical RSA,MAKE_CREDENTIAL,5160,0x00000168,0x00000000,84,338,1105506
162,Classical RSA,ACTIVATE_AUTH,5161,0x00000176,0x00000000,59,48,1096612
162,Classical RSA,ACTIVATE_AUTH,5162,0x00000151,0x00000000,41,29,1023967
162,Classical RSA,ACTIVATE_CREDENTIAL,5163,0x00000147,0x00000000,464,122,3416924
162,Classical RSA,PCR_READ,5164,0x0000017e,0x00000000,20,62,1138631
162,Classical RSA,PCR_READ,5165,0x0000017e,0x00000000,20,62,1294041
162,Classical RSA,PCR_READ,5166,0x0000017e,0x00000000,20,62,1176060
162,Classical RSA,PCR_READ,5167,0x0000017e,0x00000000,20,62,1103856
162,Classical RSA,PCR_READ,5168,0x0000017e,0x00000000,20,62,1018026
162,Classical RSA,PCR_READ,5169,0x0000017e,0x00000000,20,62,1029939
162,Classical RSA,PCR_READ,5170,0x0000017e,0x00000000,20,62,1017114
162,Classical RSA,PCR_READ,5171,0x0000017e,0x00000000,20,62,1064907
162,Classical RSA,PCR_READ,5172,0x0000017e,0x00000000,20,62,1090879
162,Classical RSA,PCR_READ,5173,0x0000017e,0x00000000,20,62,1306854
162,Classical RSA,PCR_READ,5174,0x0000017e,0x00000000,20,62,1006415
162,Classical RSA,PCR_READ,5175,0x0000017e,0x00000000,20,62,1152487
162,Classical RSA,PCR_READ,5176,0x0000017e,0x00000000,20,62,1212759
162,Classical RSA,PCR_READ,5177,0x0000017e,0x00000000,20,62,1029237
162,Classical RSA,PCR_READ,5178,0x0000017e,0x00000000,20,62,1162225
162,Classical RSA,PCR_READ,5179,0x0000017e,0x00000000,20,62,1007356
162,Classical RSA,NONCE_RANDOM,5180,0x0000017b,0x00000000,12,44,1034446
162,Classical RSA,QUOTE,5181,0x00000158,0x00000000,107,428,3432193
163,Classical RSA,EK_CREATE,5189,0x00000131,0x00000000,355,474,1053472
163,Classical RSA,AK_CREATE,5190,0x00000131,0x00000000,353,440,1051258
163,Classical RSA,CREDENTIAL_RANDOM,5191,0x0000017b,0x00000000,12,44,1015261
163,Classical RSA,MAKE_CREDENTIAL,5192,0x00000168,0x00000000,84,338,1034597
163,Classical RSA,ACTIVATE_AUTH,5193,0x00000176,0x00000000,59,48,912279
163,Classical RSA,ACTIVATE_AUTH,5194,0x00000151,0x00000000,41,29,986908
163,Classical RSA,ACTIVATE_CREDENTIAL,5195,0x00000147,0x00000000,464,122,3508225
163,Classical RSA,PCR_READ,5196,0x0000017e,0x00000000,20,62,1066316
163,Classical RSA,PCR_READ,5197,0x0000017e,0x00000000,20,62,1140464
163,Classical RSA,PCR_READ,5198,0x0000017e,0x00000000,20,62,1026532
163,Classical RSA,PCR_READ,5199,0x0000017e,0x00000000,20,62,1020761
163,Classical RSA,PCR_READ,5200,0x0000017e,0x00000000,20,62,1119155
163,Classical RSA,PCR_READ,5201,0x0000017e,0x00000000,20,62,1011437
163,Classical RSA,PCR_READ,5202,0x0000017e,0x00000000,20,62,987617
163,Classical RSA,PCR_READ,5203,0x0000017e,0x00000000,20,62,1013327
163,Classical RSA,PCR_READ,5204,0x0000017e,0x00000000,20,62,1052902
163,Classical RSA,PCR_READ,5205,0x0000017e,0x00000000,20,62,1030579
163,Classical RSA,PCR_READ,5206,0x0000017e,0x00000000,20,62,1017275
163,Classical RSA,PCR_READ,5207,0x0000017e,0x00000000,20,62,976970
163,Classical RSA,PCR_READ,5208,0x0000017e,0x00000000,20,62,991877
163,Classical RSA,PCR_READ,5209,0x0000017e,0x00000000,20,62,1031581
163,Classical RSA,PCR_READ,5210,0x0000017e,0x00000000,20,62,958566
163,Classical RSA,PCR_READ,5211,0x0000017e,0x00000000,20,62,1191649
163,Classical RSA,NONCE_RANDOM,5212,0x0000017b,0x00000000,12,44,1062529
163,Classical RSA,QUOTE,5213,0x00000158,0x00000000,107,428,3423206
164,Classical RSA,EK_CREATE,5221,0x00000131,0x00000000,355,474,1035083
164,Classical RSA,AK_CREATE,5222,0x00000131,0x00000000,353,440,1241042
164,Classical RSA,CREDENTIAL_RANDOM,5223,0x0000017b,0x00000000,12,44,1199838
164,Classical RSA,MAKE_CREDENTIAL,5224,0x00000168,0x00000000,84,338,1205713
164,Classical RSA,ACTIVATE_AUTH,5225,0x00000176,0x00000000,59,48,1035218
164,Classical RSA,ACTIVATE_AUTH,5226,0x00000151,0x00000000,41,29,1092455
164,Classical RSA,ACTIVATE_CREDENTIAL,5227,0x00000147,0x00000000,464,122,3470615
164,Classical RSA,PCR_READ,5228,0x0000017e,0x00000000,20,62,1082547
164,Classical RSA,PCR_READ,5229,0x0000017e,0x00000000,20,62,1000393
164,Classical RSA,PCR_READ,5230,0x0000017e,0x00000000,20,62,1071696
164,Classical RSA,PCR_READ,5231,0x0000017e,0x00000000,20,62,1327643
164,Classical RSA,PCR_READ,5232,0x0000017e,0x00000000,20,62,1164710
164,Classical RSA,PCR_READ,5233,0x0000017e,0x00000000,20,62,1169498
164,Classical RSA,PCR_READ,5234,0x0000017e,0x00000000,20,62,1083618
164,Classical RSA,PCR_READ,5235,0x0000017e,0x00000000,20,62,1059504
164,Classical RSA,PCR_READ,5236,0x0000017e,0x00000000,20,62,1092505
164,Classical RSA,PCR_READ,5237,0x0000017e,0x00000000,20,62,1064193
164,Classical RSA,PCR_READ,5238,0x0000017e,0x00000000,20,62,1055125
164,Classical RSA,PCR_READ,5239,0x0000017e,0x00000000,20,62,1079220
164,Classical RSA,PCR_READ,5240,0x0000017e,0x00000000,20,62,1033575
164,Classical RSA,PCR_READ,5241,0x0000017e,0x00000000,20,62,1147881
164,Classical RSA,PCR_READ,5242,0x0000017e,0x00000000,20,62,1082343
164,Classical RSA,PCR_READ,5243,0x0000017e,0x00000000,20,62,1143129
164,Classical RSA,NONCE_RANDOM,5244,0x0000017b,0x00000000,12,44,1085502
164,Classical RSA,QUOTE,5245,0x00000158,0x00000000,107,428,3507884
165,Classical RSA,EK_CREATE,5253,0x00000131,0x00000000,355,474,1063731
165,Classical RSA,AK_CREATE,5254,0x00000131,0x00000000,353,440,1109867
165,Classical RSA,CREDENTIAL_RANDOM,5255,0x0000017b,0x00000000,12,44,1035229
165,Classical RSA,MAKE_CREDENTIAL,5256,0x00000168,0x00000000,84,338,1166593
165,Classical RSA,ACTIVATE_AUTH,5257,0x00000176,0x00000000,59,48,941223
165,Classical RSA,ACTIVATE_AUTH,5258,0x00000151,0x00000000,41,29,1025931
165,Classical RSA,ACTIVATE_CREDENTIAL,5259,0x00000147,0x00000000,464,122,3401256
165,Classical RSA,PCR_READ,5260,0x0000017e,0x00000000,20,62,1014810
165,Classical RSA,PCR_READ,5261,0x0000017e,0x00000000,20,62,985405
165,Classical RSA,PCR_READ,5262,0x0000017e,0x00000000,20,62,1101452
165,Classical RSA,PCR_READ,5263,0x0000017e,0x00000000,20,62,1044535
165,Classical RSA,PCR_READ,5264,0x0000017e,0x00000000,20,62,949599
165,Classical RSA,PCR_READ,5265,0x0000017e,0x00000000,20,62,967051
165,Classical RSA,PCR_READ,5266,0x0000017e,0x00000000,20,62,989974
165,Classical RSA,PCR_READ,5267,0x0000017e,0x00000000,20,62,1017886
165,Classical RSA,PCR_READ,5268,0x0000017e,0x00000000,20,62,965989
165,Classical RSA,PCR_READ,5269,0x0000017e,0x00000000,20,62,973484
165,Classical RSA,PCR_READ,5270,0x0000017e,0x00000000,20,62,1052039
165,Classical RSA,PCR_READ,5271,0x0000017e,0x00000000,20,62,1024989
165,Classical RSA,PCR_READ,5272,0x0000017e,0x00000000,20,62,999472
165,Classical RSA,PCR_READ,5273,0x0000017e,0x00000000,20,62,1058732
165,Classical RSA,PCR_READ,5274,0x0000017e,0x00000000,20,62,1083348
165,Classical RSA,PCR_READ,5275,0x0000017e,0x00000000,20,62,999331
165,Classical RSA,NONCE_RANDOM,5276,0x0000017b,0x00000000,12,44,1008939
165,Classical RSA,QUOTE,5277,0x00000158,0x00000000,107,428,3391757
166,Classical RSA,EK_CREATE,5285,0x00000131,0x00000000,355,474,1053863
166,Classical RSA,AK_CREATE,5286,0x00000131,0x00000000,353,440,1180208
166,Classical RSA,CREDENTIAL_RANDOM,5287,0x0000017b,0x00000000,12,44,1007858
166,Classical RSA,MAKE_CREDENTIAL,5288,0x00000168,0x00000000,84,338,1089800
166,Classical RSA,ACTIVATE_AUTH,5289,0x00000176,0x00000000,59,48,980938
166,Classical RSA,ACTIVATE_AUTH,5290,0x00000151,0x00000000,41,29,1024108
166,Classical RSA,ACTIVATE_CREDENTIAL,5291,0x00000147,0x00000000,464,122,3368545
166,Classical RSA,PCR_READ,5292,0x0000017e,0x00000000,20,62,1025860
166,Classical RSA,PCR_READ,5293,0x0000017e,0x00000000,20,62,1043684
166,Classical RSA,PCR_READ,5294,0x0000017e,0x00000000,20,62,1010833
166,Classical RSA,PCR_READ,5295,0x0000017e,0x00000000,20,62,991457
166,Classical RSA,PCR_READ,5296,0x0000017e,0x00000000,20,62,998800
166,Classical RSA,PCR_READ,5297,0x0000017e,0x00000000,20,62,1017004
166,Classical RSA,PCR_READ,5298,0x0000017e,0x00000000,20,62,996977
166,Classical RSA,PCR_READ,5299,0x0000017e,0x00000000,20,62,1001846
166,Classical RSA,PCR_READ,5300,0x0000017e,0x00000000,20,62,1054054
166,Classical RSA,PCR_READ,5301,0x0000017e,0x00000000,20,62,1029438
166,Classical RSA,PCR_READ,5302,0x0000017e,0x00000000,20,62,991567
166,Classical RSA,PCR_READ,5303,0x0000017e,0x00000000,20,62,999062
166,Classical RSA,PCR_READ,5304,0x0000017e,0x00000000,20,62,1079470
166,Classical RSA,PCR_READ,5305,0x0000017e,0x00000000,20,62,1013778
166,Classical RSA,PCR_READ,5306,0x0000017e,0x00000000,20,62,1006395
166,Classical RSA,PCR_READ,5307,0x0000017e,0x00000000,20,62,1020330
166,Classical RSA,NONCE_RANDOM,5308,0x0000017b,0x00000000,12,44,1006896
166,Classical RSA,QUOTE,5309,0x00000158,0x00000000,107,428,3510880
167,Classical RSA,EK_CREATE,5317,0x00000131,0x00000000,355,474,1024779
167,Classical RSA,AK_CREATE,5318,0x00000131,0x00000000,353,440,1030529
167,Classical RSA,CREDENTIAL_RANDOM,5319,0x0000017b,0x00000000,12,44,1007667
167,Classical RSA,MAKE_CREDENTIAL,5320,0x00000168,0x00000000,84,338,1051398
167,Classical RSA,ACTIVATE_AUTH,5321,0x00000176,0x00000000,59,48,938709
167,Classical RSA,ACTIVATE_AUTH,5322,0x00000151,0x00000000,41,29,1036911
167,Classical RSA,ACTIVATE_CREDENTIAL,5323,0x00000147,0x00000000,464,122,3459043
167,Classical RSA,PCR_READ,5324,0x0000017e,0x00000000,20,62,1061527
167,Classical RSA,PCR_READ,5325,0x0000017e,0x00000000,20,62,1147056
167,Classical RSA,PCR_READ,5326,0x0000017e,0x00000000,20,62,1079461
167,Classical RSA,PCR_READ,5327,0x0000017e,0x00000000,20,62,1082707
167,Classical RSA,PCR_READ,5328,0x0000017e,0x00000000,20,62,1297587
167,Classical RSA,PCR_READ,5329,0x0000017e,0x00000000,20,62,1243256
167,Classical RSA,PCR_READ,5330,0x0000017e,0x00000000,20,62,1101591
167,Classical RSA,PCR_READ,5331,0x0000017e,0x00000000,20,62,1219976
167,Classical RSA,PCR_READ,5332,0x0000017e,0x00000000,20,62,1229647
167,Classical RSA,PCR_READ,5333,0x0000017e,0x00000000,20,62,1179978
167,Classical RSA,PCR_READ,5334,0x0000017e,0x00000000,20,62,1735543
167,Classical RSA,PCR_READ,5335,0x0000017e,0x00000000,20,62,1142879
167,Classical RSA,PCR_READ,5336,0x0000017e,0x00000000,20,62,1173005
167,Classical RSA,PCR_READ,5337,0x0000017e,0x00000000,20,62,1171833
167,Classical RSA,PCR_READ,5338,0x0000017e,0x00000000,20,62,1170891
167,Classical RSA,PCR_READ,5339,0x0000017e,0x00000000,20,62,1098997
167,Classical RSA,NONCE_RANDOM,5340,0x0000017b,0x00000000,12,44,1088117
167,Classical RSA,QUOTE,5341,0x00000158,0x00000000,107,428,3557587
168,Classical RSA,EK_CREATE,5349,0x00000131,0x00000000,355,474,1087286
168,Classical RSA,AK_CREATE,5350,0x00000131,0x00000000,353,440,1095341
168,Classical RSA,CREDENTIAL_RANDOM,5351,0x0000017b,0x00000000,12,44,1012015
168,Classical RSA,MAKE_CREDENTIAL,5352,0x00000168,0x00000000,84,338,1040959
168,Classical RSA,ACTIVATE_AUTH,5353,0x00000176,0x00000000,59,48,976348
168,Classical RSA,ACTIVATE_AUTH,5354,0x00000151,0x00000000,41,29,1076364
168,Classical RSA,ACTIVATE_CREDENTIAL,5355,0x00000147,0x00000000,464,122,3472388
168,Classical RSA,PCR_READ,5356,0x0000017e,0x00000000,20,62,1050096
168,Classical RSA,PCR_READ,5357,0x0000017e,0x00000000,20,62,949048
168,Classical RSA,PCR_READ,5358,0x0000017e,0x00000000,20,62,1012316
168,Classical RSA,PCR_READ,5359,0x0000017e,0x00000000,20,62,1195707
168,Classical RSA,PCR_READ,5360,0x0000017e,0x00000000,20,62,1326341
168,Classical RSA,PCR_READ,5361,0x0000017e,0x00000000,20,62,1215253
168,Classical RSA,PCR_READ,5362,0x0000017e,0x00000000,20,62,1107333
168,Classical RSA,PCR_READ,5363,0x0000017e,0x00000000,20,62,1111250
168,Classical RSA,PCR_READ,5364,0x0000017e,0x00000000,20,62,1064112
168,Classical RSA,PCR_READ,5365,0x0000017e,0x00000000,20,62,1010612
168,Classical RSA,PCR_READ,5366,0x0000017e,0x00000000,20,62,1050597
168,Classical RSA,PCR_READ,5367,0x0000017e,0x00000000,20,62,1015281
168,Classical RSA,PCR_READ,5368,0x0000017e,0x00000000,20,62,1000664
168,Classical RSA,PCR_READ,5369,0x0000017e,0x00000000,20,62,969886
168,Classical RSA,PCR_READ,5370,0x0000017e,0x00000000,20,62,1054434
168,Classical RSA,PCR_READ,5371,0x0000017e,0x00000000,20,62,979104
168,Classical RSA,NONCE_RANDOM,5372,0x0000017b,0x00000000,12,44,1021252
168,Classical RSA,QUOTE,5373,0x00000158,0x00000000,107,428,3336645
169,Classical RSA,EK_CREATE,5381,0x00000131,0x00000000,355,474,1084049
169,Classical RSA,AK_CREATE,5382,0x00000131,0x00000000,353,440,1053452
169,Classical RSA,CREDENTIAL_RANDOM,5383,0x0000017b,0x00000000,12,44,1098086
169,Classical RSA,MAKE_CREDENTIAL,5384,0x00000168,0x00000000,84,338,1089168
169,Classical RSA,ACTIVATE_AUTH,5385,0x00000176,0x00000000,59,48,1007516
169,Classical RSA,ACTIVATE_AUTH,5386,0x00000151,0x00000000,41,29,964587
169,Classical RSA,ACTIVATE_CREDENTIAL,5387,0x00000147,0x00000000,464,122,3463631
169,Classical RSA,PCR_READ,5388,0x0000017e,0x00000000,20,62,986658
169,Classical RSA,PCR_READ,5389,0x0000017e,0x00000000,20,62,978934
169,Classical RSA,PCR_READ,5390,0x0000017e,0x00000000,20,62,995945
169,Classical RSA,PCR_READ,5391,0x0000017e,0x00000000,20,62,1048163
169,Classical RSA,PCR_READ,5392,0x0000017e,0x00000000,20,62,1018417
169,Classical RSA,PCR_READ,5393,0x0000017e,0x00000000,20,62,1062259
169,Classical RSA,PCR_READ,5394,0x0000017e,0x00000000,20,62,1098676
169,Classical RSA,PCR_READ,5395,0x0000017e,0x00000000,20,62,1083138
169,Classical RSA,PCR_READ,5396,0x0000017e,0x00000000,20,62,1043814
169,Classical RSA,PCR_READ,5397,0x0000017e,0x00000000,20,62,981799
169,Classical RSA,PCR_READ,5398,0x0000017e,0x00000000,20,62,1042302
169,Classical RSA,PCR_READ,5399,0x0000017e,0x00000000,20,62,991677
169,Classical RSA,PCR_READ,5400,0x0000017e,0x00000000,20,62,1032173
169,Classical RSA,PCR_READ,5401,0x0000017e,0x00000000,20,62,1000524
169,Classical RSA,PCR_READ,5402,0x0000017e,0x00000000,20,62,1042755
169,Classical RSA,PCR_READ,5403,0x0000017e,0x00000000,20,62,1071423
169,Classical RSA,NONCE_RANDOM,5404,0x0000017b,0x00000000,12,44,1030359
169,Classical RSA,QUOTE,5405,0x00000158,0x00000000,107,428,3319232
170,Classical RSA,EK_CREATE,5413,0x00000131,0x00000000,355,474,1037513
170,Classical RSA,AK_CREATE,5414,0x00000131,0x00000000,353,440,1066336
170,Classical RSA,CREDENTIAL_RANDOM,5415,0x0000017b,0x00000000,12,44,1050557
170,Classical RSA,MAKE_CREDENTIAL,5416,0x00000168,0x00000000,84,338,1055586
170,Classical RSA,ACTIVATE_AUTH,5417,0x00000176,0x00000000,59,48,993280
170,Classical RSA,ACTIVATE_AUTH,5418,0x00000151,0x00000000,41,29,1105509
170,Classical RSA,ACTIVATE_CREDENTIAL,5419,0x00000147,0x00000000,464,122,3487065
170,Classical RSA,PCR_READ,5420,0x0000017e,0x00000000,20,62,1089222
170,Classical RSA,PCR_READ,5421,0x0000017e,0x00000000,20,62,1063689
170,Classical RSA,PCR_READ,5422,0x0000017e,0x00000000,20,62,1017034
170,Classical RSA,PCR_READ,5423,0x0000017e,0x00000000,20,62,1036952
170,Classical RSA,PCR_READ,5424,0x0000017e,0x00000000,20,62,1117251
170,Classical RSA,PCR_READ,5425,0x0000017e,0x00000000,20,62,1087275
170,Classical RSA,PCR_READ,5426,0x0000017e,0x00000000,20,62,1034838
170,Classical RSA,PCR_READ,5427,0x0000017e,0x00000000,20,62,1334306
170,Classical RSA,PCR_READ,5428,0x0000017e,0x00000000,20,62,1160853
170,Classical RSA,PCR_READ,5429,0x0000017e,0x00000000,20,62,1057600
170,Classical RSA,PCR_READ,5430,0x0000017e,0x00000000,20,62,1202740
170,Classical RSA,PCR_READ,5431,0x0000017e,0x00000000,20,62,1345396
170,Classical RSA,PCR_READ,5432,0x0000017e,0x00000000,20,62,1167795
170,Classical RSA,PCR_READ,5433,0x0000017e,0x00000000,20,62,1091172
170,Classical RSA,PCR_READ,5434,0x0000017e,0x00000000,20,62,1114837
170,Classical RSA,PCR_READ,5435,0x0000017e,0x00000000,20,62,1111751
170,Classical RSA,NONCE_RANDOM,5436,0x0000017b,0x00000000,12,44,1156033
170,Classical RSA,QUOTE,5437,0x00000158,0x00000000,107,428,3412612
171,Classical RSA,EK_CREATE,5445,0x00000131,0x00000000,355,474,980716
171,Classical RSA,AK_CREATE,5446,0x00000131,0x00000000,353,440,1167455
171,Classical RSA,CREDENTIAL_RANDOM,5447,0x0000017b,0x00000000,12,44,964567
171,Classical RSA,MAKE_CREDENTIAL,5448,0x00000168,0x00000000,84,338,1186741
171,Classical RSA,ACTIVATE_AUTH,5449,0x00000176,0x00000000,59,48,1043755
171,Classical RSA,ACTIVATE_AUTH,5450,0x00000151,0x00000000,41,29,1067939
171,Classical RSA,ACTIVATE_CREDENTIAL,5451,0x00000147,0x00000000,464,122,3347445
171,Classical RSA,PCR_READ,5452,0x0000017e,0x00000000,20,62,1046299
171,Classical RSA,PCR_READ,5453,0x0000017e,0x00000000,20,62,1038074
171,Classical RSA,PCR_READ,5454,0x0000017e,0x00000000,20,62,1045328
171,Classical RSA,PCR_READ,5455,0x0000017e,0x00000000,20,62,1116210
171,Classical RSA,PCR_READ,5456,0x0000017e,0x00000000,20,62,1051779
171,Classical RSA,PCR_READ,5457,0x0000017e,0x00000000,20,62,1063732
171,Classical RSA,PCR_READ,5458,0x0000017e,0x00000000,20,62,1043714
171,Classical RSA,PCR_READ,5459,0x0000017e,0x00000000,20,62,1010191
171,Classical RSA,PCR_READ,5460,0x0000017e,0x00000000,20,62,1027785
171,Classical RSA,PCR_READ,5461,0x0000017e,0x00000000,20,62,1068239
171,Classical RSA,PCR_READ,5462,0x0000017e,0x00000000,20,62,1028706
171,Classical RSA,PCR_READ,5463,0x0000017e,0x00000000,20,62,1012386
171,Classical RSA,PCR_READ,5464,0x0000017e,0x00000000,20,62,1021673
171,Classical RSA,PCR_READ,5465,0x0000017e,0x00000000,20,62,1108425
171,Classical RSA,PCR_READ,5466,0x0000017e,0x00000000,20,62,1057119
171,Classical RSA,PCR_READ,5467,0x0000017e,0x00000000,20,62,1044305
171,Classical RSA,NONCE_RANDOM,5468,0x0000017b,0x00000000,12,44,1081355
171,Classical RSA,QUOTE,5469,0x00000158,0x00000000,107,428,3329903
172,Classical RSA,EK_CREATE,5477,0x00000131,0x00000000,355,474,1062940
172,Classical RSA,AK_CREATE,5478,0x00000131,0x00000000,353,440,1174170
172,Classical RSA,CREDENTIAL_RANDOM,5479,0x0000017b,0x00000000,12,44,1193530
172,Classical RSA,MAKE_CREDENTIAL,5480,0x00000168,0x00000000,84,338,1099087
172,Classical RSA,ACTIVATE_AUTH,5481,0x00000176,0x00000000,59,48,1080603
172,Classical RSA,ACTIVATE_AUTH,5482,0x00000151,0x00000000,41,29,1080562
172,Classical RSA,ACTIVATE_CREDENTIAL,5483,0x00000147,0x00000000,464,122,3365869
172,Classical RSA,PCR_READ,5484,0x0000017e,0x00000000,20,62,1101742
172,Classical RSA,PCR_READ,5485,0x0000017e,0x00000000,20,62,1192361
172,Classical RSA,PCR_READ,5486,0x0000017e,0x00000000,20,62,1108284
172,Classical RSA,PCR_READ,5487,0x0000017e,0x00000000,20,62,1042592
172,Classical RSA,PCR_READ,5488,0x0000017e,0x00000000,20,62,1017024
172,Classical RSA,PCR_READ,5489,0x0000017e,0x00000000,20,62,1104307
172,Classical RSA,PCR_READ,5490,0x0000017e,0x00000000,20,62,1105099
172,Classical RSA,PCR_READ,5491,0x0000017e,0x00000000,20,62,1100960
172,Classical RSA,PCR_READ,5492,0x0000017e,0x00000000,20,62,998841
172,Classical RSA,PCR_READ,5493,0x0000017e,0x00000000,20,62,1076134
172,Classical RSA,PCR_READ,5494,0x0000017e,0x00000000,20,62,1059814
172,Classical RSA,PCR_READ,5495,0x0000017e,0x00000000,20,62,1143180
172,Classical RSA,PCR_READ,5496,0x0000017e,0x00000000,20,62,1112111
172,Classical RSA,PCR_READ,5497,0x0000017e,0x00000000,20,62,1136808
172,Classical RSA,PCR_READ,5498,0x0000017e,0x00000000,20,62,1112833
172,Classical RSA,PCR_READ,5499,0x0000017e,0x00000000,20,62,1024588
172,Classical RSA,NONCE_RANDOM,5500,0x0000017b,0x00000000,12,44,1011705
172,Classical RSA,QUOTE,5501,0x00000158,0x00000000,107,428,3426472
173,Classical RSA,EK_CREATE,5509,0x00000131,0x00000000,355,474,1132049
173,Classical RSA,AK_CREATE,5510,0x00000131,0x00000000,353,440,1041370
173,Classical RSA,CREDENTIAL_RANDOM,5511,0x0000017b,0x00000000,12,44,1035829
173,Classical RSA,MAKE_CREDENTIAL,5512,0x00000168,0x00000000,84,338,1146405
173,Classical RSA,ACTIVATE_AUTH,5513,0x00000176,0x00000000,59,48,1165240
173,Classical RSA,ACTIVATE_AUTH,5514,0x00000151,0x00000000,41,29,1095390
173,Classical RSA,ACTIVATE_CREDENTIAL,5515,0x00000147,0x00000000,464,122,3472488
173,Classical RSA,PCR_READ,5516,0x0000017e,0x00000000,20,62,1193273
173,Classical RSA,PCR_READ,5517,0x0000017e,0x00000000,20,62,1100079
173,Classical RSA,PCR_READ,5518,0x0000017e,0x00000000,20,62,1065185
173,Classical RSA,PCR_READ,5519,0x0000017e,0x00000000,20,62,1012956
173,Classical RSA,PCR_READ,5520,0x0000017e,0x00000000,20,62,1029628
173,Classical RSA,PCR_READ,5521,0x0000017e,0x00000000,20,62,984835
173,Classical RSA,PCR_READ,5522,0x0000017e,0x00000000,20,62,997859
173,Classical RSA,PCR_READ,5523,0x0000017e,0x00000000,20,62,1066276
173,Classical RSA,PCR_READ,5524,0x0000017e,0x00000000,20,62,1012646
173,Classical RSA,PCR_READ,5525,0x0000017e,0x00000000,20,62,992729
173,Classical RSA,PCR_READ,5526,0x0000017e,0x00000000,20,62,963615
173,Classical RSA,PCR_READ,5527,0x0000017e,0x00000000,20,62,1315020
173,Classical RSA,PCR_READ,5528,0x0000017e,0x00000000,20,62,1191820
173,Classical RSA,PCR_READ,5529,0x0000017e,0x00000000,20,62,1097298
173,Classical RSA,PCR_READ,5530,0x0000017e,0x00000000,20,62,1292142
173,Classical RSA,PCR_READ,5531,0x0000017e,0x00000000,20,62,1097755
173,Classical RSA,NONCE_RANDOM,5532,0x0000017b,0x00000000,12,44,1166473
173,Classical RSA,QUOTE,5533,0x00000158,0x00000000,107,428,3493787
174,Classical RSA,EK_CREATE,5541,0x00000131,0x00000000,355,474,1158418
174,Classical RSA,AK_CREATE,5542,0x00000131,0x00000000,353,440,1111800
174,Classical RSA,CREDENTIAL_RANDOM,5543,0x0000017b,0x00000000,12,44,1080843
174,Classical RSA,MAKE_CREDENTIAL,5544,0x00000168,0x00000000,84,338,1085652
174,Classical RSA,ACTIVATE_AUTH,5545,0x00000176,0x00000000,59,48,979635
174,Classical RSA,ACTIVATE_AUTH,5546,0x00000151,0x00000000,41,29,1082266
174,Classical RSA,ACTIVATE_CREDENTIAL,5547,0x00000147,0x00000000,464,122,3343588
174,Classical RSA,PCR_READ,5548,0x0000017e,0x00000000,20,62,961050
174,Classical RSA,PCR_READ,5549,0x0000017e,0x00000000,20,62,1064423
174,Classical RSA,PCR_READ,5550,0x0000017e,0x00000000,20,62,1053375
174,Classical RSA,PCR_READ,5551,0x0000017e,0x00000000,20,62,1215652
174,Classical RSA,PCR_READ,5552,0x0000017e,0x00000000,20,62,1025531
174,Classical RSA,PCR_READ,5553,0x0000017e,0x00000000,20,62,1040989
174,Classical RSA,PCR_READ,5554,0x0000017e,0x00000000,20,62,1046950
174,Classical RSA,PCR_READ,5555,0x0000017e,0x00000000,20,62,1135184
174,Classical RSA,PCR_READ,5556,0x0000017e,0x00000000,20,62,1015011
174,Classical RSA,PCR_READ,5557,0x0000017e,0x00000000,20,62,1031972
174,Classical RSA,PCR_READ,5558,0x0000017e,0x00000000,20,62,1139052
174,Classical RSA,PCR_READ,5559,0x0000017e,0x00000000,20,62,995394
174,Classical RSA,PCR_READ,5560,0x0000017e,0x00000000,20,62,1021773
174,Classical RSA,PCR_READ,5561,0x0000017e,0x00000000,20,62,1007817
174,Classical RSA,PCR_READ,5562,0x0000017e,0x00000000,20,62,1023296
174,Classical RSA,PCR_READ,5563,0x0000017e,0x00000000,20,62,992178
174,Classical RSA,NONCE_RANDOM,5564,0x0000017b,0x00000000,12,44,974876
174,Classical RSA,QUOTE,5565,0x00000158,0x00000000,107,428,3298023
175,Classical RSA,EK_CREATE,5573,0x00000131,0x00000000,355,474,1069803
175,Classical RSA,AK_CREATE,5574,0x00000131,0x00000000,353,440,1149701
175,Classical RSA,CREDENTIAL_RANDOM,5575,0x0000017b,0x00000000,12,44,1038425
175,Classical RSA,MAKE_CREDENTIAL,5576,0x00000168,0x00000000,84,338,1034527
175,Classical RSA,ACTIVATE_AUTH,5577,0x00000176,0x00000000,59,48,998940
175,Classical RSA,ACTIVATE_AUTH,5578,0x00000151,0x00000000,41,29,1002096
175,Classical RSA,ACTIVATE_CREDENTIAL,5579,0x00000147,0x00000000,464,122,3363455
175,Classical RSA,PCR_READ,5580,0x0000017e,0x00000000,20,62,1074832
175,Classical RSA,PCR_READ,5581,0x0000017e,0x00000000,20,62,999144
175,Classical RSA,PCR_READ,5582,0x0000017e,0x00000000,20,62,1109443
175,Classical RSA,PCR_READ,5583,0x0000017e,0x00000000,20,62,1025020
175,Classical RSA,PCR_READ,5584,0x0000017e,0x00000000,20,62,1003890
175,Classical RSA,PCR_READ,5585,0x0000017e,0x00000000,20,62,1034227
175,Classical RSA,PCR_READ,5586,0x0000017e,0x00000000,20,62,1189887
175,Classical RSA,PCR_READ,5587,0x0000017e,0x00000000,20,62,1021923
175,Classical RSA,PCR_READ,5588,0x0000017e,0x00000000,20,62,935643
175,Classical RSA,PCR_READ,5589,0x0000017e,0x00000000,20,62,1021082
175,Classical RSA,PCR_READ,5590,0x0000017e,0x00000000,20,62,1042391
175,Classical RSA,PCR_READ,5591,0x0000017e,0x00000000,20,62,1031692
175,Classical RSA,PCR_READ,5592,0x0000017e,0x00000000,20,62,983101
175,Classical RSA,PCR_READ,5593,0x0000017e,0x00000000,20,62,993451
175,Classical RSA,PCR_READ,5594,0x0000017e,0x00000000,20,62,981648
175,Classical RSA,PCR_READ,5595,0x0000017e,0x00000000,20,62,977721
175,Classical RSA,NONCE_RANDOM,5596,0x0000017b,0x00000000,12,44,1004602
175,Classical RSA,QUOTE,5597,0x00000158,0x00000000,107,428,3358807
176,Classical RSA,EK_CREATE,5605,0x00000131,0x00000000,355,474,1014540
176,Classical RSA,AK_CREATE,5606,0x00000131,0x00000000,353,440,1222537
176,Classical RSA,CREDENTIAL_RANDOM,5607,0x0000017b,0x00000000,12,44,1214101
176,Classical RSA,MAKE_CREDENTIAL,5608,0x00000168,0x00000000,84,338,1089229
176,Classical RSA,ACTIVATE_AUTH,5609,0x00000176,0x00000000,59,48,1013327
176,Classical RSA,ACTIVATE_AUTH,5610,0x00000151,0x00000000,41,29,1046499
176,Classical RSA,ACTIVATE_CREDENTIAL,5611,0x00000147,0x00000000,464,122,3384835
176,Classical RSA,PCR_READ,5612,0x0000017e,0x00000000,20,62,969886
176,Classical RSA,PCR_READ,5613,0x0000017e,0x00000000,20,62,993571
176,Classical RSA,PCR_READ,5614,0x0000017e,0x00000000,20,62,1096423
176,Classical RSA,PCR_READ,5615,0x0000017e,0x00000000,20,62,1032774
176,Classical RSA,PCR_READ,5616,0x0000017e,0x00000000,20,62,943688
176,Classical RSA,PCR_READ,5617,0x0000017e,0x00000000,20,62,898293
176,Classical RSA,PCR_READ,5618,0x0000017e,0x00000000,20,62,961020
176,Classical RSA,PCR_READ,5619,0x0000017e,0x00000000,20,62,997748
176,Classical RSA,PCR_READ,5620,0x0000017e,0x00000000,20,62,967923
176,Classical RSA,PCR_READ,5621,0x0000017e,0x00000000,20,62,985205
176,Classical RSA,PCR_READ,5622,0x0000017e,0x00000000,20,62,996426
176,Classical RSA,PCR_READ,5623,0x0000017e,0x00000000,20,62,1076165
176,Classical RSA,PCR_READ,5624,0x0000017e,0x00000000,20,62,999702
176,Classical RSA,PCR_READ,5625,0x0000017e,0x00000000,20,62,1126487
176,Classical RSA,PCR_READ,5626,0x0000017e,0x00000000,20,62,1197240
176,Classical RSA,PCR_READ,5627,0x0000017e,0x00000000,20,62,1108946
176,Classical RSA,NONCE_RANDOM,5628,0x0000017b,0x00000000,12,44,1047304
176,Classical RSA,QUOTE,5629,0x00000158,0x00000000,107,428,3436418
177,Classical RSA,EK_CREATE,5637,0x00000131,0x00000000,355,474,1091664
177,Classical RSA,AK_CREATE,5638,0x00000131,0x00000000,353,440,1063451
177,Classical RSA,CREDENTIAL_RANDOM,5639,0x0000017b,0x00000000,12,44,1013397
177,Classical RSA,MAKE_CREDENTIAL,5640,0x00000168,0x00000000,84,338,1039196
177,Classical RSA,ACTIVATE_AUTH,5641,0x00000176,0x00000000,59,48,964397
177,Classical RSA,ACTIVATE_AUTH,5642,0x00000151,0x00000000,41,29,1091974
177,Classical RSA,ACTIVATE_CREDENTIAL,5643,0x00000147,0x00000000,464,122,3416474
177,Classical RSA,PCR_READ,5644,0x0000017e,0x00000000,20,62,1168226
177,Classical RSA,PCR_READ,5645,0x0000017e,0x00000000,20,62,1149391
177,Classical RSA,PCR_READ,5646,0x0000017e,0x00000000,20,62,1081116
177,Classical RSA,PCR_READ,5647,0x0000017e,0x00000000,20,62,1048520
177,Classical RSA,PCR_READ,5648,0x0000017e,0x00000000,20,62,1053122
177,Classical RSA,PCR_READ,5649,0x0000017e,0x00000000,20,62,991086
177,Classical RSA,PCR_READ,5650,0x0000017e,0x00000000,20,62,951692
177,Classical RSA,PCR_READ,5651,0x0000017e,0x00000000,20,62,974305
177,Classical RSA,PCR_READ,5652,0x0000017e,0x00000000,20,62,1034627
177,Classical RSA,PCR_READ,5653,0x0000017e,0x00000000,20,62,998129
177,Classical RSA,PCR_READ,5654,0x0000017e,0x00000000,20,62,1035168
177,Classical RSA,PCR_READ,5655,0x0000017e,0x00000000,20,62,1036200
177,Classical RSA,PCR_READ,5656,0x0000017e,0x00000000,20,62,1042181
177,Classical RSA,PCR_READ,5657,0x0000017e,0x00000000,20,62,978643
177,Classical RSA,PCR_READ,5658,0x0000017e,0x00000000,20,62,1025430
177,Classical RSA,PCR_READ,5659,0x0000017e,0x00000000,20,62,948768
177,Classical RSA,NONCE_RANDOM,5660,0x0000017b,0x00000000,12,44,922789
177,Classical RSA,QUOTE,5661,0x00000158,0x00000000,107,428,3433188
178,Classical RSA,EK_CREATE,5669,0x00000131,0x00000000,355,474,1038745
178,Classical RSA,AK_CREATE,5670,0x00000131,0x00000000,353,440,1076495
178,Classical RSA,CREDENTIAL_RANDOM,5671,0x0000017b,0x00000000,12,44,1096382
178,Classical RSA,MAKE_CREDENTIAL,5672,0x00000168,0x00000000,84,338,1062850
178,Classical RSA,ACTIVATE_AUTH,5673,0x00000176,0x00000000,59,48,969296
178,Classical RSA,ACTIVATE_AUTH,5674,0x00000151,0x00000000,41,29,1071606
178,Classical RSA,ACTIVATE_CREDENTIAL,5675,0x00000147,0x00000000,464,122,3388031
178,Classical RSA,PCR_READ,5676,0x0000017e,0x00000000,20,62,1056908
178,Classical RSA,PCR_READ,5677,0x0000017e,0x00000000,20,62,1103796
178,Classical RSA,PCR_READ,5678,0x0000017e,0x00000000,20,62,982140
178,Classical RSA,PCR_READ,5679,0x0000017e,0x00000000,20,62,1079631
178,Classical RSA,PCR_READ,5680,0x0000017e,0x00000000,20,62,998120
178,Classical RSA,PCR_READ,5681,0x0000017e,0x00000000,20,62,1010893
178,Classical RSA,PCR_READ,5682,0x0000017e,0x00000000,20,62,987811
178,Classical RSA,PCR_READ,5683,0x0000017e,0x00000000,20,62,1057840
178,Classical RSA,PCR_READ,5684,0x0000017e,0x00000000,20,62,1024538
178,Classical RSA,PCR_READ,5685,0x0000017e,0x00000000,20,62,1086427
178,Classical RSA,PCR_READ,5686,0x0000017e,0x00000000,20,62,992776
178,Classical RSA,PCR_READ,5687,0x0000017e,0x00000000,20,62,1001626
178,Classical RSA,PCR_READ,5688,0x0000017e,0x00000000,20,62,1050988
178,Classical RSA,PCR_READ,5689,0x0000017e,0x00000000,20,62,1037793
178,Classical RSA,PCR_READ,5690,0x0000017e,0x00000000,20,62,983772
178,Classical RSA,PCR_READ,5691,0x0000017e,0x00000000,20,62,1030760
178,Classical RSA,NONCE_RANDOM,5692,0x0000017b,0x00000000,12,44,990806
178,Classical RSA,QUOTE,5693,0x00000158,0x00000000,107,428,3357484
179,Classical RSA,EK_CREATE,5701,0x00000131,0x00000000,355,474,1116780
179,Classical RSA,AK_CREATE,5702,0x00000131,0x00000000,353,440,1058491
179,Classical RSA,CREDENTIAL_RANDOM,5703,0x0000017b,0x00000000,12,44,1009550
179,Classical RSA,MAKE_CREDENTIAL,5704,0x00000168,0x00000000,84,338,1078139
179,Classical RSA,ACTIVATE_AUTH,5705,0x00000176,0x00000000,59,48,1070995
179,Classical RSA,ACTIVATE_AUTH,5706,0x00000151,0x00000000,41,29,1020952
179,Classical RSA,ACTIVATE_CREDENTIAL,5707,0x00000147,0x00000000,464,122,3336525
179,Classical RSA,PCR_READ,5708,0x0000017e,0x00000000,20,62,1061747
179,Classical RSA,PCR_READ,5709,0x0000017e,0x00000000,20,62,983973
179,Classical RSA,PCR_READ,5710,0x0000017e,0x00000000,20,62,995114
179,Classical RSA,PCR_READ,5711,0x0000017e,0x00000000,20,62,995113
179,Classical RSA,PCR_READ,5712,0x0000017e,0x00000000,20,62,1065815
179,Classical RSA,PCR_READ,5713,0x0000017e,0x00000000,20,62,1078630
179,Classical RSA,PCR_READ,5714,0x0000017e,0x00000000,20,62,1008638
179,Classical RSA,PCR_READ,5715,0x0000017e,0x00000000,20,62,974004
179,Classical RSA,PCR_READ,5716,0x0000017e,0x00000000,20,62,1007247
179,Classical RSA,PCR_READ,5717,0x0000017e,0x00000000,20,62,1003560
179,Classical RSA,PCR_READ,5718,0x0000017e,0x00000000,20,62,1019479
179,Classical RSA,PCR_READ,5719,0x0000017e,0x00000000,20,62,1046179
179,Classical RSA,PCR_READ,5720,0x0000017e,0x00000000,20,62,1096242
179,Classical RSA,PCR_READ,5721,0x0000017e,0x00000000,20,62,1003238
179,Classical RSA,PCR_READ,5722,0x0000017e,0x00000000,20,62,1017195
179,Classical RSA,PCR_READ,5723,0x0000017e,0x00000000,20,62,1066096
179,Classical RSA,NONCE_RANDOM,5724,0x0000017b,0x00000000,12,44,1097694
179,Classical RSA,QUOTE,5725,0x00000158,0x00000000,107,428,3815177
180,Classical RSA,EK_CREATE,5733,0x00000131,0x00000000,355,474,1074291
180,Classical RSA,AK_CREATE,5734,0x00000131,0x00000000,353,440,1185138
180,Classical RSA,CREDENTIAL_RANDOM,5735,0x0000017b,0x00000000,12,44,1026782
180,Classical RSA,MAKE_CREDENTIAL,5736,0x00000168,0x00000000,84,338,1103475
180,Classical RSA,ACTIVATE_AUTH,5737,0x00000176,0x00000000,59,48,1027063
180,Classical RSA,ACTIVATE_AUTH,5738,0x00000151,0x00000000,41,29,1159340
180,Classical RSA,ACTIVATE_CREDENTIAL,5739,0x00000147,0x00000000,464,122,3406295
180,Classical RSA,PCR_READ,5740,0x0000017e,0x00000000,20,62,1061768
180,Classical RSA,PCR_READ,5741,0x0000017e,0x00000000,20,62,1081334
180,Classical RSA,PCR_READ,5742,0x0000017e,0x00000000,20,62,1023526
180,Classical RSA,PCR_READ,5743,0x0000017e,0x00000000,20,62,1022485
180,Classical RSA,PCR_READ,5744,0x0000017e,0x00000000,20,62,1036641
180,Classical RSA,PCR_READ,5745,0x0000017e,0x00000000,20,62,984083
180,Classical RSA,PCR_READ,5746,0x0000017e,0x00000000,20,62,986687
180,Classical RSA,PCR_READ,5747,0x0000017e,0x00000000,20,62,1084811
180,Classical RSA,PCR_READ,5748,0x0000017e,0x00000000,20,62,984033
180,Classical RSA,PCR_READ,5749,0x0000017e,0x00000000,20,62,973553
180,Classical RSA,PCR_READ,5750,0x0000017e,0x00000000,20,62,953757
180,Classical RSA,PCR_READ,5751,0x0000017e,0x00000000,20,62,1053362
180,Classical RSA,PCR_READ,5752,0x0000017e,0x00000000,20,62,1007026
180,Classical RSA,PCR_READ,5753,0x0000017e,0x00000000,20,62,1020079
180,Classical RSA,PCR_READ,5754,0x0000017e,0x00000000,20,62,1008920
180,Classical RSA,PCR_READ,5755,0x0000017e,0x00000000,20,62,1137800
180,Classical RSA,NONCE_RANDOM,5756,0x0000017b,0x00000000,12,44,1025380
180,Classical RSA,QUOTE,5757,0x00000158,0x00000000,107,428,3442532
181,Classical RSA,EK_CREATE,5765,0x00000131,0x00000000,355,474,1061157
181,Classical RSA,AK_CREATE,5766,0x00000131,0x00000000,353,440,1025915
181,Classical RSA,CREDENTIAL_RANDOM,5767,0x0000017b,0x00000000,12,44,1063637
181,Classical RSA,MAKE_CREDENTIAL,5768,0x00000168,0x00000000,84,338,1210405
181,Classical RSA,ACTIVATE_AUTH,5769,0x00000176,0x00000000,59,48,961080
181,Classical RSA,ACTIVATE_AUTH,5770,0x00000151,0x00000000,41,29,955590
181,Classical RSA,ACTIVATE_CREDENTIAL,5771,0x00000147,0x00000000,464,122,3359648
181,Classical RSA,PCR_READ,5772,0x0000017e,0x00000000,20,62,1022956
181,Classical RSA,PCR_READ,5773,0x0000017e,0x00000000,20,62,1016253
181,Classical RSA,PCR_READ,5774,0x0000017e,0x00000000,20,62,1066146
181,Classical RSA,PCR_READ,5775,0x0000017e,0x00000000,20,62,1014720
181,Classical RSA,PCR_READ,5776,0x0000017e,0x00000000,20,62,1001345
181,Classical RSA,PCR_READ,5777,0x0000017e,0x00000000,20,62,1017285
181,Classical RSA,PCR_READ,5778,0x0000017e,0x00000000,20,62,1051309
181,Classical RSA,PCR_READ,5779,0x0000017e,0x00000000,20,62,993590
181,Classical RSA,PCR_READ,5780,0x0000017e,0x00000000,20,62,1065946
181,Classical RSA,PCR_READ,5781,0x0000017e,0x00000000,20,62,1051770
181,Classical RSA,PCR_READ,5782,0x0000017e,0x00000000,20,62,1136597
181,Classical RSA,PCR_READ,5783,0x0000017e,0x00000000,20,62,1049595
181,Classical RSA,PCR_READ,5784,0x0000017e,0x00000000,20,62,1012997
181,Classical RSA,PCR_READ,5785,0x0000017e,0x00000000,20,62,1082015
181,Classical RSA,PCR_READ,5786,0x0000017e,0x00000000,20,62,1044966
181,Classical RSA,PCR_READ,5787,0x0000017e,0x00000000,20,62,1032473
181,Classical RSA,NONCE_RANDOM,5788,0x0000017b,0x00000000,12,44,1038945
181,Classical RSA,QUOTE,5789,0x00000158,0x00000000,107,428,3320485
182,Classical RSA,EK_CREATE,5797,0x00000131,0x00000000,355,474,1024799
182,Classical RSA,AK_CREATE,5798,0x00000131,0x00000000,353,440,1047962
182,Classical RSA,CREDENTIAL_RANDOM,5799,0x0000017b,0x00000000,12,44,1035518
182,Classical RSA,MAKE_CREDENTIAL,5800,0x00000168,0x00000000,84,338,1154831
182,Classical RSA,ACTIVATE_AUTH,5801,0x00000176,0x00000000,59,48,1141215
182,Classical RSA,ACTIVATE_AUTH,5802,0x00000151,0x00000000,41,29,1027393
182,Classical RSA,ACTIVATE_CREDENTIAL,5803,0x00000147,0x00000000,464,122,3573636
182,Classical RSA,PCR_READ,5804,0x0000017e,0x00000000,20,62,1162025
182,Classical RSA,PCR_READ,5805,0x0000017e,0x00000000,20,62,1017475
182,Classical RSA,PCR_READ,5806,0x0000017e,0x00000000,20,62,1158899
182,Classical RSA,PCR_READ,5807,0x0000017e,0x00000000,20,62,1157116
182,Classical RSA,PCR_READ,5808,0x0000017e,0x00000000,20,62,1194335
182,Classical RSA,PCR_READ,5809,0x0000017e,0x00000000,20,62,1095070
182,Classical RSA,PCR_READ,5810,0x0000017e,0x00000000,20,62,1128505
182,Classical RSA,PCR_READ,5811,0x0000017e,0x00000000,20,62,1257069
182,Classical RSA,PCR_READ,5812,0x0000017e,0x00000000,20,62,1067048
182,Classical RSA,PCR_READ,5813,0x0000017e,0x00000000,20,62,1184806
182,Classical RSA,PCR_READ,5814,0x0000017e,0x00000000,20,62,1070405
182,Classical RSA,PCR_READ,5815,0x0000017e,0x00000000,20,62,1150082
182,Classical RSA,PCR_READ,5816,0x0000017e,0x00000000,20,62,1159770
182,Classical RSA,PCR_READ,5817,0x0000017e,0x00000000,20,62,1118333
182,Classical RSA,PCR_READ,5818,0x0000017e,0x00000000,20,62,1251661
182,Classical RSA,PCR_READ,5819,0x0000017e,0x00000000,20,62,1070173
182,Classical RSA,NONCE_RANDOM,5820,0x0000017b,0x00000000,12,44,1121510
182,Classical RSA,QUOTE,5821,0x00000158,0x00000000,107,428,3609714
183,Classical RSA,EK_CREATE,5829,0x00000131,0x00000000,355,474,1054163
183,Classical RSA,AK_CREATE,5830,0x00000131,0x00000000,353,440,1145634
183,Classical RSA,CREDENTIAL_RANDOM,5831,0x0000017b,0x00000000,12,44,1033996
183,Classical RSA,MAKE_CREDENTIAL,5832,0x00000168,0x00000000,84,338,1044826
183,Classical RSA,ACTIVATE_AUTH,5833,0x00000176,0x00000000,59,48,961992
183,Classical RSA,ACTIVATE_AUTH,5834,0x00000151,0x00000000,41,29,1018858
183,Classical RSA,ACTIVATE_CREDENTIAL,5835,0x00000147,0x00000000,464,122,3543240
183,Classical RSA,PCR_READ,5836,0x0000017e,0x00000000,20,62,1073860
183,Classical RSA,PCR_READ,5837,0x0000017e,0x00000000,20,62,1068901
183,Classical RSA,PCR_READ,5838,0x0000017e,0x00000000,20,62,1031541
183,Classical RSA,PCR_READ,5839,0x0000017e,0x00000000,20,62,1105710
183,Classical RSA,PCR_READ,5840,0x0000017e,0x00000000,20,62,1002116
183,Classical RSA,PCR_READ,5841,0x0000017e,0x00000000,20,62,1065986
183,Classical RSA,PCR_READ,5842,0x0000017e,0x00000000,20,62,969075
183,Classical RSA,PCR_READ,5843,0x0000017e,0x00000000,20,62,1078018
183,Classical RSA,PCR_READ,5844,0x0000017e,0x00000000,20,62,1015561
183,Classical RSA,PCR_READ,5845,0x0000017e,0x00000000,20,62,1024197
183,Classical RSA,PCR_READ,5846,0x0000017e,0x00000000,20,62,1009010
183,Classical RSA,PCR_READ,5847,0x0000017e,0x00000000,20,62,1091232
183,Classical RSA,PCR_READ,5848,0x0000017e,0x00000000,20,62,998871
183,Classical RSA,PCR_READ,5849,0x0000017e,0x00000000,20,62,1122401
183,Classical RSA,PCR_READ,5850,0x0000017e,0x00000000,20,62,1222247
183,Classical RSA,PCR_READ,5851,0x0000017e,0x00000000,20,62,1104908
183,Classical RSA,NONCE_RANDOM,5852,0x0000017b,0x00000000,12,44,1041420
183,Classical RSA,QUOTE,5853,0x00000158,0x00000000,107,428,3500240
184,Classical RSA,EK_CREATE,5861,0x00000131,0x00000000,355,474,1049225
184,Classical RSA,AK_CREATE,5862,0x00000131,0x00000000,353,440,1115478
184,Classical RSA,CREDENTIAL_RANDOM,5863,0x0000017b,0x00000000,12,44,1065024
184,Classical RSA,MAKE_CREDENTIAL,5864,0x00000168,0x00000000,84,338,1023867
184,Classical RSA,ACTIVATE_AUTH,5865,0x00000176,0x00000000,59,48,995905
184,Classical RSA,ACTIVATE_AUTH,5866,0x00000151,0x00000000,41,29,1056758
184,Classical RSA,ACTIVATE_CREDENTIAL,5867,0x00000147,0x00000000,464,122,3375517
184,Classical RSA,PCR_READ,5868,0x0000017e,0x00000000,20,62,975016
184,Classical RSA,PCR_READ,5869,0x0000017e,0x00000000,20,62,1004311
184,Classical RSA,PCR_READ,5870,0x0000017e,0x00000000,20,62,987479
184,Classical RSA,PCR_READ,5871,0x0000017e,0x00000000,20,62,1036030
184,Classical RSA,PCR_READ,5872,0x0000017e,0x00000000,20,62,1117501
184,Classical RSA,PCR_READ,5873,0x0000017e,0x00000000,20,62,1053412
184,Classical RSA,PCR_READ,5874,0x0000017e,0x00000000,20,62,1002778
184,Classical RSA,PCR_READ,5875,0x0000017e,0x00000000,20,62,963665
184,Classical RSA,PCR_READ,5876,0x0000017e,0x00000000,20,62,1023436
184,Classical RSA,PCR_READ,5877,0x0000017e,0x00000000,20,62,1010933
184,Classical RSA,PCR_READ,5878,0x0000017e,0x00000000,20,62,1037793
184,Classical RSA,PCR_READ,5879,0x0000017e,0x00000000,20,62,1038685
184,Classical RSA,PCR_READ,5880,0x0000017e,0x00000000,20,62,1075303
184,Classical RSA,PCR_READ,5881,0x0000017e,0x00000000,20,62,1013208
184,Classical RSA,PCR_READ,5882,0x0000017e,0x00000000,20,62,1091484
184,Classical RSA,PCR_READ,5883,0x0000017e,0x00000000,20,62,1058332
184,Classical RSA,NONCE_RANDOM,5884,0x0000017b,0x00000000,12,44,1031181
184,Classical RSA,QUOTE,5885,0x00000158,0x00000000,107,428,3356372
185,Classical RSA,EK_CREATE,5893,0x00000131,0x00000000,355,474,1226895
185,Classical RSA,AK_CREATE,5894,0x00000131,0x00000000,353,440,1138621
185,Classical RSA,CREDENTIAL_RANDOM,5895,0x0000017b,0x00000000,12,44,1347821
185,Classical RSA,MAKE_CREDENTIAL,5896,0x00000168,0x00000000,84,338,1336730
185,Classical RSA,ACTIVATE_AUTH,5897,0x00000176,0x00000000,59,48,1196031
185,Classical RSA,ACTIVATE_AUTH,5898,0x00000151,0x00000000,41,29,1212155
185,Classical RSA,ACTIVATE_CREDENTIAL,5899,0x00000147,0x00000000,464,122,3915523
185,Classical RSA,PCR_READ,5900,0x0000017e,0x00000000,20,62,1363620
185,Classical RSA,PCR_READ,5901,0x0000017e,0x00000000,20,62,1251942
185,Classical RSA,PCR_READ,5902,0x0000017e,0x00000000,20,62,1187211
185,Classical RSA,PCR_READ,5903,0x0000017e,0x00000000,20,62,1089450
185,Classical RSA,PCR_READ,5904,0x0000017e,0x00000000,20,62,1131558
185,Classical RSA,PCR_READ,5905,0x0000017e,0x00000000,20,62,1080142
185,Classical RSA,PCR_READ,5906,0x0000017e,0x00000000,20,62,1095861
185,Classical RSA,PCR_READ,5907,0x0000017e,0x00000000,20,62,1131477
185,Classical RSA,PCR_READ,5908,0x0000017e,0x00000000,20,62,1136708
185,Classical RSA,PCR_READ,5909,0x0000017e,0x00000000,20,62,1136747
185,Classical RSA,PCR_READ,5910,0x0000017e,0x00000000,20,62,1114115
185,Classical RSA,PCR_READ,5911,0x0000017e,0x00000000,20,62,1126669
185,Classical RSA,PCR_READ,5912,0x0000017e,0x00000000,20,62,1201038
185,Classical RSA,PCR_READ,5913,0x0000017e,0x00000000,20,62,1155012
185,Classical RSA,PCR_READ,5914,0x0000017e,0x00000000,20,62,1152126
185,Classical RSA,PCR_READ,5915,0x0000017e,0x00000000,20,62,1211016
185,Classical RSA,NONCE_RANDOM,5916,0x0000017b,0x00000000,12,44,1132740
185,Classical RSA,QUOTE,5917,0x00000158,0x00000000,107,428,3752681
186,Classical RSA,EK_CREATE,5925,0x00000131,0x00000000,355,474,1295920
186,Classical RSA,AK_CREATE,5926,0x00000131,0x00000000,353,440,1160191
186,Classical RSA,CREDENTIAL_RANDOM,5927,0x0000017b,0x00000000,12,44,1146105
186,Classical RSA,MAKE_CREDENTIAL,5928,0x00000168,0x00000000,84,338,1306834
186,Classical RSA,ACTIVATE_AUTH,5929,0x00000176,0x00000000,59,48,1158579
186,Classical RSA,ACTIVATE_AUTH,5930,0x00000151,0x00000000,41,29,1090621
186,Classical RSA,ACTIVATE_CREDENTIAL,5931,0x00000147,0x00000000,464,122,3433576
186,Classical RSA,PCR_READ,5932,0x0000017e,0x00000000,20,62,1053402
186,Classical RSA,PCR_READ,5933,0x0000017e,0x00000000,20,62,1111831
186,Classical RSA,PCR_READ,5934,0x0000017e,0x00000000,20,62,1127704
186,Classical RSA,PCR_READ,5935,0x0000017e,0x00000000,20,62,1093313
186,Classical RSA,PCR_READ,5936,0x0000017e,0x00000000,20,62,1174918
186,Classical RSA,PCR_READ,5937,0x0000017e,0x00000000,20,62,1157426
186,Classical RSA,PCR_READ,5938,0x0000017e,0x00000000,20,62,1067739
186,Classical RSA,PCR_READ,5939,0x0000017e,0x00000000,20,62,1006125
186,Classical RSA,PCR_READ,5940,0x0000017e,0x00000000,20,62,1001596
186,Classical RSA,PCR_READ,5941,0x0000017e,0x00000000,20,62,1244468
186,Classical RSA,PCR_READ,5942,0x0000017e,0x00000000,20,62,1138952
186,Classical RSA,PCR_READ,5943,0x0000017e,0x00000000,20,62,1075223
186,Classical RSA,PCR_READ,5944,0x0000017e,0x00000000,20,62,1117215
186,Classical RSA,PCR_READ,5945,0x0000017e,0x00000000,20,62,1044784
186,Classical RSA,PCR_READ,5946,0x0000017e,0x00000000,20,62,1009110
186,Classical RSA,PCR_READ,5947,0x0000017e,0x00000000,20,62,1052052
186,Classical RSA,NONCE_RANDOM,5948,0x0000017b,0x00000000,12,44,1183842
186,Classical RSA,QUOTE,5949,0x00000158,0x00000000,107,428,3431472
187,Classical RSA,EK_CREATE,5957,0x00000131,0x00000000,355,474,1104608
187,Classical RSA,AK_CREATE,5958,0x00000131,0x00000000,353,440,1185478
187,Classical RSA,CREDENTIAL_RANDOM,5959,0x0000017b,0x00000000,12,44,1084733
187,Classical RSA,MAKE_CREDENTIAL,5960,0x00000168,0x00000000,84,338,1077764
187,Classical RSA,ACTIVATE_AUTH,5961,0x00000176,0x00000000,59,48,1087707
187,Classical RSA,ACTIVATE_AUTH,5962,0x00000151,0x00000000,41,29,1108956
187,Classical RSA,ACTIVATE_CREDENTIAL,5963,0x00000147,0x00000000,464,122,3519887
187,Classical RSA,PCR_READ,5964,0x0000017e,0x00000000,20,62,1283981
187,Classical RSA,PCR_READ,5965,0x0000017e,0x00000000,20,62,1173085
187,Classical RSA,PCR_READ,5966,0x0000017e,0x00000000,20,62,1074602
187,Classical RSA,PCR_READ,5967,0x0000017e,0x00000000,20,62,1024047
187,Classical RSA,PCR_READ,5968,0x0000017e,0x00000000,20,62,1043707
187,Classical RSA,PCR_READ,5969,0x0000017e,0x00000000,20,62,1143737
187,Classical RSA,PCR_READ,5970,0x0000017e,0x00000000,20,62,1083027
187,Classical RSA,PCR_READ,5971,0x0000017e,0x00000000,20,62,1079280
187,Classical RSA,PCR_READ,5972,0x0000017e,0x00000000,20,62,1389137
187,Classical RSA,PCR_READ,5973,0x0000017e,0x00000000,20,62,1050486
187,Classical RSA,PCR_READ,5974,0x0000017e,0x00000000,20,62,1142549
187,Classical RSA,PCR_READ,5975,0x0000017e,0x00000000,20,62,1096603
187,Classical RSA,PCR_READ,5976,0x0000017e,0x00000000,20,62,1018668
187,Classical RSA,PCR_READ,5977,0x0000017e,0x00000000,20,62,1025571
187,Classical RSA,PCR_READ,5978,0x0000017e,0x00000000,20,62,1031972
187,Classical RSA,PCR_READ,5979,0x0000017e,0x00000000,20,62,1063851
187,Classical RSA,NONCE_RANDOM,5980,0x0000017b,0x00000000,12,44,1127760
187,Classical RSA,QUOTE,5981,0x00000158,0x00000000,107,428,3426953
188,Classical RSA,EK_CREATE,5989,0x00000131,0x00000000,355,474,1292771
188,Classical RSA,AK_CREATE,5990,0x00000131,0x00000000,353,440,1355000
188,Classical RSA,CREDENTIAL_RANDOM,5991,0x0000017b,0x00000000,12,44,1268112
188,Classical RSA,MAKE_CREDENTIAL,5992,0x00000168,0x00000000,84,338,1512948
188,Classical RSA,ACTIVATE_AUTH,5993,0x00000176,0x00000000,59,48,1281246
188,Classical RSA,ACTIVATE_AUTH,5994,0x00000151,0x00000000,41,29,1263834
188,Classical RSA,ACTIVATE_CREDENTIAL,5995,0x00000147,0x00000000,464,122,3652163
188,Classical RSA,PCR_READ,5996,0x0000017e,0x00000000,20,62,1139282
188,Classical RSA,PCR_READ,5997,0x0000017e,0x00000000,20,62,1049675
188,Classical RSA,PCR_READ,5998,0x0000017e,0x00000000,20,62,1034016
188,Classical RSA,PCR_READ,5999,0x0000017e,0x00000000,20,62,1030219
188,Classical RSA,PCR_READ,6000,0x0000017e,0x00000000,20,62,1069101
188,Classical RSA,PCR_READ,6001,0x0000017e,0x00000000,20,62,1017135
188,Classical RSA,PCR_READ,6002,0x0000017e,0x00000000,20,62,1022735
188,Classical RSA,PCR_READ,6003,0x0000017e,0x00000000,20,62,1131728
188,Classical RSA,PCR_READ,6004,0x0000017e,0x00000000,20,62,1107713
188,Classical RSA,PCR_READ,6005,0x0000017e,0x00000000,20,62,990716
188,Classical RSA,PCR_READ,6006,0x0000017e,0x00000000,20,62,1022113
188,Classical RSA,PCR_READ,6007,0x0000017e,0x00000000,20,62,1052391
188,Classical RSA,PCR_READ,6008,0x0000017e,0x00000000,20,62,1009862
188,Classical RSA,PCR_READ,6009,0x0000017e,0x00000000,20,62,1016183
188,Classical RSA,PCR_READ,6010,0x0000017e,0x00000000,20,62,984925
188,Classical RSA,PCR_READ,6011,0x0000017e,0x00000000,20,62,1010272
188,Classical RSA,NONCE_RANDOM,6012,0x0000017b,0x00000000,12,44,1039236
188,Classical RSA,QUOTE,6013,0x00000158,0x00000000,107,428,3415121
189,Classical RSA,EK_CREATE,6021,0x00000131,0x00000000,355,474,1099167
189,Classical RSA,AK_CREATE,6022,0x00000131,0x00000000,353,440,1053823
189,Classical RSA,CREDENTIAL_RANDOM,6023,0x0000017b,0x00000000,12,44,988060
189,Classical RSA,MAKE_CREDENTIAL,6024,0x00000168,0x00000000,84,338,1104668
189,Classical RSA,ACTIVATE_AUTH,6025,0x00000176,0x00000000,59,48,997458
189,Classical RSA,ACTIVATE_AUTH,6026,0x00000151,0x00000000,41,29,977440
189,Classical RSA,ACTIVATE_CREDENTIAL,6027,0x00000147,0x00000000,464,122,3320936
189,Classical RSA,PCR_READ,6028,0x0000017e,0x00000000,20,62,1065856
189,Classical RSA,PCR_READ,6029,0x0000017e,0x00000000,20,62,1101521
189,Classical RSA,PCR_READ,6030,0x0000017e,0x00000000,20,62,1040478
189,Classical RSA,PCR_READ,6031,0x0000017e,0x00000000,20,62,1163918
189,Classical RSA,PCR_READ,6032,0x0000017e,0x00000000,20,62,1052330
189,Classical RSA,PCR_READ,6033,0x0000017e,0x00000000,20,62,1112913
189,Classical RSA,PCR_READ,6034,0x0000017e,0x00000000,20,62,1046499
189,Classical RSA,PCR_READ,6035,0x0000017e,0x00000000,20,62,1024588
189,Classical RSA,PCR_READ,6036,0x0000017e,0x00000000,20,62,992860
189,Classical RSA,PCR_READ,6037,0x0000017e,0x00000000,20,62,1071546
189,Classical RSA,PCR_READ,6038,0x0000017e,0x00000000,20,62,951495
189,Classical RSA,PCR_READ,6039,0x0000017e,0x00000000,20,62,1035185
189,Classical RSA,PCR_READ,6040,0x0000017e,0x00000000,20,62,983672
189,Classical RSA,PCR_READ,6041,0x0000017e,0x00000000,20,62,983211
189,Classical RSA,PCR_READ,6042,0x0000017e,0x00000000,20,62,1012316
189,Classical RSA,PCR_READ,6043,0x0000017e,0x00000000,20,62,1092415
189,Classical RSA,NONCE_RANDOM,6044,0x0000017b,0x00000000,12,44,991717
189,Classical RSA,QUOTE,6045,0x00000158,0x00000000,107,428,3417566
190,Classical RSA,EK_CREATE,6053,0x00000131,0x00000000,355,474,1456412
190,Classical RSA,AK_CREATE,6054,0x00000131,0x00000000,353,440,1181510
190,Classical RSA,CREDENTIAL_RANDOM,6055,0x0000017b,0x00000000,12,44,1229390
190,Classical RSA,MAKE_CREDENTIAL,6056,0x00000168,0x00000000,84,338,1297557
190,Classical RSA,ACTIVATE_AUTH,6057,0x00000176,0x00000000,59,48,1115498
190,Classical RSA,ACTIVATE_AUTH,6058,0x00000151,0x00000000,41,29,1279390
190,Classical RSA,ACTIVATE_CREDENTIAL,6059,0x00000147,0x00000000,464,122,4030547
190,Classical RSA,PCR_READ,6060,0x0000017e,0x00000000,20,62,1326831
190,Classical RSA,PCR_READ,6061,0x0000017e,0x00000000,20,62,1239479
190,Classical RSA,PCR_READ,6062,0x0000017e,0x00000000,20,62,1307300
190,Classical RSA,PCR_READ,6063,0x0000017e,0x00000000,20,62,1386107
190,Classical RSA,PCR_READ,6064,0x0000017e,0x00000000,20,62,1153629
190,Classical RSA,PCR_READ,6065,0x0000017e,0x00000000,20,62,1068129
190,Classical RSA,PCR_READ,6066,0x0000017e,0x00000000,20,62,1075303
190,Classical RSA,PCR_READ,6067,0x0000017e,0x00000000,20,62,1109660
190,Classical RSA,PCR_READ,6068,0x0000017e,0x00000000,20,62,1389986
190,Classical RSA,PCR_READ,6069,0x0000017e,0x00000000,20,62,1222898
190,Classical RSA,PCR_READ,6070,0x0000017e,0x00000000,20,62,1126308
190,Classical RSA,PCR_READ,6071,0x0000017e,0x00000000,20,62,1044115
190,Classical RSA,PCR_READ,6072,0x0000017e,0x00000000,20,62,1539422
190,Classical RSA,PCR_READ,6073,0x0000017e,0x00000000,20,62,1450847
190,Classical RSA,PCR_READ,6074,0x0000017e,0x00000000,20,62,1119194
190,Classical RSA,PCR_READ,6075,0x0000017e,0x00000000,20,62,1229621
190,Classical RSA,NONCE_RANDOM,6076,0x0000017b,0x00000000,12,44,1258414
190,Classical RSA,QUOTE,6077,0x00000158,0x00000000,107,428,3497906
191,Classical RSA,EK_CREATE,6085,0x00000131,0x00000000,355,474,1179871
191,Classical RSA,AK_CREATE,6086,0x00000131,0x00000000,353,440,1154348
191,Classical RSA,CREDENTIAL_RANDOM,6087,0x0000017b,0x00000000,12,44,1212769
191,Classical RSA,MAKE_CREDENTIAL,6088,0x00000168,0x00000000,84,338,1246081
191,Classical RSA,ACTIVATE_AUTH,6089,0x00000176,0x00000000,59,48,1093988
191,Classical RSA,ACTIVATE_AUTH,6090,0x00000151,0x00000000,41,29,1052801
191,Classical RSA,ACTIVATE_CREDENTIAL,6091,0x00000147,0x00000000,464,122,3488238
191,Classical RSA,PCR_READ,6092,0x0000017e,0x00000000,20,62,1161423
191,Classical RSA,PCR_READ,6093,0x0000017e,0x00000000,20,62,1023556
191,Classical RSA,PCR_READ,6094,0x0000017e,0x00000000,20,62,1048553
191,Classical RSA,PCR_READ,6095,0x0000017e,0x00000000,20,62,1289763
191,Classical RSA,PCR_READ,6096,0x0000017e,0x00000000,20,62,1283231
191,Classical RSA,PCR_READ,6097,0x0000017e,0x00000000,20,62,1318817
191,Classical RSA,PCR_READ,6098,0x0000017e,0x00000000,20,62,1102484
191,Classical RSA,PCR_READ,6099,0x0000017e,0x00000000,20,62,1277279
191,Classical RSA,PCR_READ,6100,0x0000017e,0x00000000,20,62,1218550
191,Classical RSA,PCR_READ,6101,0x0000017e,0x00000000,20,62,1148940
191,Classical RSA,PCR_READ,6102,0x0000017e,0x00000000,20,62,1131287
191,Classical RSA,PCR_READ,6103,0x0000017e,0x00000000,20,62,1009510
191,Classical RSA,PCR_READ,6104,0x0000017e,0x00000000,20,62,1124495
191,Classical RSA,PCR_READ,6105,0x0000017e,0x00000000,20,62,1298348
191,Classical RSA,PCR_READ,6106,0x0000017e,0x00000000,20,62,1278632
191,Classical RSA,PCR_READ,6107,0x0000017e,0x00000000,20,62,1483133
191,Classical RSA,NONCE_RANDOM,6108,0x0000017b,0x00000000,12,44,2311706
191,Classical RSA,QUOTE,6109,0x00000158,0x00000000,107,428,3595918
192,Classical RSA,EK_CREATE,6117,0x00000131,0x00000000,355,474,1024879
192,Classical RSA,AK_CREATE,6118,0x00000131,0x00000000,353,440,1126920
192,Classical RSA,CREDENTIAL_RANDOM,6119,0x0000017b,0x00000000,12,44,1026232
192,Classical RSA,MAKE_CREDENTIAL,6120,0x00000168,0x00000000,84,338,1283811
192,Classical RSA,ACTIVATE_AUTH,6121,0x00000176,0x00000000,59,48,1288009
192,Classical RSA,ACTIVATE_AUTH,6122,0x00000151,0x00000000,41,29,1166032
192,Classical RSA,ACTIVATE_CREDENTIAL,6123,0x00000147,0x00000000,464,122,3574768
192,Classical RSA,PCR_READ,6124,0x0000017e,0x00000000,20,62,1119765
192,Classical RSA,PCR_READ,6125,0x0000017e,0x00000000,20,62,1031071
192,Classical RSA,PCR_READ,6126,0x0000017e,0x00000000,20,62,1148399
192,Classical RSA,PCR_READ,6127,0x0000017e,0x00000000,20,62,1127510
192,Classical RSA,PCR_READ,6128,0x0000017e,0x00000000,20,62,1199444
192,Classical RSA,PCR_READ,6129,0x0000017e,0x00000000,20,62,1306353
192,Classical RSA,PCR_READ,6130,0x0000017e,0x00000000,20,62,1132018
192,Classical RSA,PCR_READ,6131,0x0000017e,0x00000000,20,62,1056819
192,Classical RSA,PCR_READ,6132,0x0000017e,0x00000000,20,62,1035478
192,Classical RSA,PCR_READ,6133,0x0000017e,0x00000000,20,62,1403014
192,Classical RSA,PCR_READ,6134,0x0000017e,0x00000000,20,62,1073329
192,Classical RSA,PCR_READ,6135,0x0000017e,0x00000000,20,62,1021823
192,Classical RSA,PCR_READ,6136,0x0000017e,0x00000000,20,62,1060696
192,Classical RSA,PCR_READ,6137,0x0000017e,0x00000000,20,62,962292
192,Classical RSA,PCR_READ,6138,0x0000017e,0x00000000,20,62,951352
192,Classical RSA,PCR_READ,6139,0x0000017e,0x00000000,20,62,1129244
192,Classical RSA,NONCE_RANDOM,6140,0x0000017b,0x00000000,12,44,1007707
192,Classical RSA,QUOTE,6141,0x00000158,0x00000000,107,428,3300668
193,Classical RSA,EK_CREATE,6149,0x00000131,0x00000000,355,474,1246833
193,Classical RSA,AK_CREATE,6150,0x00000131,0x00000000,353,440,1152517
193,Classical RSA,CREDENTIAL_RANDOM,6151,0x0000017b,0x00000000,12,44,1123914
193,Classical RSA,MAKE_CREDENTIAL,6152,0x00000168,0x00000000,84,338,1124527
193,Classical RSA,ACTIVATE_AUTH,6153,0x00000176,0x00000000,59,48,1059350
193,Classical RSA,ACTIVATE_AUTH,6154,0x00000151,0x00000000,41,29,1098526
193,Classical RSA,ACTIVATE_CREDENTIAL,6155,0x00000147,0x00000000,464,122,3554771
193,Classical RSA,PCR_READ,6156,0x0000017e,0x00000000,20,62,1155432
193,Classical RSA,PCR_READ,6157,0x0000017e,0x00000000,20,62,1051730
193,Classical RSA,PCR_READ,6158,0x0000017e,0x00000000,20,62,1242083
193,Classical RSA,PCR_READ,6159,0x0000017e,0x00000000,20,62,1137458
193,Classical RSA,PCR_READ,6160,0x0000017e,0x00000000,20,62,1017325
193,Classical RSA,PCR_READ,6161,0x0000017e,0x00000000,20,62,1025450
193,Classical RSA,PCR_READ,6162,0x0000017e,0x00000000,20,62,1150052
193,Classical RSA,PCR_READ,6163,0x0000017e,0x00000000,20,62,1347180
193,Classical RSA,PCR_READ,6164,0x0000017e,0x00000000,20,62,1068430
193,Classical RSA,PCR_READ,6165,0x0000017e,0x00000000,20,62,1190488
193,Classical RSA,PCR_READ,6166,0x0000017e,0x00000000,20,62,1163768
193,Classical RSA,PCR_READ,6167,0x0000017e,0x00000000,20,62,1032544
193,Classical RSA,PCR_READ,6168,0x0000017e,0x00000000,20,62,1180999
193,Classical RSA,PCR_READ,6169,0x0000017e,0x00000000,20,62,1152757
193,Classical RSA,PCR_READ,6170,0x0000017e,0x00000000,20,62,1088938
193,Classical RSA,PCR_READ,6171,0x0000017e,0x00000000,20,62,1015371
193,Classical RSA,NONCE_RANDOM,6172,0x0000017b,0x00000000,12,44,1152336
193,Classical RSA,QUOTE,6173,0x00000158,0x00000000,107,428,3509317
194,Classical RSA,EK_CREATE,6181,0x00000131,0x00000000,355,474,1059624
194,Classical RSA,AK_CREATE,6182,0x00000131,0x00000000,353,440,1048272
194,Classical RSA,CREDENTIAL_RANDOM,6183,0x0000017b,0x00000000,12,44,1092806
194,Classical RSA,MAKE_CREDENTIAL,6184,0x00000168,0x00000000,84,338,1197230
194,Classical RSA,ACTIVATE_AUTH,6185,0x00000176,0x00000000,59,48,1274874
194,Classical RSA,ACTIVATE_AUTH,6186,0x00000151,0x00000000,41,29,1201177
194,Classical RSA,ACTIVATE_CREDENTIAL,6187,0x00000147,0x00000000,464,122,3613821
194,Classical RSA,PCR_READ,6188,0x0000017e,0x00000000,20,62,1307575
194,Classical RSA,PCR_READ,6189,0x0000017e,0x00000000,20,62,990244
194,Classical RSA,PCR_READ,6190,0x0000017e,0x00000000,20,62,1038344
194,Classical RSA,PCR_READ,6191,0x0000017e,0x00000000,20,62,1078729
194,Classical RSA,PCR_READ,6192,0x0000017e,0x00000000,20,62,1132600
194,Classical RSA,PCR_READ,6193,0x0000017e,0x00000000,20,62,1091913
194,Classical RSA,PCR_READ,6194,0x0000017e,0x00000000,20,62,1066467
194,Classical RSA,PCR_READ,6195,0x0000017e,0x00000000,20,62,1119545
194,Classical RSA,PCR_READ,6196,0x0000017e,0x00000000,20,62,1062079
194,Classical RSA,PCR_READ,6197,0x0000017e,0x00000000,20,62,1050567
194,Classical RSA,PCR_READ,6198,0x0000017e,0x00000000,20,62,1226585
194,Classical RSA,PCR_READ,6199,0x0000017e,0x00000000,20,62,1155352
194,Classical RSA,PCR_READ,6200,0x0000017e,0x00000000,20,62,1060315
194,Classical RSA,PCR_READ,6201,0x0000017e,0x00000000,20,62,1106291
194,Classical RSA,PCR_READ,6202,0x0000017e,0x00000000,20,62,1136297
194,Classical RSA,PCR_READ,6203,0x0000017e,0x00000000,20,62,1433210
194,Classical RSA,NONCE_RANDOM,6204,0x0000017b,0x00000000,12,44,1118704
194,Classical RSA,QUOTE,6205,0x00000158,0x00000000,107,428,3408328
195,Classical RSA,EK_CREATE,6213,0x00000131,0x00000000,355,474,1063742
195,Classical RSA,AK_CREATE,6214,0x00000131,0x00000000,353,440,1003108
195,Classical RSA,CREDENTIAL_RANDOM,6215,0x0000017b,0x00000000,12,44,1068741
195,Classical RSA,MAKE_CREDENTIAL,6216,0x00000168,0x00000000,84,338,1062599
195,Classical RSA,ACTIVATE_AUTH,6217,0x00000176,0x00000000,59,48,1073029
195,Classical RSA,ACTIVATE_AUTH,6218,0x00000151,0x00000000,41,29,1069351
195,Classical RSA,ACTIVATE_CREDENTIAL,6219,0x00000147,0x00000000,464,122,3611006
195,Classical RSA,PCR_READ,6220,0x0000017e,0x00000000,20,62,1129083
195,Classical RSA,PCR_READ,6221,0x0000017e,0x00000000,20,62,1011544
195,Classical RSA,PCR_READ,6222,0x0000017e,0x00000000,20,62,1195838
195,Classical RSA,PCR_READ,6223,0x0000017e,0x00000000,20,62,1166963
195,Classical RSA,PCR_READ,6224,0x0000017e,0x00000000,20,62,1042332
195,Classical RSA,PCR_READ,6225,0x0000017e,0x00000000,20,62,1009520
195,Classical RSA,PCR_READ,6226,0x0000017e,0x00000000,20,62,990806
195,Classical RSA,PCR_READ,6227,0x0000017e,0x00000000,20,62,1152436
195,Classical RSA,PCR_READ,6228,0x0000017e,0x00000000,20,62,1023316
195,Classical RSA,PCR_READ,6229,0x0000017e,0x00000000,20,62,1053032
195,Classical RSA,PCR_READ,6230,0x0000017e,0x00000000,20,62,1018096
195,Classical RSA,PCR_READ,6231,0x0000017e,0x00000000,20,62,1114806
195,Classical RSA,PCR_READ,6232,0x0000017e,0x00000000,20,62,1012817
195,Classical RSA,PCR_READ,6233,0x0000017e,0x00000000,20,62,1143269
195,Classical RSA,PCR_READ,6234,0x0000017e,0x00000000,20,62,1199865
195,Classical RSA,PCR_READ,6235,0x0000017e,0x00000000,20,62,914824
195,Classical RSA,NONCE_RANDOM,6236,0x0000017b,0x00000000,12,44,1001365
195,Classical RSA,QUOTE,6237,0x00000158,0x00000000,107,428,3414791
196,Classical RSA,EK_CREATE,6245,0x00000131,0x00000000,355,474,1333945
196,Classical RSA,AK_CREATE,6246,0x00000131,0x00000000,353,440,1089940
196,Classical RSA,CREDENTIAL_RANDOM,6247,0x0000017b,0x00000000,12,44,1160702
196,Classical RSA,MAKE_CREDENTIAL,6248,0x00000168,0x00000000,84,338,1262462
196,Classical RSA,ACTIVATE_AUTH,6249,0x00000176,0x00000000,59,48,1242564
196,Classical RSA,ACTIVATE_AUTH,6250,0x00000151,0x00000000,41,29,1173546
196,Classical RSA,ACTIVATE_CREDENTIAL,6251,0x00000147,0x00000000,464,122,3619933
196,Classical RSA,PCR_READ,6252,0x0000017e,0x00000000,20,62,1449974
196,Classical RSA,PCR_READ,6253,0x0000017e,0x00000000,20,62,1278559
196,Classical RSA,PCR_READ,6254,0x0000017e,0x00000000,20,62,1070785
196,Classical RSA,PCR_READ,6255,0x0000017e,0x00000000,20,62,1037232
196,Classical RSA,PCR_READ,6256,0x0000017e,0x00000000,20,62,1096592
196,Classical RSA,PCR_READ,6257,0x0000017e,0x00000000,20,62,1064603
196,Classical RSA,PCR_READ,6258,0x0000017e,0x00000000,20,62,996677
196,Classical RSA,PCR_READ,6259,0x0000017e,0x00000000,20,62,1017265
196,Classical RSA,PCR_READ,6260,0x0000017e,0x00000000,20,62,1058201
196,Classical RSA,PCR_READ,6261,0x0000017e,0x00000000,20,62,998640
196,Classical RSA,PCR_READ,6262,0x0000017e,0x00000000,20,62,1218630
196,Classical RSA,PCR_READ,6263,0x0000017e,0x00000000,20,62,1171642
196,Classical RSA,PCR_READ,6264,0x0000017e,0x00000000,20,62,1182904
196,Classical RSA,PCR_READ,6265,0x0000017e,0x00000000,20,62,1099217
196,Classical RSA,PCR_READ,6266,0x0000017e,0x00000000,20,62,997678
196,Classical RSA,PCR_READ,6267,0x0000017e,0x00000000,20,62,1111761
196,Classical RSA,NONCE_RANDOM,6268,0x0000017b,0x00000000,12,44,1101341
196,Classical RSA,QUOTE,6269,0x00000158,0x00000000,107,428,3418107
197,Classical RSA,EK_CREATE,6277,0x00000131,0x00000000,355,474,1116630
197,Classical RSA,AK_CREATE,6278,0x00000131,0x00000000,353,440,1025861
197,Classical RSA,CREDENTIAL_RANDOM,6279,0x0000017b,0x00000000,12,44,1061888
197,Classical RSA,MAKE_CREDENTIAL,6280,0x00000168,0x00000000,84,338,1026603
197,Classical RSA,ACTIVATE_AUTH,6281,0x00000176,0x00000000,59,48,1053182
197,Classical RSA,ACTIVATE_AUTH,6282,0x00000151,0x00000000,41,29,1197601
197,Classical RSA,ACTIVATE_CREDENTIAL,6283,0x00000147,0x00000000,464,122,3404501
197,Classical RSA,PCR_READ,6284,0x0000017e,0x00000000,20,62,1003499
197,Classical RSA,PCR_READ,6285,0x0000017e,0x00000000,20,62,962964
197,Classical RSA,PCR_READ,6286,0x0000017e,0x00000000,20,62,1102463
197,Classical RSA,PCR_READ,6287,0x0000017e,0x00000000,20,62,1032734
197,Classical RSA,PCR_READ,6288,0x0000017e,0x00000000,20,62,1016363
197,Classical RSA,PCR_READ,6289,0x0000017e,0x00000000,20,62,997348
197,Classical RSA,PCR_READ,6290,0x0000017e,0x00000000,20,62,1028957
197,Classical RSA,PCR_READ,6291,0x0000017e,0x00000000,20,62,1114145
197,Classical RSA,PCR_READ,6292,0x0000017e,0x00000000,20,62,1006084
197,Classical RSA,PCR_READ,6293,0x0000017e,0x00000000,20,62,1021623
197,Classical RSA,PCR_READ,6294,0x0000017e,0x00000000,20,62,1201789
197,Classical RSA,PCR_READ,6295,0x0000017e,0x00000000,20,62,995354
197,Classical RSA,PCR_READ,6296,0x0000017e,0x00000000,20,62,1025090
197,Classical RSA,PCR_READ,6297,0x0000017e,0x00000000,20,62,933589
197,Classical RSA,PCR_READ,6298,0x0000017e,0x00000000,20,62,1078969
197,Classical RSA,PCR_READ,6299,0x0000017e,0x00000000,20,62,1013007
197,Classical RSA,NONCE_RANDOM,6300,0x0000017b,0x00000000,12,44,988692
197,Classical RSA,QUOTE,6301,0x00000158,0x00000000,107,428,3418567
198,Classical RSA,EK_CREATE,6309,0x00000131,0x00000000,355,474,1056257
198,Classical RSA,AK_CREATE,6310,0x00000131,0x00000000,353,440,1095100
198,Classical RSA,CREDENTIAL_RANDOM,6311,0x0000017b,0x00000000,12,44,1109616
198,Classical RSA,MAKE_CREDENTIAL,6312,0x00000168,0x00000000,84,338,1063642
198,Classical RSA,ACTIVATE_AUTH,6313,0x00000176,0x00000000,59,48,976980
198,Classical RSA,ACTIVATE_AUTH,6314,0x00000151,0x00000000,41,29,986998
198,Classical RSA,ACTIVATE_CREDENTIAL,6315,0x00000147,0x00000000,464,122,3345532
198,Classical RSA,PCR_READ,6316,0x0000017e,0x00000000,20,62,1056578
198,Classical RSA,PCR_READ,6317,0x0000017e,0x00000000,20,62,1079571
198,Classical RSA,PCR_READ,6318,0x0000017e,0x00000000,20,62,1001164
198,Classical RSA,PCR_READ,6319,0x0000017e,0x00000000,20,62,999492
198,Classical RSA,PCR_READ,6320,0x0000017e,0x00000000,20,62,997378
198,Classical RSA,PCR_READ,6321,0x0000017e,0x00000000,20,62,1018096
198,Classical RSA,PCR_READ,6322,0x0000017e,0x00000000,20,62,970277
198,Classical RSA,PCR_READ,6323,0x0000017e,0x00000000,20,62,991638
198,Classical RSA,PCR_READ,6324,0x0000017e,0x00000000,20,62,956722
198,Classical RSA,PCR_READ,6325,0x0000017e,0x00000000,20,62,1002317
198,Classical RSA,PCR_READ,6326,0x0000017e,0x00000000,20,62,1025230
198,Classical RSA,PCR_READ,6327,0x0000017e,0x00000000,20,62,1024899
198,Classical RSA,PCR_READ,6328,0x0000017e,0x00000000,20,62,1005413
198,Classical RSA,PCR_READ,6329,0x0000017e,0x00000000,20,62,1036581
198,Classical RSA,PCR_READ,6330,0x0000017e,0x00000000,20,62,1020250
198,Classical RSA,PCR_READ,6331,0x0000017e,0x00000000,20,62,1048352
198,Classical RSA,NONCE_RANDOM,6332,0x0000017b,0x00000000,12,44,984404
198,Classical RSA,QUOTE,6333,0x00000158,0x00000000,107,428,3939588
199,Classical RSA,EK_CREATE,6341,0x00000131,0x00000000,355,474,1069302
199,Classical RSA,AK_CREATE,6342,0x00000131,0x00000000,353,440,1080953
199,Classical RSA,CREDENTIAL_RANDOM,6343,0x0000017b,0x00000000,12,44,984454
199,Classical RSA,MAKE_CREDENTIAL,6344,0x00000168,0x00000000,84,338,1167725
199,Classical RSA,ACTIVATE_AUTH,6345,0x00000176,0x00000000,59,48,1145203
199,Classical RSA,ACTIVATE_AUTH,6346,0x00000151,0x00000000,41,29,1308217
199,Classical RSA,ACTIVATE_CREDENTIAL,6347,0x00000147,0x00000000,464,122,3545814
199,Classical RSA,PCR_READ,6348,0x0000017e,0x00000000,20,62,1170540
199,Classical RSA,PCR_READ,6349,0x0000017e,0x00000000,20,62,1035789
199,Classical RSA,PCR_READ,6350,0x0000017e,0x00000000,20,62,997217
199,Classical RSA,PCR_READ,6351,0x0000017e,0x00000000,20,62,1033538
199,Classical RSA,PCR_READ,6352,0x0000017e,0x00000000,20,62,1072996
199,Classical RSA,PCR_READ,6353,0x0000017e,0x00000000,20,62,1068380
199,Classical RSA,PCR_READ,6354,0x0000017e,0x00000000,20,62,1149812
199,Classical RSA,PCR_READ,6355,0x0000017e,0x00000000,20,62,1086714
199,Classical RSA,PCR_READ,6356,0x0000017e,0x00000000,20,62,1231414
199,Classical RSA,PCR_READ,6357,0x0000017e,0x00000000,20,62,1157216
199,Classical RSA,PCR_READ,6358,0x0000017e,0x00000000,20,62,1180720
199,Classical RSA,PCR_READ,6359,0x0000017e,0x00000000,20,62,1166873
199,Classical RSA,PCR_READ,6360,0x0000017e,0x00000000,20,62,1135315
199,Classical RSA,PCR_READ,6361,0x0000017e,0x00000000,20,62,1082426
199,Classical RSA,PCR_READ,6362,0x0000017e,0x00000000,20,62,1125396
199,Classical RSA,PCR_READ,6363,0x0000017e,0x00000000,20,62,1156124
199,Classical RSA,NONCE_RANDOM,6364,0x0000017b,0x00000000,12,44,1032724
199,Classical RSA,QUOTE,6365,0x00000158,0x00000000,107,428,3444616
200,Classical RSA,EK_CREATE,6373,0x00000131,0x00000000,355,474,1155723
200,Classical RSA,AK_CREATE,6374,0x00000131,0x00000000,353,440,1227617
200,Classical RSA,CREDENTIAL_RANDOM,6375,0x0000017b,0x00000000,12,44,1241422
200,Classical RSA,MAKE_CREDENTIAL,6376,0x00000168,0x00000000,84,338,1359943
200,Classical RSA,ACTIVATE_AUTH,6377,0x00000176,0x00000000,59,48,1182342
200,Classical RSA,ACTIVATE_AUTH,6378,0x00000151,0x00000000,41,29,1178094
200,Classical RSA,ACTIVATE_CREDENTIAL,6379,0x00000147,0x00000000,464,122,3738423
200,Classical RSA,PCR_READ,6380,0x0000017e,0x00000000,20,62,1217037
200,Classical RSA,PCR_READ,6381,0x0000017e,0x00000000,20,62,1070674
200,Classical RSA,PCR_READ,6382,0x0000017e,0x00000000,20,62,1076555
200,Classical RSA,PCR_READ,6383,0x0000017e,0x00000000,20,62,1015712
200,Classical RSA,PCR_READ,6384,0x0000017e,0x00000000,20,62,1021243
200,Classical RSA,PCR_READ,6385,0x0000017e,0x00000000,20,62,1014439
200,Classical RSA,PCR_READ,6386,0x0000017e,0x00000000,20,62,1080683
200,Classical RSA,PCR_READ,6387,0x0000017e,0x00000000,20,62,1003008
200,Classical RSA,PCR_READ,6388,0x0000017e,0x00000000,20,62,989584
200,Classical RSA,PCR_READ,6389,0x0000017e,0x00000000,20,62,1032673
200,Classical RSA,PCR_READ,6390,0x0000017e,0x00000000,20,62,1212789
200,Classical RSA,PCR_READ,6391,0x0000017e,0x00000000,20,62,1039777
200,Classical RSA,PCR_READ,6392,0x0000017e,0x00000000,20,62,1007807
200,Classical RSA,PCR_READ,6393,0x0000017e,0x00000000,20,62,1019820
200,Classical RSA,PCR_READ,6394,0x0000017e,0x00000000,20,62,1012626
200,Classical RSA,PCR_READ,6395,0x0000017e,0x00000000,20,62,962442
200,Classical RSA,NONCE_RANDOM,6396,0x0000017b,0x00000000,12,44,983121
200,Classical RSA,QUOTE,6397,0x00000158,0x00000000,107,428,3433385
