server_seq,command_code,request_bytes,response_bytes,response_code,internal_ns
1,0x00000144,12,10,0x00000000,14193557
2,0x00000143,11,10,0x00000000,77648
3,0x0000017a,22,83,0x00000000,2256
4,0x0000017a,22,27,0x00000000,2487
5,0x00000131,355,474,0x00000000,175804398
6,0x00000131,353,440,0x00000000,87498812
7,0x0000017b,12,44,0x00000000,4251
8,0x00000168,84,338,0x00000000,75142
9,0x00000176,59,48,0x00000000,4491
10,0x00000151,41,29,0x00000000,5573
11,0x00000147,464,122,0x00000000,2451437
12,0x0000017e,20,62,0x00000000,992
13,0x0000017e,20,62,0x00000000,1043
14,0x0000017e,20,62,0x00000000,1173
15,0x0000017e,20,62,0x00000000,802
16,0x0000017e,20,62,0x00000000,852
17,0x0000017e,20,62,0x00000000,852
18,0x0000017e,20,62,0x00000000,852
19,0x0000017e,20,62,0x00000000,2105
20,0x0000017e,20,62,0x00000000,1022
21,0x0000017e,20,62,0x00000000,922
22,0x0000017e,20,62,0x00000000,1614
23,0x0000017e,20,62,0x00000000,1012
24,0x0000017e,20,62,0x00000000,992
25,0x0000017e,20,62,0x00000000,1714
26,0x0000017e,20,62,0x00000000,812
27,0x0000017e,20,62,0x00000000,1303
28,0x0000017b,12,44,0x00000000,5132
29,0x00000158,107,428,0x00000000,2498763
30,0x00000165,14,10,0x00000000,1994
31,0x00000165,14,10,0x00000000,1634
32,0x00000145,12,10,0x00000000,106319772
33,0x00000144,12,10,0x00000100,1153
34,0x00000143,11,10,0x00000000,7959
35,0x0000017a,22,83,0x00000000,1163
36,0x0000017a,22,27,0x00000000,762
37,0x00000131,355,474,0x00000000,24520
38,0x00000131,353,440,0x00000000,18635
39,0x0000017b,12,44,0x00000000,4260
40,0x00000168,84,338,0x00000000,104363
41,0x00000176,59,48,0x00000000,3639
42,0x00000151,41,29,0x00000000,3208
43,0x00000147,464,122,0x00000000,2871996
44,0x0000017e,20,62,0x00000000,1072
45,0x0000017e,20,62,0x00000000,1353
46,0x0000017e,20,62,0x00000000,993
47,0x0000017e,20,62,0x00000000,992
48,0x0000017e,20,62,0x00000000,842
49,0x0000017e,20,62,0x00000000,1102
50,0x0000017e,20,62,0x00000000,982
51,0x0000017e,20,62,0x00000000,822
52,0x0000017e,20,62,0x00000000,812
53,0x0000017e,20,62,0x00000000,1795
54,0x0000017e,20,62,0x00000000,1735
55,0x0000017e,20,62,0x00000000,34313
56,0x0000017e,20,62,0x00000000,2215
57,0x0000017e,20,62,0x00000000,2486
58,0x0000017e,20,62,0x00000000,1183
59,0x0000017e,20,62,0x00000000,2446
60,0x0000017b,12,44,0x00000000,7208
61,0x00000158,107,428,0x00000000,2445543
62,0x00000165,14,10,0x00000000,2426
63,0x00000165,14,10,0x00000000,3439
64,0x00000145,12,10,0x00000000,96650834
65,0x00000144,12,10,0x00000100,1554
66,0x00000143,11,10,0x00000000,7638
67,0x0000017a,22,83,0x00000000,1082
68,0x0000017a,22,27,0x00000000,1103
69,0x00000131,355,474,0x00000000,25141
70,0x00000131,353,440,0x00000000,26364
71,0x0000017b,12,44,0x00000000,3288
72,0x00000168,84,338,0x00000000,66751
73,0x00000176,59,48,0x00000000,3709
74,0x00000151,41,29,0x00000000,3749
75,0x00000147,464,122,0x00000000,3151283
76,0x0000017e,20,62,0x00000000,2296
77,0x0000017e,20,62,0x00000000,2516
78,0x0000017e,20,62,0x00000000,2005
79,0x0000017e,20,62,0x00000000,2436
80,0x0000017e,20,62,0x00000000,2005
81,0x0000017e,20,62,0x00000000,932
82,0x0000017e,20,62,0x00000000,2375
83,0x0000017e,20,62,0x00000000,1925
84,0x0000017e,20,62,0x00000000,2276
85,0x0000017e,20,62,0x00000000,3027
86,0x0000017e,20,62,0x00000000,2346
87,0x0000017e,20,62,0x00000000,3097
88,0x0000017e,20,62,0x00000000,2636
89,0x0000017e,20,62,0x00000000,3038
90,0x0000017e,20,62,0x00000000,1534
91,0x0000017e,20,62,0x00000000,3298
92,0x0000017b,12,44,0x00000000,6726
93,0x00000158,107,428,0x00000000,5701590
94,0x00000165,14,10,0x00000000,4250
95,0x00000165,14,10,0x00000000,3499
96,0x00000145,12,10,0x00000000,116262966
97,0x00000144,12,10,0x00000100,1634
98,0x00000143,11,10,0x00000000,8090
99,0x0000017a,22,83,0x00000000,2988
100,0x0000017a,22,27,0x00000000,952
101,0x00000131,355,474,0x00000000,31707
102,0x00000131,353,440,0x00000000,21523
103,0x0000017b,12,44,0x00000000,6154
104,0x00000168,84,338,0x00000000,65368
105,0x00000176,59,48,0x00000000,4811
106,0x00000151,41,29,0x00000000,7268
107,0x00000147,464,122,0x00000000,2691339
108,0x0000017e,20,62,0x00000000,1814
109,0x0000017e,20,62,0x00000000,2345
110,0x0000017e,20,62,0x00000000,2215
111,0x0000017e,20,62,0x00000000,892
112,0x0000017e,20,62,0x00000000,852
113,0x0000017e,20,62,0x00000000,2386
114,0x0000017e,20,62,0x00000000,2014
115,0x0000017e,20,62,0x00000000,912
116,0x0000017e,20,62,0x00000000,862
117,0x0000017e,20,62,0x00000000,2386
118,0x0000017e,20,62,0x00000000,2366
119,0x0000017e,20,62,0x00000000,2787
120,0x0000017e,20,62,0x00000000,1384
121,0x0000017e,20,62,0x00000000,1403
122,0x0000017e,20,62,0x00000000,2526
123,0x0000017e,20,62,0x00000000,1804
124,0x0000017b,12,44,0x00000000,7749
125,0x00000158,107,428,0x00000000,2748797
126,0x00000165,14,10,0x00000000,3539
127,0x00000165,14,10,0x00000000,3238
128,0x00000145,12,10,0x00000000,110340020
129,0x00000144,12,10,0x00000100,1153
130,0x00000143,11,10,0x00000000,6777
131,0x0000017a,22,83,0x00000000,2005
132,0x0000017a,22,27,0x00000000,2135
133,0x00000131,355,474,0x00000000,24870
134,0x00000131,353,440,0x00000000,18615
135,0x0000017b,12,44,0x00000000,3859
136,0x00000168,84,338,0x00000000,70751
137,0x00000176,59,48,0x00000000,4802
138,0x00000151,41,29,0x00000000,4762
139,0x00000147,464,122,0x00000000,2471577
140,0x0000017e,20,62,0x00000000,1875
141,0x0000017e,20,62,0x00000000,952
142,0x0000017e,20,62,0x00000000,2055
143,0x0000017e,20,62,0x00000000,2215
144,0x0000017e,20,62,0x00000000,1053
145,0x0000017e,20,62,0x00000000,862
146,0x0000017e,20,62,0x00000000,972
147,0x0000017e,20,62,0x00000000,2436
148,0x0000017e,20,62,0x00000000,1544
149,0x0000017e,20,62,0x00000000,1644
150,0x0000017e,20,62,0x00000000,2195
151,0x0000017e,20,62,0x00000000,1914
152,0x0000017e,20,62,0x00000000,2506
153,0x0000017e,20,62,0x00000000,1353
154,0x0000017e,20,62,0x00000000,862
155,0x0000017e,20,62,0x00000000,2977
156,0x0000017b,12,44,0x00000000,6426
157,0x00000158,107,428,0x00000000,2473157
158,0x00000165,14,10,0x00000000,3234
159,0x00000165,14,10,0x00000000,3735
160,0x00000145,12,10,0x00000000,106456808
161,0x00000144,12,10,0x00000100,2704
162,0x00000143,11,10,0x00000000,9193
163,0x0000017a,22,83,0x00000000,2042
164,0x0000017a,22,27,0x00000000,1552
165,0x00000131,355,474,0x00000000,33235
166,0x00000131,353,440,0x00000000,29851
167,0x0000017b,12,44,0x00000000,5888
168,0x00000168,84,338,0x00000000,87731
169,0x00000176,59,48,0x00000000,9403
170,0x00000151,41,29,0x00000000,8591
171,0x00000147,464,122,0x00000000,3016845
172,0x0000017e,20,62,0x00000000,2394
173,0x0000017e,20,62,0x00000000,2133
174,0x0000017e,20,62,0x00000000,1452
175,0x0000017e,20,62,0x00000000,1962
176,0x0000017e,20,62,0x00000000,1041
177,0x0000017e,20,62,0x00000000,2323
178,0x0000017e,20,62,0x00000000,1742
179,0x0000017e,20,62,0x00000000,2173
180,0x0000017e,20,62,0x00000000,2494
181,0x0000017e,20,62,0x00000000,2093
182,0x0000017e,20,62,0x00000000,3004
183,0x0000017e,20,62,0x00000000,1362
184,0x0000017e,20,62,0x00000000,2573
185,0x0000017e,20,62,0x00000000,3094
186,0x0000017e,20,62,0x00000000,3114
187,0x0000017e,20,62,0x00000000,1472
188,0x0000017b,12,44,0x00000000,6219
189,0x00000158,107,428,0x00000000,2475969
190,0x00000165,14,10,0x00000000,2023
191,0x00000165,14,10,0x00000000,1673
192,0x00000145,12,10,0x00000000,107731027
193,0x00000144,12,10,0x00000100,1660
194,0x00000143,11,10,0x00000000,7159
195,0x0000017a,22,83,0x00000000,1830
196,0x0000017a,22,27,0x00000000,700
197,0x00000131,355,474,0x00000000,25987
198,0x00000131,353,440,0x00000000,18707
199,0x0000017b,12,44,0x00000000,5299
200,0x00000168,84,338,0x00000000,158680
201,0x00000176,59,48,0x00000000,5439
202,0x00000151,41,29,0x00000000,5699
203,0x00000147,464,122,0x00000000,3331062
204,0x0000017e,20,62,0x00000000,1410
205,0x0000017e,20,62,0x00000000,1289
206,0x0000017e,20,62,0x00000000,2750
207,0x0000017e,20,62,0x00000000,2130
208,0x0000017e,20,62,0x00000000,1060
209,0x0000017e,20,62,0x00000000,810
210,0x0000017e,20,62,0x00000000,1840
211,0x0000017e,20,62,0x00000000,2110
212,0x0000017e,20,62,0x00000000,989
213,0x0000017e,20,62,0x00000000,1440
214,0x0000017e,20,62,0x00000000,1490
215,0x0000017e,20,62,0x00000000,1880
216,0x0000017e,20,62,0x00000000,990
217,0x0000017e,20,62,0x00000000,1830
218,0x0000017e,20,62,0x00000000,940
219,0x0000017e,20,62,0x00000000,1160
220,0x0000017b,12,44,0x00000000,6389
221,0x00000158,107,428,0x00000000,2362659
222,0x00000165,14,10,0x00000000,2340
223,0x00000165,14,10,0x00000000,3309
224,0x00000145,12,10,0x00000000,101297912
225,0x00000144,12,10,0x00000100,1430
226,0x00000143,11,10,0x00000000,7609
227,0x0000017a,22,83,0x00000000,1970
228,0x0000017a,22,27,0x00000000,1689
229,0x00000131,355,474,0x00000000,159671
230,0x00000131,353,440,0x00000000,19128
231,0x0000017b,12,44,0x00000000,6009
232,0x00000168,84,338,0x00000000,63322
233,0x00000176,59,48,0x00000000,5049
234,0x00000151,41,29,0x00000000,4679
235,0x00000147,464,122,0x00000000,3203118
236,0x0000017e,20,62,0x00000000,1389
237,0x0000017e,20,62,0x00000000,1520
238,0x0000017e,20,62,0x00000000,1130
239,0x0000017e,20,62,0x00000000,1440
240,0x0000017e,20,62,0x00000000,979
241,0x0000017e,20,62,0x00000000,939
242,0x0000017e,20,62,0x00000000,1450
243,0x0000017e,20,62,0x00000000,1030
244,0x0000017e,20,62,0x00000000,910
245,0x0000017e,20,62,0x00000000,800
246,0x0000017e,20,62,0x00000000,1120
247,0x0000017e,20,62,0x00000000,1500
248,0x0000017e,20,62,0x00000000,1129
249,0x0000017e,20,62,0x00000000,2249
250,0x0000017e,20,62,0x00000000,1310
251,0x0000017e,20,62,0x00000000,1610
252,0x0000017b,12,44,0x00000000,6399
253,0x00000158,107,428,0x00000000,2710882
254,0x00000165,14,10,0x00000000,2980
255,0x00000165,14,10,0x00000000,4020
256,0x00000145,12,10,0x00000000,93989281
257,0x00000144,12,10,0x00000100,1389
258,0x00000143,11,10,0x00000000,6929
259,0x0000017a,22,83,0x00000000,930
260,0x0000017a,22,27,0x00000000,1039
261,0x00000131,355,474,0x00000000,24237
262,0x00000131,353,440,0x00000000,18868
263,0x0000017b,12,44,0x00000000,2959
264,0x00000168,84,338,0x00000000,60102
265,0x00000176,59,48,0x00000000,3579
266,0x00000151,41,29,0x00000000,5109
267,0x00000147,464,122,0x00000000,2405464
268,0x0000017e,20,62,0x00000000,1659
269,0x0000017e,20,62,0x00000000,1250
270,0x0000017e,20,62,0x00000000,850
271,0x0000017e,20,62,0x00000000,1570
272,0x0000017e,20,62,0x00000000,1030
273,0x0000017e,20,62,0x00000000,849
274,0x0000017e,20,62,0x00000000,1040
275,0x0000017e,20,62,0x00000000,2370
276,0x0000017e,20,62,0x00000000,940
277,0x0000017e,20,62,0x00000000,820
278,0x0000017e,20,62,0x00000000,820
279,0x0000017e,20,62,0x00000000,1120
280,0x0000017e,20,62,0x00000000,1080
281,0x0000017e,20,62,0x00000000,1320
282,0x0000017e,20,62,0x00000000,1249
283,0x0000017e,20,62,0x00000000,2080
284,0x0000017b,12,44,0x00000000,5440
285,0x00000158,107,428,0x00000000,2355751
286,0x00000165,14,10,0x00000000,5339
287,0x00000165,14,10,0x00000000,2400
288,0x00000145,12,10,0x00000000,97064392
289,0x00000144,12,10,0x00000100,1940
290,0x00000143,11,10,0x00000000,6959
291,0x0000017a,22,83,0x00000000,1060
292,0x0000017a,22,27,0x00000000,1950
293,0x00000131,355,474,0x00000000,25717
294,0x00000131,353,440,0x00000000,30777
295,0x0000017b,12,44,0x00000000,3619
296,0x00000168,84,338,0x00000000,61413
297,0x00000176,59,48,0x00000000,3749
298,0x00000151,41,29,0x00000000,3409
299,0x00000147,464,122,0x00000000,2399984
300,0x0000017e,20,62,0x00000000,1080
301,0x0000017e,20,62,0x00000000,1070
302,0x0000017e,20,62,0x00000000,1870
303,0x0000017e,20,62,0x00000000,1930
304,0x0000017e,20,62,0x00000000,910
305,0x0000017e,20,62,0x00000000,1540
306,0x0000017e,20,62,0x00000000,1020
307,0x0000017e,20,62,0x00000000,870
308,0x0000017e,20,62,0x00000000,830
309,0x0000017e,20,62,0x00000000,1460
310,0x0000017e,20,62,0x00000000,840
311,0x0000017e,20,62,0x00000000,1650
312,0x0000017e,20,62,0x00000000,929
313,0x0000017e,20,62,0x00000000,850
314,0x0000017e,20,62,0x00000000,850
315,0x0000017e,20,62,0x00000000,830
316,0x0000017b,12,44,0x00000000,4880
317,0x00000158,107,428,0x00000000,2365939
318,0x00000165,14,10,0x00000000,2580
319,0x00000165,14,10,0x00000000,3800
320,0x00000145,12,10,0x00000000,98842215
321,0x00000144,12,10,0x00000100,1350
322,0x00000143,11,10,0x00000000,8079
323,0x0000017a,22,83,0x00000000,1540
324,0x0000017a,22,27,0x00000000,1050
325,0x00000131,355,474,0x00000000,25707
326,0x00000131,353,440,0x00000000,24327
327,0x0000017b,12,44,0x00000000,5249
328,0x00000168,84,338,0x00000000,112266
329,0x00000176,59,48,0x00000000,6319
330,0x00000151,41,29,0x00000000,5160
331,0x00000147,464,122,0x00000000,3784107
332,0x0000017e,20,62,0x00000000,2670
333,0x0000017e,20,62,0x00000000,1549
334,0x0000017e,20,62,0x00000000,1700
335,0x0000017e,20,62,0x00000000,2249
336,0x0000017e,20,62,0x00000000,1920
337,0x0000017e,20,62,0x00000000,2590
338,0x0000017e,20,62,0x00000000,1630
339,0x0000017e,20,62,0x00000000,2220
340,0x0000017e,20,62,0x00000000,1240
341,0x0000017e,20,62,0x00000000,2320
342,0x0000017e,20,62,0x00000000,1950
343,0x0000017e,20,62,0x00000000,1310
344,0x0000017e,20,62,0x00000000,1140
345,0x0000017e,20,62,0x00000000,1100
346,0x0000017e,20,62,0x00000000,1090
347,0x0000017e,20,62,0x00000000,1350
348,0x0000017b,12,44,0x00000000,5779
349,0x00000158,107,428,0x00000000,3520058
350,0x00000165,14,10,0x00000000,3400
351,0x00000165,14,10,0x00000000,4129
352,0x00000145,12,10,0x00000000,114596017
353,0x00000144,12,10,0x00000100,1878
354,0x00000143,11,10,0x00000000,8371
355,0x0000017a,22,83,0x00000000,1458
356,0x0000017a,22,27,0x00000000,1639
357,0x00000131,355,474,0x00000000,32886
358,0x00000131,353,440,0x00000000,28480
359,0x0000017b,12,44,0x00000000,7423
360,0x00000168,84,338,0x00000000,90266
361,0x00000176,59,48,0x00000000,6613
362,0x00000151,41,29,0x00000000,5225
363,0x00000147,464,122,0x00000000,3569053
364,0x0000017e,20,62,0x00000000,2688
365,0x0000017e,20,62,0x00000000,1918
366,0x0000017e,20,62,0x00000000,2517
367,0x0000017e,20,62,0x00000000,1878
368,0x0000017e,20,62,0x00000000,1249
369,0x0000017e,20,62,0x00000000,1718
370,0x0000017e,20,62,0x00000000,2137
371,0x0000017e,20,62,0x00000000,1469
372,0x0000017e,20,62,0x00000000,1719
373,0x0000017e,20,62,0x00000000,1399
374,0x0000017e,20,62,0x00000000,1508
375,0x0000017e,20,62,0x00000000,2307
376,0x0000017e,20,62,0x00000000,1278
377,0x0000017e,20,62,0x00000000,2538
378,0x0000017e,20,62,0x00000000,1639
379,0x0000017e,20,62,0x00000000,969
380,0x0000017b,12,44,0x00000000,6094
381,0x00000158,107,428,0x00000000,3821722
382,0x00000165,14,10,0x00000000,3087
383,0x00000165,14,10,0x00000000,3726
384,0x00000145,12,10,0x00000000,985563450
385,0x00000144,12,10,0x00000100,1917
386,0x00000143,11,10,0x00000000,11240
387,0x0000017a,22,83,0x00000000,2725
388,0x0000017a,22,27,0x00000000,1238
389,0x00000131,355,474,0x00000000,31132
390,0x00000131,353,440,0x00000000,35874
391,0x0000017b,12,44,0x00000000,7246
392,0x00000168,84,338,0x00000000,96981
393,0x00000176,59,48,0x00000000,6278
394,0x00000151,41,29,0x00000000,10900
395,0x00000147,464,122,0x00000000,3454674
396,0x0000017e,20,62,0x00000000,3014
397,0x0000017e,20,62,0x00000000,2036
398,0x0000017e,20,62,0x00000000,2246
399,0x0000017e,20,62,0x00000000,1657
400,0x0000017e,20,62,0x00000000,1577
401,0x0000017e,20,62,0x00000000,2216
402,0x0000017e,20,62,0x00000000,1687
403,0x0000017e,20,62,0x00000000,2395
404,0x0000017e,20,62,0x00000000,1856
405,0x0000017e,20,62,0x00000000,1966
406,0x0000017e,20,62,0x00000000,1069
407,0x0000017e,20,62,0x00000000,1996
408,0x0000017e,20,62,0x00000000,2206
409,0x0000017e,20,62,0x00000000,1987
410,0x0000017e,20,62,0x00000000,1397
411,0x0000017e,20,62,0x00000000,2874
412,0x0000017b,12,44,0x00000000,5380
413,0x00000158,107,428,0x00000000,2877180
414,0x00000165,14,10,0x00000000,3214
415,0x00000165,14,10,0x00000000,3344
416,0x00000145,12,10,0x00000000,132502298
417,0x00000144,12,10,0x00000100,2775
418,0x00000143,11,10,0x00000000,10540
419,0x0000017a,22,83,0x00000000,1368
420,0x0000017a,22,27,0x00000000,2405
421,0x00000131,355,474,0x00000000,36802
422,0x00000131,353,440,0x00000000,28698
423,0x0000017b,12,44,0x00000000,4501
424,0x00000168,84,338,0x00000000,78635
425,0x00000176,59,48,0x00000000,9143
426,0x00000151,41,29,0x00000000,7506
427,0x00000147,464,122,0x00000000,3139836
428,0x0000017e,20,62,0x00000000,2356
429,0x0000017e,20,62,0x00000000,2466
430,0x0000017e,20,62,0x00000000,2794
431,0x0000017e,20,62,0x00000000,2386
432,0x0000017e,20,62,0x00000000,2296
433,0x0000017e,20,62,0x00000000,1937
434,0x0000017e,20,62,0x00000000,1437
435,0x0000017e,20,62,0x00000000,2585
436,0x0000017e,20,62,0x00000000,2825
437,0x0000017e,20,62,0x00000000,2785
438,0x0000017e,20,62,0x00000000,2525
439,0x0000017e,20,62,0x00000000,2805
440,0x0000017e,20,62,0x00000000,2615
441,0x0000017e,20,62,0x00000000,1846
442,0x0000017e,20,62,0x00000000,2456
443,0x0000017e,20,62,0x00000000,1308
444,0x0000017b,12,44,0x00000000,6518
445,0x00000158,107,428,0x00000000,2670561
446,0x00000165,14,10,0x00000000,3982
447,0x00000165,14,10,0x00000000,4672
448,0x00000145,12,10,0x00000000,138782836
449,0x00000144,12,10,0x00000100,2525
450,0x00000143,11,10,0x00000000,9612
451,0x0000017a,22,83,0x00000000,1598
452,0x0000017a,22,27,0x00000000,1827
453,0x00000131,355,474,0x00000000,35425
454,0x00000131,353,440,0x00000000,20602
455,0x0000017b,12,44,0x00000000,9053
456,0x00000168,84,338,0x00000000,85212
457,0x00000176,59,48,0x00000000,8374
458,0x00000151,41,29,0x00000000,6738
459,0x00000147,464,122,0x00000000,2841726
460,0x0000017e,20,62,0x00000000,1886
461,0x0000017e,20,62,0x00000000,1796
462,0x0000017e,20,62,0x00000000,2386
463,0x0000017e,20,62,0x00000000,1357
464,0x0000017e,20,62,0x00000000,1397
465,0x0000017e,20,62,0x00000000,2895
466,0x0000017e,20,62,0x00000000,1117
467,0x0000017e,20,62,0x00000000,2426
468,0x0000017e,20,62,0x00000000,2016
469,0x0000017e,20,62,0x00000000,2036
470,0x0000017e,20,62,0x00000000,2605
471,0x0000017e,20,62,0x00000000,1428
472,0x0000017e,20,62,0x00000000,2904
473,0x0000017e,20,62,0x00000000,1577
474,0x0000017e,20,62,0x00000000,1298
475,0x0000017e,20,62,0x00000000,1038
476,0x0000017b,12,44,0x00000000,8953
477,0x00000158,107,428,0x00000000,3171577
478,0x00000165,14,10,0x00000000,4002
479,0x00000165,14,10,0x00000000,4102
480,0x00000145,12,10,0x00000000,114661654
481,0x00000144,12,10,0x00000100,2346
482,0x00000143,11,10,0x00000000,6558
483,0x0000017a,22,83,0x00000000,1696
484,0x0000017a,22,27,0x00000000,2335
485,0x00000131,355,474,0x00000000,29605
486,0x00000131,353,440,0x00000000,19634
487,0x0000017b,12,44,0x00000000,5170
488,0x00000168,84,338,0x00000000,66787
489,0x00000176,59,48,0x00000000,4013
490,0x00000151,41,29,0x00000000,3823
491,0x00000147,464,122,0x00000000,4007214
492,0x0000017e,20,62,0x00000000,2745
493,0x0000017e,20,62,0x00000000,1907
494,0x0000017e,20,62,0x00000000,1997
495,0x0000017e,20,62,0x00000000,948
496,0x0000017e,20,62,0x00000000,898
497,0x0000017e,20,62,0x00000000,2316
498,0x0000017e,20,62,0x00000000,1407
499,0x0000017e,20,62,0x00000000,1837
500,0x0000017e,20,62,0x00000000,2116
501,0x0000017e,20,62,0x00000000,2735
502,0x0000017e,20,62,0x00000000,2176
503,0x0000017e,20,62,0x00000000,959
504,0x0000017e,20,62,0x00000000,1857
505,0x0000017e,20,62,0x00000000,1317
506,0x0000017e,20,62,0x00000000,959
507,0x0000017e,20,62,0x00000000,879
508,0x0000017b,12,44,0x00000000,8036
509,0x00000158,107,428,0x00000000,3977910
510,0x00000165,14,10,0x00000000,3643
511,0x00000165,14,10,0x00000000,2326
512,0x00000145,12,10,0x00000000,127813010
513,0x00000144,12,10,0x00000100,1158
514,0x00000143,11,10,0x00000000,9962
515,0x0000017a,22,83,0x00000000,1597
516,0x0000017a,22,27,0x00000000,6618
517,0x00000131,355,474,0x00000000,26930
518,0x00000131,353,440,0x00000000,24654
519,0x0000017b,12,44,0x00000000,7427
520,0x00000168,84,338,0x00000000,96333
521,0x00000176,59,48,0x00000000,5450
522,0x00000151,41,29,0x00000000,10122
523,0x00000147,464,122,0x00000000,3671404
524,0x0000017e,20,62,0x00000000,1997
525,0x0000017e,20,62,0x00000000,2216
526,0x0000017e,20,62,0x00000000,869
527,0x0000017e,20,62,0x00000000,2246
528,0x0000017e,20,62,0x00000000,1277
529,0x0000017e,20,62,0x00000000,2565
530,0x0000017e,20,62,0x00000000,1168
531,0x0000017e,20,62,0x00000000,1667
532,0x0000017e,20,62,0x00000000,1956
533,0x0000017e,20,62,0x00000000,1867
534,0x0000017e,20,62,0x00000000,959
535,0x0000017e,20,62,0x00000000,2775
536,0x0000017e,20,62,0x00000000,1976
537,0x0000017e,20,62,0x00000000,1787
538,0x0000017e,20,62,0x00000000,1088
539,0x0000017e,20,62,0x00000000,1577
540,0x0000017b,12,44,0x00000000,6648
541,0x00000158,107,428,0x00000000,2512693
542,0x00000165,14,10,0x00000000,3104
543,0x00000165,14,10,0x00000000,4322
544,0x00000145,12,10,0x00000000,99093470
545,0x00000144,12,10,0x00000100,1687
546,0x00000143,11,10,0x00000000,7656
547,0x0000017a,22,83,0x00000000,1308
548,0x0000017a,22,27,0x00000000,2656
549,0x00000131,355,474,0x00000000,27389
550,0x00000131,353,440,0x00000000,26381
551,0x0000017b,12,44,0x00000000,6998
552,0x00000168,84,338,0x00000000,70839
553,0x00000176,59,48,0x00000000,6957
554,0x00000151,41,29,0x00000000,5719
555,0x00000147,464,122,0x00000000,3068228
556,0x0000017e,20,62,0x00000000,1557
557,0x0000017e,20,62,0x00000000,2216
558,0x0000017e,20,62,0x00000000,848
559,0x0000017e,20,62,0x00000000,1128
560,0x0000017e,20,62,0x00000000,898
561,0x0000017e,20,62,0x00000000,2366
562,0x0000017e,20,62,0x00000000,1976
563,0x0000017e,20,62,0x00000000,2076
564,0x0000017e,20,62,0x00000000,1477
565,0x0000017e,20,62,0x00000000,1198
566,0x0000017e,20,62,0x00000000,2314
567,0x0000017e,20,62,0x00000000,1327
568,0x0000017e,20,62,0x00000000,1037
569,0x0000017e,20,62,0x00000000,2204
570,0x0000017e,20,62,0x00000000,997
571,0x0000017e,20,62,0x00000000,1336
572,0x0000017b,12,44,0x00000000,6853
573,0x00000158,107,428,0x00000000,3612717
574,0x00000165,14,10,0x00000000,2524
575,0x00000165,14,10,0x00000000,1716
576,0x00000145,12,10,0x00000000,108457537
577,0x00000144,12,10,0x00000100,2294
578,0x00000143,11,10,0x00000000,7950
579,0x0000017a,22,83,0x00000000,1696
580,0x0000017a,22,27,0x00000000,1447
581,0x00000131,355,474,0x00000000,36088
582,0x00000131,353,440,0x00000000,25505
583,0x0000017b,12,44,0x00000000,5965
584,0x00000168,84,338,0x00000000,93581
585,0x00000176,59,48,0x00000000,4877
586,0x00000151,41,29,0x00000000,4539
587,0x00000147,464,122,0x00000000,2765387
588,0x0000017e,20,62,0x00000000,2045
589,0x0000017e,20,62,0x00000000,1645
590,0x0000017e,20,62,0x00000000,1416
591,0x0000017e,20,62,0x00000000,1177
592,0x0000017e,20,62,0x00000000,1925
593,0x0000017e,20,62,0x00000000,1177
594,0x0000017e,20,62,0x00000000,917
595,0x0000017e,20,62,0x00000000,968
596,0x0000017e,20,62,0x00000000,1965
597,0x0000017e,20,62,0x00000000,838
598,0x0000017e,20,62,0x00000000,1347
599,0x0000017e,20,62,0x00000000,1556
600,0x0000017e,20,62,0x00000000,1107
601,0x0000017e,20,62,0x00000000,2713
602,0x0000017e,20,62,0x00000000,1626
603,0x0000017e,20,62,0x00000000,1975
604,0x0000017b,12,44,0x00000000,4808
605,0x00000158,107,428,0x00000000,3603774
606,0x00000165,14,10,0x00000000,2942
607,0x00000165,14,10,0x00000000,3412
608,0x00000145,12,10,0x00000000,113709670
609,0x00000144,12,10,0x00000100,2254
610,0x00000143,11,10,0x00000000,8518
611,0x0000017a,22,83,0x00000000,1018
612,0x0000017a,22,27,0x00000000,728
613,0x00000131,355,474,0x00000000,42412
614,0x00000131,353,440,0x00000000,36716
615,0x0000017b,12,44,0x00000000,7541
616,0x00000168,84,338,0x00000000,102418
617,0x00000176,59,48,0x00000000,9446
618,0x00000151,41,29,0x00000000,8109
619,0x00000147,464,122,0x00000000,3540669
620,0x0000017e,20,62,0x00000000,2264
621,0x0000017e,20,62,0x00000000,2055
622,0x0000017e,20,62,0x00000000,1796
623,0x0000017e,20,62,0x00000000,2594
624,0x0000017e,20,62,0x00000000,2264
625,0x0000017e,20,62,0x00000000,2902
626,0x0000017e,20,62,0x00000000,1995
627,0x0000017e,20,62,0x00000000,2803
628,0x0000017e,20,62,0x00000000,2654
629,0x0000017e,20,62,0x00000000,2554
630,0x0000017e,20,62,0x00000000,2973
631,0x0000017e,20,62,0x00000000,1207
632,0x0000017e,20,62,0x00000000,1157
633,0x0000017e,20,62,0x00000000,958
634,0x0000017e,20,62,0x00000000,2683
635,0x0000017e,20,62,0x00000000,3172
636,0x0000017b,12,44,0x00000000,6543
637,0x00000158,107,428,0x00000000,3055157
638,0x00000165,14,10,0x00000000,3541
639,0x00000165,14,10,0x00000000,4568
640,0x00000145,12,10,0x00000000,108021851
641,0x00000144,12,10,0x00000100,1326
642,0x00000143,11,10,0x00000000,8538
643,0x0000017a,22,83,0x00000000,748
644,0x0000017a,22,27,0x00000000,1746
645,0x00000131,355,474,0x00000000,36846
646,0x00000131,353,440,0x00000000,27719
647,0x0000017b,12,44,0x00000000,5825
648,0x00000168,84,338,0x00000000,100982
649,0x00000176,59,48,0x00000000,7731
650,0x00000151,41,29,0x00000000,6274
651,0x00000147,464,122,0x00000000,3957637
652,0x0000017e,20,62,0x00000000,1486
653,0x0000017e,20,62,0x00000000,1646
654,0x0000017e,20,62,0x00000000,2314
655,0x0000017e,20,62,0x00000000,3002
656,0x0000017e,20,62,0x00000000,1187
657,0x0000017e,20,62,0x00000000,917
658,0x0000017e,20,62,0x00000000,877
659,0x0000017e,20,62,0x00000000,2584
660,0x0000017e,20,62,0x00000000,1088
661,0x0000017e,20,62,0x00000000,1088
662,0x0000017e,20,62,0x00000000,898
663,0x0000017e,20,62,0x00000000,3501
664,0x0000017e,20,62,0x00000000,1307
665,0x0000017e,20,62,0x00000000,1635
666,0x0000017e,20,62,0x00000000,1307
667,0x0000017e,20,62,0x00000000,4170
668,0x0000017b,12,44,0x00000000,22592
669,0x00000158,107,428,0x00000000,2498707
670,0x00000165,14,10,0x00000000,2364
671,0x00000165,14,10,0x00000000,1735
672,0x00000145,12,10,0x00000000,108172246
673,0x00000144,12,10,0x00000100,1167
674,0x00000143,11,10,0x00000000,8269
675,0x0000017a,22,83,0x00000000,1028
676,0x0000017a,22,27,0x00000000,837
677,0x00000131,355,474,0x00000000,36457
678,0x00000131,353,440,0x00000000,28807
679,0x0000017b,12,44,0x00000000,7900
680,0x00000168,84,338,0x00000000,66052
681,0x00000176,59,48,0x00000000,4229
682,0x00000151,41,29,0x00000000,3651
683,0x00000147,464,122,0x00000000,2534296
684,0x0000017e,20,62,0x00000000,1227
685,0x0000017e,20,62,0x00000000,857
686,0x0000017e,20,62,0x00000000,2344
687,0x0000017e,20,62,0x00000000,2653
688,0x0000017e,20,62,0x00000000,1017
689,0x0000017e,20,62,0x00000000,887
690,0x0000017e,20,62,0x00000000,1586
691,0x0000017e,20,62,0x00000000,967
692,0x0000017e,20,62,0x00000000,888
693,0x0000017e,20,62,0x00000000,998
694,0x0000017e,20,62,0x00000000,1068
695,0x0000017e,20,62,0x00000000,2483
696,0x0000017e,20,62,0x00000000,1138
697,0x0000017e,20,62,0x00000000,1436
698,0x0000017e,20,62,0x00000000,2403
699,0x0000017e,20,62,0x00000000,1107
700,0x0000017b,12,44,0x00000000,5626
701,0x00000158,107,428,0x00000000,2470070
702,0x00000165,14,10,0x00000000,3361
703,0x00000165,14,10,0x00000000,2743
704,0x00000145,12,10,0x00000000,105019515
705,0x00000144,12,10,0x00000100,1227
706,0x00000143,11,10,0x00000000,5965
707,0x0000017a,22,83,0x00000000,2224
708,0x0000017a,22,27,0x00000000,1746
709,0x00000131,355,474,0x00000000,40207
710,0x00000131,353,440,0x00000000,31889
711,0x0000017b,12,44,0x00000000,4000
712,0x00000168,84,338,0x00000000,94409
713,0x00000176,59,48,0x00000000,5406
714,0x00000151,41,29,0x00000000,4409
715,0x00000147,464,122,0x00000000,3696023
716,0x0000017e,20,62,0x00000000,2394
717,0x0000017e,20,62,0x00000000,1905
718,0x0000017e,20,62,0x00000000,858
719,0x0000017e,20,62,0x00000000,2064
720,0x0000017e,20,62,0x00000000,2504
721,0x0000017e,20,62,0x00000000,1147
722,0x0000017e,20,62,0x00000000,887
723,0x0000017e,20,62,0x00000000,878
724,0x0000017e,20,62,0x00000000,918
725,0x0000017e,20,62,0x00000000,848
726,0x0000017e,20,62,0x00000000,848
727,0x0000017e,20,62,0x00000000,1027
728,0x0000017e,20,62,0x00000000,878
729,0x0000017e,20,62,0x00000000,3251
730,0x0000017e,20,62,0x00000000,1696
731,0x0000017e,20,62,0x00000000,967
732,0x0000017b,12,44,0x00000000,4668
733,0x00000158,107,428,0x00000000,2458788
734,0x00000165,14,10,0x00000000,2413
735,0x00000165,14,10,0x00000000,1736
736,0x00000145,12,10,0x00000000,101634816
737,0x00000144,12,10,0x00000100,1387
738,0x00000143,11,10,0x00000000,6105
739,0x0000017a,22,83,0x00000000,1157
740,0x0000017a,22,27,0x00000000,898
741,0x00000131,355,474,0x00000000,25026
742,0x00000131,353,440,0x00000000,26323
743,0x0000017b,12,44,0x00000000,4459
744,0x00000168,84,338,0x00000000,78610
745,0x00000176,59,48,0x00000000,7132
746,0x00000151,41,29,0x00000000,5077
747,0x00000147,464,122,0x00000000,3826431
748,0x0000017e,20,62,0x00000000,1955
749,0x0000017e,20,62,0x00000000,1665
750,0x0000017e,20,62,0x00000000,1985
751,0x0000017e,20,62,0x00000000,1796
752,0x0000017e,20,62,0x00000000,1616
753,0x0000017e,20,62,0x00000000,1147
754,0x0000017e,20,62,0x00000000,1037
755,0x0000017e,20,62,0x00000000,1147
756,0x0000017e,20,62,0x00000000,1067
757,0x0000017e,20,62,0x00000000,2414
758,0x0000017e,20,62,0x00000000,1017
759,0x0000017e,20,62,0x00000000,828
760,0x0000017e,20,62,0x00000000,897
761,0x0000017e,20,62,0x00000000,1985
762,0x0000017e,20,62,0x00000000,1517
763,0x0000017e,20,62,0x00000000,2124
764,0x0000017b,12,44,0x00000000,4678
765,0x00000158,107,428,0x00000000,2471656
766,0x00000165,14,10,0x00000000,2554
767,0x00000165,14,10,0x00000000,1636
768,0x00000145,12,10,0x00000000,109759433
769,0x00000144,12,10,0x00000100,1755
770,0x00000143,11,10,0x00000000,9380
771,0x0000017a,22,83,0x00000000,2293
772,0x0000017a,22,27,0x00000000,1923
773,0x00000131,355,474,0x00000000,57548
774,0x00000131,353,440,0x00000000,32118
775,0x0000017b,12,44,0x00000000,5513
776,0x00000168,84,338,0x00000000,75909
777,0x00000176,59,48,0x00000000,8692
778,0x00000151,41,29,0x00000000,4705
779,0x00000147,464,122,0x00000000,2466606
780,0x0000017e,20,62,0x00000000,2522
781,0x0000017e,20,62,0x00000000,1715
782,0x0000017e,20,62,0x00000000,1894
783,0x0000017e,20,62,0x00000000,1545
784,0x0000017e,20,62,0x00000000,1276
785,0x0000017e,20,62,0x00000000,1565
786,0x0000017e,20,62,0x00000000,1386
787,0x0000017e,20,62,0x00000000,3748
788,0x0000017e,20,62,0x00000000,1615
789,0x0000017e,20,62,0x00000000,1824
790,0x0000017e,20,62,0x00000000,3020
791,0x0000017e,20,62,0x00000000,2383
792,0x0000017e,20,62,0x00000000,2352
793,0x0000017e,20,62,0x00000000,1894
794,0x0000017e,20,62,0x00000000,1445
795,0x0000017e,20,62,0x00000000,2562
796,0x0000017b,12,44,0x00000000,7925
797,0x00000158,107,428,0x00000000,2594061
798,0x00000165,14,10,0x00000000,4555
799,0x00000165,14,10,0x00000000,3270
800,0x00000145,12,10,0x00000000,96500206
801,0x00000144,12,10,0x00000100,2163
802,0x00000143,11,10,0x00000000,7556
803,0x0000017a,22,83,0x00000000,1017
804,0x0000017a,22,27,0x00000000,2453
805,0x00000131,355,474,0x00000000,26665
806,0x00000131,353,440,0x00000000,19110
807,0x0000017b,12,44,0x00000000,4465
808,0x00000168,84,338,0x00000000,97321
809,0x00000176,59,48,0x00000000,6639
810,0x00000151,41,29,0x00000000,4028
811,0x00000147,464,122,0x00000000,2512789
812,0x0000017e,20,62,0x00000000,2312
813,0x0000017e,20,62,0x00000000,1416
814,0x0000017e,20,62,0x00000000,1325
815,0x0000017e,20,62,0x00000000,837
816,0x0000017e,20,62,0x00000000,1256
817,0x0000017e,20,62,0x00000000,1276
818,0x0000017e,20,62,0x00000000,2472
819,0x0000017e,20,62,0x00000000,1565
820,0x0000017e,20,62,0x00000000,2493
821,0x0000017e,20,62,0x00000000,1546
822,0x0000017e,20,62,0x00000000,1545
823,0x0000017e,20,62,0x00000000,1765
824,0x0000017e,20,62,0x00000000,2084
825,0x0000017e,20,62,0x00000000,1087
826,0x0000017e,20,62,0x00000000,1007
827,0x0000017e,20,62,0x00000000,1047
828,0x0000017b,12,44,0x00000000,6111
829,0x00000158,107,428,0x00000000,3994525
830,0x00000165,14,10,0x00000000,3977
831,0x00000165,14,10,0x00000000,3748
832,0x00000145,12,10,0x00000000,109792135
833,0x00000144,12,10,0x00000100,1764
834,0x00000143,11,10,0x00000000,8882
835,0x0000017a,22,83,0x00000000,2562
836,0x0000017a,22,27,0x00000000,1714
837,0x00000131,355,474,0x00000000,38777
838,0x00000131,353,440,0x00000000,36953
839,0x0000017b,12,44,0x00000000,3958
840,0x00000168,84,338,0x00000000,76797
841,0x00000176,59,48,0x00000000,4625
842,0x00000151,41,29,0x00000000,4386
843,0x00000147,464,122,0x00000000,2705269
844,0x0000017e,20,62,0x00000000,2303
845,0x0000017e,20,62,0x00000000,2123
846,0x0000017e,20,62,0x00000000,18352
847,0x0000017e,20,62,0x00000000,2283
848,0x0000017e,20,62,0x00000000,1855
849,0x0000017e,20,62,0x00000000,2522
850,0x0000017e,20,62,0x00000000,2094
851,0x0000017e,20,62,0x00000000,1585
852,0x0000017e,20,62,0x00000000,2292
853,0x0000017e,20,62,0x00000000,1684
854,0x0000017e,20,62,0x00000000,1455
855,0x0000017e,20,62,0x00000000,2403
856,0x0000017e,20,62,0x00000000,897
857,0x0000017e,20,62,0x00000000,2552
858,0x0000017e,20,62,0x00000000,1954
859,0x0000017e,20,62,0x00000000,1206
860,0x0000017b,12,44,0x00000000,6539
861,0x00000158,107,428,0x00000000,2947382
862,0x00000165,14,10,0x00000000,3679
863,0x00000165,14,10,0x00000000,4825
864,0x00000145,12,10,0x00000000,116790563
865,0x00000144,12,10,0x00000100,2193
866,0x00000143,11,10,0x00000000,8643
867,0x0000017a,22,83,0x00000000,1047
868,0x0000017a,22,27,0x00000000,2372
869,0x00000131,355,474,0x00000000,39854
870,0x00000131,353,440,0x00000000,33942
871,0x0000017b,12,44,0x00000000,3628
872,0x00000168,84,338,0x00000000,97850
873,0x00000176,59,48,0x00000000,5732
874,0x00000151,41,29,0x00000000,9381
875,0x00000147,464,122,0x00000000,2545306
876,0x0000017e,20,62,0x00000000,1425
877,0x0000017e,20,62,0x00000000,1067
878,0x0000017e,20,62,0x00000000,1106
879,0x0000017e,20,62,0x00000000,3150
880,0x0000017e,20,62,0x00000000,2433
881,0x0000017e,20,62,0x00000000,967
882,0x0000017e,20,62,0x00000000,2044
883,0x0000017e,20,62,0x00000000,967
884,0x0000017e,20,62,0x00000000,2233
885,0x0000017e,20,62,0x00000000,1964
886,0x0000017e,20,62,0x00000000,2732
887,0x0000017e,20,62,0x00000000,1116
888,0x0000017e,20,62,0x00000000,2821
889,0x0000017e,20,62,0x00000000,1087
890,0x0000017e,20,62,0x00000000,3329
891,0x0000017e,20,62,0x00000000,2572
892,0x0000017b,12,44,0x00000000,6778
893,0x00000158,107,428,0x00000000,3490870
894,0x00000165,14,10,0x00000000,3668
895,0x00000165,14,10,0x00000000,4136
896,0x00000145,12,10,0x00000000,112522456
897,0x00000144,12,10,0x00000100,2094
898,0x00000143,11,10,0x00000000,10866
899,0x0000017a,22,83,0x00000000,2272
900,0x0000017a,22,27,0x00000000,2751
901,0x00000131,355,474,0x00000000,54059
902,0x00000131,353,440,0x00000000,37043
903,0x0000017b,12,44,0x00000000,5363
904,0x00000168,84,338,0x00000000,77514
905,0x00000176,59,48,0x00000000,7446
906,0x00000151,41,29,0x00000000,4516
907,0x00000147,464,122,0x00000000,3971018
908,0x0000017e,20,62,0x00000000,2053
909,0x0000017e,20,62,0x00000000,1834
910,0x0000017e,20,62,0x00000000,1704
911,0x0000017e,20,62,0x00000000,2123
912,0x0000017e,20,62,0x00000000,1216
913,0x0000017e,20,62,0x00000000,1764
914,0x0000017e,20,62,0x00000000,1306
915,0x0000017e,20,62,0x00000000,2681
916,0x0000017e,20,62,0x00000000,2611
917,0x0000017e,20,62,0x00000000,1984
918,0x0000017e,20,62,0x00000000,28908
919,0x0000017e,20,62,0x00000000,1874
920,0x0000017e,20,62,0x00000000,1426
921,0x0000017e,20,62,0x00000000,2353
922,0x0000017e,20,62,0x00000000,1336
923,0x0000017e,20,62,0x00000000,2153
924,0x0000017b,12,44,0x00000000,6808
925,0x00000158,107,428,0x00000000,2532377
926,0x00000165,14,10,0x00000000,3588
927,0x00000165,14,10,0x00000000,2811
928,0x00000145,12,10,0x00000000,105451892
929,0x00000144,12,10,0x00000100,1555
930,0x00000143,11,10,0x00000000,8753
931,0x0000017a,22,83,0x00000000,2272
932,0x0000017a,22,27,0x00000000,1954
933,0x00000131,355,474,0x00000000,25898
934,0x00000131,353,440,0x00000000,19289
935,0x0000017b,12,44,0x00000000,4276
936,0x00000168,84,338,0x00000000,65472
937,0x00000176,59,48,0x00000000,9082
938,0x00000151,41,29,0x00000000,6260
939,0x00000147,464,122,0x00000000,2483552
940,0x0000017e,20,62,0x00000000,1455
941,0x0000017e,20,62,0x00000000,867
942,0x0000017e,20,62,0x00000000,917
943,0x0000017e,20,62,0x00000000,878
944,0x0000017e,20,62,0x00000000,1027
945,0x0000017e,20,62,0x00000000,957
946,0x0000017e,20,62,0x00000000,1047
947,0x0000017e,20,62,0x00000000,2133
948,0x0000017e,20,62,0x00000000,1316
949,0x0000017e,20,62,0x00000000,868
950,0x0000017e,20,62,0x00000000,2333
951,0x0000017e,20,62,0x00000000,1984
952,0x0000017e,20,62,0x00000000,997
953,0x0000017e,20,62,0x00000000,1525
954,0x0000017e,20,62,0x00000000,868
955,0x0000017e,20,62,0x00000000,2313
956,0x0000017b,12,44,0x00000000,5313
957,0x00000158,107,428,0x00000000,3981425
958,0x00000165,14,10,0x00000000,3639
959,0x00000165,14,10,0x00000000,2074
960,0x00000145,12,10,0x00000000,102579741
961,0x00000144,12,10,0x00000100,1873
962,0x00000143,11,10,0x00000000,7523
963,0x0000017a,22,83,0x00000000,2381
964,0x0000017a,22,27,0x00000000,1654
965,0x00000131,355,474,0x00000000,34881
966,0x00000131,353,440,0x00000000,34900
967,0x0000017b,12,44,0x00000000,5559
968,0x00000168,84,338,0x00000000,98256
969,0x00000176,59,48,0x00000000,7812
970,0x00000151,41,29,0x00000000,8418
971,0x00000147,464,122,0x00000000,3109914
972,0x0000017e,20,62,0x00000000,2640
973,0x0000017e,20,62,0x00000000,2541
974,0x0000017e,20,62,0x00000000,1116
975,0x0000017e,20,62,0x00000000,2710
976,0x0000017e,20,62,0x00000000,3378
977,0x0000017e,20,62,0x00000000,2361
978,0x0000017e,20,62,0x00000000,1225
979,0x0000017e,20,62,0x00000000,2352
980,0x0000017e,20,62,0x00000000,1066
981,0x0000017e,20,62,0x00000000,1893
982,0x0000017e,20,62,0x00000000,876
983,0x0000017e,20,62,0x00000000,887
984,0x0000017e,20,62,0x00000000,1245
985,0x0000017e,20,62,0x00000000,1155
986,0x0000017e,20,62,0x00000000,876
987,0x0000017e,20,62,0x00000000,876
988,0x0000017b,12,44,0x00000000,4603
989,0x00000158,107,428,0x00000000,2432218
990,0x00000165,14,10,0x00000000,2769
991,0x00000165,14,10,0x00000000,1873
992,0x00000145,12,10,0x00000000,99893726
993,0x00000144,12,10,0x00000100,1455
994,0x00000143,11,10,0x00000000,6406
995,0x0000017a,22,83,0x00000000,846
996,0x0000017a,22,27,0x00000000,698
997,0x00000131,355,474,0x00000000,60167
998,0x00000131,353,440,0x00000000,30567
999,0x0000017b,12,44,0x00000000,6237
1000,0x00000168,84,338,0x00000000,65846
1001,0x00000176,59,48,0x00000000,3816
1002,0x00000151,41,29,0x00000000,4065
1003,0x00000147,464,122,0x00000000,2499578
1004,0x0000017e,20,62,0x00000000,1027
1005,0x0000017e,20,62,0x00000000,847
1006,0x0000017e,20,62,0x00000000,817
1007,0x0000017e,20,62,0x00000000,866
1008,0x0000017e,20,62,0x00000000,2202
1009,0x0000017e,20,62,0x00000000,1066
1010,0x0000017e,20,62,0x00000000,857
1011,0x0000017e,20,62,0x00000000,827
1012,0x0000017e,20,62,0x00000000,2591
1013,0x0000017e,20,62,0x00000000,1933
1014,0x0000017e,20,62,0x00000000,1694
1015,0x0000017e,20,62,0x00000000,1713
1016,0x0000017e,20,62,0x00000000,857
1017,0x0000017e,20,62,0x00000000,1206
1018,0x0000017e,20,62,0x00000000,906
1019,0x0000017e,20,62,0x00000000,2271
1020,0x0000017b,12,44,0x00000000,4692
1021,0x00000158,107,428,0x00000000,2524206
1022,0x00000165,14,10,0x00000000,2621
1023,0x00000165,14,10,0x00000000,1694
1024,0x00000145,12,10,0x00000000,97252890
1025,0x00000144,12,10,0x00000100,2581
1026,0x00000143,11,10,0x00000000,5719
1027,0x0000017a,22,83,0x00000000,1027
1028,0x0000017a,22,27,0x00000000,906
1029,0x00000131,355,474,0x00000000,25705
1030,0x00000131,353,440,0x00000000,19447
1031,0x0000017b,12,44,0x00000000,2979
1032,0x00000168,84,338,0x00000000,94819
1033,0x00000176,59,48,0x00000000,6516
1034,0x00000151,41,29,0x00000000,4393
1035,0x00000147,464,122,0x00000000,4124378
1036,0x0000017e,20,62,0x00000000,2630
1037,0x0000017e,20,62,0x00000000,2382
1038,0x0000017e,20,62,0x00000000,1375
1039,0x0000017e,20,62,0x00000000,897
1040,0x0000017e,20,62,0x00000000,857
1041,0x0000017e,20,62,0x00000000,877
1042,0x0000017e,20,62,0x00000000,876
1043,0x0000017e,20,62,0x00000000,997
1044,0x0000017e,20,62,0x00000000,2092
1045,0x0000017e,20,62,0x00000000,1085
1046,0x0000017e,20,62,0x00000000,897
1047,0x0000017e,20,62,0x00000000,877
1048,0x0000017e,20,62,0x00000000,2830
1049,0x0000017e,20,62,0x00000000,907
1050,0x0000017e,20,62,0x00000000,887
1051,0x0000017e,20,62,0x00000000,857
1052,0x0000017b,12,44,0x00000000,7164
1053,0x00000158,107,428,0x00000000,2431859
1054,0x00000165,14,10,0x00000000,1863
1055,0x00000165,14,10,0x00000000,1654
1056,0x00000145,12,10,0x00000000,108560732
1057,0x00000144,12,10,0x00000100,1355
1058,0x00000143,11,10,0x00000000,8419
1059,0x0000017a,22,83,0x00000000,2252
1060,0x0000017a,22,27,0x00000000,1056
1061,0x00000131,355,474,0x00000000,41945
1062,0x00000131,353,440,0x00000000,28773
1063,0x0000017b,12,44,0x00000000,5649
1064,0x00000168,84,338,0x00000000,82096
1065,0x00000176,59,48,0x00000000,4454
1066,0x00000151,41,29,0x00000000,5221
1067,0x00000147,464,122,0x00000000,3447940
1068,0x0000017e,20,62,0x00000000,1494
1069,0x0000017e,20,62,0x00000000,1704
1070,0x0000017e,20,62,0x00000000,2152
1071,0x0000017e,20,62,0x00000000,1016
1072,0x0000017e,20,62,0x00000000,2142
1073,0x0000017e,20,62,0x00000000,1096
1074,0x0000017e,20,62,0x00000000,1006
1075,0x0000017e,20,62,0x00000000,1733
1076,0x0000017e,20,62,0x00000000,1345
1077,0x0000017e,20,62,0x00000000,1066
1078,0x0000017e,20,62,0x00000000,1007
1079,0x0000017e,20,62,0x00000000,1225
1080,0x0000017e,20,62,0x00000000,2372
1081,0x0000017e,20,62,0x00000000,1634
1082,0x0000017e,20,62,0x00000000,1933
1083,0x0000017e,20,62,0x00000000,1883
1084,0x0000017b,12,44,0x00000000,6137
1085,0x00000158,107,428,0x00000000,3802554
1086,0x00000165,14,10,0x00000000,3596
1087,0x00000165,14,10,0x00000000,2690
1088,0x00000145,12,10,0x00000000,106514009
1089,0x00000144,12,10,0x00000100,2062
1090,0x00000143,11,10,0x00000000,8070
1091,0x0000017a,22,83,0x00000000,1345
1092,0x0000017a,22,27,0x00000000,797
1093,0x00000131,355,474,0x00000000,26262
1094,0x00000131,353,440,0x00000000,26193
1095,0x0000017b,12,44,0x00000000,4892
1096,0x00000168,84,338,0x00000000,85014
1097,0x00000176,59,48,0x00000000,6048
1098,0x00000151,41,29,0x00000000,3846
1099,0x00000147,464,122,0x00000000,2426669
1100,0x0000017e,20,62,0x00000000,1076
1101,0x0000017e,20,62,0x00000000,876
1102,0x0000017e,20,62,0x00000000,867
1103,0x0000017e,20,62,0x00000000,2351
1104,0x0000017e,20,62,0x00000000,1764
1105,0x0000017e,20,62,0x00000000,997
1106,0x0000017e,20,62,0x00000000,997
1107,0x0000017e,20,62,0x00000000,2112
1108,0x0000017e,20,62,0x00000000,1006
1109,0x0000017e,20,62,0x00000000,887
1110,0x0000017e,20,62,0x00000000,857
1111,0x0000017e,20,62,0x00000000,837
1112,0x0000017e,20,62,0x00000000,2351
1113,0x0000017e,20,62,0x00000000,986
1114,0x0000017e,20,62,0x00000000,1006
1115,0x0000017e,20,62,0x00000000,2112
1116,0x0000017b,12,44,0x00000000,4902
1117,0x00000158,107,428,0x00000000,2574141
1118,0x00000165,14,10,0x00000000,2511
1119,0x00000165,14,10,0x00000000,2252
1120,0x00000145,12,10,0x00000000,103376497
1121,0x00000144,12,10,0x00000100,1803
1122,0x00000143,11,10,0x00000000,6775
1123,0x0000017a,22,83,0x00000000,2282
1124,0x0000017a,22,27,0x00000000,1505
1125,0x00000131,355,474,0x00000000,27936
1126,0x00000131,353,440,0x00000000,20445
1127,0x0000017b,12,44,0x00000000,3267
1128,0x00000168,84,338,0x00000000,92936
1129,0x00000176,59,48,0x00000000,4224
1130,0x00000151,41,29,0x00000000,3447
1131,0x00000147,464,122,0x00000000,2459467
1132,0x0000017e,20,62,0x00000000,1006
1133,0x0000017e,20,62,0x00000000,867
1134,0x0000017e,20,62,0x00000000,857
1135,0x0000017e,20,62,0x00000000,957
1136,0x0000017e,20,62,0x00000000,986
1137,0x0000017e,20,62,0x00000000,1155
1138,0x0000017e,20,62,0x00000000,877
1139,0x0000017e,20,62,0x00000000,876
1140,0x0000017e,20,62,0x00000000,2491
1141,0x0000017e,20,62,0x00000000,1116
1142,0x0000017e,20,62,0x00000000,1764
1143,0x0000017e,20,62,0x00000000,1056
1144,0x0000017e,20,62,0x00000000,847
1145,0x0000017e,20,62,0x00000000,886
1146,0x0000017e,20,62,0x00000000,887
1147,0x0000017e,20,62,0x00000000,857
1148,0x0000017b,12,44,0x00000000,5051
1149,0x00000158,107,428,0x00000000,2415202
1150,0x00000165,14,10,0x00000000,1973
1151,0x00000165,14,10,0x00000000,2262
1152,0x00000145,12,10,0x00000000,98923914
1153,0x00000144,12,10,0x00000100,1066
1154,0x00000143,11,10,0x00000000,9256
1155,0x0000017a,22,83,0x00000000,1723
1156,0x0000017a,22,27,0x00000000,797
1157,0x00000131,355,474,0x00000000,38049
1158,0x00000131,353,440,0x00000000,25326
1159,0x0000017b,12,44,0x00000000,5022
1160,0x00000168,84,338,0x00000000,66912
1161,0x00000176,59,48,0x00000000,3925
1162,0x00000151,41,29,0x00000000,8867
1163,0x00000147,464,122,0x00000000,2450779
1164,0x0000017e,20,62,0x00000000,1166
1165,0x0000017e,20,62,0x00000000,1066
1166,0x0000017e,20,62,0x00000000,1146
1167,0x0000017e,20,62,0x00000000,986
1168,0x0000017e,20,62,0x00000000,977
1169,0x0000017e,20,62,0x00000000,927
1170,0x0000017e,20,62,0x00000000,867
1171,0x0000017e,20,62,0x00000000,827
1172,0x0000017e,20,62,0x00000000,2232
1173,0x0000017e,20,62,0x00000000,1006
1174,0x0000017e,20,62,0x00000000,837
1175,0x0000017e,20,62,0x00000000,877
1176,0x0000017e,20,62,0x00000000,1096
1177,0x0000017e,20,62,0x00000000,2401
1178,0x0000017e,20,62,0x00000000,1036
1179,0x0000017e,20,62,0x00000000,976
1180,0x0000017b,12,44,0x00000000,5679
1181,0x00000158,107,428,0x00000000,2614529
1182,0x00000165,14,10,0x00000000,2341
1183,0x00000165,14,10,0x00000000,2022
1184,0x00000145,12,10,0x00000000,106501915
1185,0x00000144,12,10,0x00000100,1076
1186,0x00000143,11,10,0x00000000,5526
1187,0x0000017a,22,83,0x00000000,1075
1188,0x0000017a,22,27,0x00000000,2281
1189,0x00000131,355,474,0x00000000,23870
1190,0x00000131,353,440,0x00000000,19249
1191,0x0000017b,12,44,0x00000000,3007
1192,0x00000168,84,338,0x00000000,62398
1193,0x00000176,59,48,0x00000000,8365
1194,0x00000151,41,29,0x00000000,4272
1195,0x00000147,464,122,0x00000000,2405836
1196,0x0000017e,20,62,0x00000000,1095
1197,0x0000017e,20,62,0x00000000,1335
1198,0x0000017e,20,62,0x00000000,877
1199,0x0000017e,20,62,0x00000000,1005
1200,0x0000017e,20,62,0x00000000,2390
1201,0x0000017e,20,62,0x00000000,867
1202,0x0000017e,20,62,0x00000000,1185
1203,0x0000017e,20,62,0x00000000,1125
1204,0x0000017e,20,62,0x00000000,1015
1205,0x0000017e,20,62,0x00000000,1593
1206,0x0000017e,20,62,0x00000000,887
1207,0x0000017e,20,62,0x00000000,1006
1208,0x0000017e,20,62,0x00000000,1135
1209,0x0000017e,20,62,0x00000000,1026
1210,0x0000017e,20,62,0x00000000,2350
1211,0x0000017e,20,62,0x00000000,1045
1212,0x0000017b,12,44,0x00000000,6194
1213,0x00000158,107,428,0x00000000,2529488
1214,0x00000165,14,10,0x00000000,2410
1215,0x00000165,14,10,0x00000000,3515
1216,0x00000145,12,10,0x00000000,113817374
1217,0x00000144,12,10,0x00000100,1762
1218,0x00000143,11,10,0x00000000,7838
1219,0x0000017a,22,83,0x00000000,2002
1220,0x0000017a,22,27,0x00000000,986
1221,0x00000131,355,474,0x00000000,25204
1222,0x00000131,353,440,0x00000000,21640
1223,0x0000017b,12,44,0x00000000,4600
1224,0x00000168,84,338,0x00000000,64351
1225,0x00000176,59,48,0x00000000,3665
1226,0x00000151,41,29,0x00000000,3356
1227,0x00000147,464,122,0x00000000,2443588
1228,0x0000017e,20,62,0x00000000,946
1229,0x0000017e,20,62,0x00000000,817
1230,0x0000017e,20,62,0x00000000,866
1231,0x0000017e,20,62,0x00000000,1075
1232,0x0000017e,20,62,0x00000000,866
1233,0x0000017e,20,62,0x00000000,857
1234,0x0000017e,20,62,0x00000000,847
1235,0x0000017e,20,62,0x00000000,847
1236,0x0000017e,20,62,0x00000000,866
1237,0x0000017e,20,62,0x00000000,2201
1238,0x0000017e,20,62,0x00000000,1255
1239,0x0000017e,20,62,0x00000000,1763
1240,0x0000017e,20,62,0x00000000,1733
1241,0x0000017e,20,62,0x00000000,1384
1242,0x0000017e,20,62,0x00000000,1025
1243,0x0000017e,20,62,0x00000000,1912
1244,0x0000017b,12,44,0x00000000,6662
1245,0x00000158,107,428,0x00000000,2492821
1246,0x00000165,14,10,0x00000000,1823
1247,0x00000165,14,10,0x00000000,2957
1248,0x00000145,12,10,0x00000000,102579290
1249,0x00000144,12,10,0x00000100,1384
1250,0x00000143,11,10,0x00000000,4611
1251,0x0000017a,22,83,0x00000000,836
1252,0x0000017a,22,27,0x00000000,1962
1253,0x00000131,355,474,0x00000000,25563
1254,0x00000131,353,440,0x00000000,18951
1255,0x0000017b,12,44,0x00000000,4521
1256,0x00000168,84,338,0x00000000,92573
1257,0x00000176,59,48,0x00000000,5746
1258,0x00000151,41,29,0x00000000,3595
1259,0x00000147,464,122,0x00000000,2518275
1260,0x0000017e,20,62,0x00000000,1235
1261,0x0000017e,20,62,0x00000000,1205
1262,0x0000017e,20,62,0x00000000,1165
1263,0x0000017e,20,62,0x00000000,867
1264,0x0000017e,20,62,0x00000000,966
1265,0x0000017e,20,62,0x00000000,2210
1266,0x0000017e,20,62,0x00000000,995
1267,0x0000017e,20,62,0x00000000,1355
1268,0x0000017e,20,62,0x00000000,1026
1269,0x0000017e,20,62,0x00000000,1016
1270,0x0000017e,20,62,0x00000000,1046
1271,0x0000017e,20,62,0x00000000,1045
1272,0x0000017e,20,62,0x00000000,886
1273,0x0000017e,20,62,0x00000000,837
1274,0x0000017e,20,62,0x00000000,1395
1275,0x0000017e,20,62,0x00000000,1165
1276,0x0000017b,12,44,0x00000000,6015
1277,0x00000158,107,428,0x00000000,2420256
1278,0x00000165,14,10,0x00000000,4799
1279,0x00000165,14,10,0x00000000,2400
1280,0x00000145,12,10,0x00000000,114895696
1281,0x00000144,12,10,0x00000100,1215
1282,0x00000143,11,10,0x00000000,5896
1283,0x0000017a,22,83,0x00000000,806
1284,0x0000017a,22,27,0x00000000,707
1285,0x00000131,355,474,0x00000000,25493
1286,0x00000131,353,440,0x00000000,25961
1287,0x0000017b,12,44,0x00000000,4411
1288,0x00000168,84,338,0x00000000,105539
1289,0x00000176,59,48,0x00000000,5078
1290,0x00000151,41,29,0x00000000,5129
1291,0x00000147,464,122,0x00000000,3756814
1292,0x0000017e,20,62,0x00000000,2420
1293,0x0000017e,20,62,0x00000000,1165
1294,0x0000017e,20,62,0x00000000,916
1295,0x0000017e,20,62,0x00000000,2241
1296,0x0000017e,20,62,0x00000000,1434
1297,0x0000017e,20,62,0x00000000,2191
1298,0x0000017e,20,62,0x00000000,1125
1299,0x0000017e,20,62,0x00000000,867
1300,0x0000017e,20,62,0x00000000,1563
1301,0x0000017e,20,62,0x00000000,1175
1302,0x0000017e,20,62,0x00000000,1096
1303,0x0000017e,20,62,0x00000000,1055
1304,0x0000017e,20,62,0x00000000,1693
1305,0x0000017e,20,62,0x00000000,1314
1306,0x0000017e,20,62,0x00000000,1075
1307,0x0000017e,20,62,0x00000000,1244
1308,0x0000017b,12,44,0x00000000,6174
1309,0x00000158,107,428,0x00000000,3942895
1310,0x00000165,14,10,0x00000000,1952
1311,0x00000165,14,10,0x00000000,2629
1312,0x00000145,12,10,0x00000000,105922464
1313,0x00000144,12,10,0x00000100,1454
1314,0x00000143,11,10,0x00000000,6832
1315,0x0000017a,22,83,0x00000000,827
1316,0x0000017a,22,27,0x00000000,1862
1317,0x00000131,355,474,0x00000000,25105
1318,0x00000131,353,440,0x00000000,19568
1319,0x0000017b,12,44,0x00000000,5935
1320,0x00000168,84,338,0x00000000,95530
1321,0x00000176,59,48,0x00000000,6672
1322,0x00000151,41,29,0x00000000,4292
1323,0x00000147,464,122,0x00000000,2516483
1324,0x0000017e,20,62,0x00000000,1873
1325,0x0000017e,20,62,0x00000000,1076
1326,0x0000017e,20,62,0x00000000,1026
1327,0x0000017e,20,62,0x00000000,1613
1328,0x0000017e,20,62,0x00000000,956
1329,0x0000017e,20,62,0x00000000,1145
1330,0x0000017e,20,62,0x00000000,1155
1331,0x0000017e,20,62,0x00000000,2201
1332,0x0000017e,20,62,0x00000000,1126
1333,0x0000017e,20,62,0x00000000,1404
1334,0x0000017e,20,62,0x00000000,1873
1335,0x0000017e,20,62,0x00000000,1185
1336,0x0000017e,20,62,0x00000000,1972
1337,0x0000017e,20,62,0x00000000,1185
1338,0x0000017e,20,62,0x00000000,1315
1339,0x0000017e,20,62,0x00000000,1105
1340,0x0000017b,12,44,0x00000000,4969
1341,0x00000158,107,428,0x00000000,2954679
1342,0x00000165,14,10,0x00000000,3008
1343,0x00000165,14,10,0x00000000,2141
1344,0x00000145,12,10,0x00000000,102062830
1345,0x00000144,12,10,0x00000100,1504
1346,0x00000143,11,10,0x00000000,6722
1347,0x0000017a,22,83,0x00000000,1494
1348,0x0000017a,22,27,0x00000000,2340
1349,0x00000131,355,474,0x00000000,26917
1350,0x00000131,353,440,0x00000000,20056
1351,0x0000017b,12,44,0x00000000,2988
1352,0x00000168,84,338,0x00000000,99374
1353,0x00000176,59,48,0x00000000,6552
1354,0x00000151,41,29,0x00000000,9182
1355,0x00000147,464,122,0x00000000,2588053
1356,0x0000017e,20,62,0x00000000,1912
1357,0x0000017e,20,62,0x00000000,886
1358,0x0000017e,20,62,0x00000000,2320
1359,0x0000017e,20,62,0x00000000,1105
1360,0x0000017e,20,62,0x00000000,896
1361,0x0000017e,20,62,0x00000000,837
1362,0x0000017e,20,62,0x00000000,857
1363,0x0000017e,20,62,0x00000000,1076
1364,0x0000017e,20,62,0x00000000,2131
1365,0x0000017e,20,62,0x00000000,1992
1366,0x0000017e,20,62,0x00000000,1036
1367,0x0000017e,20,62,0x00000000,887
1368,0x0000017e,20,62,0x00000000,2519
1369,0x0000017e,20,62,0x00000000,1315
1370,0x0000017e,20,62,0x00000000,906
1371,0x0000017e,20,62,0x00000000,2440
1372,0x0000017b,12,44,0x00000000,4770
1373,0x00000158,107,428,0x00000000,2584672
1374,0x00000165,14,10,0x00000000,2351
1375,0x00000165,14,10,0x00000000,2031
1376,0x00000145,12,10,0x00000000,108440270
1377,0x00000144,12,10,0x00000100,1314
1378,0x00000143,11,10,0x00000000,26419
1379,0x0000017a,22,83,0x00000000,956
1380,0x0000017a,22,27,0x00000000,1891
1381,0x00000131,355,474,0x00000000,32371
1382,0x00000131,353,440,0x00000000,26518
1383,0x0000017b,12,44,0x00000000,6759
1384,0x00000168,84,338,0x00000000,93311
1385,0x00000176,59,48,0x00000000,6838
1386,0x00000151,41,29,0x00000000,7884
1387,0x00000147,464,122,0x00000000,2827866
1388,0x0000017e,20,62,0x00000000,1712
1389,0x0000017e,20,62,0x00000000,1742
1390,0x0000017e,20,62,0x00000000,995
1391,0x0000017e,20,62,0x00000000,1115
1392,0x0000017e,20,62,0x00000000,2329
1393,0x0000017e,20,62,0x00000000,1473
1394,0x0000017e,20,62,0x00000000,1224
1395,0x0000017e,20,62,0x00000000,1652
1396,0x0000017e,20,62,0x00000000,1035
1397,0x0000017e,20,62,0x00000000,1016
1398,0x0000017e,20,62,0x00000000,1384
1399,0x0000017e,20,62,0x00000000,1016
1400,0x0000017e,20,62,0x00000000,1802
1401,0x0000017e,20,62,0x00000000,1294
1402,0x0000017e,20,62,0x00000000,1533
1403,0x0000017e,20,62,0x00000000,1225
1404,0x0000017b,12,44,0x00000000,4967
1405,0x00000158,107,428,0x00000000,2529050
1406,0x00000165,14,10,0x00000000,2339
1407,0x00000165,14,10,0x00000000,3564
1408,0x00000145,12,10,0x00000000,105052016
1409,0x00000144,12,10,0x00000100,1732
1410,0x00000143,11,10,0x00000000,8072
1411,0x0000017a,22,83,0x00000000,737
1412,0x0000017a,22,27,0x00000000,1871
1413,0x00000131,355,474,0x00000000,35965
1414,0x00000131,353,440,0x00000000,27792
1415,0x0000017b,12,44,0x00000000,3345
1416,0x00000168,84,338,0x00000000,64663
1417,0x00000176,59,48,0x00000000,8520
1418,0x00000151,41,29,0x00000000,5116
1419,0x00000147,464,122,0x00000000,2446013
1420,0x0000017e,20,62,0x00000000,1374
1421,0x0000017e,20,62,0x00000000,1383
1422,0x0000017e,20,62,0x00000000,856
1423,0x0000017e,20,62,0x00000000,2220
1424,0x0000017e,20,62,0x00000000,2230
1425,0x0000017e,20,62,0x00000000,1125
1426,0x0000017e,20,62,0x00000000,1792
1427,0x0000017e,20,62,0x00000000,1105
1428,0x0000017e,20,62,0x00000000,2150
1429,0x0000017e,20,62,0x00000000,1851
1430,0x0000017e,20,62,0x00000000,1393
1431,0x0000017e,20,62,0x00000000,2399
1432,0x0000017e,20,62,0x00000000,1105
1433,0x0000017e,20,62,0x00000000,1314
1434,0x0000017e,20,62,0x00000000,1025
1435,0x0000017e,20,62,0x00000000,885
1436,0x0000017b,12,44,0x00000000,7307
1437,0x00000158,107,428,0x00000000,2758076
1438,0x00000165,14,10,0x00000000,2907
1439,0x00000165,14,10,0x00000000,2190
1440,0x00000145,12,10,0x00000000,97754822
1441,0x00000144,12,10,0x00000100,1264
1442,0x00000143,11,10,0x00000000,7605
1443,0x0000017a,22,83,0x00000000,1125
1444,0x0000017a,22,27,0x00000000,2339
1445,0x00000131,355,474,0x00000000,31515
1446,0x00000131,353,440,0x00000000,35576
1447,0x0000017b,12,44,0x00000000,5365
1448,0x00000168,84,338,0x00000000,65350
1449,0x00000176,59,48,0x00000000,8441
1450,0x00000151,41,29,0x00000000,4937
1451,0x00000147,464,122,0x00000000,2453926
1452,0x0000017e,20,62,0x00000000,1184
1453,0x0000017e,20,62,0x00000000,926
1454,0x0000017e,20,62,0x00000000,867
1455,0x0000017e,20,62,0x00000000,1214
1456,0x0000017e,20,62,0x00000000,2091
1457,0x0000017e,20,62,0x00000000,1025
1458,0x0000017e,20,62,0x00000000,846
1459,0x0000017e,20,62,0x00000000,1802
1460,0x0000017e,20,62,0x00000000,896
1461,0x0000017e,20,62,0x00000000,1125
1462,0x0000017e,20,62,0x00000000,846
1463,0x0000017e,20,62,0x00000000,2101
1464,0x0000017e,20,62,0x00000000,1195
1465,0x0000017e,20,62,0x00000000,1214
1466,0x0000017e,20,62,0x00000000,1304
1467,0x0000017e,20,62,0x00000000,1254
1468,0x0000017b,12,44,0x00000000,4947
1469,0x00000158,107,428,0x00000000,2522780
1470,0x00000165,14,10,0x00000000,6281
1471,0x00000165,14,10,0x00000000,2578
1472,0x00000145,12,10,0x00000000,103004108
1473,0x00000144,12,10,0x00000100,2001
1474,0x00000143,11,10,0x00000000,7138
1475,0x0000017a,22,83,0x00000000,856
1476,0x0000017a,22,27,0x00000000,2180
1477,0x00000131,355,474,0x00000000,30609
1478,0x00000131,353,440,0x00000000,21810
1479,0x0000017b,12,44,0x00000000,6421
1480,0x00000168,84,338,0x00000000,113010
1481,0x00000176,59,48,0x00000000,6510
1482,0x00000151,41,29,0x00000000,3952
1483,0x00000147,464,122,0x00000000,2438417
1484,0x0000017e,20,62,0x00000000,1035
1485,0x0000017e,20,62,0x00000000,886
1486,0x0000017e,20,62,0x00000000,826
1487,0x0000017e,20,62,0x00000000,1005
1488,0x0000017e,20,62,0x00000000,1065
1489,0x0000017e,20,62,0x00000000,2419
1490,0x0000017e,20,62,0x00000000,2140
1491,0x0000017e,20,62,0x00000000,1523
1492,0x0000017e,20,62,0x00000000,827
1493,0x0000017e,20,62,0x00000000,876
1494,0x0000017e,20,62,0x00000000,1941
1495,0x0000017e,20,62,0x00000000,1115
1496,0x0000017e,20,62,0x00000000,2150
1497,0x0000017e,20,62,0x00000000,946
1498,0x0000017e,20,62,0x00000000,1045
1499,0x0000017e,20,62,0x00000000,846
1500,0x0000017b,12,44,0x00000000,6550
1501,0x00000158,107,428,0x00000000,2372710
1502,0x00000165,14,10,0x00000000,2080
1503,0x00000165,14,10,0x00000000,3653
1504,0x00000145,12,10,0x00000000,126333443
1505,0x00000144,12,10,0x00000100,1821
1506,0x00000143,11,10,0x00000000,7465
1507,0x0000017a,22,83,0x00000000,906
1508,0x0000017a,22,27,0x00000000,2150
1509,0x00000131,355,474,0x00000000,37288
1510,0x00000131,353,440,0x00000000,25364
1511,0x0000017b,12,44,0x00000000,7923
1512,0x00000168,84,338,0x00000000,88234
1513,0x00000176,59,48,0x00000000,9496
1514,0x00000151,41,29,0x00000000,8790
1515,0x00000147,464,122,0x00000000,3378713
1516,0x0000017e,20,62,0x00000000,2090
1517,0x0000017e,20,62,0x00000000,866
1518,0x0000017e,20,62,0x00000000,2229
1519,0x0000017e,20,62,0x00000000,1523
1520,0x0000017e,20,62,0x00000000,1851
1521,0x0000017e,20,62,0x00000000,1503
1522,0x0000017e,20,62,0x00000000,1354
1523,0x0000017e,20,62,0x00000000,1573
1524,0x0000017e,20,62,0x00000000,826
1525,0x0000017e,20,62,0x00000000,2220
1526,0x0000017e,20,62,0x00000000,1075
1527,0x0000017e,20,62,0x00000000,1035
1528,0x0000017e,20,62,0x00000000,1105
1529,0x0000017e,20,62,0x00000000,1005
1530,0x0000017e,20,62,0x00000000,1025
1531,0x0000017e,20,62,0x00000000,2100
1532,0x0000017b,12,44,0x00000000,6510
1533,0x00000158,107,428,0x00000000,2768061
1534,0x00000165,14,10,0x00000000,2946
1535,0x00000165,14,10,0x00000000,3853
1536,0x00000145,12,10,0x00000000,129713092
1537,0x00000144,12,10,0x00000100,2081
1538,0x00000143,11,10,0x00000000,14583
1539,0x0000017a,22,83,0x00000000,925
1540,0x0000017a,22,27,0x00000000,2170
1541,0x00000131,355,474,0x00000000,26936
1542,0x00000131,353,440,0x00000000,30370
1543,0x0000017b,12,44,0x00000000,6102
1544,0x00000168,84,338,0x00000000,68047
1545,0x00000176,59,48,0x00000000,3703
1546,0x00000151,41,29,0x00000000,3444
1547,0x00000147,464,122,0x00000000,2590399
1548,0x0000017e,20,62,0x00000000,2369
1549,0x0000017e,20,62,0x00000000,1344
1550,0x0000017e,20,62,0x00000000,846
1551,0x0000017e,20,62,0x00000000,955
1552,0x0000017e,20,62,0x00000000,885
1553,0x0000017e,20,62,0x00000000,1005
1554,0x0000017e,20,62,0x00000000,846
1555,0x0000017e,20,62,0x00000000,1065
1556,0x0000017e,20,62,0x00000000,836
1557,0x0000017e,20,62,0x00000000,866
1558,0x0000017e,20,62,0x00000000,2200
1559,0x0000017e,20,62,0x00000000,1394
1560,0x0000017e,20,62,0x00000000,1682
1561,0x0000017e,20,62,0x00000000,1125
1562,0x0000017e,20,62,0x00000000,965
1563,0x0000017e,20,62,0x00000000,1075
1564,0x0000017b,12,44,0x00000000,5574
1565,0x00000158,107,428,0x00000000,2586586
1566,0x00000165,14,10,0x00000000,5345
1567,0x00000165,14,10,0x00000000,2578
1568,0x00000145,12,10,0x00000000,99863557
1569,0x00000144,12,10,0x00000100,1742
1570,0x00000143,11,10,0x00000000,10572
1571,0x0000017a,22,83,0x00000000,2379
1572,0x0000017a,22,27,0x00000000,1195
1573,0x00000131,355,474,0x00000000,56251
1574,0x00000131,353,440,0x00000000,31852
1575,0x0000017b,12,44,0x00000000,5562
1576,0x00000168,84,338,0x00000000,69644
1577,0x00000176,59,48,0x00000000,4140
1578,0x00000151,41,29,0x00000000,3622
1579,0x00000147,464,122,0x00000000,2493348
1580,0x0000017e,20,62,0x00000000,1323
1581,0x0000017e,20,62,0x00000000,1990
1582,0x0000017e,20,62,0x00000000,2348
1583,0x0000017e,20,62,0x00000000,1413
1584,0x0000017e,20,62,0x00000000,1423
1585,0x0000017e,20,62,0x00000000,1094
1586,0x0000017e,20,62,0x00000000,836
1587,0x0000017e,20,62,0x00000000,835
1588,0x0000017e,20,62,0x00000000,1134
1589,0x0000017e,20,62,0x00000000,936
1590,0x0000017e,20,62,0x00000000,885
1591,0x0000017e,20,62,0x00000000,895
1592,0x0000017e,20,62,0x00000000,2527
1593,0x0000017e,20,62,0x00000000,1164
1594,0x0000017e,20,62,0x00000000,845
1595,0x0000017e,20,62,0x00000000,1154
1596,0x0000017b,12,44,0x00000000,7254
1597,0x00000158,107,428,0x00000000,3158159
1598,0x00000165,14,10,0x00000000,3373
1599,0x00000165,14,10,0x00000000,1662
1600,0x00000145,12,10,0x00000000,103031286
1601,0x00000144,12,10,0x00000100,1313
1602,0x00000143,11,10,0x00000000,7553
1603,0x0000017a,22,83,0x00000000,836
1604,0x0000017a,22,27,0x00000000,796
1605,0x00000131,355,474,0x00000000,24230
1606,0x00000131,353,440,0x00000000,39683
1607,0x0000017b,12,44,0x00000000,4190
1608,0x00000168,84,338,0x00000000,94053
1609,0x00000176,59,48,0x00000000,3901
1610,0x00000151,41,29,0x00000000,4030
1611,0x00000147,464,122,0x00000000,3273253
1612,0x0000017e,20,62,0x00000000,1384
1613,0x0000017e,20,62,0x00000000,855
1614,0x0000017e,20,62,0x00000000,806
1615,0x0000017e,20,62,0x00000000,835
1616,0x0000017e,20,62,0x00000000,826
1617,0x0000017e,20,62,0x00000000,2328
1618,0x0000017e,20,62,0x00000000,1134
1619,0x0000017e,20,62,0x00000000,1821
1620,0x0000017e,20,62,0x00000000,1025
1621,0x0000017e,20,62,0x00000000,886
1622,0x0000017e,20,62,0x00000000,3164
1623,0x0000017e,20,62,0x00000000,1692
1624,0x0000017e,20,62,0x00000000,2278
1625,0x0000017e,20,62,0x00000000,886
1626,0x0000017e,20,62,0x00000000,925
1627,0x0000017e,20,62,0x00000000,896
1628,0x0000017b,12,44,0x00000000,4627
1629,0x00000158,107,428,0x00000000,2418488
1630,0x00000165,14,10,0x00000000,5941
1631,0x00000165,14,10,0x00000000,2468
1632,0x00000145,12,10,0x00000000,97354600
1633,0x00000144,12,10,0x00000100,1273
1634,0x00000143,11,10,0x00000000,7003
1635,0x0000017a,22,83,0x00000000,2566
1636,0x0000017a,22,27,0x00000000,1701
1637,0x00000131,355,474,0x00000000,36051
1638,0x00000131,353,440,0x00000000,25884
1639,0x0000017b,12,44,0x00000000,7700
1640,0x00000168,84,338,0x00000000,66939
1641,0x00000176,59,48,0x00000000,9242
1642,0x00000151,41,29,0x00000000,9491
1643,0x00000147,464,122,0x00000000,3947118
1644,0x0000017e,20,62,0x00000000,2168
1645,0x0000017e,20,62,0x00000000,1064
1646,0x0000017e,20,62,0x00000000,985
1647,0x0000017e,20,62,0x00000000,895
1648,0x0000017e,20,62,0x00000000,866
1649,0x0000017e,20,62,0x00000000,935
1650,0x0000017e,20,62,0x00000000,865
1651,0x0000017e,20,62,0x00000000,885
1652,0x0000017e,20,62,0x00000000,1064
1653,0x0000017e,20,62,0x00000000,945
1654,0x0000017e,20,62,0x00000000,955
1655,0x0000017e,20,62,0x00000000,895
1656,0x0000017e,20,62,0x00000000,955
1657,0x0000017e,20,62,0x00000000,885
1658,0x0000017e,20,62,0x00000000,1024
1659,0x0000017e,20,62,0x00000000,885
1660,0x0000017b,12,44,0x00000000,5422
1661,0x00000158,107,428,0x00000000,2437013
1662,0x00000165,14,10,0x00000000,2019
1663,0x00000165,14,10,0x00000000,1831
1664,0x00000145,12,10,0x00000000,102160252
1665,0x00000144,12,10,0x00000100,1074
1666,0x00000143,11,10,0x00000000,10256
1667,0x0000017a,22,83,0x00000000,2239
1668,0x0000017a,22,27,0x00000000,2407
1669,0x00000131,355,474,0x00000000,28242
1670,0x00000131,353,440,0x00000000,37503
1671,0x0000017b,12,44,0x00000000,5173
1672,0x00000168,84,338,0x00000000,97987
1673,0x00000176,59,48,0x00000000,33305
1674,0x00000151,41,29,0x00000000,5431
1675,0x00000147,464,122,0x00000000,3105860
1676,0x0000017e,20,62,0x00000000,2507
1677,0x0000017e,20,62,0x00000000,2526
1678,0x0000017e,20,62,0x00000000,1681
1679,0x0000017e,20,62,0x00000000,3282
1680,0x0000017e,20,62,0x00000000,2189
1681,0x0000017e,20,62,0x00000000,1582
1682,0x0000017e,20,62,0x00000000,2547
1683,0x0000017e,20,62,0x00000000,2168
1684,0x0000017e,20,62,0x00000000,2726
1685,0x0000017e,20,62,0x00000000,1442
1686,0x0000017e,20,62,0x00000000,2139
1687,0x0000017e,20,62,0x00000000,1473
1688,0x0000017e,20,62,0x00000000,1741
1689,0x0000017e,20,62,0x00000000,1004
1690,0x0000017e,20,62,0x00000000,1114
1691,0x0000017e,20,62,0x00000000,1084
1692,0x0000017b,12,44,0x00000000,5372
1693,0x00000158,107,428,0x00000000,2428975
1694,0x00000165,14,10,0x00000000,2238
1695,0x00000165,14,10,0x00000000,3184
1696,0x00000145,12,10,0x00000000,89814476
1697,0x00000144,12,10,0x00000100,1363
1698,0x00000143,11,10,0x00000000,8038
1699,0x0000017a,22,83,0x00000000,965
1700,0x0000017a,22,27,0x00000000,697
1701,0x00000131,355,474,0x00000000,32231
1702,0x00000131,353,440,0x00000000,24681
1703,0x0000017b,12,44,0x00000000,3551
1704,0x00000168,84,338,0x00000000,83543
1705,0x00000176,59,48,0x00000000,5919
1706,0x00000151,41,29,0x00000000,7650
1707,0x00000147,464,122,0x00000000,3436909
1708,0x0000017e,20,62,0x00000000,2139
1709,0x0000017e,20,62,0x00000000,1920
1710,0x0000017e,20,62,0x00000000,1701
1711,0x0000017e,20,62,0x00000000,985
1712,0x0000017e,20,62,0x00000000,1890
1713,0x0000017e,20,62,0x00000000,1253
1714,0x0000017e,20,62,0x00000000,1323
1715,0x0000017e,20,62,0x00000000,1044
1716,0x0000017e,20,62,0x00000000,1482
1717,0x0000017e,20,62,0x00000000,955
1718,0x0000017e,20,62,0x00000000,1820
1719,0x0000017e,20,62,0x00000000,896
1720,0x0000017e,20,62,0x00000000,1701
1721,0x0000017e,20,62,0x00000000,896
1722,0x0000017e,20,62,0x00000000,876
1723,0x0000017e,20,62,0x00000000,876
1724,0x0000017b,12,44,0x00000000,4815
1725,0x00000158,107,428,0x00000000,2548152
1726,0x00000165,14,10,0x00000000,5034
1727,0x00000165,14,10,0x00000000,2855
1728,0x00000145,12,10,0x00000000,107942076
1729,0x00000144,12,10,0x00000100,1851
1730,0x00000143,11,10,0x00000000,8088
1731,0x0000017a,22,83,0x00000000,1672
1732,0x0000017a,22,27,0x00000000,756
1733,0x00000131,355,474,0x00000000,26253
1734,0x00000131,353,440,0x00000000,37633
1735,0x0000017b,12,44,0x00000000,5840
1736,0x00000168,84,338,0x00000000,92854
1737,0x00000176,59,48,0x00000000,5790
1738,0x00000151,41,29,0x00000000,5820
1739,0x00000147,464,122,0x00000000,3149066
1740,0x0000017e,20,62,0x00000000,1512
1741,0x0000017e,20,62,0x00000000,1303
1742,0x0000017e,20,62,0x00000000,905
1743,0x0000017e,20,62,0x00000000,2377
1744,0x0000017e,20,62,0x00000000,2049
1745,0x0000017e,20,62,0x00000000,1462
1746,0x0000017e,20,62,0x00000000,965
1747,0x0000017e,20,62,0x00000000,1313
1748,0x0000017e,20,62,0x00000000,1233
1749,0x0000017e,20,62,0x00000000,1283
1750,0x0000017e,20,62,0x00000000,1153
1751,0x0000017e,20,62,0x00000000,2328
1752,0x0000017e,20,62,0x00000000,1065
1753,0x0000017e,20,62,0x00000000,955
1754,0x0000017e,20,62,0x00000000,965
1755,0x0000017e,20,62,0x00000000,885
1756,0x0000017b,12,44,0x00000000,7591
1757,0x00000158,107,428,0x00000000,2783042
1758,0x00000165,14,10,0x00000000,3949
1759,0x00000165,14,10,0x00000000,2606
1760,0x00000145,12,10,0x00000000,100796381
1761,0x00000144,12,10,0x00000100,1383
1762,0x00000143,11,10,0x00000000,7839
1763,0x0000017a,22,83,0x00000000,1472
1764,0x0000017a,22,27,0x00000000,1124
1765,0x00000131,355,474,0x00000000,32132
1766,0x00000131,353,440,0x00000000,22194
1767,0x0000017b,12,44,0x00000000,4178
1768,0x00000168,84,338,0x00000000,63498
1769,0x00000176,59,48,0x00000000,3591
1770,0x00000151,41,29,0x00000000,4238
1771,0x00000147,464,122,0x00000000,2471463
1772,0x0000017e,20,62,0x00000000,1254
1773,0x0000017e,20,62,0x00000000,2089
1774,0x0000017e,20,62,0x00000000,1363
1775,0x0000017e,20,62,0x00000000,935
1776,0x0000017e,20,62,0x00000000,875
1777,0x0000017e,20,62,0x00000000,826
1778,0x0000017e,20,62,0x00000000,865
1779,0x0000017e,20,62,0x00000000,855
1780,0x0000017e,20,62,0x00000000,885
1781,0x0000017e,20,62,0x00000000,1890
1782,0x0000017e,20,62,0x00000000,1134
1783,0x0000017e,20,62,0x00000000,2069
1784,0x0000017e,20,62,0x00000000,1114
1785,0x0000017e,20,62,0x00000000,2208
1786,0x0000017e,20,62,0x00000000,1682
1787,0x0000017e,20,62,0x00000000,1343
1788,0x0000017b,12,44,0x00000000,7073
1789,0x00000158,107,428,0x00000000,2399390
1790,0x00000165,14,10,0x00000000,2079
1791,0x00000165,14,10,0x00000000,3531
1792,0x00000145,12,10,0x00000000,92685362
1793,0x00000144,12,10,0x00000100,1899
1794,0x00000143,11,10,0x00000000,7379
1795,0x0000017a,22,83,0x00000000,1005
1796,0x0000017a,22,27,0x00000000,1760
1797,0x00000131,355,474,0x00000000,29208
1798,0x00000131,353,440,0x00000000,25100
1799,0x0000017b,12,44,0x00000000,3829
1800,0x00000168,84,338,0x00000000,63457
1801,0x00000176,59,48,0x00000000,3590
1802,0x00000151,41,29,0x00000000,3163
1803,0x00000147,464,122,0x00000000,3717745
1804,0x0000017e,20,62,0x00000000,2854
1805,0x0000017e,20,62,0x00000000,2496
1806,0x0000017e,20,62,0x00000000,1522
1807,0x0000017e,20,62,0x00000000,965
1808,0x0000017e,20,62,0x00000000,855
1809,0x0000017e,20,62,0x00000000,2148
1810,0x0000017e,20,62,0x00000000,2009
1811,0x0000017e,20,62,0x00000000,1014
1812,0x0000017e,20,62,0x00000000,2357
1813,0x0000017e,20,62,0x00000000,1174
1814,0x0000017e,20,62,0x00000000,2486
1815,0x0000017e,20,62,0x00000000,1502
1816,0x0000017e,20,62,0x00000000,1860
1817,0x0000017e,20,62,0x00000000,805
1818,0x0000017e,20,62,0x00000000,876
1819,0x0000017e,20,62,0x00000000,995
1820,0x0000017b,12,44,0x00000000,4983
1821,0x00000158,107,428,0x00000000,2461651
1822,0x00000165,14,10,0x00000000,1989
1823,0x00000165,14,10,0x00000000,1731
1824,0x00000145,12,10,0x00000000,92058217
1825,0x00000144,12,10,0x00000100,1750
1826,0x00000143,11,10,0x00000000,8075
1827,0x0000017a,22,83,0x00000000,1919
1828,0x0000017a,22,27,0x00000000,1651
1829,0x00000131,355,474,0x00000000,27458
1830,0x00000131,353,440,0x00000000,35801
1831,0x0000017b,12,44,0x00000000,6126
1832,0x00000168,84,338,0x00000000,94813
1833,0x00000176,59,48,0x00000000,5719
1834,0x00000151,41,29,0x00000000,4446
1835,0x00000147,464,122,0x00000000,2419256
1836,0x0000017e,20,62,0x00000000,2069
1837,0x0000017e,20,62,0x00000000,1004
1838,0x0000017e,20,62,0x00000000,965
1839,0x0000017e,20,62,0x00000000,995
1840,0x0000017e,20,62,0x00000000,1064
1841,0x0000017e,20,62,0x00000000,965
1842,0x0000017e,20,62,0x00000000,1412
1843,0x0000017e,20,62,0x00000000,2576
1844,0x0000017e,20,62,0x00000000,1492
1845,0x0000017e,20,62,0x00000000,1382
1846,0x0000017e,20,62,0x00000000,875
1847,0x0000017e,20,62,0x00000000,1541
1848,0x0000017e,20,62,0x00000000,1323
1849,0x0000017e,20,62,0x00000000,1641
1850,0x0000017e,20,62,0x00000000,1153
1851,0x0000017e,20,62,0x00000000,2158
1852,0x0000017b,12,44,0x00000000,5599
1853,0x00000158,107,428,0x00000000,2916366
1854,0x00000165,14,10,0x00000000,2815
1855,0x00000165,14,10,0x00000000,2128
1856,0x00000145,12,10,0x00000000,90169093
1857,0x00000144,12,10,0x00000100,1839
1858,0x00000143,11,10,0x00000000,7369
1859,0x0000017a,22,83,0x00000000,716
1860,0x0000017a,22,27,0x00000000,2148
1861,0x00000131,355,474,0x00000000,37124
1862,0x00000131,353,440,0x00000000,29367
1863,0x0000017b,12,44,0x00000000,4634
1864,0x00000168,84,338,0x00000000,68012
1865,0x00000176,59,48,0x00000000,5281
1866,0x00000151,41,29,0x00000000,4276
1867,0x00000147,464,122,0x00000000,2470322
1868,0x0000017e,20,62,0x00000000,1641
1869,0x0000017e,20,62,0x00000000,2168
1870,0x0000017e,20,62,0x00000000,1422
1871,0x0000017e,20,62,0x00000000,775
1872,0x0000017e,20,62,0x00000000,905
1873,0x0000017e,20,62,0x00000000,836
1874,0x0000017e,20,62,0x00000000,885
1875,0x0000017e,20,62,0x00000000,875
1876,0x0000017e,20,62,0x00000000,875
1877,0x0000017e,20,62,0x00000000,1462
1878,0x0000017e,20,62,0x00000000,2188
1879,0x0000017e,20,62,0x00000000,1711
1880,0x0000017e,20,62,0x00000000,2168
1881,0x0000017e,20,62,0x00000000,1870
1882,0x0000017e,20,62,0x00000000,1054
1883,0x0000017e,20,62,0x00000000,2864
1884,0x0000017b,12,44,0x00000000,6593
1885,0x00000158,107,428,0x00000000,3849733
1886,0x00000165,14,10,0x00000000,2685
1887,0x00000165,14,10,0x00000000,3302
1888,0x00000145,12,10,0x00000000,105146640
1889,0x00000144,12,10,0x00000100,1780
1890,0x00000143,11,10,0x00000000,6713
1891,0x0000017a,22,83,0x00000000,795
1892,0x0000017a,22,27,0x00000000,1949
1893,0x00000131,355,474,0x00000000,24712
1894,0x00000131,353,440,0x00000000,19332
1895,0x0000017b,12,44,0x00000000,3411
1896,0x00000168,84,338,0x00000000,66730
1897,0x00000176,59,48,0x00000000,4008
1898,0x00000151,41,29,0x00000000,4256
1899,0x00000147,464,122,0x00000000,2564868
1900,0x0000017e,20,62,0x00000000,2217
1901,0x0000017e,20,62,0x00000000,1601
1902,0x0000017e,20,62,0x00000000,935
1903,0x0000017e,20,62,0x00000000,825
1904,0x0000017e,20,62,0x00000000,2257
1905,0x0000017e,20,62,0x00000000,1332
1906,0x0000017e,20,62,0x00000000,855
1907,0x0000017e,20,62,0x00000000,2377
1908,0x0000017e,20,62,0x00000000,1681
1909,0x0000017e,20,62,0x00000000,1323
1910,0x0000017e,20,62,0x00000000,1402
1911,0x0000017e,20,62,0x00000000,1422
1912,0x0000017e,20,62,0x00000000,2665
1913,0x0000017e,20,62,0x00000000,1153
1914,0x0000017e,20,62,0x00000000,865
1915,0x0000017e,20,62,0x00000000,1860
1916,0x0000017b,12,44,0x00000000,5758
1917,0x00000158,107,428,0x00000000,2367662
1918,0x00000165,14,10,0x00000000,2616
1919,0x00000165,14,10,0x00000000,1701
1920,0x00000145,12,10,0x00000000,82330282
1921,0x00000144,12,10,0x00000100,1929
1922,0x00000143,11,10,0x00000000,7050
1923,0x0000017a,22,83,0x00000000,1183
1924,0x0000017a,22,27,0x00000000,865
1925,0x00000131,355,474,0x00000000,25857
1926,0x00000131,353,440,0x00000000,19164
1927,0x0000017b,12,44,0x00000000,3540
1928,0x00000168,84,338,0x00000000,64661
1929,0x00000176,59,48,0x00000000,4107
1930,0x00000151,41,29,0x00000000,8901
1931,0x00000147,464,122,0x00000000,3757794
1932,0x0000017e,20,62,0x00000000,1531
1933,0x0000017e,20,62,0x00000000,2148
1934,0x0000017e,20,62,0x00000000,964
1935,0x0000017e,20,62,0x00000000,915
1936,0x0000017e,20,62,0x00000000,866
1937,0x0000017e,20,62,0x00000000,856
1938,0x0000017e,20,62,0x00000000,855
1939,0x0000017e,20,62,0x00000000,865
1940,0x0000017e,20,62,0x00000000,866
1941,0x0000017e,20,62,0x00000000,875
1942,0x0000017e,20,62,0x00000000,2257
1943,0x0000017e,20,62,0x00000000,2029
1944,0x0000017e,20,62,0x00000000,1740
1945,0x0000017e,20,62,0x00000000,1721
1946,0x0000017e,20,62,0x00000000,1790
1947,0x0000017e,20,62,0x00000000,964
1948,0x0000017b,12,44,0x00000000,6832
1949,0x00000158,107,428,0x00000000,2456250
1950,0x00000165,14,10,0x00000000,5579
1951,0x00000165,14,10,0x00000000,2178
1952,0x00000145,12,10,0x00000000,97350056
1953,0x00000144,12,10,0x00000100,1631
1954,0x00000143,11,10,0x00000000,7339
1955,0x0000017a,22,83,0x00000000,1054
1956,0x0000017a,22,27,0x00000000,1054
1957,0x00000131,355,474,0x00000000,32788
1958,0x00000131,353,440,0x00000000,24911
1959,0x0000017b,12,44,0x00000000,6226
1960,0x00000168,84,338,0x00000000,91631
1961,0x00000176,59,48,0x00000000,5102
1962,0x00000151,41,29,0x00000000,4466
1963,0x00000147,464,122,0x00000000,3231685
1964,0x0000017e,20,62,0x00000000,1303
1965,0x0000017e,20,62,0x00000000,1153
1966,0x0000017e,20,62,0x00000000,2497
1967,0x0000017e,20,62,0x00000000,846
1968,0x0000017e,20,62,0x00000000,925
1969,0x0000017e,20,62,0x00000000,1422
1970,0x0000017e,20,62,0x00000000,1233
1971,0x0000017e,20,62,0x00000000,1044
1972,0x0000017e,20,62,0x00000000,2158
1973,0x0000017e,20,62,0x00000000,1820
1974,0x0000017e,20,62,0x00000000,2307
1975,0x0000017e,20,62,0x00000000,2556
1976,0x0000017e,20,62,0x00000000,1999
1977,0x0000017e,20,62,0x00000000,935
1978,0x0000017e,20,62,0x00000000,836
1979,0x0000017e,20,62,0x00000000,2516
1980,0x0000017b,12,44,0x00000000,5917
1981,0x00000158,107,428,0x00000000,3564915
1982,0x00000165,14,10,0x00000000,4107
1983,0x00000165,14,10,0x00000000,3381
1984,0x00000145,12,10,0x00000000,89865122
1985,0x00000144,12,10,0x00000100,1521
1986,0x00000143,11,10,0x00000000,6145
1987,0x0000017a,22,83,0x00000000,2267
1988,0x0000017a,22,27,0x00000000,1134
1989,0x00000131,355,474,0x00000000,28482
1990,0x00000131,353,440,0x00000000,21143
1991,0x0000017b,12,44,0x00000000,6106
1992,0x00000168,84,338,0x00000000,65178
1993,0x00000176,59,48,0x00000000,3680
1994,0x00000151,41,29,0x00000000,3650
1995,0x00000147,464,122,0x00000000,2400560
1996,0x0000017e,20,62,0x00000000,1352
1997,0x0000017e,20,62,0x00000000,875
1998,0x0000017e,20,62,0x00000000,865
1999,0x0000017e,20,62,0x00000000,825
2000,0x0000017e,20,62,0x00000000,2298
2001,0x0000017e,20,62,0x00000000,994
2002,0x0000017e,20,62,0x00000000,4375
2003,0x0000017e,20,62,0x00000000,1681
2004,0x0000017e,20,62,0x00000000,975
2005,0x0000017e,20,62,0x00000000,2705
2006,0x0000017e,20,62,0x00000000,1084
2007,0x0000017e,20,62,0x00000000,924
2008,0x0000017e,20,62,0x00000000,994
2009,0x0000017e,20,62,0x00000000,1403
2010,0x0000017e,20,62,0x00000000,1104
2011,0x0000017e,20,62,0x00000000,2436
2012,0x0000017b,12,44,0x00000000,7489
2013,0x00000158,107,428,0x00000000,2644714
2014,0x00000165,14,10,0x00000000,4694
2015,0x00000165,14,10,0x00000000,2805
2016,0x00000145,12,10,0x00000000,100641661
2017,0x00000144,12,10,0x00000100,1760
2018,0x00000143,11,10,0x00000000,6571
2019,0x0000017a,22,83,0x00000000,756
2020,0x0000017a,22,27,0x00000000,924
2021,0x00000131,355,474,0x00000000,38306
2022,0x00000131,353,440,0x00000000,22459
2023,0x0000017b,12,44,0x00000000,6561
2024,0x00000168,84,338,0x00000000,97044
2025,0x00000176,59,48,0x00000000,5697
2026,0x00000151,41,29,0x00000000,4414
2027,0x00000147,464,122,0x00000000,2436690
2028,0x0000017e,20,62,0x00000000,1163
2029,0x0000017e,20,62,0x00000000,865
2030,0x0000017e,20,62,0x00000000,2436
2031,0x0000017e,20,62,0x00000000,1452
2032,0x0000017e,20,62,0x00000000,895
2033,0x0000017e,20,62,0x00000000,1323
2034,0x0000017e,20,62,0x00000000,984
2035,0x0000017e,20,62,0x00000000,1143
2036,0x0000017e,20,62,0x00000000,925
2037,0x0000017e,20,62,0x00000000,905
2038,0x0000017e,20,62,0x00000000,825
2039,0x0000017e,20,62,0x00000000,865
2040,0x0000017e,20,62,0x00000000,895
2041,0x0000017e,20,62,0x00000000,2098
2042,0x0000017e,20,62,0x00000000,1064
2043,0x0000017e,20,62,0x00000000,1421
2044,0x0000017b,12,44,0x00000000,7447
2045,0x00000158,107,428,0x00000000,2469090
2046,0x00000165,14,10,0x00000000,1909
2047,0x00000165,14,10,0x00000000,1780
2048,0x00000145,12,10,0x00000000,89097004
2049,0x00000144,12,10,0x00000100,1123
2050,0x00000143,11,10,0x00000000,5319
2051,0x0000017a,22,83,0x00000000,1889
2052,0x0000017a,22,27,0x00000000,1292
2053,0x00000131,355,474,0x00000000,35314
2054,0x00000131,353,440,0x00000000,31715
2055,0x0000017b,12,44,0x00000000,3658
2056,0x00000168,84,338,0x00000000,68312
2057,0x00000176,59,48,0x00000000,3589
2058,0x00000151,41,29,0x00000000,3321
2059,0x00000147,464,122,0x00000000,2567656
2060,0x0000017e,20,62,0x00000000,1034
2061,0x0000017e,20,62,0x00000000,895
2062,0x0000017e,20,62,0x00000000,2744
2063,0x0000017e,20,62,0x00000000,1581
2064,0x0000017e,20,62,0x00000000,1114
2065,0x0000017e,20,62,0x00000000,865
2066,0x0000017e,20,62,0x00000000,885
2067,0x0000017e,20,62,0x00000000,994
2068,0x0000017e,20,62,0x00000000,1153
2069,0x0000017e,20,62,0x00000000,2277
2070,0x0000017e,20,62,0x00000000,1014
2071,0x0000017e,20,62,0x00000000,2357
2072,0x0000017e,20,62,0x00000000,1452
2073,0x0000017e,20,62,0x00000000,884
2074,0x0000017e,20,62,0x00000000,1710
2075,0x0000017e,20,62,0x00000000,1252
2076,0x0000017b,12,44,0x00000000,7745
2077,0x00000158,107,428,0x00000000,2537502
2078,0x00000165,14,10,0x00000000,3719
2079,0x00000165,14,10,0x00000000,1859
2080,0x00000145,12,10,0x00000000,87922584
2081,0x00000144,12,10,0x00000100,2029
2082,0x00000143,11,10,0x00000000,7516
2083,0x0000017a,22,83,0x00000000,965
2084,0x0000017a,22,27,0x00000000,2028
2085,0x00000131,355,474,0x00000000,27082
2086,0x00000131,353,440,0x00000000,22310
2087,0x0000017b,12,44,0x00000000,3062
2088,0x00000168,84,338,0x00000000,64693
2089,0x00000176,59,48,0x00000000,7795
2090,0x00000151,41,29,0x00000000,4563
2091,0x00000147,464,122,0x00000000,2428866
2092,0x0000017e,20,62,0x00000000,1342
2093,0x0000017e,20,62,0x00000000,865
2094,0x0000017e,20,62,0x00000000,845
2095,0x0000017e,20,62,0x00000000,2684
2096,0x0000017e,20,62,0x00000000,1213
2097,0x0000017e,20,62,0x00000000,865
2098,0x0000017e,20,62,0x00000000,964
2099,0x0000017e,20,62,0x00000000,945
2100,0x0000017e,20,62,0x00000000,835
2101,0x0000017e,20,62,0x00000000,875
2102,0x0000017e,20,62,0x00000000,1769
2103,0x0000017e,20,62,0x00000000,1740
2104,0x0000017e,20,62,0x00000000,2585
2105,0x0000017e,20,62,0x00000000,1094
2106,0x0000017e,20,62,0x00000000,1859
2107,0x0000017e,20,62,0x00000000,1034
2108,0x0000017b,12,44,0x00000000,5050
2109,0x00000158,107,428,0x00000000,2438917
2110,0x00000165,14,10,0x00000000,2336
2111,0x00000165,14,10,0x00000000,2038
2112,0x00000145,12,10,0x00000000,82103093
2113,0x00000144,12,10,0x00000100,1184
2114,0x00000143,11,10,0x00000000,8898
2115,0x0000017a,22,83,0x00000000,1501
2116,0x0000017a,22,27,0x00000000,1690
2117,0x00000131,355,474,0x00000000,26317
2118,0x00000131,353,440,0x00000000,27937
2119,0x0000017b,12,44,0x00000000,3231
2120,0x00000168,84,338,0x00000000,63470
2121,0x00000176,59,48,0x00000000,6840
2122,0x00000151,41,29,0x00000000,3857
2123,0x00000147,464,122,0x00000000,2442635
2124,0x0000017e,20,62,0x00000000,1840
2125,0x0000017e,20,62,0x00000000,1362
2126,0x0000017e,20,62,0x00000000,875
2127,0x0000017e,20,62,0x00000000,1998
2128,0x0000017e,20,62,0x00000000,934
2129,0x0000017e,20,62,0x00000000,1322
2130,0x0000017e,20,62,0x00000000,895
2131,0x0000017e,20,62,0x00000000,2854
2132,0x0000017e,20,62,0x00000000,1909
2133,0x0000017e,20,62,0x00000000,1104
2134,0x0000017e,20,62,0x00000000,925
2135,0x0000017e,20,62,0x00000000,865
2136,0x0000017e,20,62,0x00000000,2695
2137,0x0000017e,20,62,0x00000000,964
2138,0x0000017e,20,62,0x00000000,885
2139,0x0000017e,20,62,0x00000000,1969
2140,0x0000017b,12,44,0x00000000,5587
2141,0x00000158,107,428,0x00000000,2441979
2142,0x00000165,14,10,0x00000000,6134
2143,0x00000165,14,10,0x00000000,2466
2144,0x00000145,12,10,0x00000000,97290701
2145,0x00000144,12,10,0x00000100,1541
2146,0x00000143,11,10,0x00000000,6691
2147,0x0000017a,22,83,0x00000000,1502
2148,0x0000017a,22,27,0x00000000,865
2149,0x00000131,355,474,0x00000000,26634
2150,0x00000131,353,440,0x00000000,27838
2151,0x0000017b,12,44,0x00000000,5628
2152,0x00000168,84,338,0x00000000,85671
2153,0x00000176,59,48,0x00000000,8620
2154,0x00000151,41,29,0x00000000,4831
2155,0x00000147,464,122,0x00000000,2484749
2156,0x0000017e,20,62,0x00000000,974
2157,0x0000017e,20,62,0x00000000,1004
2158,0x0000017e,20,62,0x00000000,885
2159,0x0000017e,20,62,0x00000000,864
2160,0x0000017e,20,62,0x00000000,915
2161,0x0000017e,20,62,0x00000000,974
2162,0x0000017e,20,62,0x00000000,2973
2163,0x0000017e,20,62,0x00000000,1243
2164,0x0000017e,20,62,0x00000000,1352
2165,0x0000017e,20,62,0x00000000,954
2166,0x0000017e,20,62,0x00000000,875
2167,0x0000017e,20,62,0x00000000,1123
2168,0x0000017e,20,62,0x00000000,1252
2169,0x0000017e,20,62,0x00000000,865
2170,0x0000017e,20,62,0x00000000,2525
2171,0x0000017e,20,62,0x00000000,1193
2172,0x0000017b,12,44,0x00000000,5737
2173,0x00000158,107,428,0x00000000,2477920
2174,0x00000165,14,10,0x00000000,3788
2175,0x00000165,14,10,0x00000000,2973
2176,0x00000145,12,10,0x00000000,82717329
2177,0x00000144,12,10,0x00000100,1302
2178,0x00000143,11,10,0x00000000,8480
2179,0x0000017a,22,83,0x00000000,2177
2180,0x0000017a,22,27,0x00000000,1571
2181,0x00000131,355,474,0x00000000,40404
2182,0x00000131,353,440,0x00000000,26873
2183,0x0000017b,12,44,0x00000000,3072
2184,0x00000168,84,338,0x00000000,63330
2185,0x00000176,59,48,0x00000000,8252
2186,0x00000151,41,29,0x00000000,5259
2187,0x00000147,464,122,0x00000000,3940271
2188,0x0000017e,20,62,0x00000000,1790
2189,0x0000017e,20,62,0x00000000,1005
2190,0x0000017e,20,62,0x00000000,955
2191,0x0000017e,20,62,0x00000000,884
2192,0x0000017e,20,62,0x00000000,875
2193,0x0000017e,20,62,0x00000000,835
2194,0x0000017e,20,62,0x00000000,885
2195,0x0000017e,20,62,0x00000000,865
2196,0x0000017e,20,62,0x00000000,2823
2197,0x0000017e,20,62,0x00000000,1511
2198,0x0000017e,20,62,0x00000000,836
2199,0x0000017e,20,62,0x00000000,1640
2200,0x0000017e,20,62,0x00000000,1024
2201,0x0000017e,20,62,0x00000000,895
2202,0x0000017e,20,62,0x00000000,875
2203,0x0000017e,20,62,0x00000000,865
2204,0x0000017b,12,44,0x00000000,8749
2205,0x00000158,107,428,0x00000000,2727414
2206,0x00000165,14,10,0x00000000,3470
2207,0x00000165,14,10,0x00000000,2246
2208,0x00000145,12,10,0x00000000,112304248
2209,0x00000144,12,10,0x00000100,1760
2210,0x00000143,11,10,0x00000000,8998
2211,0x0000017a,22,83,0x00000000,2316
2212,0x0000017a,22,27,0x00000000,2525
2213,0x00000131,355,474,0x00000000,34459
2214,0x00000131,353,440,0x00000000,24239
2215,0x0000017b,12,44,0x00000000,3997
2216,0x00000168,84,338,0x00000000,69316
2217,0x00000176,59,48,0x00000000,5439
2218,0x00000151,41,29,0x00000000,5060
2219,0x00000147,464,122,0x00000000,2543765
2220,0x0000017e,20,62,0x00000000,1253
2221,0x0000017e,20,62,0x00000000,845
2222,0x0000017e,20,62,0x00000000,1073
2223,0x0000017e,20,62,0x00000000,865
2224,0x0000017e,20,62,0x00000000,1093
2225,0x0000017e,20,62,0x00000000,2237
2226,0x0000017e,20,62,0x00000000,1014
2227,0x0000017e,20,62,0x00000000,1282
2228,0x0000017e,20,62,0x00000000,865
2229,0x0000017e,20,62,0x00000000,1004
2230,0x0000017e,20,62,0x00000000,3330
2231,0x0000017e,20,62,0x00000000,1094
2232,0x0000017e,20,62,0x00000000,1998
2233,0x0000017e,20,62,0x00000000,846
2234,0x0000017e,20,62,0x00000000,1809
2235,0x0000017e,20,62,0x00000000,1422
2236,0x0000017b,12,44,0x00000000,5260
2237,0x00000158,107,428,0x00000000,2476608
2238,0x00000165,14,10,0x00000000,2704
2239,0x00000165,14,10,0x00000000,1959
2240,0x00000145,12,10,0x00000000,91414419
2241,0x00000144,12,10,0x00000100,1640
2242,0x00000143,11,10,0x00000000,6721
2243,0x0000017a,22,83,0x00000000,1819
2244,0x0000017a,22,27,0x00000000,1203
2245,0x00000131,355,474,0x00000000,28487
2246,0x00000131,353,440,0x00000000,26211
2247,0x0000017b,12,44,0x00000000,2872
2248,0x00000168,84,338,0x00000000,66238
2249,0x00000176,59,48,0x00000000,6789
2250,0x00000151,41,29,0x00000000,5536
2251,0x00000147,464,122,0x00000000,2392573
2252,0x0000017e,20,62,0x00000000,1113
2253,0x0000017e,20,62,0x00000000,864
2254,0x0000017e,20,62,0x00000000,845
2255,0x0000017e,20,62,0x00000000,885
2256,0x0000017e,20,62,0x00000000,2813
2257,0x0000017e,20,62,0x00000000,1352
2258,0x0000017e,20,62,0x00000000,1501
2259,0x0000017e,20,62,0x00000000,1362
2260,0x0000017e,20,62,0x00000000,974
2261,0x0000017e,20,62,0x00000000,2505
2262,0x0000017e,20,62,0x00000000,2693
2263,0x0000017e,20,62,0x00000000,2226
2264,0x0000017e,20,62,0x00000000,1133
2265,0x0000017e,20,62,0x00000000,2018
2266,0x0000017e,20,62,0x00000000,1978
2267,0x0000017e,20,62,0x00000000,1580
2268,0x0000017b,12,44,0x00000000,7217
2269,0x00000158,107,428,0x00000000,2478253
2270,0x00000165,14,10,0x00000000,1938
2271,0x00000165,14,10,0x00000000,1650
2272,0x00000145,12,10,0x00000000,95780279
2273,0x00000144,12,10,0x00000100,1292
2274,0x00000143,11,10,0x00000000,5765
2275,0x0000017a,22,83,0x00000000,1869
2276,0x0000017a,22,27,0x00000000,1163
2277,0x00000131,355,474,0x00000000,26420
2278,0x00000131,353,440,0x00000000,20237
2279,0x0000017b,12,44,0x00000000,3608
2280,0x00000168,84,338,0x00000000,95837
2281,0x00000176,59,48,0x00000000,3996
2282,0x00000151,41,29,0x00000000,8220
2283,0x00000147,464,122,0x00000000,3871806
2284,0x0000017e,20,62,0x00000000,1949
2285,0x0000017e,20,62,0x00000000,835
2286,0x0000017e,20,62,0x00000000,845
2287,0x0000017e,20,62,0x00000000,925
2288,0x0000017e,20,62,0x00000000,835
2289,0x0000017e,20,62,0x00000000,964
2290,0x0000017e,20,62,0x00000000,835
2291,0x0000017e,20,62,0x00000000,1044
2292,0x0000017e,20,62,0x00000000,835
2293,0x0000017e,20,62,0x00000000,2365
2294,0x0000017e,20,62,0x00000000,2803
2295,0x0000017e,20,62,0x00000000,2266
2296,0x0000017e,20,62,0x00000000,1849
2297,0x0000017e,20,62,0x00000000,1064
2298,0x0000017e,20,62,0x00000000,2226
2299,0x0000017e,20,62,0x00000000,1759
2300,0x0000017b,12,44,0x00000000,4931
2301,0x00000158,107,428,0x00000000,3075974
2302,0x00000165,14,10,0x00000000,2217
2303,0x00000165,14,10,0x00000000,2018
2304,0x00000145,12,10,0x00000000,91343868
2305,0x00000144,12,10,0x00000100,1421
2306,0x00000143,11,10,0x00000000,6083
2307,0x0000017a,22,83,0x00000000,875
2308,0x0000017a,22,27,0x00000000,755
2309,0x00000131,355,474,0x00000000,24621
2310,0x00000131,353,440,0x00000000,37562
2311,0x0000017b,12,44,0x00000000,4602
2312,0x00000168,84,338,0x00000000,95679
2313,0x00000176,59,48,0x00000000,5069
2314,0x00000151,41,29,0x00000000,5148
2315,0x00000147,464,122,0x00000000,2778747
2316,0x0000017e,20,62,0x00000000,1541
2317,0x0000017e,20,62,0x00000000,2177
2318,0x0000017e,20,62,0x00000000,964
2319,0x0000017e,20,62,0x00000000,884
2320,0x0000017e,20,62,0x00000000,1233
2321,0x0000017e,20,62,0x00000000,875
2322,0x0000017e,20,62,0x00000000,795
2323,0x0000017e,20,62,0x00000000,1253
2324,0x0000017e,20,62,0x00000000,945
2325,0x0000017e,20,62,0x00000000,865
2326,0x0000017e,20,62,0x00000000,835
2327,0x0000017e,20,62,0x00000000,844
2328,0x0000017e,20,62,0x00000000,875
2329,0x0000017e,20,62,0x00000000,914
2330,0x0000017e,20,62,0x00000000,1083
2331,0x0000017e,20,62,0x00000000,1103
2332,0x0000017b,12,44,0x00000000,5517
2333,0x00000158,107,428,0x00000000,3642777
2334,0x00000165,14,10,0x00000000,3608
2335,0x00000165,14,10,0x00000000,4493
2336,0x00000145,12,10,0x00000000,93158191
2337,0x00000144,12,10,0x00000100,2306
2338,0x00000143,11,10,0x00000000,4881
2339,0x0000017a,22,83,0x00000000,855
2340,0x0000017a,22,27,0x00000000,1034
2341,0x00000131,355,474,0x00000000,24034
2342,0x00000131,353,440,0x00000000,19631
2343,0x0000017b,12,44,0x00000000,3251
2344,0x00000168,84,338,0x00000000,62639
2345,0x00000176,59,48,0x00000000,3568
2346,0x00000151,41,29,0x00000000,8300
2347,0x00000147,464,122,0x00000000,2497316
2348,0x0000017e,20,62,0x00000000,1679
2349,0x0000017e,20,62,0x00000000,1501
2350,0x0000017e,20,62,0x00000000,1064
2351,0x0000017e,20,62,0x00000000,984
2352,0x0000017e,20,62,0x00000000,2515
2353,0x0000017e,20,62,0x00000000,1471
2354,0x0000017e,20,62,0x00000000,1849
2355,0x0000017e,20,62,0x00000000,1024
2356,0x0000017e,20,62,0x00000000,1630
2357,0x0000017e,20,62,0x00000000,1074
2358,0x0000017e,20,62,0x00000000,1312
2359,0x0000017e,20,62,0x00000000,1402
2360,0x0000017e,20,62,0x00000000,1014
2361,0x0000017e,20,62,0x00000000,1063
2362,0x0000017e,20,62,0x00000000,1401
2363,0x0000017e,20,62,0x00000000,994
2364,0x0000017b,12,44,0x00000000,4404
2365,0x00000158,107,428,0x00000000,2404799
2366,0x00000165,14,10,0x00000000,1799
2367,0x00000165,14,10,0x00000000,3955
2368,0x00000145,12,10,0x00000000,88960874
2369,0x00000144,12,10,0x00000100,1550
2370,0x00000143,11,10,0x00000000,6331
2371,0x0000017a,22,83,0x00000000,1074
2372,0x0000017a,22,27,0x00000000,656
2373,0x00000131,355,474,0x00000000,25257
2374,0x00000131,353,440,0x00000000,25157
2375,0x0000017b,12,44,0x00000000,5507
2376,0x00000168,84,338,0x00000000,82996
2377,0x00000176,59,48,0x00000000,8001
2378,0x00000151,41,29,0x00000000,7256
2379,0x00000147,464,122,0x00000000,2445383
2380,0x0000017e,20,62,0x00000000,2267
2381,0x0000017e,20,62,0x00000000,1043
2382,0x0000017e,20,62,0x00000000,1819
2383,0x0000017e,20,62,0x00000000,1292
2384,0x0000017e,20,62,0x00000000,944
2385,0x0000017e,20,62,0x00000000,845
2386,0x0000017e,20,62,0x00000000,1600
2387,0x0000017e,20,62,0x00000000,874
2388,0x0000017e,20,62,0x00000000,1153
2389,0x0000017e,20,62,0x00000000,1531
2390,0x0000017e,20,62,0x00000000,1779
2391,0x0000017e,20,62,0x00000000,2197
2392,0x0000017e,20,62,0x00000000,835
2393,0x0000017e,20,62,0x00000000,1928
2394,0x0000017e,20,62,0x00000000,1044
2395,0x0000017e,20,62,0x00000000,1182
2396,0x0000017b,12,44,0x00000000,4841
2397,0x00000158,107,428,0x00000000,3821481
2398,0x00000165,14,10,0x00000000,1869
2399,0x00000165,14,10,0x00000000,1969
2400,0x00000145,12,10,0x00000000,91273402
2401,0x00000144,12,10,0x00000100,1740
2402,0x00000143,11,10,0x00000000,6679
2403,0x0000017a,22,83,0x00000000,1590
2404,0x0000017a,22,27,0x00000000,815
2405,0x00000131,355,474,0x00000000,32244
2406,0x00000131,353,440,0x00000000,37284
2407,0x0000017b,12,44,0x00000000,5298
2408,0x00000168,84,338,0x00000000,94356
2409,0x00000176,59,48,0x00000000,7574
2410,0x00000151,41,29,0x00000000,8419
2411,0x00000147,464,122,0x00000000,3473980
2412,0x0000017e,20,62,0x00000000,1491
2413,0x0000017e,20,62,0x00000000,1759
2414,0x0000017e,20,62,0x00000000,1113
2415,0x0000017e,20,62,0x00000000,1531
2416,0x0000017e,20,62,0x00000000,875
2417,0x0000017e,20,62,0x00000000,1620
2418,0x0000017e,20,62,0x00000000,1590
2419,0x0000017e,20,62,0x00000000,1103
2420,0x0000017e,20,62,0x00000000,1332
2421,0x0000017e,20,62,0x00000000,2077
2422,0x0000017e,20,62,0x00000000,884
2423,0x0000017e,20,62,0x00000000,2206
2424,0x0000017e,20,62,0x00000000,1332
2425,0x0000017e,20,62,0x00000000,2535
2426,0x0000017e,20,62,0x00000000,1302
2427,0x0000017e,20,62,0x00000000,1163
2428,0x0000017b,12,44,0x00000000,6809
2429,0x00000158,107,428,0x00000000,2398796
2430,0x00000165,14,10,0x00000000,2604
2431,0x00000165,14,10,0x00000000,4105
2432,0x00000145,12,10,0x00000000,110596994
2433,0x00000144,12,10,0x00000100,1392
2434,0x00000143,11,10,0x00000000,6262
2435,0x0000017a,22,83,0x00000000,2147
2436,0x0000017a,22,27,0x00000000,974
2437,0x00000131,355,474,0x00000000,32155
2438,0x00000131,353,440,0x00000000,26320
2439,0x0000017b,12,44,0x00000000,4244
2440,0x00000168,84,338,0x00000000,88224
2441,0x00000176,59,48,0x00000000,5139
2442,0x00000151,41,29,0x00000000,4860
2443,0x00000147,464,122,0x00000000,2491284
2444,0x0000017e,20,62,0x00000000,1143
2445,0x0000017e,20,62,0x00000000,1899
2446,0x0000017e,20,62,0x00000000,1114
2447,0x0000017e,20,62,0x00000000,974
2448,0x0000017e,20,62,0x00000000,1988
2449,0x0000017e,20,62,0x00000000,1431
2450,0x0000017e,20,62,0x00000000,1580
2451,0x0000017e,20,62,0x00000000,974
2452,0x0000017e,20,62,0x00000000,1212
2453,0x0000017e,20,62,0x00000000,1362
2454,0x0000017e,20,62,0x00000000,1521
2455,0x0000017e,20,62,0x00000000,2207
2456,0x0000017e,20,62,0x00000000,2246
2457,0x0000017e,20,62,0x00000000,1679
2458,0x0000017e,20,62,0x00000000,2276
2459,0x0000017e,20,62,0x00000000,1570
2460,0x0000017b,12,44,0x00000000,7853
2461,0x00000158,107,428,0x00000000,3243771
2462,0x00000165,14,10,0x00000000,3628
2463,0x00000165,14,10,0x00000000,3648
2464,0x00000145,12,10,0x00000000,92882177
2465,0x00000144,12,10,0x00000100,1401
2466,0x00000143,11,10,0x00000000,5446
2467,0x0000017a,22,83,0x00000000,1084
2468,0x0000017a,22,27,0x00000000,736
2469,0x00000131,355,474,0x00000000,33648
2470,0x00000131,353,440,0x00000000,30955
2471,0x0000017b,12,44,0x00000000,3060
2472,0x00000168,84,338,0x00000000,62338
2473,0x00000176,59,48,0x00000000,4065
2474,0x00000151,41,29,0x00000000,3468
2475,0x00000147,464,122,0x00000000,3121825
2476,0x0000017e,20,62,0x00000000,1699
2477,0x0000017e,20,62,0x00000000,1123
2478,0x0000017e,20,62,0x00000000,1263
2479,0x0000017e,20,62,0x00000000,1531
2480,0x0000017e,20,62,0x00000000,2455
2481,0x0000017e,20,62,0x00000000,1242
2482,0x0000017e,20,62,0x00000000,1282
2483,0x0000017e,20,62,0x00000000,1431
2484,0x0000017e,20,62,0x00000000,2007
2485,0x0000017e,20,62,0x00000000,954
2486,0x0000017e,20,62,0x00000000,884
2487,0x0000017e,20,62,0x00000000,1073
2488,0x0000017e,20,62,0x00000000,1023
2489,0x0000017e,20,62,0x00000000,1997
2490,0x0000017e,20,62,0x00000000,1033
2491,0x0000017e,20,62,0x00000000,915
2492,0x0000017b,12,44,0x00000000,6350
2493,0x00000158,107,428,0x00000000,2777303
2494,0x00000165,14,10,0x00000000,2286
2495,0x00000165,14,10,0x00000000,3031
2496,0x00000145,12,10,0x00000000,82584393
2497,0x00000144,12,10,0x00000100,1570
2498,0x00000143,11,10,0x00000000,4978
2499,0x0000017a,22,83,0x00000000,1183
2500,0x0000017a,22,27,0x00000000,845
2501,0x00000131,355,474,0x00000000,24883
2502,0x00000131,353,440,0x00000000,19855
2503,0x0000017b,12,44,0x00000000,4243
2504,0x00000168,84,338,0x00000000,68290
2505,0x00000176,59,48,0x00000000,4492
2506,0x00000151,41,29,0x00000000,3746
2507,0x00000147,464,122,0x00000000,3582687
2508,0x0000017e,20,62,0x00000000,1192
2509,0x0000017e,20,62,0x00000000,924
2510,0x0000017e,20,62,0x00000000,904
2511,0x0000017e,20,62,0x00000000,1024
2512,0x0000017e,20,62,0x00000000,974
2513,0x0000017e,20,62,0x00000000,2365
2514,0x0000017e,20,62,0x00000000,1460
2515,0x0000017e,20,62,0x00000000,884
2516,0x0000017e,20,62,0x00000000,2117
2517,0x0000017e,20,62,0x00000000,974
2518,0x0000017e,20,62,0x00000000,1242
2519,0x0000017e,20,62,0x00000000,2395
2520,0x0000017e,20,62,0x00000000,1232
2521,0x0000017e,20,62,0x00000000,2077
2522,0x0000017e,20,62,0x00000000,1193
2523,0x0000017e,20,62,0x00000000,1889
2524,0x0000017b,12,44,0x00000000,5346
2525,0x00000158,107,428,0x00000000,2430145
2526,0x00000165,14,10,0x00000000,5386
2527,0x00000165,14,10,0x00000000,2136
2528,0x00000145,12,10,0x00000000,85260381
2529,0x00000144,12,10,0x00000100,1709
2530,0x00000143,11,10,0x00000000,8397
2531,0x0000017a,22,83,0x00000000,2057
2532,0x0000017a,22,27,0x00000000,924
2533,0x00000131,355,474,0x00000000,27020
2534,0x00000131,353,440,0x00000000,22419
2535,0x0000017b,12,44,0x00000000,3260
2536,0x00000168,84,338,0x00000000,66392
2537,0x00000176,59,48,0x00000000,8357
2538,0x00000151,41,29,0x00000000,4601
2539,0x00000147,464,122,0x00000000,2553937
2540,0x0000017e,20,62,0x00000000,1083
2541,0x0000017e,20,62,0x00000000,865
2542,0x0000017e,20,62,0x00000000,2315
2543,0x0000017e,20,62,0x00000000,1650
2544,0x0000017e,20,62,0x00000000,1013
2545,0x0000017e,20,62,0x00000000,954
2546,0x0000017e,20,62,0x00000000,865
2547,0x0000017e,20,62,0x00000000,994
2548,0x0000017e,20,62,0x00000000,864
2549,0x0000017e,20,62,0x00000000,1083
2550,0x0000017e,20,62,0x00000000,2296
2551,0x0000017e,20,62,0x00000000,1103
2552,0x0000017e,20,62,0x00000000,974
2553,0x0000017e,20,62,0x00000000,835
2554,0x0000017e,20,62,0x00000000,865
2555,0x0000017e,20,62,0x00000000,1034
2556,0x0000017b,12,44,0x00000000,6082
2557,0x00000158,107,428,0x00000000,2718949
2558,0x00000165,14,10,0x00000000,2494
2559,0x00000165,14,10,0x00000000,2166
2560,0x00000145,12,10,0x00000000,84317894
2561,0x00000144,12,10,0x00000100,1808
2562,0x00000143,11,10,0x00000000,5843
2563,0x0000017a,22,83,0x00000000,864
2564,0x0000017a,22,27,0x00000000,755
2565,0x00000131,355,474,0x00000000,26166
2566,0x00000131,353,440,0x00000000,19537
2567,0x0000017b,12,44,0x00000000,3935
2568,0x00000168,84,338,0x00000000,64206
2569,0x00000176,59,48,0x00000000,8665
2570,0x00000151,41,29,0x00000000,5455
2571,0x00000147,464,122,0x00000000,2471565
2572,0x0000017e,20,62,0x00000000,1977
2573,0x0000017e,20,62,0x00000000,1610
2574,0x0000017e,20,62,0x00000000,875
2575,0x0000017e,20,62,0x00000000,834
2576,0x0000017e,20,62,0x00000000,2127
2577,0x0000017e,20,62,0x00000000,875
2578,0x0000017e,20,62,0x00000000,865
2579,0x0000017e,20,62,0x00000000,1808
2580,0x0000017e,20,62,0x00000000,1640
2581,0x0000017e,20,62,0x00000000,1291
2582,0x0000017e,20,62,0x00000000,1193
2583,0x0000017e,20,62,0x00000000,1520
2584,0x0000017e,20,62,0x00000000,974
2585,0x0000017e,20,62,0x00000000,1551
2586,0x0000017e,20,62,0x00000000,1341
2587,0x0000017e,20,62,0x00000000,3051
2588,0x0000017b,12,44,0x00000000,6976
2589,0x00000158,107,428,0x00000000,3116370
2590,0x00000165,14,10,0x00000000,5485
2591,0x00000165,14,10,0x00000000,2266
2592,0x00000145,12,10,0x00000000,92797841
2593,0x00000144,12,10,0x00000100,1709
2594,0x00000143,11,10,0x00000000,7324
2595,0x0000017a,22,83,0x00000000,2544
2596,0x0000017a,22,27,0x00000000,1699
2597,0x00000131,355,474,0x00000000,32853
2598,0x00000131,353,440,0x00000000,29743
2599,0x0000017b,12,44,0x00000000,6231
2600,0x00000168,84,338,0x00000000,64971
2601,0x00000176,59,48,0x00000000,3955
2602,0x00000151,41,29,0x00000000,9183
2603,0x00000147,464,122,0x00000000,3069156
2604,0x0000017e,20,62,0x00000000,2564
2605,0x0000017e,20,62,0x00000000,2723
2606,0x0000017e,20,62,0x00000000,3409
2607,0x0000017e,20,62,0x00000000,2525
2608,0x0000017e,20,62,0x00000000,3876
2609,0x0000017e,20,62,0x00000000,2028
2610,0x0000017e,20,62,0x00000000,1242
2611,0x0000017e,20,62,0x00000000,1103
2612,0x0000017e,20,62,0x00000000,2176
2613,0x0000017e,20,62,0x00000000,974
2614,0x0000017e,20,62,0x00000000,885
2615,0x0000017e,20,62,0x00000000,1958
2616,0x0000017e,20,62,0x00000000,1013
2617,0x0000017e,20,62,0x00000000,1858
2618,0x0000017e,20,62,0x00000000,964
2619,0x0000017e,20,62,0x00000000,964
2620,0x0000017b,12,44,0x00000000,6559
2621,0x00000158,107,428,0x00000000,2452246
2622,0x00000165,14,10,0x00000000,3170
2623,0x00000165,14,10,0x00000000,1829
2624,0x00000145,12,10,0x00000000,92415546
2625,0x00000144,12,10,0x00000100,1709
2626,0x00000143,11,10,0x00000000,7443
2627,0x0000017a,22,83,0x00000000,1162
2628,0x0000017a,22,27,0x00000000,805
2629,0x00000131,355,474,0x00000000,44033
2630,0x00000131,353,440,0x00000000,25122
2631,0x0000017b,12,44,0x00000000,5306
2632,0x00000168,84,338,0x00000000,66661
2633,0x00000176,59,48,0x00000000,4114
2634,0x00000151,41,29,0x00000000,5575
2635,0x00000147,464,122,0x00000000,2764811
2636,0x0000017e,20,62,0x00000000,2067
2637,0x0000017e,20,62,0x00000000,944
2638,0x0000017e,20,62,0x00000000,2434
2639,0x0000017e,20,62,0x00000000,1789
2640,0x0000017e,20,62,0x00000000,1033
2641,0x0000017e,20,62,0x00000000,1649
2642,0x0000017e,20,62,0x00000000,924
2643,0x0000017e,20,62,0x00000000,1302
2644,0x0000017e,20,62,0x00000000,2117
2645,0x0000017e,20,62,0x00000000,1362
2646,0x0000017e,20,62,0x00000000,2445
2647,0x0000017e,20,62,0x00000000,1610
2648,0x0000017e,20,62,0x00000000,1272
2649,0x0000017e,20,62,0x00000000,2743
2650,0x0000017e,20,62,0x00000000,1531
2651,0x0000017e,20,62,0x00000000,3637
2652,0x0000017b,12,44,0x00000000,7493
2653,0x00000158,107,428,0x00000000,2866645
2654,0x00000165,14,10,0x00000000,3021
2655,0x00000165,14,10,0x00000000,3667
2656,0x00000145,12,10,0x00000000,103789976
2657,0x00000144,12,10,0x00000100,1282
2658,0x00000143,11,10,0x00000000,9470
2659,0x0000017a,22,83,0x00000000,2177
2660,0x0000017a,22,27,0x00000000,2097
2661,0x00000131,355,474,0x00000000,37633
2662,0x00000131,353,440,0x00000000,35447
2663,0x0000017b,12,44,0x00000000,5306
2664,0x00000168,84,338,0x00000000,66154
2665,0x00000176,59,48,0x00000000,8626
2666,0x00000151,41,29,0x00000000,9957
2667,0x00000147,464,122,0x00000000,4378131
2668,0x0000017e,20,62,0x00000000,2246
2669,0x0000017e,20,62,0x00000000,2474
2670,0x0000017e,20,62,0x00000000,1680
2671,0x0000017e,20,62,0x00000000,2296
2672,0x0000017e,20,62,0x00000000,2127
2673,0x0000017e,20,62,0x00000000,1253
2674,0x0000017e,20,62,0x00000000,2753
2675,0x0000017e,20,62,0x00000000,2226
2676,0x0000017e,20,62,0x00000000,1630
2677,0x0000017e,20,62,0x00000000,2593
2678,0x0000017e,20,62,0x00000000,2882
2679,0x0000017e,20,62,0x00000000,2852
2680,0x0000017e,20,62,0x00000000,1640
2681,0x0000017e,20,62,0x00000000,1232
2682,0x0000017e,20,62,0x00000000,3140
2683,0x0000017e,20,62,0x00000000,1590
2684,0x0000017b,12,44,0x00000000,5098
2685,0x00000158,107,428,0x00000000,4740018
2686,0x00000165,14,10,0x00000000,3657
2687,0x00000165,14,10,0x00000000,4044
2688,0x00000145,12,10,0x00000000,99664821
2689,0x00000144,12,10,0x00000100,1898
2690,0x00000143,11,10,0x00000000,9252
2691,0x0000017a,22,83,0x00000000,2553
2692,0x0000017a,22,27,0x00000000,765
2693,0x00000131,355,474,0x00000000,38918
2694,0x00000131,353,440,0x00000000,25853
2695,0x0000017b,12,44,0x00000000,5137
2696,0x00000168,84,338,0x00000000,73524
2697,0x00000176,59,48,0x00000000,8266
2698,0x00000151,41,29,0x00000000,8436
2699,0x00000147,464,122,0x00000000,2993482
2700,0x0000017e,20,62,0x00000000,2405
2701,0x0000017e,20,62,0x00000000,2057
2702,0x0000017e,20,62,0x00000000,2195
2703,0x0000017e,20,62,0x00000000,1749
2704,0x0000017e,20,62,0x00000000,1709
2705,0x0000017e,20,62,0x00000000,1351
2706,0x0000017e,20,62,0x00000000,2444
2707,0x0000017e,20,62,0x00000000,2643
2708,0x0000017e,20,62,0x00000000,1769
2709,0x0000017e,20,62,0x00000000,1014
2710,0x0000017e,20,62,0x00000000,1202
2711,0x0000017e,20,62,0x00000000,2365
2712,0x0000017e,20,62,0x00000000,1053
2713,0x0000017e,20,62,0x00000000,845
2714,0x0000017e,20,62,0x00000000,1133
2715,0x0000017e,20,62,0x00000000,1133
2716,0x0000017b,12,44,0x00000000,7740
2717,0x00000158,107,428,0x00000000,3320495
2718,0x00000165,14,10,0x00000000,3000
2719,0x00000165,14,10,0x00000000,2156
2720,0x00000145,12,10,0x00000000,101608590
2721,0x00000144,12,10,0x00000100,2186
2722,0x00000143,11,10,0x00000000,10582
2723,0x0000017a,22,83,0x00000000,2007
2724,0x0000017a,22,27,0x00000000,1113
2725,0x00000131,355,474,0x00000000,35182
2726,0x00000131,353,440,0x00000000,33106
2727,0x0000017b,12,44,0x00000000,6677
2728,0x00000168,84,338,0x00000000,69679
2729,0x00000176,59,48,0x00000000,7183
2730,0x00000151,41,29,0x00000000,8485
2731,0x00000147,464,122,0x00000000,2912258
2732,0x0000017e,20,62,0x00000000,2981
2733,0x0000017e,20,62,0x00000000,2484
2734,0x0000017e,20,62,0x00000000,2235
2735,0x0000017e,20,62,0x00000000,1838
2736,0x0000017e,20,62,0x00000000,1957
2737,0x0000017e,20,62,0x00000000,2166
2738,0x0000017e,20,62,0x00000000,2107
2739,0x0000017e,20,62,0x00000000,2871
2740,0x0000017e,20,62,0x00000000,3011
2741,0x0000017e,20,62,0x00000000,2226
2742,0x0000017e,20,62,0x00000000,1659
2743,0x0000017e,20,62,0x00000000,2395
2744,0x0000017e,20,62,0x00000000,1232
2745,0x0000017e,20,62,0x00000000,1063
2746,0x0000017e,20,62,0x00000000,2464
2747,0x0000017e,20,62,0x00000000,2564
2748,0x0000017b,12,44,0x00000000,7124
2749,0x00000158,107,428,0x00000000,2873907
2750,0x00000165,14,10,0x00000000,3110
2751,0x00000165,14,10,0x00000000,2206
2752,0x00000145,12,10,0x00000000,94276265
2753,0x00000144,12,10,0x00000100,2474
2754,0x00000143,11,10,0x00000000,6776
2755,0x0000017a,22,83,0x00000000,2345
2756,0x0000017a,22,27,0x00000000,1877
2757,0x00000131,355,474,0x00000000,26995
2758,0x00000131,353,440,0x00000000,19812
2759,0x0000017b,12,44,0x00000000,7044
2760,0x00000168,84,338,0x00000000,71278
2761,0x00000176,59,48,0x00000000,3835
2762,0x00000151,41,29,0x00000000,3895
2763,0x00000147,464,122,0x00000000,2789960
2764,0x0000017e,20,62,0x00000000,1213
2765,0x0000017e,20,62,0x00000000,1043
2766,0x0000017e,20,62,0x00000000,2961
2767,0x0000017e,20,62,0x00000000,1143
2768,0x0000017e,20,62,0x00000000,2455
2769,0x0000017e,20,62,0x00000000,904
2770,0x0000017e,20,62,0x00000000,994
2771,0x0000017e,20,62,0x00000000,954
2772,0x0000017e,20,62,0x00000000,2702
2773,0x0000017e,20,62,0x00000000,1390
2774,0x0000017e,20,62,0x00000000,1093
2775,0x0000017e,20,62,0x00000000,2146
2776,0x0000017e,20,62,0x00000000,1808
2777,0x0000017e,20,62,0x00000000,2027
2778,0x0000017e,20,62,0x00000000,1262
2779,0x0000017e,20,62,0x00000000,3011
2780,0x0000017b,12,44,0x00000000,5048
2781,0x00000158,107,428,0x00000000,2709104
2782,0x00000165,14,10,0x00000000,4034
2783,0x00000165,14,10,0x00000000,4113
2784,0x00000145,12,10,0x00000000,96003781
2785,0x00000144,12,10,0x00000100,1153
2786,0x00000143,11,10,0x00000000,8227
2787,0x0000017a,22,83,0x00000000,1918
2788,0x0000017a,22,27,0x00000000,1907
2789,0x00000131,355,474,0x00000000,40886
2790,0x00000131,353,440,0x00000000,39633
2791,0x0000017b,12,44,0x00000000,4818
2792,0x00000168,84,338,0x00000000,93166
2793,0x00000176,59,48,0x00000000,6567
2794,0x00000151,41,29,0x00000000,7571
2795,0x00000147,464,122,0x00000000,3778200
2796,0x0000017e,20,62,0x00000000,2245
2797,0x0000017e,20,62,0x00000000,2553
2798,0x0000017e,20,62,0x00000000,874
2799,0x0000017e,20,62,0x00000000,1599
2800,0x0000017e,20,62,0x00000000,3468
2801,0x0000017e,20,62,0x00000000,1381
2802,0x0000017e,20,62,0x00000000,1053
2803,0x0000017e,20,62,0x00000000,974
2804,0x0000017e,20,62,0x00000000,2534
2805,0x0000017e,20,62,0x00000000,1400
2806,0x0000017e,20,62,0x00000000,2653
2807,0x0000017e,20,62,0x00000000,1222
2808,0x0000017e,20,62,0x00000000,2285
2809,0x0000017e,20,62,0x00000000,1699
2810,0x0000017e,20,62,0x00000000,2305
2811,0x0000017e,20,62,0x00000000,884
2812,0x0000017b,12,44,0x00000000,4540
2813,0x00000158,107,428,0x00000000,2517714
2814,0x00000165,14,10,0x00000000,1967
2815,0x00000165,14,10,0x00000000,2276
2816,0x00000145,12,10,0x00000000,89205014
2817,0x00000144,12,10,0x00000100,1957
2818,0x00000143,11,10,0x00000000,7312
2819,0x0000017a,22,83,0x00000000,1570
2820,0x0000017a,22,27,0x00000000,1848
2821,0x00000131,355,474,0x00000000,28873
2822,0x00000131,353,440,0x00000000,34774
2823,0x0000017b,12,44,0x00000000,4431
2824,0x00000168,84,338,0x00000000,70931
2825,0x00000176,59,48,0x00000000,4471
2826,0x00000151,41,29,0x00000000,5385
2827,0x00000147,464,122,0x00000000,2479690
2828,0x0000017e,20,62,0x00000000,2186
2829,0x0000017e,20,62,0x00000000,1580
2830,0x0000017e,20,62,0x00000000,1292
2831,0x0000017e,20,62,0x00000000,1073
2832,0x0000017e,20,62,0x00000000,2066
2833,0x0000017e,20,62,0x00000000,1947
2834,0x0000017e,20,62,0x00000000,1937
2835,0x0000017e,20,62,0x00000000,875
2836,0x0000017e,20,62,0x00000000,1302
2837,0x0000017e,20,62,0x00000000,1470
2838,0x0000017e,20,62,0x00000000,1510
2839,0x0000017e,20,62,0x00000000,2573
2840,0x0000017e,20,62,0x00000000,1908
2841,0x0000017e,20,62,0x00000000,1749
2842,0x0000017e,20,62,0x00000000,2136
2843,0x0000017e,20,62,0x00000000,1829
2844,0x0000017b,12,44,0x00000000,5335
2845,0x00000158,107,428,0x00000000,3400724
2846,0x00000165,14,10,0x00000000,3438
2847,0x00000165,14,10,0x00000000,2017
2848,0x00000145,12,10,0x00000000,95518076
2849,0x00000144,12,10,0x00000100,1133
2850,0x00000143,11,10,0x00000000,11555
2851,0x0000017a,22,83,0x00000000,1043
2852,0x0000017a,22,27,0x00000000,676
2853,0x00000131,355,474,0x00000000,24184
2854,0x00000131,353,440,0x00000000,37627
2855,0x0000017b,12,44,0x00000000,4809
2856,0x00000168,84,338,0x00000000,97449
2857,0x00000176,59,48,0x00000000,5296
2858,0x00000151,41,29,0x00000000,4809
2859,0x00000147,464,122,0x00000000,3207943
2860,0x0000017e,20,62,0x00000000,2394
2861,0x0000017e,20,62,0x00000000,1023
2862,0x0000017e,20,62,0x00000000,994
2863,0x0000017e,20,62,0x00000000,895
2864,0x0000017e,20,62,0x00000000,1729
2865,0x0000017e,20,62,0x00000000,2394
2866,0x0000017e,20,62,0x00000000,1470
2867,0x0000017e,20,62,0x00000000,904
2868,0x0000017e,20,62,0x00000000,954
2869,0x0000017e,20,62,0x00000000,1132
2870,0x0000017e,20,62,0x00000000,1182
2871,0x0000017e,20,62,0x00000000,894
2872,0x0000017e,20,62,0x00000000,875
2873,0x0000017e,20,62,0x00000000,1292
2874,0x0000017e,20,62,0x00000000,2344
2875,0x0000017e,20,62,0x00000000,1421
2876,0x0000017b,12,44,0x00000000,4561
2877,0x00000158,107,428,0x00000000,3886019
2878,0x00000165,14,10,0x00000000,3358
2879,0x00000165,14,10,0x00000000,3368
2880,0x00000145,12,10,0x00000000,96289548
2881,0x00000144,12,10,0x00000100,2305
2882,0x00000143,11,10,0x00000000,7203
2883,0x0000017a,22,83,0x00000000,1948
2884,0x0000017a,22,27,0x00000000,1083
2885,0x00000131,355,474,0x00000000,34567
2886,0x00000131,353,440,0x00000000,61671
2887,0x0000017b,12,44,0x00000000,5196
2888,0x00000168,84,338,0x00000000,67324
2889,0x00000176,59,48,0x00000000,5018
2890,0x00000151,41,29,0x00000000,4213
2891,0x00000147,464,122,0x00000000,2481081
2892,0x0000017e,20,62,0x00000000,1281
2893,0x0000017e,20,62,0x00000000,874
2894,0x0000017e,20,62,0x00000000,864
2895,0x0000017e,20,62,0x00000000,855
2896,0x0000017e,20,62,0x00000000,884
2897,0x0000017e,20,62,0x00000000,864
2898,0x0000017e,20,62,0x00000000,1271
2899,0x0000017e,20,62,0x00000000,864
2900,0x0000017e,20,62,0x00000000,1123
2901,0x0000017e,20,62,0x00000000,994
2902,0x0000017e,20,62,0x00000000,875
2903,0x0000017e,20,62,0x00000000,974
2904,0x0000017e,20,62,0x00000000,1073
2905,0x0000017e,20,62,0x00000000,1033
2906,0x0000017e,20,62,0x00000000,1123
2907,0x0000017e,20,62,0x00000000,2564
2908,0x0000017b,12,44,0x00000000,5385
2909,0x00000158,107,428,0x00000000,3639857
2910,0x00000165,14,10,0x00000000,3020
2911,0x00000165,14,10,0x00000000,2126
2912,0x00000145,12,10,0x00000000,99522006
2913,0x00000144,12,10,0x00000100,1728
2914,0x00000143,11,10,0x00000000,6497
2915,0x0000017a,22,83,0x00000000,924
2916,0x0000017a,22,27,0x00000000,2563
2917,0x00000131,355,474,0x00000000,31451
2918,0x00000131,353,440,0x00000000,31143
2919,0x0000017b,12,44,0x00000000,6676
2920,0x00000168,84,338,0x00000000,83973
2921,0x00000176,59,48,0x00000000,7698
2922,0x00000151,41,29,0x00000000,9457
2923,0x00000147,464,122,0x00000000,3416796
2924,0x0000017e,20,62,0x00000000,2602
2925,0x0000017e,20,62,0x00000000,2056
2926,0x0000017e,20,62,0x00000000,2663
2927,0x0000017e,20,62,0x00000000,1122
2928,0x0000017e,20,62,0x00000000,2185
2929,0x0000017e,20,62,0x00000000,1629
2930,0x0000017e,20,62,0x00000000,2076
2931,0x0000017e,20,62,0x00000000,1629
2932,0x0000017e,20,62,0x00000000,2295
2933,0x0000017e,20,62,0x00000000,1897
2934,0x0000017e,20,62,0x00000000,1847
2935,0x0000017e,20,62,0x00000000,2215
2936,0x0000017e,20,62,0x00000000,2662
2937,0x0000017e,20,62,0x00000000,1431
2938,0x0000017e,20,62,0x00000000,1421
2939,0x0000017e,20,62,0x00000000,1599
2940,0x0000017b,12,44,0x00000000,7103
2941,0x00000158,107,428,0x00000000,3026355
2942,0x00000165,14,10,0x00000000,4619
2943,0x00000165,14,10,0x00000000,2910
2944,0x00000145,12,10,0x00000000,106606080
2945,0x00000144,12,10,0x00000100,1609
2946,0x00000143,11,10,0x00000000,8851
2947,0x0000017a,22,83,0x00000000,2156
2948,0x0000017a,22,27,0x00000000,2404
2949,0x00000131,355,474,0x00000000,33359
2950,0x00000131,353,440,0x00000000,31978
2951,0x0000017b,12,44,0x00000000,6477
2952,0x00000168,84,338,0x00000000,82393
2953,0x00000176,59,48,0x00000000,8891
2954,0x00000151,41,29,0x00000000,7808
2955,0x00000147,464,122,0x00000000,3210987
2956,0x0000017e,20,62,0x00000000,2067
2957,0x0000017e,20,62,0x00000000,1202
2958,0x0000017e,20,62,0x00000000,1093
2959,0x0000017e,20,62,0x00000000,1132
2960,0x0000017e,20,62,0x00000000,1073
2961,0x0000017e,20,62,0x00000000,2583
2962,0x0000017e,20,62,0x00000000,1758
2963,0x0000017e,20,62,0x00000000,1033
2964,0x0000017e,20,62,0x00000000,1480
2965,0x0000017e,20,62,0x00000000,1053
2966,0x0000017e,20,62,0x00000000,2156
2967,0x0000017e,20,62,0x00000000,1669
2968,0x0000017e,20,62,0x00000000,1520
2969,0x0000017e,20,62,0x00000000,1818
2970,0x0000017e,20,62,0x00000000,1232
2971,0x0000017e,20,62,0x00000000,2344
2972,0x0000017b,12,44,0x00000000,8136
2973,0x00000158,107,428,0x00000000,3714203
2974,0x00000165,14,10,0x00000000,2961
2975,0x00000165,14,10,0x00000000,4302
2976,0x00000145,12,10,0x00000000,104080718
2977,0x00000144,12,10,0x00000100,1361
2978,0x00000143,11,10,0x00000000,5533
2979,0x0000017a,22,83,0x00000000,1639
2980,0x0000017a,22,27,0x00000000,775
2981,0x00000131,355,474,0x00000000,30925
2982,0x00000131,353,440,0x00000000,24259
2983,0x0000017b,12,44,0x00000000,3129
2984,0x00000168,84,338,0x00000000,64104
2985,0x00000176,59,48,0x00000000,7500
2986,0x00000151,41,29,0x00000000,4172
2987,0x00000147,464,122,0x00000000,3585391
2988,0x0000017e,20,62,0x00000000,1728
2989,0x0000017e,20,62,0x00000000,2027
2990,0x0000017e,20,62,0x00000000,1401
2991,0x0000017e,20,62,0x00000000,1013
2992,0x0000017e,20,62,0x00000000,963
2993,0x0000017e,20,62,0x00000000,964
2994,0x0000017e,20,62,0x00000000,944
2995,0x0000017e,20,62,0x00000000,2165
2996,0x0000017e,20,62,0x00000000,1173
2997,0x0000017e,20,62,0x00000000,1123
2998,0x0000017e,20,62,0x00000000,1410
2999,0x0000017e,20,62,0x00000000,973
3000,0x0000017e,20,62,0x00000000,884
3001,0x0000017e,20,62,0x00000000,884
3002,0x0000017e,20,62,0x00000000,1162
3003,0x0000017e,20,62,0x00000000,1232
3004,0x0000017b,12,44,0x00000000,4917
3005,0x00000158,107,428,0x00000000,2446803
3006,0x00000165,14,10,0x00000000,4828
3007,0x00000165,14,10,0x00000000,2116
3008,0x00000145,12,10,0x00000000,94810042
3009,0x00000144,12,10,0x00000100,1589
3010,0x00000143,11,10,0x00000000,7272
3011,0x0000017a,22,83,0x00000000,904
3012,0x0000017a,22,27,0x00000000,606
3013,0x00000131,355,474,0x00000000,24715
3014,0x00000131,353,440,0x00000000,23742
3015,0x0000017b,12,44,0x00000000,5881
3016,0x00000168,84,338,0x00000000,91979
3017,0x00000176,59,48,0x00000000,3895
3018,0x00000151,41,29,0x00000000,4699
3019,0x00000147,464,122,0x00000000,2482794
3020,0x0000017e,20,62,0x00000000,1113
3021,0x0000017e,20,62,0x00000000,934
3022,0x0000017e,20,62,0x00000000,834
3023,0x0000017e,20,62,0x00000000,864
3024,0x0000017e,20,62,0x00000000,1887
3025,0x0000017e,20,62,0x00000000,974
3026,0x0000017e,20,62,0x00000000,844
3027,0x0000017e,20,62,0x00000000,1083
3028,0x0000017e,20,62,0x00000000,1142
3029,0x0000017e,20,62,0x00000000,1172
3030,0x0000017e,20,62,0x00000000,1063
3031,0x0000017e,20,62,0x00000000,1023
3032,0x0000017e,20,62,0x00000000,1272
3033,0x0000017e,20,62,0x00000000,874
3034,0x0000017e,20,62,0x00000000,855
3035,0x0000017e,20,62,0x00000000,1063
3036,0x0000017b,12,44,0x00000000,4292
3037,0x00000158,107,428,0x00000000,2438527
3038,0x00000165,14,10,0x00000000,5324
3039,0x00000165,14,10,0x00000000,2911
3040,0x00000145,12,10,0x00000000,90725343
3041,0x00000144,12,10,0x00000100,2325
3042,0x00000143,11,10,0x00000000,9368
3043,0x0000017a,22,83,0x00000000,2473
3044,0x0000017a,22,27,0x00000000,2543
3045,0x00000131,355,474,0x00000000,36616
3046,0x00000131,353,440,0x00000000,31789
3047,0x0000017b,12,44,0x00000000,4450
3048,0x00000168,84,338,0x00000000,92843
3049,0x00000176,59,48,0x00000000,5066
3050,0x00000151,41,29,0x00000000,4322
3051,0x00000147,464,122,0x00000000,3207163
3052,0x0000017e,20,62,0x00000000,2195
3053,0x0000017e,20,62,0x00000000,2980
3054,0x0000017e,20,62,0x00000000,1510
3055,0x0000017e,20,62,0x00000000,1013
3056,0x0000017e,20,62,0x00000000,2196
3057,0x0000017e,20,62,0x00000000,1242
3058,0x0000017e,20,62,0x00000000,1917
3059,0x0000017e,20,62,0x00000000,1907
3060,0x0000017e,20,62,0x00000000,1609
3061,0x0000017e,20,62,0x00000000,1093
3062,0x0000017e,20,62,0x00000000,1003
3063,0x0000017e,20,62,0x00000000,1221
3064,0x0000017e,20,62,0x00000000,894
3065,0x0000017e,20,62,0x00000000,934
3066,0x0000017e,20,62,0x00000000,884
3067,0x0000017e,20,62,0x00000000,2335
3068,0x0000017b,12,44,0x00000000,6586
3069,0x00000158,107,428,0x00000000,3952305
3070,0x00000165,14,10,0x00000000,2672
3071,0x00000165,14,10,0x00000000,2225
3072,0x00000145,12,10,0x00000000,93403846
3073,0x00000144,12,10,0x00000100,2096
3074,0x00000143,11,10,0x00000000,7818
3075,0x0000017a,22,83,0x00000000,1530
3076,0x0000017a,22,27,0x00000000,894
3077,0x00000131,355,474,0x00000000,56604
3078,0x00000131,353,440,0x00000000,33159
3079,0x0000017b,12,44,0x00000000,3745
3080,0x00000168,84,338,0x00000000,66459
3081,0x00000176,59,48,0x00000000,6944
3082,0x00000151,41,29,0x00000000,4411
3083,0x00000147,464,122,0x00000000,3574872
3084,0x0000017e,20,62,0x00000000,1410
3085,0x0000017e,20,62,0x00000000,884
3086,0x0000017e,20,62,0x00000000,884
3087,0x0000017e,20,62,0x00000000,855
3088,0x0000017e,20,62,0x00000000,845
3089,0x0000017e,20,62,0x00000000,834
3090,0x0000017e,20,62,0x00000000,943
3091,0x0000017e,20,62,0x00000000,874
3092,0x0000017e,20,62,0x00000000,904
3093,0x0000017e,20,62,0x00000000,2106
3094,0x0000017e,20,62,0x00000000,1261
3095,0x0000017e,20,62,0x00000000,1907
3096,0x0000017e,20,62,0x00000000,1331
3097,0x0000017e,20,62,0x00000000,844
3098,0x0000017e,20,62,0x00000000,874
3099,0x0000017e,20,62,0x00000000,884
3100,0x0000017b,12,44,0x00000000,4857
3101,0x00000158,107,428,0x00000000,2675712
3102,0x00000165,14,10,0x00000000,2424
3103,0x00000165,14,10,0x00000000,2811
3104,0x00000145,12,10,0x00000000,87973735
3105,0x00000144,12,10,0x00000100,1311
3106,0x00000143,11,10,0x00000000,6387
3107,0x0000017a,22,83,0x00000000,805
3108,0x0000017a,22,27,0x00000000,676
3109,0x00000131,355,474,0x00000000,40223
3110,0x00000131,353,440,0x00000000,19023
3111,0x0000017b,12,44,0x00000000,2980
3112,0x00000168,84,338,0x00000000,61581
3113,0x00000176,59,48,0x00000000,3526
3114,0x00000151,41,29,0x00000000,3487
3115,0x00000147,464,122,0x00000000,3035672
3116,0x0000017e,20,62,0x00000000,1172
3117,0x0000017e,20,62,0x00000000,1470
3118,0x0000017e,20,62,0x00000000,1291
3119,0x0000017e,20,62,0x00000000,1281
3120,0x0000017e,20,62,0x00000000,1112
3121,0x0000017e,20,62,0x00000000,1619
3122,0x0000017e,20,62,0x00000000,1162
3123,0x0000017e,20,62,0x00000000,1321
3124,0x0000017e,20,62,0x00000000,1004
3125,0x0000017e,20,62,0x00000000,1827
3126,0x0000017e,20,62,0x00000000,884
3127,0x0000017e,20,62,0x00000000,1103
3128,0x0000017e,20,62,0x00000000,993
3129,0x0000017e,20,62,0x00000000,2642
3130,0x0000017e,20,62,0x00000000,1569
3131,0x0000017e,20,62,0x00000000,2046
3132,0x0000017b,12,44,0x00000000,6795
3133,0x00000158,107,428,0x00000000,2732744
3134,0x00000165,14,10,0x00000000,3516
3135,0x00000165,14,10,0x00000000,2831
3136,0x00000145,12,10,0x00000000,92116211
3137,0x00000144,12,10,0x00000100,1470
3138,0x00000143,11,10,0x00000000,6734
3139,0x0000017a,22,83,0x00000000,1023
3140,0x0000017a,22,27,0x00000000,933
3141,0x00000131,355,474,0x00000000,37506
3142,0x00000131,353,440,0x00000000,29927
3143,0x0000017b,12,44,0x00000000,4122
3144,0x00000168,84,338,0x00000000,70551
3145,0x00000176,59,48,0x00000000,6248
3146,0x00000151,41,29,0x00000000,7231
3147,0x00000147,464,122,0x00000000,2969592
3148,0x0000017e,20,62,0x00000000,2582
3149,0x0000017e,20,62,0x00000000,1033
3150,0x0000017e,20,62,0x00000000,984
3151,0x0000017e,20,62,0x00000000,1798
3152,0x0000017e,20,62,0x00000000,954
3153,0x0000017e,20,62,0x00000000,1033
3154,0x0000017e,20,62,0x00000000,1609
3155,0x0000017e,20,62,0x00000000,2224
3156,0x0000017e,20,62,0x00000000,2443
3157,0x0000017e,20,62,0x00000000,2325
3158,0x0000017e,20,62,0x00000000,1291
3159,0x0000017e,20,62,0x00000000,894
3160,0x0000017e,20,62,0x00000000,2285
3161,0x0000017e,20,62,0x00000000,1093
3162,0x0000017e,20,62,0x00000000,874
3163,0x0000017e,20,62,0x00000000,1937
3164,0x0000017b,12,44,0x00000000,4996
3165,0x00000158,107,428,0x00000000,2430205
3166,0x00000165,14,10,0x00000000,1739
3167,0x00000165,14,10,0x00000000,1649
3168,0x00000145,12,10,0x00000000,90857197
3169,0x00000144,12,10,0x00000100,1728
3170,0x00000143,11,10,0x00000000,6337
3171,0x0000017a,22,83,0x00000000,1232
3172,0x0000017a,22,27,0x00000000,656
3173,0x00000131,355,474,0x00000000,25011
3174,0x00000131,353,440,0x00000000,19210
3175,0x0000017b,12,44,0x00000000,3089
3176,0x00000168,84,338,0x00000000,94132
3177,0x00000176,59,48,0x00000000,5433
3178,0x00000151,41,29,0x00000000,5294
3179,0x00000147,464,122,0x00000000,3343599
3180,0x0000017e,20,62,0x00000000,1380
3181,0x0000017e,20,62,0x00000000,934
3182,0x0000017e,20,62,0x00000000,934
3183,0x0000017e,20,62,0x00000000,1778
3184,0x0000017e,20,62,0x00000000,1013
3185,0x0000017e,20,62,0x00000000,1152
3186,0x0000017e,20,62,0x00000000,884
3187,0x0000017e,20,62,0x00000000,874
3188,0x0000017e,20,62,0x00000000,1878
3189,0x0000017e,20,62,0x00000000,1162
3190,0x0000017e,20,62,0x00000000,993
3191,0x0000017e,20,62,0x00000000,1858
3192,0x0000017e,20,62,0x00000000,1431
3193,0x0000017e,20,62,0x00000000,1201
3194,0x0000017e,20,62,0x00000000,904
3195,0x0000017e,20,62,0x00000000,904
3196,0x0000017b,12,44,0x00000000,6327
3197,0x00000158,107,428,0x00000000,3181368
3198,0x00000165,14,10,0x00000000,3973
3199,0x00000165,14,10,0x00000000,3129
3200,0x00000145,12,10,0x00000000,93247460
3201,0x00000144,12,10,0x00000100,1778
3202,0x00000143,11,10,0x00000000,8492
3203,0x0000017a,22,83,0x00000000,2095
3204,0x0000017a,22,27,0x00000000,1033
3205,0x00000131,355,474,0x00000000,45601
3206,0x00000131,353,440,0x00000000,37496
3207,0x0000017b,12,44,0x00000000,5354
3208,0x00000168,84,338,0x00000000,66946
3209,0x00000176,59,48,0x00000000,3764
3210,0x00000151,41,29,0x00000000,6725
3211,0x00000147,464,122,0x00000000,2419477
3212,0x0000017e,20,62,0x00000000,1073
3213,0x0000017e,20,62,0x00000000,1917
3214,0x0000017e,20,62,0x00000000,983
3215,0x0000017e,20,62,0x00000000,933
3216,0x0000017e,20,62,0x00000000,964
3217,0x0000017e,20,62,0x00000000,1133
3218,0x0000017e,20,62,0x00000000,1232
3219,0x0000017e,20,62,0x00000000,1341
3220,0x0000017e,20,62,0x00000000,964
3221,0x0000017e,20,62,0x00000000,874
3222,0x0000017e,20,62,0x00000000,2672
3223,0x0000017e,20,62,0x00000000,944
3224,0x0000017e,20,62,0x00000000,855
3225,0x0000017e,20,62,0x00000000,874
3226,0x0000017e,20,62,0x00000000,2245
3227,0x0000017e,20,62,0x00000000,1113
3228,0x0000017b,12,44,0x00000000,5761
3229,0x00000158,107,428,0x00000000,2553518
3230,0x00000165,14,10,0x00000000,2096
3231,0x00000165,14,10,0x00000000,1897
3232,0x00000145,12,10,0x00000000,91824423
3233,0x00000144,12,10,0x00000100,1103
3234,0x00000143,11,10,0x00000000,8234
3235,0x0000017a,22,83,0x00000000,1092
3236,0x0000017a,22,27,0x00000000,1857
3237,0x00000131,355,474,0x00000000,33076
3238,0x00000131,353,440,0x00000000,28884
3239,0x0000017b,12,44,0x00000000,5503
3240,0x00000168,84,338,0x00000000,67939
3241,0x00000176,59,48,0x00000000,8681
3242,0x00000151,41,29,0x00000000,4897
3243,0x00000147,464,122,0x00000000,2587329
3244,0x0000017e,20,62,0x00000000,1440
3245,0x0000017e,20,62,0x00000000,1003
3246,0x0000017e,20,62,0x00000000,2344
3247,0x0000017e,20,62,0x00000000,924
3248,0x0000017e,20,62,0x00000000,834
3249,0x0000017e,20,62,0x00000000,1986
3250,0x0000017e,20,62,0x00000000,1112
3251,0x0000017e,20,62,0x00000000,1172
3252,0x0000017e,20,62,0x00000000,1033
3253,0x0000017e,20,62,0x00000000,884
3254,0x0000017e,20,62,0x00000000,2553
3255,0x0000017e,20,62,0x00000000,993
3256,0x0000017e,20,62,0x00000000,874
3257,0x0000017e,20,62,0x00000000,2264
3258,0x0000017e,20,62,0x00000000,1043
3259,0x0000017e,20,62,0x00000000,1093
3260,0x0000017b,12,44,0x00000000,5244
3261,0x00000158,107,428,0x00000000,3216337
3262,0x00000165,14,10,0x00000000,45919
3263,0x00000165,14,10,0x00000000,4251
3264,0x00000145,12,10,0x00000000,87379939
3265,0x00000144,12,10,0x00000100,1827
3266,0x00000143,11,10,0x00000000,6247
3267,0x0000017a,22,83,0x00000000,964
3268,0x0000017a,22,27,0x00000000,1311
3269,0x00000131,355,474,0x00000000,26351
3270,0x00000131,353,440,0x00000000,18753
3271,0x0000017b,12,44,0x00000000,3139
3272,0x00000168,84,338,0x00000000,62298
3273,0x00000176,59,48,0x00000000,4718
3274,0x00000151,41,29,0x00000000,8373
3275,0x00000147,464,122,0x00000000,3317762
3276,0x0000017e,20,62,0x00000000,1550
3277,0x0000017e,20,62,0x00000000,2215
3278,0x0000017e,20,62,0x00000000,943
3279,0x0000017e,20,62,0x00000000,874
3280,0x0000017e,20,62,0x00000000,874
3281,0x0000017e,20,62,0x00000000,13429
3282,0x0000017e,20,62,0x00000000,874
3283,0x0000017e,20,62,0x00000000,884
3284,0x0000017e,20,62,0x00000000,3566
3285,0x0000017e,20,62,0x00000000,1639
3286,0x0000017e,20,62,0x00000000,2274
3287,0x0000017e,20,62,0x00000000,1311
3288,0x0000017e,20,62,0x00000000,2504
3289,0x0000017e,20,62,0x00000000,1252
3290,0x0000017e,20,62,0x00000000,1570
3291,0x0000017e,20,62,0x00000000,2543
3292,0x0000017b,12,44,0x00000000,5046
3293,0x00000158,107,428,0x00000000,3195473
3294,0x00000165,14,10,0x00000000,1857
3295,0x00000165,14,10,0x00000000,2046
3296,0x00000145,12,10,0x00000000,86729380
3297,0x00000144,12,10,0x00000100,1867
3298,0x00000143,11,10,0x00000000,8552
3299,0x0000017a,22,83,0x00000000,755
3300,0x0000017a,22,27,0x00000000,2255
3301,0x00000131,355,474,0x00000000,52524
3302,0x00000131,353,440,0x00000000,23769
3303,0x0000017b,12,44,0x00000000,2791
3304,0x00000168,84,338,0x00000000,70155
3305,0x00000176,59,48,0x00000000,4142
3306,0x00000151,41,29,0x00000000,4351
3307,0x00000147,464,122,0x00000000,2412226
3308,0x0000017e,20,62,0x00000000,1351
3309,0x0000017e,20,62,0x00000000,2384
3310,0x0000017e,20,62,0x00000000,1729
3311,0x0000017e,20,62,0x00000000,1986
3312,0x0000017e,20,62,0x00000000,2294
3313,0x0000017e,20,62,0x00000000,1232
3314,0x0000017e,20,62,0x00000000,2016
3315,0x0000017e,20,62,0x00000000,874
3316,0x0000017e,20,62,0x00000000,1242
3317,0x0000017e,20,62,0x00000000,894
3318,0x0000017e,20,62,0x00000000,1043
3319,0x0000017e,20,62,0x00000000,1143
3320,0x0000017e,20,62,0x00000000,1043
3321,0x0000017e,20,62,0x00000000,845
3322,0x0000017e,20,62,0x00000000,874
3323,0x0000017e,20,62,0x00000000,864
3324,0x0000017b,12,44,0x00000000,4718
3325,0x00000158,107,428,0x00000000,2428437
3326,0x00000165,14,10,0x00000000,1818
3327,0x00000165,14,10,0x00000000,4082
3328,0x00000145,12,10,0x00000000,92185622
3329,0x00000144,12,10,0x00000100,2294
3330,0x00000143,11,10,0x00000000,6625
3331,0x0000017a,22,83,0x00000000,864
3332,0x0000017a,22,27,0x00000000,2215
3333,0x00000131,355,474,0x00000000,35579
3334,0x00000131,353,440,0x00000000,26033
3335,0x0000017b,12,44,0x00000000,7439
3336,0x00000168,84,338,0x00000000,67780
3337,0x00000176,59,48,0x00000000,7231
3338,0x00000151,41,29,0x00000000,6704
3339,0x00000147,464,122,0x00000000,2479708
3340,0x0000017e,20,62,0x00000000,1122
3341,0x0000017e,20,62,0x00000000,894
3342,0x0000017e,20,62,0x00000000,864
3343,0x0000017e,20,62,0x00000000,2156
3344,0x0000017e,20,62,0x00000000,1072
3345,0x0000017e,20,62,0x00000000,934
3346,0x0000017e,20,62,0x00000000,1669
3347,0x0000017e,20,62,0x00000000,1053
3348,0x0000017e,20,62,0x00000000,1242
3349,0x0000017e,20,62,0x00000000,844
3350,0x0000017e,20,62,0x00000000,2364
3351,0x0000017e,20,62,0x00000000,1023
3352,0x0000017e,20,62,0x00000000,964
3353,0x0000017e,20,62,0x00000000,2334
3354,0x0000017e,20,62,0x00000000,1371
3355,0x0000017e,20,62,0x00000000,2175
3356,0x0000017b,12,44,0x00000000,5920
3357,0x00000158,107,428,0x00000000,2404086
3358,0x00000165,14,10,0x00000000,2026
3359,0x00000165,14,10,0x00000000,1678
3360,0x00000145,12,10,0x00000000,99199053
3361,0x00000144,12,10,0x00000100,1907
3362,0x00000143,11,10,0x00000000,6942
3363,0x0000017a,22,83,0x00000000,864
3364,0x0000017a,22,27,0x00000000,2294
3365,0x00000131,355,474,0x00000000,26080
3366,0x00000131,353,440,0x00000000,20568
3367,0x0000017b,12,44,0x00000000,2959
3368,0x00000168,84,338,0x00000000,63690
3369,0x00000176,59,48,0x00000000,4251
3370,0x00000151,41,29,0x00000000,6793
3371,0x00000147,464,122,0x00000000,2737824
3372,0x0000017e,20,62,0x00000000,1877
3373,0x0000017e,20,62,0x00000000,2184
3374,0x0000017e,20,62,0x00000000,2145
3375,0x0000017e,20,62,0x00000000,1629
3376,0x0000017e,20,62,0x00000000,1013
3377,0x0000017e,20,62,0x00000000,2721
3378,0x0000017e,20,62,0x00000000,2195
3379,0x0000017e,20,62,0x00000000,2046
3380,0x0000017e,20,62,0x00000000,2294
3381,0x0000017e,20,62,0x00000000,1936
3382,0x0000017e,20,62,0x00000000,1013
3383,0x0000017e,20,62,0x00000000,2602
3384,0x0000017e,20,62,0x00000000,844
3385,0x0000017e,20,62,0x00000000,1201
3386,0x0000017e,20,62,0x00000000,973
3387,0x0000017e,20,62,0x00000000,1192
3388,0x0000017b,12,44,0x00000000,7538
3389,0x00000158,107,428,0x00000000,3928577
3390,0x00000165,14,10,0x00000000,3386
3391,0x00000165,14,10,0x00000000,3983
3392,0x00000145,12,10,0x00000000,114387211
3393,0x00000144,12,10,0x00000100,1957
3394,0x00000143,11,10,0x00000000,7121
3395,0x0000017a,22,83,0x00000000,865
3396,0x0000017a,22,27,0x00000000,1400
3397,0x00000131,355,474,0x00000000,30191
3398,0x00000131,353,440,0x00000000,24223
3399,0x0000017b,12,44,0x00000000,3456
3400,0x00000168,84,338,0x00000000,66520
3401,0x00000176,59,48,0x00000000,3486
3402,0x00000151,41,29,0x00000000,3218
3403,0x00000147,464,122,0x00000000,2446030
3404,0x0000017e,20,62,0x00000000,914
3405,0x0000017e,20,62,0x00000000,2265
3406,0x0000017e,20,62,0x00000000,1202
3407,0x0000017e,20,62,0x00000000,1023
3408,0x0000017e,20,62,0x00000000,993
3409,0x0000017e,20,62,0x00000000,3039
3410,0x0000017e,20,62,0x00000000,1679
3411,0x0000017e,20,62,0x00000000,1161
3412,0x0000017e,20,62,0x00000000,874
3413,0x0000017e,20,62,0x00000000,993
3414,0x0000017e,20,62,0x00000000,835
3415,0x0000017e,20,62,0x00000000,844
3416,0x0000017e,20,62,0x00000000,963
3417,0x0000017e,20,62,0x00000000,1201
3418,0x0000017e,20,62,0x00000000,2602
3419,0x0000017e,20,62,0x00000000,2184
3420,0x0000017b,12,44,0x00000000,6545
3421,0x00000158,107,428,0x00000000,2399949
3422,0x00000165,14,10,0x00000000,3048
3423,0x00000165,14,10,0x00000000,3714
3424,0x00000145,12,10,0x00000000,92318487
3425,0x00000144,12,10,0x00000100,1421
3426,0x00000143,11,10,0x00000000,6628
3427,0x0000017a,22,83,0x00000000,1788
3428,0x0000017a,22,27,0x00000000,1768
3429,0x00000131,355,474,0x00000000,41564
3430,0x00000131,353,440,0x00000000,19614
3431,0x0000017b,12,44,0x00000000,4074
3432,0x00000168,84,338,0x00000000,69515
3433,0x00000176,59,48,0x00000000,7303
3434,0x00000151,41,29,0x00000000,6846
3435,0x00000147,464,122,0x00000000,2725895
3436,0x0000017e,20,62,0x00000000,1282
3437,0x0000017e,20,62,0x00000000,1013
3438,0x0000017e,20,62,0x00000000,1083
3439,0x0000017e,20,62,0x00000000,934
3440,0x0000017e,20,62,0x00000000,815
3441,0x0000017e,20,62,0x00000000,874
3442,0x0000017e,20,62,0x00000000,1063
3443,0x0000017e,20,62,0x00000000,974
3444,0x0000017e,20,62,0x00000000,874
3445,0x0000017e,20,62,0x00000000,993
3446,0x0000017e,20,62,0x00000000,2236
3447,0x0000017e,20,62,0x00000000,1123
3448,0x0000017e,20,62,0x00000000,1004
3449,0x0000017e,20,62,0x00000000,2335
3450,0x0000017e,20,62,0x00000000,874
3451,0x0000017e,20,62,0x00000000,855
3452,0x0000017b,12,44,0x00000000,5674
3453,0x00000158,107,428,0x00000000,2459460
3454,0x00000165,14,10,0x00000000,2305
3455,0x00000165,14,10,0x00000000,1778
3456,0x00000145,12,10,0x00000000,100103442
3457,0x00000144,12,10,0x00000100,1868
3458,0x00000143,11,10,0x00000000,6588
3459,0x0000017a,22,83,0x00000000,3091
3460,0x0000017a,22,27,0x00000000,705
3461,0x00000131,355,474,0x00000000,31915
3462,0x00000131,353,440,0x00000000,26670
3463,0x0000017b,12,44,0x00000000,4640
3464,0x00000168,84,338,0x00000000,67935
3465,0x00000176,59,48,0x00000000,8427
3466,0x00000151,41,29,0x00000000,3934
3467,0x00000147,464,122,0x00000000,2447974
3468,0x0000017e,20,62,0x00000000,2454
3469,0x0000017e,20,62,0x00000000,1034
3470,0x0000017e,20,62,0x00000000,1093
3471,0x0000017e,20,62,0x00000000,964
3472,0x0000017e,20,62,0x00000000,1878
3473,0x0000017e,20,62,0x00000000,924
3474,0x0000017e,20,62,0x00000000,934
3475,0x0000017e,20,62,0x00000000,865
3476,0x0000017e,20,62,0x00000000,1162
3477,0x0000017e,20,62,0x00000000,974
3478,0x0000017e,20,62,0x00000000,1133
3479,0x0000017e,20,62,0x00000000,1003
3480,0x0000017e,20,62,0x00000000,1382
3481,0x0000017e,20,62,0x00000000,2385
3482,0x0000017e,20,62,0x00000000,1679
3483,0x0000017e,20,62,0x00000000,864
3484,0x0000017b,12,44,0x00000000,4819
3485,0x00000158,107,428,0x00000000,2430833
3486,0x00000165,14,10,0x00000000,1858
3487,0x00000165,14,10,0x00000000,2136
3488,0x00000145,12,10,0x00000000,86195349
3489,0x00000144,12,10,0x00000100,1878
3490,0x00000143,11,10,0x00000000,7920
3491,0x0000017a,22,83,0x00000000,994
3492,0x0000017a,22,27,0x00000000,1769
3493,0x00000131,355,474,0x00000000,28339
3494,0x00000131,353,440,0x00000000,19297
3495,0x0000017b,12,44,0x00000000,3359
3496,0x00000168,84,338,0x00000000,91514
3497,0x00000176,59,48,0x00000000,3786
3498,0x00000151,41,29,0x00000000,3547
3499,0x00000147,464,122,0x00000000,3047770
3500,0x0000017e,20,62,0x00000000,1550
3501,0x0000017e,20,62,0x00000000,1034
3502,0x0000017e,20,62,0x00000000,2225
3503,0x0000017e,20,62,0x00000000,1143
3504,0x0000017e,20,62,0x00000000,1391
3505,0x0000017e,20,62,0x00000000,2832
3506,0x0000017e,20,62,0x00000000,1500
3507,0x0000017e,20,62,0x00000000,994
3508,0x0000017e,20,62,0x00000000,1818
3509,0x0000017e,20,62,0x00000000,1093
3510,0x0000017e,20,62,0x00000000,1650
3511,0x0000017e,20,62,0x00000000,1232
3512,0x0000017e,20,62,0x00000000,1967
3513,0x0000017e,20,62,0x00000000,1361
3514,0x0000017e,20,62,0x00000000,934
3515,0x0000017e,20,62,0x00000000,1958
3516,0x0000017b,12,44,0x00000000,6995
3517,0x00000158,107,428,0x00000000,3369556
3518,0x00000165,14,10,0x00000000,3488
3519,0x00000165,14,10,0x00000000,3467
3520,0x00000145,12,10,0x00000000,237459756
3521,0x00000144,12,10,0x00000100,1232
3522,0x00000143,11,10,0x00000000,11516
3523,0x0000017a,22,83,0x00000000,1372
3524,0x0000017a,22,27,0x00000000,1808
3525,0x00000131,355,474,0x00000000,35830
3526,0x00000131,353,440,0x00000000,25447
3527,0x0000017b,12,44,0x00000000,3308
3528,0x00000168,84,338,0x00000000,85613
3529,0x00000176,59,48,0x00000000,5584
3530,0x00000151,41,29,0x00000000,5128
3531,0x00000147,464,122,0x00000000,3059004
3532,0x0000017e,20,62,0x00000000,1590
3533,0x0000017e,20,62,0x00000000,2067
3534,0x0000017e,20,62,0x00000000,1590
3535,0x0000017e,20,62,0x00000000,2593
3536,0x0000017e,20,62,0x00000000,1352
3537,0x0000017e,20,62,0x00000000,2047
3538,0x0000017e,20,62,0x00000000,1451
3539,0x0000017e,20,62,0x00000000,894
3540,0x0000017e,20,62,0x00000000,2117
3541,0x0000017e,20,62,0x00000000,1172
3542,0x0000017e,20,62,0x00000000,1252
3543,0x0000017e,20,62,0x00000000,974
3544,0x0000017e,20,62,0x00000000,854
3545,0x0000017e,20,62,0x00000000,1123
3546,0x0000017e,20,62,0x00000000,2205
3547,0x0000017e,20,62,0x00000000,1142
3548,0x0000017b,12,44,0x00000000,5276
3549,0x00000158,107,428,0x00000000,3764439
3550,0x00000165,14,10,0x00000000,4571
3551,0x00000165,14,10,0x00000000,3696
3552,0x00000145,12,10,0x00000000,1747330396
3553,0x00000144,12,10,0x00000100,2345
3554,0x00000143,11,10,0x00000000,8941
3555,0x0000017a,22,83,0x00000000,1073
3556,0x0000017a,22,27,0x00000000,2215
3557,0x00000131,355,474,0x00000000,36359
3558,0x00000131,353,440,0x00000000,37473
3559,0x0000017b,12,44,0x00000000,8504
3560,0x00000168,84,338,0x00000000,83697
3561,0x00000176,59,48,0x00000000,8941
3562,0x00000151,41,29,0x00000000,14872
3563,0x00000147,464,122,0x00000000,4183740
3564,0x0000017e,20,62,0x00000000,3248
3565,0x0000017e,20,62,0x00000000,1282
3566,0x0000017e,20,62,0x00000000,1569
3567,0x0000017e,20,62,0x00000000,2980
3568,0x0000017e,20,62,0x00000000,2483
3569,0x0000017e,20,62,0x00000000,2443
3570,0x0000017e,20,62,0x00000000,1013
3571,0x0000017e,20,62,0x00000000,2573
3572,0x0000017e,20,62,0x00000000,1937
3573,0x0000017e,20,62,0x00000000,2215
3574,0x0000017e,20,62,0x00000000,1510
3575,0x0000017e,20,62,0x00000000,2583
3576,0x0000017e,20,62,0x00000000,1808
3577,0x0000017e,20,62,0x00000000,1977
3578,0x0000017e,20,62,0x00000000,1589
3579,0x0000017e,20,62,0x00000000,1689
3580,0x0000017b,12,44,0x00000000,8444
3581,0x00000158,107,428,0x00000000,3235022
3582,0x00000165,14,10,0x00000000,3358
3583,0x00000165,14,10,0x00000000,3865
3584,0x00000145,12,10,0x00000000,95444401
3585,0x00000144,12,10,0x00000100,1898
3586,0x00000143,11,10,0x00000000,6536
3587,0x0000017a,22,83,0x00000000,1202
3588,0x0000017a,22,27,0x00000000,1768
3589,0x00000131,355,474,0x00000000,27617
3590,0x00000131,353,440,0x00000000,28959
3591,0x0000017b,12,44,0x00000000,2961
3592,0x00000168,84,338,0x00000000,80429
3593,0x00000176,59,48,0x00000000,4719
3594,0x00000151,41,29,0x00000000,3904
3595,0x00000147,464,122,0x00000000,3942250
3596,0x0000017e,20,62,0x00000000,1400
3597,0x0000017e,20,62,0x00000000,894
3598,0x0000017e,20,62,0x00000000,885
3599,0x0000017e,20,62,0x00000000,835
3600,0x0000017e,20,62,0x00000000,904
3601,0x0000017e,20,62,0x00000000,874
3602,0x0000017e,20,62,0x00000000,914
3603,0x0000017e,20,62,0x00000000,874
3604,0x0000017e,20,62,0x00000000,854
3605,0x0000017e,20,62,0x00000000,874
3606,0x0000017e,20,62,0x00000000,874
3607,0x0000017e,20,62,0x00000000,875
3608,0x0000017e,20,62,0x00000000,2802
3609,0x0000017e,20,62,0x00000000,1351
3610,0x0000017e,20,62,0x00000000,1281
3611,0x0000017e,20,62,0x00000000,1023
3612,0x0000017b,12,44,0x00000000,6348
3613,0x00000158,107,428,0x00000000,3926772
3614,0x00000165,14,10,0x00000000,5385
3615,0x00000165,14,10,0x00000000,2384
3616,0x00000145,12,10,0x00000000,97435572
3617,0x00000144,12,10,0x00000100,2563
3618,0x00000143,11,10,0x00000000,8205
3619,0x0000017a,22,83,0x00000000,1380
3620,0x0000017a,22,27,0x00000000,735
3621,0x00000131,355,474,0x00000000,31788
3622,0x00000131,353,440,0x00000000,35364
3623,0x0000017b,12,44,0x00000000,3943
3624,0x00000168,84,338,0x00000000,91398
3625,0x00000176,59,48,0x00000000,6238
3626,0x00000151,41,29,0x00000000,5017
3627,0x00000147,464,122,0x00000000,2563691
3628,0x0000017e,20,62,0x00000000,964
3629,0x0000017e,20,62,0x00000000,2275
3630,0x0000017e,20,62,0x00000000,1162
3631,0x0000017e,20,62,0x00000000,834
3632,0x0000017e,20,62,0x00000000,2106
3633,0x0000017e,20,62,0x00000000,954
3634,0x0000017e,20,62,0x00000000,855
3635,0x0000017e,20,62,0x00000000,1043
3636,0x0000017e,20,62,0x00000000,1996
3637,0x0000017e,20,62,0x00000000,1570
3638,0x0000017e,20,62,0x00000000,1520
3639,0x0000017e,20,62,0x00000000,1133
3640,0x0000017e,20,62,0x00000000,1431
3641,0x0000017e,20,62,0x00000000,1142
3642,0x0000017e,20,62,0x00000000,994
3643,0x0000017e,20,62,0x00000000,1708
3644,0x0000017b,12,44,0x00000000,6218
3645,0x00000158,107,428,0x00000000,3500622
3646,0x00000165,14,10,0x00000000,2752
3647,0x00000165,14,10,0x00000000,2196
3648,0x00000145,12,10,0x00000000,95850409
3649,0x00000144,12,10,0x00000100,1569
3650,0x00000143,11,10,0x00000000,7013
3651,0x0000017a,22,83,0x00000000,953
3652,0x0000017a,22,27,0x00000000,696
3653,0x00000131,355,474,0x00000000,38503
3654,0x00000131,353,440,0x00000000,23294
3655,0x0000017b,12,44,0x00000000,5434
3656,0x00000168,84,338,0x00000000,71065
3657,0x00000176,59,48,0x00000000,4182
3658,0x00000151,41,29,0x00000000,4232
3659,0x00000147,464,122,0x00000000,2473225
3660,0x0000017e,20,62,0x00000000,1122
3661,0x0000017e,20,62,0x00000000,943
3662,0x0000017e,20,62,0x00000000,884
3663,0x0000017e,20,62,0x00000000,2255
3664,0x0000017e,20,62,0x00000000,1490
3665,0x0000017e,20,62,0x00000000,1917
3666,0x0000017e,20,62,0x00000000,1182
3667,0x0000017e,20,62,0x00000000,854
3668,0x0000017e,20,62,0x00000000,1023
3669,0x0000017e,20,62,0x00000000,1132
3670,0x0000017e,20,62,0x00000000,983
3671,0x0000017e,20,62,0x00000000,934
3672,0x0000017e,20,62,0x00000000,1251
3673,0x0000017e,20,62,0x00000000,845
3674,0x0000017e,20,62,0x00000000,1172
3675,0x0000017e,20,62,0x00000000,874
3676,0x0000017b,12,44,0x00000000,4828
3677,0x00000158,107,428,0x00000000,2867002
3678,0x00000165,14,10,0x00000000,1918
3679,0x00000165,14,10,0x00000000,1669
3680,0x00000145,12,10,0x00000000,99155102
3681,0x00000144,12,10,0x00000100,2643
3682,0x00000143,11,10,0x00000000,8126
3683,0x0000017a,22,83,0x00000000,1083
3684,0x0000017a,22,27,0x00000000,1589
3685,0x00000131,355,474,0x00000000,35135
3686,0x00000131,353,440,0x00000000,19917
3687,0x0000017b,12,44,0x00000000,5205
3688,0x00000168,84,338,0x00000000,70658
3689,0x00000176,59,48,0x00000000,3785
3690,0x00000151,41,29,0x00000000,4083
3691,0x00000147,464,122,0x00000000,2750512
3692,0x0000017e,20,62,0x00000000,1828
3693,0x0000017e,20,62,0x00000000,2413
3694,0x0000017e,20,62,0x00000000,2285
3695,0x0000017e,20,62,0x00000000,1252
3696,0x0000017e,20,62,0x00000000,2304
3697,0x0000017e,20,62,0x00000000,1878
3698,0x0000017e,20,62,0x00000000,1986
3699,0x0000017e,20,62,0x00000000,1718
3700,0x0000017e,20,62,0x00000000,954
3701,0x0000017e,20,62,0x00000000,2156
3702,0x0000017e,20,62,0x00000000,1043
3703,0x0000017e,20,62,0x00000000,2037
3704,0x0000017e,20,62,0x00000000,1271
3705,0x0000017e,20,62,0x00000000,1182
3706,0x0000017e,20,62,0x00000000,1043
3707,0x0000017e,20,62,0x00000000,2155
3708,0x0000017b,12,44,0x00000000,5434
3709,0x00000158,107,428,0x00000000,3262755
3710,0x00000165,14,10,0x00000000,2722
3711,0x00000165,14,10,0x00000000,3924
3712,0x00000145,12,10,0x00000000,90740610
3713,0x00000144,12,10,0x00000100,1798
3714,0x00000143,11,10,0x00000000,7609
3715,0x0000017a,22,83,0x00000000,914
3716,0x0000017a,22,27,0x00000000,1778
3717,0x00000131,355,474,0x00000000,26106
3718,0x00000131,353,440,0x00000000,28977
3719,0x0000017b,12,44,0x00000000,3745
3720,0x00000168,84,338,0x00000000,92948
3721,0x00000176,59,48,0x00000000,4956
3722,0x00000151,41,29,0x00000000,7500
3723,0x00000147,464,122,0x00000000,2542769
3724,0x0000017e,20,62,0x00000000,1103
3725,0x0000017e,20,62,0x00000000,984
3726,0x0000017e,20,62,0x00000000,1331
3727,0x0000017e,20,62,0x00000000,994
3728,0x0000017e,20,62,0x00000000,864
3729,0x0000017e,20,62,0x00000000,1112
3730,0x0000017e,20,62,0x00000000,1004
3731,0x0000017e,20,62,0x00000000,983
3732,0x0000017e,20,62,0x00000000,1013
3733,0x0000017e,20,62,0x00000000,1152
3734,0x0000017e,20,62,0x00000000,1569
3735,0x0000017e,20,62,0x00000000,1292
3736,0x0000017e,20,62,0x00000000,2006
3737,0x0000017e,20,62,0x00000000,1023
3738,0x0000017e,20,62,0x00000000,934
3739,0x0000017e,20,62,0x00000000,1311
3740,0x0000017b,12,44,0x00000000,5781
3741,0x00000158,107,428,0x00000000,2432230
3742,0x00000165,14,10,0x00000000,1868
3743,0x00000165,14,10,0x00000000,1659
3744,0x00000145,12,10,0x00000000,96237599
3745,0x00000144,12,10,0x00000100,1550
3746,0x00000143,11,10,0x00000000,25450
3747,0x0000017a,22,83,0x00000000,1043
3748,0x0000017a,22,27,0x00000000,3010
3749,0x00000131,355,474,0x00000000,24933
3750,0x00000131,353,440,0x00000000,19957
3751,0x0000017b,12,44,0x00000000,6338
3752,0x00000168,84,338,0x00000000,66803
3753,0x00000176,59,48,0x00000000,8443
3754,0x00000151,41,29,0x00000000,7132
3755,0x00000147,464,122,0x00000000,2516501
3756,0x0000017e,20,62,0x00000000,2265
3757,0x0000017e,20,62,0x00000000,1142
3758,0x0000017e,20,62,0x00000000,1072
3759,0x0000017e,20,62,0x00000000,1093
3760,0x0000017e,20,62,0x00000000,973
3761,0x0000017e,20,62,0x00000000,1073
3762,0x0000017e,20,62,0x00000000,1003
3763,0x0000017e,20,62,0x00000000,1133
3764,0x0000017e,20,62,0x00000000,1341
3765,0x0000017e,20,62,0x00000000,993
3766,0x0000017e,20,62,0x00000000,3457
3767,0x0000017e,20,62,0x00000000,2653
3768,0x0000017e,20,62,0x00000000,2424
3769,0x0000017e,20,62,0x00000000,1599
3770,0x0000017e,20,62,0x00000000,1400
3771,0x0000017e,20,62,0x00000000,1003
3772,0x0000017b,12,44,0x00000000,7778
3773,0x00000158,107,428,0x00000000,3426937
3774,0x00000165,14,10,0x00000000,3060
3775,0x00000165,14,10,0x00000000,2344
3776,0x00000145,12,10,0x00000000,96396230
3777,0x00000144,12,10,0x00000100,1729
3778,0x00000143,11,10,0x00000000,8980
3779,0x0000017a,22,83,0x00000000,1778
3780,0x0000017a,22,27,0x00000000,943
3781,0x00000131,355,474,0x00000000,26433
3782,0x00000131,353,440,0x00000000,23811
3783,0x0000017b,12,44,0x00000000,7003
3784,0x00000168,84,338,0x00000000,89502
3785,0x00000176,59,48,0x00000000,8662
3786,0x00000151,41,29,0x00000000,8464
3787,0x00000147,464,122,0x00000000,3189276
3788,0x0000017e,20,62,0x00000000,1321
3789,0x0000017e,20,62,0x00000000,2076
3790,0x0000017e,20,62,0x00000000,874
3791,0x0000017e,20,62,0x00000000,923
3792,0x0000017e,20,62,0x00000000,993
3793,0x0000017e,20,62,0x00000000,954
3794,0x0000017e,20,62,0x00000000,1163
3795,0x0000017e,20,62,0x00000000,1152
3796,0x0000017e,20,62,0x00000000,1003
3797,0x0000017e,20,62,0x00000000,1093
3798,0x0000017e,20,62,0x00000000,993
3799,0x0000017e,20,62,0x00000000,1420
3800,0x0000017e,20,62,0x00000000,1689
3801,0x0000017e,20,62,0x00000000,983
3802,0x0000017e,20,62,0x00000000,874
3803,0x0000017e,20,62,0x00000000,1887
3804,0x0000017b,12,44,0x00000000,6198
3805,0x00000158,107,428,0x00000000,2650162
3806,0x00000165,14,10,0x00000000,2354
3807,0x00000165,14,10,0x00000000,2782
3808,0x00000145,12,10,0x00000000,105275662
3809,0x00000144,12,10,0x00000100,1798
3810,0x00000143,11,10,0x00000000,7371
3811,0x0000017a,22,83,0x00000000,984
3812,0x0000017a,22,27,0x00000000,904
3813,0x00000131,355,474,0x00000000,26910
3814,0x00000131,353,440,0x00000000,22033
3815,0x0000017b,12,44,0x00000000,5493
3816,0x00000168,84,338,0x00000000,96792
3817,0x00000176,59,48,0x00000000,5533
3818,0x00000151,41,29,0x00000000,7559
3819,0x00000147,464,122,0x00000000,2515264
3820,0x0000017e,20,62,0x00000000,2046
3821,0x0000017e,20,62,0x00000000,1261
3822,0x0000017e,20,62,0x00000000,1152
3823,0x0000017e,20,62,0x00000000,1759
3824,0x0000017e,20,62,0x00000000,914
3825,0x0000017e,20,62,0x00000000,994
3826,0x0000017e,20,62,0x00000000,2275
3827,0x0000017e,20,62,0x00000000,1013
3828,0x0000017e,20,62,0x00000000,884
3829,0x0000017e,20,62,0x00000000,894
3830,0x0000017e,20,62,0x00000000,904
3831,0x0000017e,20,62,0x00000000,1093
3832,0x0000017e,20,62,0x00000000,1152
3833,0x0000017e,20,62,0x00000000,1063
3834,0x0000017e,20,62,0x00000000,994
3835,0x0000017e,20,62,0x00000000,2186
3836,0x0000017b,12,44,0x00000000,7947
3837,0x00000158,107,428,0x00000000,3457761
3838,0x00000165,14,10,0x00000000,3625
3839,0x00000165,14,10,0x00000000,2424
3840,0x00000145,12,10,0x00000000,98393724
3841,0x00000144,12,10,0x00000100,1718
3842,0x00000143,11,10,0x00000000,7777
3843,0x0000017a,22,83,0x00000000,983
3844,0x0000017a,22,27,0x00000000,1013
3845,0x00000131,355,474,0x00000000,23501
3846,0x00000131,353,440,0x00000000,24305
3847,0x0000017b,12,44,0x00000000,3288
3848,0x00000168,84,338,0x00000000,62786
3849,0x00000176,59,48,0x00000000,4341
3850,0x00000151,41,29,0x00000000,4997
3851,0x00000147,464,122,0x00000000,2739850
3852,0x0000017e,20,62,0x00000000,1082
3853,0x0000017e,20,62,0x00000000,1172
3854,0x0000017e,20,62,0x00000000,1221
3855,0x0000017e,20,62,0x00000000,1112
3856,0x0000017e,20,62,0x00000000,1003
3857,0x0000017e,20,62,0x00000000,1579
3858,0x0000017e,20,62,0x00000000,1043
3859,0x0000017e,20,62,0x00000000,1182
3860,0x0000017e,20,62,0x00000000,1152
3861,0x0000017e,20,62,0x00000000,1192
3862,0x0000017e,20,62,0x00000000,1024
3863,0x0000017e,20,62,0x00000000,884
3864,0x0000017e,20,62,0x00000000,1113
3865,0x0000017e,20,62,0x00000000,1391
3866,0x0000017e,20,62,0x00000000,983
3867,0x0000017e,20,62,0x00000000,1461
3868,0x0000017b,12,44,0x00000000,6625
3869,0x00000158,107,428,0x00000000,2890820
3870,0x00000165,14,10,0x00000000,1907
3871,0x00000165,14,10,0x00000000,3616
3872,0x00000145,12,10,0x00000000,91276257
3873,0x00000144,12,10,0x00000100,1242
3874,0x00000143,11,10,0x00000000,5056
3875,0x0000017a,22,83,0x00000000,735
3876,0x0000017a,22,27,0x00000000,2165
3877,0x00000131,355,474,0x00000000,29223
3878,0x00000131,353,440,0x00000000,18932
3879,0x0000017b,12,44,0x00000000,2632
3880,0x00000168,84,338,0x00000000,64325
3881,0x00000176,59,48,0x00000000,4549
3882,0x00000151,41,29,0x00000000,6119
3883,0x00000147,464,122,0x00000000,2482836
3884,0x0000017e,20,62,0x00000000,1828
3885,0x0000017e,20,62,0x00000000,1470
3886,0x0000017e,20,62,0x00000000,1282
3887,0x0000017e,20,62,0x00000000,1212
3888,0x0000017e,20,62,0x00000000,993
3889,0x0000017e,20,62,0x00000000,1580
3890,0x0000017e,20,62,0x00000000,2036
3891,0x0000017e,20,62,0x00000000,1500
3892,0x0000017e,20,62,0x00000000,944
3893,0x0000017e,20,62,0x00000000,1659
3894,0x0000017e,20,62,0x00000000,844
3895,0x0000017e,20,62,0x00000000,1192
3896,0x0000017e,20,62,0x00000000,884
3897,0x0000017e,20,62,0x00000000,923
3898,0x0000017e,20,62,0x00000000,3258
3899,0x0000017e,20,62,0x00000000,3168
3900,0x0000017b,12,44,0x00000000,7141
3901,0x00000158,107,428,0x00000000,2612051
3902,0x00000165,14,10,0x00000000,4689
3903,0x00000165,14,10,0x00000000,2563
3904,0x00000145,12,10,0x00000000,81029715
3905,0x00000144,12,10,0x00000100,1957
3906,0x00000143,11,10,0x00000000,7807
3907,0x0000017a,22,83,0x00000000,2066
3908,0x0000017a,22,27,0x00000000,735
3909,0x00000131,355,474,0x00000000,24842
3910,0x00000131,353,440,0x00000000,27663
3911,0x0000017b,12,44,0x00000000,3357
3912,0x00000168,84,338,0x00000000,68884
3913,0x00000176,59,48,0x00000000,4609
3914,0x00000151,41,29,0x00000000,6814
3915,0x00000147,464,122,0x00000000,2565112
3916,0x0000017e,20,62,0x00000000,2304
3917,0x0000017e,20,62,0x00000000,1659
3918,0x0000017e,20,62,0x00000000,2403
3919,0x0000017e,20,62,0x00000000,1003
3920,0x0000017e,20,62,0x00000000,1987
3921,0x0000017e,20,62,0x00000000,2354
3922,0x0000017e,20,62,0x00000000,2413
3923,0x0000017e,20,62,0x00000000,954
3924,0x0000017e,20,62,0x00000000,1232
3925,0x0000017e,20,62,0x00000000,1222
3926,0x0000017e,20,62,0x00000000,824
3927,0x0000017e,20,62,0x00000000,973
3928,0x0000017e,20,62,0x00000000,1549
3929,0x0000017e,20,62,0x00000000,1073
3930,0x0000017e,20,62,0x00000000,1718
3931,0x0000017e,20,62,0x00000000,1212
3932,0x0000017b,12,44,0x00000000,5930
3933,0x00000158,107,428,0x00000000,2371731
3934,0x00000165,14,10,0x00000000,2076
3935,0x00000165,14,10,0x00000000,3646
3936,0x00000145,12,10,0x00000000,117235392
3937,0x00000144,12,10,0x00000100,1292
3938,0x00000143,11,10,0x00000000,5314
3939,0x0000017a,22,83,0x00000000,993
3940,0x0000017a,22,27,0x00000000,755
3941,0x00000131,355,474,0x00000000,23491
3942,0x00000131,353,440,0x00000000,19279
3943,0x0000017b,12,44,0x00000000,2762
3944,0x00000168,84,338,0x00000000,65309
3945,0x00000176,59,48,0x00000000,4042
3946,0x00000151,41,29,0x00000000,3348
3947,0x00000147,464,122,0x00000000,2493170
3948,0x0000017e,20,62,0x00000000,1202
3949,0x0000017e,20,62,0x00000000,904
3950,0x0000017e,20,62,0x00000000,844
3951,0x0000017e,20,62,0x00000000,805
3952,0x0000017e,20,62,0x00000000,2374
3953,0x0000017e,20,62,0x00000000,1351
3954,0x0000017e,20,62,0x00000000,1252
3955,0x0000017e,20,62,0x00000000,1083
3956,0x0000017e,20,62,0x00000000,1788
3957,0x0000017e,20,62,0x00000000,1052
3958,0x0000017e,20,62,0x00000000,1092
3959,0x0000017e,20,62,0x00000000,884
3960,0x0000017e,20,62,0x00000000,854
3961,0x0000017e,20,62,0x00000000,1232
3962,0x0000017e,20,62,0x00000000,894
3963,0x0000017e,20,62,0x00000000,954
3964,0x0000017b,12,44,0x00000000,4380
3965,0x00000158,107,428,0x00000000,2427305
3966,0x00000165,14,10,0x00000000,2086
3967,0x00000165,14,10,0x00000000,1659
3968,0x00000145,12,10,0x00000000,83582440
3969,0x00000144,12,10,0x00000100,1302
3970,0x00000143,11,10,0x00000000,6765
3971,0x0000017a,22,83,0x00000000,795
3972,0x0000017a,22,27,0x00000000,745
3973,0x00000131,355,474,0x00000000,24465
3974,0x00000131,353,440,0x00000000,20730
3975,0x0000017b,12,44,0x00000000,3288
3976,0x00000168,84,338,0x00000000,63500
3977,0x00000176,59,48,0x00000000,4598
3978,0x00000151,41,29,0x00000000,3248
3979,0x00000147,464,122,0x00000000,2389769
3980,0x0000017e,20,62,0x00000000,1043
3981,0x0000017e,20,62,0x00000000,943
3982,0x0000017e,20,62,0x00000000,805
3983,0x0000017e,20,62,0x00000000,844
3984,0x0000017e,20,62,0x00000000,964
3985,0x0000017e,20,62,0x00000000,2284
3986,0x0000017e,20,62,0x00000000,1400
3987,0x0000017e,20,62,0x00000000,874
3988,0x0000017e,20,62,0x00000000,825
3989,0x0000017e,20,62,0x00000000,785
3990,0x0000017e,20,62,0x00000000,913
3991,0x0000017e,20,62,0x00000000,844
3992,0x0000017e,20,62,0x00000000,824
3993,0x0000017e,20,62,0x00000000,874
3994,0x0000017e,20,62,0x00000000,854
3995,0x0000017e,20,62,0x00000000,845
3996,0x0000017b,12,44,0x00000000,5999
3997,0x00000158,107,428,0x00000000,2350822
3998,0x00000165,14,10,0x00000000,2285
3999,0x00000165,14,10,0x00000000,1927
4000,0x00000145,12,10,0x00000000,81585057
4001,0x00000144,12,10,0x00000100,1738
4002,0x00000143,11,10,0x00000000,6982
4003,0x0000017a,22,83,0x00000000,1033
4004,0x0000017a,22,27,0x00000000,2175
4005,0x00000131,355,474,0x00000000,28011
4006,0x00000131,353,440,0x00000000,21952
4007,0x0000017b,12,44,0x00000000,3358
4008,0x00000168,84,338,0x00000000,66918
4009,0x00000176,59,48,0x00000000,7430
4010,0x00000151,41,29,0x00000000,6526
4011,0x00000147,464,122,0x00000000,3381413
4012,0x0000017e,20,62,0x00000000,1480
4013,0x0000017e,20,62,0x00000000,2215
4014,0x0000017e,20,62,0x00000000,1351
4015,0x0000017e,20,62,0x00000000,864
4016,0x0000017e,20,62,0x00000000,1987
4017,0x0000017e,20,62,0x00000000,1142
4018,0x0000017e,20,62,0x00000000,835
4019,0x0000017e,20,62,0x00000000,1291
4020,0x0000017e,20,62,0x00000000,954
4021,0x0000017e,20,62,0x00000000,1023
4022,0x0000017e,20,62,0x00000000,923
4023,0x0000017e,20,62,0x00000000,1003
4024,0x0000017e,20,62,0x00000000,865
4025,0x0000017e,20,62,0x00000000,1431
4026,0x0000017e,20,62,0x00000000,1003
4027,0x0000017e,20,62,0x00000000,1013
4028,0x0000017b,12,44,0x00000000,4907
4029,0x00000158,107,428,0x00000000,3291213
4030,0x00000165,14,10,0x00000000,2681
4031,0x00000165,14,10,0x00000000,2532
4032,0x00000145,12,10,0x00000000,103005009
4033,0x00000144,12,10,0x00000100,1986
4034,0x00000143,11,10,0x00000000,6834
4035,0x0000017a,22,83,0x00000000,784
4036,0x0000017a,22,27,0x00000000,1003
4037,0x00000131,355,474,0x00000000,25061
4038,0x00000131,353,440,0x00000000,20402
4039,0x0000017b,12,44,0x00000000,3019
4040,0x00000168,84,338,0x00000000,63282
4041,0x00000176,59,48,0x00000000,3844
4042,0x00000151,41,29,0x00000000,4073
4043,0x00000147,464,122,0x00000000,2489701
4044,0x0000017e,20,62,0x00000000,1451
4045,0x0000017e,20,62,0x00000000,2066
4046,0x0000017e,20,62,0x00000000,1053
4047,0x0000017e,20,62,0x00000000,2285
4048,0x0000017e,20,62,0x00000000,2165
4049,0x0000017e,20,62,0x00000000,1043
4050,0x0000017e,20,62,0x00000000,1262
4051,0x0000017e,20,62,0x00000000,1251
4052,0x0000017e,20,62,0x00000000,1639
4053,0x0000017e,20,62,0x00000000,844
4054,0x0000017e,20,62,0x00000000,1182
4055,0x0000017e,20,62,0x00000000,1421
4056,0x0000017e,20,62,0x00000000,1391
4057,0x0000017e,20,62,0x00000000,2255
4058,0x0000017e,20,62,0x00000000,894
4059,0x0000017e,20,62,0x00000000,854
4060,0x0000017b,12,44,0x00000000,4936
4061,0x00000158,107,428,0x00000000,2299668
4062,0x00000165,14,10,0x00000000,1808
4063,0x00000165,14,10,0x00000000,1609
4064,0x00000145,12,10,0x00000000,80306416
4065,0x00000144,12,10,0x00000100,1599
4066,0x00000143,11,10,0x00000000,6486
4067,0x0000017a,22,83,0x00000000,994
4068,0x0000017a,22,27,0x00000000,646
4069,0x00000131,355,474,0x00000000,24692
4070,0x00000131,353,440,0x00000000,19973
4071,0x0000017b,12,44,0x00000000,2910
4072,0x00000168,84,338,0x00000000,61798
4073,0x00000176,59,48,0x00000000,3536
4074,0x00000151,41,29,0x00000000,3476
4075,0x00000147,464,122,0x00000000,2430020
4076,0x0000017e,20,62,0x00000000,1391
4077,0x0000017e,20,62,0x00000000,974
4078,0x0000017e,20,62,0x00000000,923
4079,0x0000017e,20,62,0x00000000,913
4080,0x0000017e,20,62,0x00000000,1321
4081,0x0000017e,20,62,0x00000000,1192
4082,0x0000017e,20,62,0x00000000,1629
4083,0x0000017e,20,62,0x00000000,1202
4084,0x0000017e,20,62,0x00000000,934
4085,0x0000017e,20,62,0x00000000,854
4086,0x0000017e,20,62,0x00000000,1132
4087,0x0000017e,20,62,0x00000000,1023
4088,0x0000017e,20,62,0x00000000,1162
4089,0x0000017e,20,62,0x00000000,924
4090,0x0000017e,20,62,0x00000000,2324
4091,0x0000017e,20,62,0x00000000,1668
4092,0x0000017b,12,44,0x00000000,4351
4093,0x00000158,107,428,0x00000000,2367537
4094,0x00000165,14,10,0x00000000,2215
4095,0x00000165,14,10,0x00000000,1798
4096,0x00000145,12,10,0x00000000,82448972
4097,0x00000144,12,10,0x00000100,1858
4098,0x00000143,11,10,0x00000000,8165
4099,0x0000017a,22,83,0x00000000,1966
4100,0x0000017a,22,27,0x00000000,1340
4101,0x00000131,355,474,0x00000000,67112
4102,0x00000131,353,440,0x00000000,25119
4103,0x0000017b,12,44,0x00000000,3069
4104,0x00000168,84,338,0x00000000,77431
4105,0x00000176,59,48,0x00000000,8621
4106,0x00000151,41,29,0x00000000,6714
4107,0x00000147,464,122,0x00000000,3683463
4108,0x0000017e,20,62,0x00000000,2592
4109,0x0000017e,20,62,0x00000000,2324
4110,0x0000017e,20,62,0x00000000,1767
4111,0x0000017e,20,62,0x00000000,2811
4112,0x0000017e,20,62,0x00000000,1281
4113,0x0000017e,20,62,0x00000000,1570
4114,0x0000017e,20,62,0x00000000,2742
4115,0x0000017e,20,62,0x00000000,1400
4116,0x0000017e,20,62,0x00000000,1956
4117,0x0000017e,20,62,0x00000000,2006
4118,0x0000017e,20,62,0x00000000,2215
4119,0x0000017e,20,62,0x00000000,1758
4120,0x0000017e,20,62,0x00000000,964
4121,0x0000017e,20,62,0x00000000,1192
4122,0x0000017e,20,62,0x00000000,2463
4123,0x0000017e,20,62,0x00000000,1351
4124,0x0000017b,12,44,0x00000000,4797
4125,0x00000158,107,428,0x00000000,2806332
4126,0x00000165,14,10,0x00000000,3834
4127,0x00000165,14,10,0x00000000,3565
4128,0x00000145,12,10,0x00000000,86920663
4129,0x00000144,12,10,0x00000100,1311
4130,0x00000143,11,10,0x00000000,6366
4131,0x0000017a,22,83,0x00000000,2265
4132,0x0000017a,22,27,0x00000000,1480
4133,0x00000131,355,474,0x00000000,30581
4134,0x00000131,353,440,0x00000000,19378
4135,0x0000017b,12,44,0x00000000,6138
4136,0x00000168,84,338,0x00000000,66735
4137,0x00000176,59,48,0x00000000,5612
4138,0x00000151,41,29,0x00000000,4142
4139,0x00000147,464,122,0x00000000,2371222
4140,0x0000017e,20,62,0x00000000,1808
4141,0x0000017e,20,62,0x00000000,1053
4142,0x0000017e,20,62,0x00000000,1152
4143,0x0000017e,20,62,0x00000000,834
4144,0x0000017e,20,62,0x00000000,835
4145,0x0000017e,20,62,0x00000000,2344
4146,0x0000017e,20,62,0x00000000,1380
4147,0x0000017e,20,62,0x00000000,1877
4148,0x0000017e,20,62,0x00000000,1272
4149,0x0000017e,20,62,0x00000000,1788
4150,0x0000017e,20,62,0x00000000,913
4151,0x0000017e,20,62,0x00000000,1718
4152,0x0000017e,20,62,0x00000000,1500
4153,0x0000017e,20,62,0x00000000,1340
4154,0x0000017e,20,62,0x00000000,1182
4155,0x0000017e,20,62,0x00000000,1987
4156,0x0000017b,12,44,0x00000000,5532
4157,0x00000158,107,428,0x00000000,2351625
4158,0x00000165,14,10,0x00000000,2681
4159,0x00000165,14,10,0x00000000,2403
4160,0x00000145,12,10,0x00000000,86877098
4161,0x00000144,12,10,0x00000100,1132
4162,0x00000143,11,10,0x00000000,5840
4163,0x0000017a,22,83,0x00000000,735
4164,0x0000017a,22,27,0x00000000,655
4165,0x00000131,355,474,0x00000000,23579
4166,0x00000131,353,440,0x00000000,19636
4167,0x0000017b,12,44,0x00000000,3446
4168,0x00000168,84,338,0x00000000,67639
4169,0x00000176,59,48,0x00000000,5721
4170,0x00000151,41,29,0x00000000,3992
4171,0x00000147,464,122,0x00000000,2414694
4172,0x0000017e,20,62,0x00000000,1083
4173,0x0000017e,20,62,0x00000000,844
4174,0x0000017e,20,62,0x00000000,2235
4175,0x0000017e,20,62,0x00000000,1042
4176,0x0000017e,20,62,0x00000000,2542
4177,0x0000017e,20,62,0x00000000,1887
4178,0x0000017e,20,62,0x00000000,1530
4179,0x0000017e,20,62,0x00000000,2324
4180,0x0000017e,20,62,0x00000000,963
4181,0x0000017e,20,62,0x00000000,864
4182,0x0000017e,20,62,0x00000000,804
4183,0x0000017e,20,62,0x00000000,1082
4184,0x0000017e,20,62,0x00000000,1699
4185,0x0000017e,20,62,0x00000000,963
4186,0x0000017e,20,62,0x00000000,1688
4187,0x0000017e,20,62,0x00000000,1053
4188,0x0000017b,12,44,0x00000000,6993
4189,0x00000158,107,428,0x00000000,2397115
4190,0x00000165,14,10,0x00000000,2791
4191,0x00000165,14,10,0x00000000,1589
4192,0x00000145,12,10,0x00000000,77819972
4193,0x00000144,12,10,0x00000100,1182
4194,0x00000143,11,10,0x00000000,20501
4195,0x0000017a,22,83,0x00000000,754
4196,0x0000017a,22,27,0x00000000,2016
4197,0x00000131,355,474,0x00000000,25068
4198,0x00000131,353,440,0x00000000,22377
4199,0x0000017b,12,44,0x00000000,3057
4200,0x00000168,84,338,0x00000000,60659
4201,0x00000176,59,48,0x00000000,3415
4202,0x00000151,41,29,0x00000000,8141
4203,0x00000147,464,122,0x00000000,2578147
4204,0x0000017e,20,62,0x00000000,1251
4205,0x0000017e,20,62,0x00000000,844
4206,0x0000017e,20,62,0x00000000,1092
4207,0x0000017e,20,62,0x00000000,893
4208,0x0000017e,20,62,0x00000000,824
4209,0x0000017e,20,62,0x00000000,843
4210,0x0000017e,20,62,0x00000000,824
4211,0x0000017e,20,62,0x00000000,1757
4212,0x0000017e,20,62,0x00000000,973
4213,0x0000017e,20,62,0x00000000,824
4214,0x0000017e,20,62,0x00000000,1092
4215,0x0000017e,20,62,0x00000000,1400
4216,0x0000017e,20,62,0x00000000,1043
4217,0x0000017e,20,62,0x00000000,824
4218,0x0000017e,20,62,0x00000000,963
4219,0x0000017e,20,62,0x00000000,844
4220,0x0000017b,12,44,0x00000000,5599
4221,0x00000158,107,428,0x00000000,2374043
4222,0x00000165,14,10,0x00000000,4626
4223,0x00000165,14,10,0x00000000,3108
4224,0x00000145,12,10,0x00000000,80859705
4225,0x00000144,12,10,0x00000100,1737
4226,0x00000143,11,10,0x00000000,7506
4227,0x0000017a,22,83,0x00000000,1251
4228,0x0000017a,22,27,0x00000000,1777
4229,0x00000131,355,474,0x00000000,24412
4230,0x00000131,353,440,0x00000000,20590
4231,0x0000017b,12,44,0x00000000,3097
4232,0x00000168,84,338,0x00000000,63558
4233,0x00000176,59,48,0x00000000,4031
4234,0x00000151,41,29,0x00000000,3524
4235,0x00000147,464,122,0x00000000,2382660
4236,0x0000017e,20,62,0x00000000,1281
4237,0x0000017e,20,62,0x00000000,2254
4238,0x0000017e,20,62,0x00000000,1241
4239,0x0000017e,20,62,0x00000000,834
4240,0x0000017e,20,62,0x00000000,1876
4241,0x0000017e,20,62,0x00000000,1172
4242,0x0000017e,20,62,0x00000000,824
4243,0x0000017e,20,62,0x00000000,844
4244,0x0000017e,20,62,0x00000000,1599
4245,0x0000017e,20,62,0x00000000,1141
4246,0x0000017e,20,62,0x00000000,1400
4247,0x0000017e,20,62,0x00000000,963
4248,0x0000017e,20,62,0x00000000,854
4249,0x0000017e,20,62,0x00000000,1261
4250,0x0000017e,20,62,0x00000000,1062
4251,0x0000017e,20,62,0x00000000,1132
4252,0x0000017b,12,44,0x00000000,5132
4253,0x00000158,107,428,0x00000000,2284484
4254,0x00000165,14,10,0x00000000,3951
4255,0x00000165,14,10,0x00000000,4031
4256,0x00000145,12,10,0x00000000,82468794
4257,0x00000144,12,10,0x00000100,1231
4258,0x00000143,11,10,0x00000000,8429
4259,0x0000017a,22,83,0x00000000,1737
4260,0x0000017a,22,27,0x00000000,635
4261,0x00000131,355,474,0x00000000,24512
4262,0x00000131,353,440,0x00000000,18217
4263,0x0000017b,12,44,0x00000000,2918
4264,0x00000168,84,338,0x00000000,59596
4265,0x00000176,59,48,0x00000000,3852
4266,0x00000151,41,29,0x00000000,3316
4267,0x00000147,464,122,0x00000000,2366528
4268,0x0000017e,20,62,0x00000000,983
4269,0x0000017e,20,62,0x00000000,834
4270,0x0000017e,20,62,0x00000000,824
4271,0x0000017e,20,62,0x00000000,2253
4272,0x0000017e,20,62,0x00000000,1340
4273,0x0000017e,20,62,0x00000000,1172
4274,0x0000017e,20,62,0x00000000,1182
4275,0x0000017e,20,62,0x00000000,1063
4276,0x0000017e,20,62,0x00000000,894
4277,0x0000017e,20,62,0x00000000,844
4278,0x0000017e,20,62,0x00000000,854
4279,0x0000017e,20,62,0x00000000,844
4280,0x0000017e,20,62,0x00000000,854
4281,0x0000017e,20,62,0x00000000,844
4282,0x0000017e,20,62,0x00000000,784
4283,0x0000017e,20,62,0x00000000,814
4284,0x0000017b,12,44,0x00000000,4636
4285,0x00000158,107,428,0x00000000,2325387
4286,0x00000165,14,10,0x00000000,1718
4287,0x00000165,14,10,0x00000000,3922
4288,0x00000145,12,10,0x00000000,75698536
4289,0x00000144,12,10,0x00000100,1033
4290,0x00000143,11,10,0x00000000,4021
4291,0x0000017a,22,83,0x00000000,824
4292,0x0000017a,22,27,0x00000000,675
4293,0x00000131,355,474,0x00000000,21990
4294,0x00000131,353,440,0x00000000,18694
4295,0x0000017b,12,44,0x00000000,3024
4296,0x00000168,84,338,0x00000000,65976
4297,0x00000176,59,48,0x00000000,3562
4298,0x00000151,41,29,0x00000000,3309
4299,0x00000147,464,122,0x00000000,2356290
4300,0x0000017e,20,62,0x00000000,954
4301,0x0000017e,20,62,0x00000000,852
4302,0x0000017e,20,62,0x00000000,853
4303,0x0000017e,20,62,0x00000000,2294
4304,0x0000017e,20,62,0x00000000,1005
4305,0x0000017e,20,62,0x00000000,852
4306,0x0000017e,20,62,0x00000000,853
4307,0x0000017e,20,62,0x00000000,852
4308,0x0000017e,20,62,0x00000000,852
4309,0x0000017e,20,62,0x00000000,863
4310,0x0000017e,20,62,0x00000000,853
4311,0x0000017e,20,62,0x00000000,1198
4312,0x0000017e,20,62,0x00000000,954
4313,0x0000017e,20,62,0x00000000,913
4314,0x0000017e,20,62,0x00000000,873
4315,0x0000017e,20,62,0x00000000,852
4316,0x0000017b,12,44,0x00000000,4191
4317,0x00000158,107,428,0x00000000,2355640
4318,0x00000165,14,10,0x00000000,1807
4319,0x00000165,14,10,0x00000000,1654
4320,0x00000145,12,10,0x00000000,74610700
4321,0x00000144,12,10,0x00000100,984
4322,0x00000143,11,10,0x00000000,4628
4323,0x0000017a,22,83,0x00000000,914
4324,0x0000017a,22,27,0x00000000,690
4325,0x00000131,355,474,0x00000000,22915
4326,0x00000131,353,440,0x00000000,19262
4327,0x0000017b,12,44,0x00000000,3106
4328,0x00000168,84,338,0x00000000,82508
4329,0x00000176,59,48,0x00000000,5978
4330,0x00000151,41,29,0x00000000,5683
4331,0x00000147,464,122,0x00000000,2647734
4332,0x0000017e,20,62,0x00000000,2030
4333,0x0000017e,20,62,0x00000000,2345
4334,0x0000017e,20,62,0x00000000,1959
4335,0x0000017e,20,62,0x00000000,1411
4336,0x0000017e,20,62,0x00000000,1117
4337,0x0000017e,20,62,0x00000000,1188
4338,0x0000017e,20,62,0x00000000,792
4339,0x0000017e,20,62,0x00000000,1056
4340,0x0000017e,20,62,0x00000000,995
4341,0x0000017e,20,62,0x00000000,1126
4342,0x0000017e,20,62,0x00000000,863
4343,0x0000017e,20,62,0x00000000,863
4344,0x0000017e,20,62,0x00000000,862
4345,0x0000017e,20,62,0x00000000,853
4346,0x0000017e,20,62,0x00000000,1005
4347,0x0000017e,20,62,0x00000000,863
4348,0x0000017b,12,44,0x00000000,5034
4349,0x00000158,107,428,0x00000000,2356583
4350,0x00000165,14,10,0x00000000,1766
4351,0x00000165,14,10,0x00000000,1694
4352,0x00000145,12,10,0x00000000,76596184
4353,0x00000144,12,10,0x00000100,1167
4354,0x00000143,11,10,0x00000000,4577
4355,0x0000017a,22,83,0x00000000,772
4356,0x0000017a,22,27,0x00000000,771
4357,0x00000131,355,474,0x00000000,25381
4358,0x00000131,353,440,0x00000000,18907
4359,0x0000017b,12,44,0x00000000,2426
4360,0x00000168,84,338,0x00000000,60800
4361,0x00000176,59,48,0x00000000,3481
4362,0x00000151,41,29,0x00000000,3653
4363,0x00000147,464,122,0x00000000,2382169
4364,0x0000017e,20,62,0x00000000,934
4365,0x0000017e,20,62,0x00000000,852
4366,0x0000017e,20,62,0x00000000,842
4367,0x0000017e,20,62,0x00000000,842
4368,0x0000017e,20,62,0x00000000,853
4369,0x0000017e,20,62,0x00000000,843
4370,0x0000017e,20,62,0x00000000,863
4371,0x0000017e,20,62,0x00000000,852
4372,0x0000017e,20,62,0x00000000,1035
4373,0x0000017e,20,62,0x00000000,862
4374,0x0000017e,20,62,0x00000000,2649
4375,0x0000017e,20,62,0x00000000,1035
4376,0x0000017e,20,62,0x00000000,862
4377,0x0000017e,20,62,0x00000000,832
4378,0x0000017e,20,62,0x00000000,853
4379,0x0000017e,20,62,0x00000000,852
4380,0x0000017b,12,44,0x00000000,4892
4381,0x00000158,107,428,0x00000000,2311647
4382,0x00000165,14,10,0x00000000,5288
4383,0x00000165,14,10,0x00000000,2192
4384,0x00000145,12,10,0x00000000,78088784
4385,0x00000144,12,10,0x00000100,1228
4386,0x00000143,11,10,0x00000000,5541
4387,0x0000017a,22,83,0x00000000,700
4388,0x0000017a,22,27,0x00000000,812
4389,0x00000131,355,474,0x00000000,23170
4390,0x00000131,353,440,0x00000000,18937
4391,0x0000017b,12,44,0x00000000,2416
4392,0x00000168,84,338,0x00000000,61074
4393,0x00000176,59,48,0x00000000,3998
4394,0x00000151,41,29,0x00000000,3410
4395,0x00000147,464,122,0x00000000,2429521
4396,0x0000017e,20,62,0x00000000,1025
4397,0x0000017e,20,62,0x00000000,852
4398,0x0000017e,20,62,0x00000000,852
4399,0x0000017e,20,62,0x00000000,843
4400,0x0000017e,20,62,0x00000000,863
4401,0x0000017e,20,62,0x00000000,863
4402,0x0000017e,20,62,0x00000000,1045
4403,0x0000017e,20,62,0x00000000,984
4404,0x0000017e,20,62,0x00000000,822
4405,0x0000017e,20,62,0x00000000,873
4406,0x0000017e,20,62,0x00000000,863
4407,0x0000017e,20,62,0x00000000,843
4408,0x0000017e,20,62,0x00000000,863
4409,0x0000017e,20,62,0x00000000,842
4410,0x0000017e,20,62,0x00000000,863
4411,0x0000017e,20,62,0x00000000,852
4412,0x0000017b,12,44,0x00000000,4760
4413,0x00000158,107,428,0x00000000,2317624
4414,0x00000165,14,10,0x00000000,2121
4415,0x00000165,14,10,0x00000000,1694
4416,0x00000145,12,10,0x00000000,85628157
4417,0x00000144,12,10,0x00000100,1268
4418,0x00000143,11,10,0x00000000,4029
4419,0x0000017a,22,83,0x00000000,2202
4420,0x0000017a,22,27,0x00000000,771
4421,0x00000131,355,474,0x00000000,21769
4422,0x00000131,353,440,0x00000000,18866
4423,0x0000017b,12,44,0x00000000,2344
4424,0x00000168,84,338,0x00000000,60313
4425,0x00000176,59,48,0x00000000,3603
4426,0x00000151,41,29,0x00000000,3795
4427,0x00000147,464,122,0x00000000,2344660
4428,0x0000017e,20,62,0x00000000,1116
4429,0x0000017e,20,62,0x00000000,863
4430,0x0000017e,20,62,0x00000000,852
4431,0x0000017e,20,62,0x00000000,964
4432,0x0000017e,20,62,0x00000000,944
4433,0x0000017e,20,62,0x00000000,843
4434,0x0000017e,20,62,0x00000000,863
4435,0x0000017e,20,62,0x00000000,1949
4436,0x0000017e,20,62,0x00000000,1441
4437,0x0000017e,20,62,0x00000000,964
4438,0x0000017e,20,62,0x00000000,1055
4439,0x0000017e,20,62,0x00000000,1086
4440,0x0000017e,20,62,0x00000000,1867
4441,0x0000017e,20,62,0x00000000,1217
4442,0x0000017e,20,62,0x00000000,944
4443,0x0000017e,20,62,0x00000000,853
4444,0x0000017b,12,44,0x00000000,4780
4445,0x00000158,107,428,0x00000000,2424609
4446,0x00000165,14,10,0x00000000,4709
4447,0x00000165,14,10,0x00000000,3938
4448,0x00000145,12,10,0x00000000,89837108
4449,0x00000144,12,10,0x00000100,1197
4450,0x00000143,11,10,0x00000000,6383
4451,0x0000017a,22,83,0x00000000,771
4452,0x0000017a,22,27,0x00000000,730
4453,0x00000131,355,474,0x00000000,25939
4454,0x00000131,353,440,0x00000000,20825
4455,0x0000017b,12,44,0x00000000,5582
4456,0x00000168,84,338,0x00000000,65569
4457,0x00000176,59,48,0x00000000,4892
4458,0x00000151,41,29,0x00000000,4090
4459,0x00000147,464,122,0x00000000,2423158
4460,0x0000017e,20,62,0x00000000,1726
4461,0x0000017e,20,62,0x00000000,964
4462,0x0000017e,20,62,0x00000000,1106
4463,0x0000017e,20,62,0x00000000,1958
4464,0x0000017e,20,62,0x00000000,1878
4465,0x0000017e,20,62,0x00000000,1278
4466,0x0000017e,20,62,0x00000000,1350
4467,0x0000017e,20,62,0x00000000,1553
4468,0x0000017e,20,62,0x00000000,1796
4469,0x0000017e,20,62,0x00000000,1106
4470,0x0000017e,20,62,0x00000000,1126
4471,0x0000017e,20,62,0x00000000,1593
4472,0x0000017e,20,62,0x00000000,1360
4473,0x0000017e,20,62,0x00000000,873
4474,0x0000017e,20,62,0x00000000,822
4475,0x0000017e,20,62,0x00000000,822
4476,0x0000017b,12,44,0x00000000,4901
4477,0x00000158,107,428,0x00000000,2405135
4478,0x00000165,14,10,0x00000000,5876
4479,0x00000165,14,10,0x00000000,2780
4480,0x00000145,12,10,0x00000000,85352169
4481,0x00000144,12,10,0x00000100,1573
4482,0x00000143,11,10,0x00000000,4800
4483,0x0000017a,22,83,0x00000000,771
4484,0x0000017a,22,27,0x00000000,629
4485,0x00000131,355,474,0x00000000,24885
4486,0x00000131,353,440,0x00000000,19820
4487,0x0000017b,12,44,0x00000000,3248
4488,0x00000168,84,338,0x00000000,82243
4489,0x00000176,59,48,0x00000000,5226
4490,0x00000151,41,29,0x00000000,3573
4491,0x00000147,464,122,0x00000000,2412158
4492,0x0000017e,20,62,0x00000000,954
4493,0x0000017e,20,62,0x00000000,964
4494,0x0000017e,20,62,0x00000000,873
4495,0x0000017e,20,62,0x00000000,842
4496,0x0000017e,20,62,0x00000000,873
4497,0x0000017e,20,62,0x00000000,933
4498,0x0000017e,20,62,0x00000000,863
4499,0x0000017e,20,62,0x00000000,873
4500,0x0000017e,20,62,0x00000000,862
4501,0x0000017e,20,62,0x00000000,872
4502,0x0000017e,20,62,0x00000000,1167
4503,0x0000017e,20,62,0x00000000,1156
4504,0x0000017e,20,62,0x00000000,1594
4505,0x0000017e,20,62,0x00000000,1299
4506,0x0000017e,20,62,0x00000000,853
4507,0x0000017e,20,62,0x00000000,2284
4508,0x0000017b,12,44,0x00000000,4983
4509,0x00000158,107,428,0x00000000,2429065
4510,0x00000165,14,10,0x00000000,2192
4511,0x00000165,14,10,0x00000000,1634
4512,0x00000145,12,10,0x00000000,88643370
4513,0x00000144,12,10,0x00000100,1502
4514,0x00000143,11,10,0x00000000,5886
4515,0x0000017a,22,83,0x00000000,781
4516,0x0000017a,22,27,0x00000000,1126
4517,0x00000131,355,474,0x00000000,31074
4518,0x00000131,353,440,0x00000000,22286
4519,0x0000017b,12,44,0x00000000,3065
4520,0x00000168,84,338,0x00000000,62211
4521,0x00000176,59,48,0x00000000,3796
4522,0x00000151,41,29,0x00000000,4100
4523,0x00000147,464,122,0x00000000,2492155
4524,0x0000017e,20,62,0x00000000,1269
4525,0x0000017e,20,62,0x00000000,1969
4526,0x0000017e,20,62,0x00000000,1197
4527,0x0000017e,20,62,0x00000000,2060
4528,0x0000017e,20,62,0x00000000,1542
4529,0x0000017e,20,62,0x00000000,1421
4530,0x0000017e,20,62,0x00000000,1106
4531,0x0000017e,20,62,0x00000000,822
4532,0x0000017e,20,62,0x00000000,1289
4533,0x0000017e,20,62,0x00000000,1755
4534,0x0000017e,20,62,0x00000000,1106
4535,0x0000017e,20,62,0x00000000,1766
4536,0x0000017e,20,62,0x00000000,964
4537,0x0000017e,20,62,0x00000000,883
4538,0x0000017e,20,62,0x00000000,2060
4539,0x0000017e,20,62,0x00000000,1268
4540,0x0000017b,12,44,0x00000000,5024
4541,0x00000158,107,428,0x00000000,2379581
4542,0x00000165,14,10,0x00000000,2091
4543,0x00000165,14,10,0x00000000,1603
4544,0x00000145,12,10,0x00000000,79756680
4545,0x00000144,12,10,0x00000100,1381
4546,0x00000143,11,10,0x00000000,5663
4547,0x0000017a,22,83,0x00000000,842
4548,0x0000017a,22,27,0x00000000,832
4549,0x00000131,355,474,0x00000000,23930
4550,0x00000131,353,440,0x00000000,18967
4551,0x0000017b,12,44,0x00000000,3390
4552,0x00000168,84,338,0x00000000,62170
4553,0x00000176,59,48,0x00000000,3957
4554,0x00000151,41,29,0x00000000,4395
4555,0x00000147,464,122,0x00000000,2419819
4556,0x0000017e,20,62,0x00000000,1218
4557,0x0000017e,20,62,0x00000000,1238
4558,0x0000017e,20,62,0x00000000,1056
4559,0x0000017e,20,62,0x00000000,931
4560,0x0000017e,20,62,0x00000000,1620
4561,0x0000017e,20,62,0x00000000,1701
4562,0x0000017e,20,62,0x00000000,1579
4563,0x0000017e,20,62,0x00000000,1498
4564,0x0000017e,20,62,0x00000000,2338
4565,0x0000017e,20,62,0x00000000,1002
4566,0x0000017e,20,62,0x00000000,2034
4567,0x0000017e,20,62,0x00000000,911
4568,0x0000017e,20,62,0x00000000,1205
4569,0x0000017e,20,62,0x00000000,952
4570,0x0000017e,20,62,0x00000000,860
4571,0x0000017e,20,62,0x00000000,870
4572,0x0000017b,12,44,0x00000000,4706
4573,0x00000158,107,428,0x00000000,2325249
4574,0x00000165,14,10,0x00000000,1821
4575,0x00000165,14,10,0x00000000,2176
4576,0x00000145,12,10,0x00000000,85417203
4577,0x00000144,12,10,0x00000100,1073
4578,0x00000143,11,10,0x00000000,5142
4579,0x0000017a,22,83,0x00000000,810
4580,0x0000017a,22,27,0x00000000,678
4581,0x00000131,355,474,0x00000000,26901
4582,0x00000131,353,440,0x00000000,24857
4583,0x0000017b,12,44,0x00000000,3259
4584,0x00000168,84,338,0x00000000,62628
4585,0x00000176,59,48,0x00000000,3684
4586,0x00000151,41,29,0x00000000,4059
4587,0x00000147,464,122,0x00000000,2378018
4588,0x0000017e,20,62,0x00000000,1113
4589,0x0000017e,20,62,0x00000000,881
4590,0x0000017e,20,62,0x00000000,850
4591,0x0000017e,20,62,0x00000000,840
4592,0x0000017e,20,62,0x00000000,840
4593,0x0000017e,20,62,0x00000000,850
4594,0x0000017e,20,62,0x00000000,851
4595,0x0000017e,20,62,0x00000000,840
4596,0x0000017e,20,62,0x00000000,1002
4597,0x0000017e,20,62,0x00000000,891
4598,0x0000017e,20,62,0x00000000,1822
4599,0x0000017e,20,62,0x00000000,1123
4600,0x0000017e,20,62,0x00000000,2278
4601,0x0000017e,20,62,0x00000000,1164
4602,0x0000017e,20,62,0x00000000,880
4603,0x0000017e,20,62,0x00000000,861
4604,0x0000017b,12,44,0x00000000,5121
4605,0x00000158,107,428,0x00000000,2334235
4606,0x00000165,14,10,0x00000000,1923
4607,0x00000165,14,10,0x00000000,1640
4608,0x00000145,12,10,0x00000000,78152414
4609,0x00000144,12,10,0x00000100,1032
4610,0x00000143,11,10,0x00000000,5070
4611,0x0000017a,22,83,0x00000000,779
4612,0x0000017a,22,27,0x00000000,678
4613,0x00000131,355,474,0x00000000,22579
4614,0x00000131,353,440,0x00000000,18632
4615,0x0000017b,12,44,0x00000000,2419
4616,0x00000168,84,338,0x00000000,60301
4617,0x00000176,59,48,0x00000000,18258
4618,0x00000151,41,29,0x00000000,3208
4619,0x00000147,464,122,0x00000000,2342990
4620,0x0000017e,20,62,0x00000000,952
4621,0x0000017e,20,62,0x00000000,850
4622,0x0000017e,20,62,0x00000000,851
4623,0x0000017e,20,62,0x00000000,1133
4624,0x0000017e,20,62,0x00000000,2914
4625,0x0000017e,20,62,0x00000000,1811
4626,0x0000017e,20,62,0x00000000,1286
4627,0x0000017e,20,62,0x00000000,941
4628,0x0000017e,20,62,0x00000000,1235
4629,0x0000017e,20,62,0x00000000,1993
4630,0x0000017e,20,62,0x00000000,891
4631,0x0000017e,20,62,0x00000000,2246
4632,0x0000017e,20,62,0x00000000,1761
4633,0x0000017e,20,62,0x00000000,1275
4634,0x0000017e,20,62,0x00000000,1205
4635,0x0000017e,20,62,0x00000000,1417
4636,0x0000017b,12,44,0x00000000,5121
4637,0x00000158,107,428,0x00000000,2341726
4638,0x00000165,14,10,0x00000000,2419
4639,0x00000165,14,10,0x00000000,2176
4640,0x00000145,12,10,0x00000000,86119118
4641,0x00000144,12,10,0x00000100,1620
4642,0x00000143,11,10,0x00000000,5546
4643,0x0000017a,22,83,0x00000000,1305
4644,0x0000017a,22,27,0x00000000,1022
4645,0x00000131,355,474,0x00000000,26405
4646,0x00000131,353,440,0x00000000,26365
4647,0x0000017b,12,44,0x00000000,6538
4648,0x00000168,84,338,0x00000000,71039
4649,0x00000176,59,48,0x00000000,9412
4650,0x00000151,41,29,0x00000000,6559
4651,0x00000147,464,122,0x00000000,2436153
4652,0x0000017e,20,62,0x00000000,1619
4653,0x0000017e,20,62,0x00000000,931
4654,0x0000017e,20,62,0x00000000,961
4655,0x0000017e,20,62,0x00000000,890
4656,0x0000017e,20,62,0x00000000,2297
4657,0x0000017e,20,62,0x00000000,961
4658,0x0000017e,20,62,0x00000000,881
4659,0x0000017e,20,62,0x00000000,779
4660,0x0000017e,20,62,0x00000000,861
4661,0x0000017e,20,62,0x00000000,880
4662,0x0000017e,20,62,0x00000000,870
4663,0x0000017e,20,62,0x00000000,799
4664,0x0000017e,20,62,0x00000000,971
4665,0x0000017e,20,62,0x00000000,891
4666,0x0000017e,20,62,0x00000000,880
4667,0x0000017e,20,62,0x00000000,921
4668,0x0000017b,12,44,0x00000000,5394
4669,0x00000158,107,428,0x00000000,2316313
4670,0x00000165,14,10,0x00000000,2035
4671,0x00000165,14,10,0x00000000,4008
4672,0x00000145,12,10,0x00000000,75116081
4673,0x00000144,12,10,0x00000100,1376
4674,0x00000143,11,10,0x00000000,5222
4675,0x0000017a,22,83,0x00000000,809
4676,0x0000017a,22,27,0x00000000,769
4677,0x00000131,355,474,0x00000000,23035
4678,0x00000131,353,440,0x00000000,18977
4679,0x0000017b,12,44,0x00000000,2783
4680,0x00000168,84,338,0x00000000,61383
4681,0x00000176,59,48,0x00000000,3492
4682,0x00000151,41,29,0x00000000,3431
4683,0x00000147,464,122,0x00000000,2386540
4684,0x0000017e,20,62,0x00000000,992
4685,0x0000017e,20,62,0x00000000,850
4686,0x0000017e,20,62,0x00000000,851
4687,0x0000017e,20,62,0x00000000,810
4688,0x0000017e,20,62,0x00000000,850
4689,0x0000017e,20,62,0x00000000,972
4690,0x0000017e,20,62,0x00000000,860
4691,0x0000017e,20,62,0x00000000,850
4692,0x0000017e,20,62,0x00000000,850
4693,0x0000017e,20,62,0x00000000,982
4694,0x0000017e,20,62,0x00000000,931
4695,0x0000017e,20,62,0x00000000,850
4696,0x0000017e,20,62,0x00000000,850
4697,0x0000017e,20,62,0x00000000,841
4698,0x0000017e,20,62,0x00000000,962
4699,0x0000017e,20,62,0x00000000,2399
4700,0x0000017b,12,44,0x00000000,7064
4701,0x00000158,107,428,0x00000000,2647600
4702,0x00000165,14,10,0x00000000,4818
4703,0x00000165,14,10,0x00000000,2135
4704,0x00000145,12,10,0x00000000,81248558
4705,0x00000144,12,10,0x00000100,1225
4706,0x00000143,11,10,0x00000000,4321
4707,0x0000017a,22,83,0x00000000,1326
4708,0x0000017a,22,27,0x00000000,789
4709,0x00000131,355,474,0x00000000,24645
4710,0x00000131,353,440,0x00000000,19290
4711,0x0000017b,12,44,0x00000000,2895
4712,0x00000168,84,338,0x00000000,65604
4713,0x00000176,59,48,0x00000000,5496
4714,0x00000151,41,29,0x00000000,8684
4715,0x00000147,464,122,0x00000000,2375701
4716,0x0000017e,20,62,0x00000000,1478
4717,0x0000017e,20,62,0x00000000,871
4718,0x0000017e,20,62,0x00000000,1184
4719,0x0000017e,20,62,0x00000000,1670
4720,0x0000017e,20,62,0x00000000,1052
4721,0x0000017e,20,62,0x00000000,941
4722,0x0000017e,20,62,0x00000000,840
4723,0x0000017e,20,62,0x00000000,2429
4724,0x0000017e,20,62,0x00000000,1427
4725,0x0000017e,20,62,0x00000000,921
4726,0x0000017e,20,62,0x00000000,931
4727,0x0000017e,20,62,0x00000000,1903
4728,0x0000017e,20,62,0x00000000,931
4729,0x0000017e,20,62,0x00000000,1103
4730,0x0000017e,20,62,0x00000000,1174
4731,0x0000017e,20,62,0x00000000,2470
4732,0x0000017b,12,44,0x00000000,5040
4733,0x00000158,107,428,0x00000000,2445405
4734,0x00000165,14,10,0x00000000,23774
4735,0x00000165,14,10,0x00000000,3765
4736,0x00000145,12,10,0x00000000,75409041
4737,0x00000144,12,10,0x00000100,1336
4738,0x00000143,11,10,0x00000000,4666
4739,0x0000017a,22,83,0x00000000,698
4740,0x0000017a,22,27,0x00000000,648
4741,0x00000131,355,474,0x00000000,55139
4742,0x00000131,353,440,0x00000000,19189
4743,0x0000017b,12,44,0x00000000,2469
4744,0x00000168,84,338,0x00000000,61080
4745,0x00000176,59,48,0x00000000,3866
4746,0x00000151,41,29,0x00000000,6396
4747,0x00000147,464,122,0x00000000,2425071
4748,0x0000017e,20,62,0x00000000,1013
4749,0x0000017e,20,62,0x00000000,1386
4750,0x0000017e,20,62,0x00000000,1559
4751,0x0000017e,20,62,0x00000000,992
4752,0x0000017e,20,62,0x00000000,809
4753,0x0000017e,20,62,0x00000000,810
4754,0x0000017e,20,62,0x00000000,860
4755,0x0000017e,20,62,0x00000000,921
4756,0x0000017e,20,62,0x00000000,1012
4757,0x0000017e,20,62,0x00000000,861
4758,0x0000017e,20,62,0x00000000,860
4759,0x0000017e,20,62,0x00000000,871
4760,0x0000017e,20,62,0x00000000,860
4761,0x0000017e,20,62,0x00000000,1559
4762,0x0000017e,20,62,0x00000000,1093
4763,0x0000017e,20,62,0x00000000,860
4764,0x0000017b,12,44,0x00000000,4646
4765,0x00000158,107,428,0x00000000,2317213
4766,0x00000165,14,10,0x00000000,2055
4767,0x00000165,14,10,0x00000000,1619
4768,0x00000145,12,10,0x00000000,77768721
4769,0x00000144,12,10,0x00000100,1083
4770,0x00000143,11,10,0x00000000,5050
4771,0x0000017a,22,83,0x00000000,709
4772,0x0000017a,22,27,0x00000000,638
4773,0x00000131,355,474,0x00000000,22560
4774,0x00000131,353,440,0x00000000,18693
4775,0x0000017b,12,44,0x00000000,2419
4776,0x00000168,84,338,0x00000000,61980
4777,0x00000176,59,48,0x00000000,3451
4778,0x00000151,41,29,0x00000000,3280
4779,0x00000147,464,122,0x00000000,2420081
4780,0x0000017e,20,62,0x00000000,931
4781,0x0000017e,20,62,0x00000000,870
4782,0x0000017e,20,62,0x00000000,820
4783,0x0000017e,20,62,0x00000000,820
4784,0x0000017e,20,62,0x00000000,850
4785,0x0000017e,20,62,0x00000000,911
4786,0x0000017e,20,62,0x00000000,871
4787,0x0000017e,20,62,0x00000000,870
4788,0x0000017e,20,62,0x00000000,1417
4789,0x0000017e,20,62,0x00000000,901
4790,0x0000017e,20,62,0x00000000,830
4791,0x0000017e,20,62,0x00000000,830
4792,0x0000017e,20,62,0x00000000,830
4793,0x0000017e,20,62,0x00000000,840
4794,0x0000017e,20,62,0x00000000,1002
4795,0x0000017e,20,62,0x00000000,779
4796,0x0000017b,12,44,0x00000000,4484
4797,0x00000158,107,428,0x00000000,2339631
4798,0x00000165,14,10,0x00000000,1974
4799,0x00000165,14,10,0x00000000,1619
4800,0x00000145,12,10,0x00000000,78737282
4801,0x00000144,12,10,0x00000100,1194
4802,0x00000143,11,10,0x00000000,4909
4803,0x0000017a,22,83,0x00000000,911
4804,0x0000017a,22,27,0x00000000,648
4805,0x00000131,355,474,0x00000000,22033
4806,0x00000131,353,440,0x00000000,19027
4807,0x0000017b,12,44,0x00000000,2834
4808,0x00000168,84,338,0x00000000,60938
4809,0x00000176,59,48,0x00000000,3593
4810,0x00000151,41,29,0x00000000,3208
4811,0x00000147,464,122,0x00000000,2324935
4812,0x0000017e,20,62,0x00000000,941
4813,0x0000017e,20,62,0x00000000,850
4814,0x0000017e,20,62,0x00000000,840
4815,0x0000017e,20,62,0x00000000,850
4816,0x0000017e,20,62,0x00000000,830
4817,0x0000017e,20,62,0x00000000,820
4818,0x0000017e,20,62,0x00000000,810
4819,0x0000017e,20,62,0x00000000,840
4820,0x0000017e,20,62,0x00000000,840
4821,0x0000017e,20,62,0x00000000,820
4822,0x0000017e,20,62,0x00000000,850
4823,0x0000017e,20,62,0x00000000,860
4824,0x0000017e,20,62,0x00000000,861
4825,0x0000017e,20,62,0x00000000,860
4826,0x0000017e,20,62,0x00000000,840
4827,0x0000017e,20,62,0x00000000,1032
4828,0x0000017b,12,44,0x00000000,4524
4829,0x00000158,107,428,0x00000000,2372919
4830,0x00000165,14,10,0x00000000,1791
4831,0x00000165,14,10,0x00000000,1670
4832,0x00000145,12,10,0x00000000,71287682
4833,0x00000144,12,10,0x00000100,1071
4834,0x00000143,11,10,0x00000000,4614
4835,0x0000017a,22,83,0x00000000,767
4836,0x0000017a,22,27,0x00000000,596
4837,0x00000131,355,474,0x00000000,24242
4838,0x00000131,353,440,0x00000000,20405
4839,0x0000017b,12,44,0x00000000,2757
4840,0x00000168,84,338,0x00000000,66134
4841,0x00000176,59,48,0x00000000,4240
4842,0x00000151,41,29,0x00000000,3605
4843,0x00000147,464,122,0x00000000,2398598
4844,0x0000017e,20,62,0x00000000,1121
4845,0x0000017e,20,62,0x00000000,838
4846,0x0000017e,20,62,0x00000000,848
4847,0x0000017e,20,62,0x00000000,808
4848,0x0000017e,20,62,0x00000000,838
4849,0x0000017e,20,62,0x00000000,838
4850,0x0000017e,20,62,0x00000000,848
4851,0x0000017e,20,62,0x00000000,818
4852,0x0000017e,20,62,0x00000000,858
4853,0x0000017e,20,62,0x00000000,858
4854,0x0000017e,20,62,0x00000000,818
4855,0x0000017e,20,62,0x00000000,859
4856,0x0000017e,20,62,0x00000000,828
4857,0x0000017e,20,62,0x00000000,889
4858,0x0000017e,20,62,0x00000000,979
4859,0x0000017e,20,62,0x00000000,868
4860,0x0000017b,12,44,0x00000000,4412
4861,0x00000158,107,428,0x00000000,2292359
4862,0x00000165,14,10,0x00000000,1797
4863,0x00000165,14,10,0x00000000,1696
4864,0x00000145,12,10,0x00000000,78615194
4865,0x00000144,12,10,0x00000100,1202
4866,0x00000143,11,10,0x00000000,4705
4867,0x0000017a,22,83,0x00000000,1020
4868,0x0000017a,22,27,0x00000000,647
4869,0x00000131,355,474,0x00000000,23505
4870,0x00000131,353,440,0x00000000,18588
4871,0x0000017b,12,44,0x00000000,2545
4872,0x00000168,84,338,0x00000000,67931
4873,0x00000176,59,48,0x00000000,4503
4874,0x00000151,41,29,0x00000000,3645
4875,0x00000147,464,122,0x00000000,2338087
4876,0x0000017e,20,62,0x00000000,960
4877,0x0000017e,20,62,0x00000000,848
4878,0x0000017e,20,62,0x00000000,848
4879,0x0000017e,20,62,0x00000000,828
4880,0x0000017e,20,62,0x00000000,848
4881,0x0000017e,20,62,0x00000000,848
4882,0x0000017e,20,62,0x00000000,989
4883,0x0000017e,20,62,0x00000000,858
4884,0x0000017e,20,62,0x00000000,848
4885,0x0000017e,20,62,0x00000000,989
4886,0x0000017e,20,62,0x00000000,848
4887,0x0000017e,20,62,0x00000000,858
4888,0x0000017e,20,62,0x00000000,808
4889,0x0000017e,20,62,0x00000000,2181
4890,0x0000017e,20,62,0x00000000,1020
4891,0x0000017e,20,62,0x00000000,868
4892,0x0000017b,12,44,0x00000000,5311
4893,0x00000158,107,428,0x00000000,2359563
4894,0x00000165,14,10,0x00000000,2181
4895,0x00000165,14,10,0x00000000,2030
4896,0x00000145,12,10,0x00000000,73690728
4897,0x00000144,12,10,0x00000100,1050
4898,0x00000143,11,10,0x00000000,4695
4899,0x0000017a,22,83,0x00000000,959
4900,0x0000017a,22,27,0x00000000,656
4901,0x00000131,355,474,0x00000000,22213
4902,0x00000131,353,440,0x00000000,18477
4903,0x0000017b,12,44,0x00000000,2474
4904,0x00000168,84,338,0x00000000,60893
4905,0x00000176,59,48,0x00000000,3433
4906,0x00000151,41,29,0x00000000,3201
4907,0x00000147,464,122,0x00000000,2340591
4908,0x0000017e,20,62,0x00000000,919
4909,0x0000017e,20,62,0x00000000,848
4910,0x0000017e,20,62,0x00000000,2191
4911,0x0000017e,20,62,0x00000000,1050
4912,0x0000017e,20,62,0x00000000,878
4913,0x0000017e,20,62,0x00000000,848
4914,0x0000017e,20,62,0x00000000,929
4915,0x0000017e,20,62,0x00000000,818
4916,0x0000017e,20,62,0x00000000,1939
4917,0x0000017e,20,62,0x00000000,1242
4918,0x0000017e,20,62,0x00000000,1383
4919,0x0000017e,20,62,0x00000000,878
4920,0x0000017e,20,62,0x00000000,1060
4921,0x0000017e,20,62,0x00000000,1534
4922,0x0000017e,20,62,0x00000000,859
4923,0x0000017e,20,62,0x00000000,1676
4924,0x0000017b,12,44,0x00000000,5220
4925,0x00000158,107,428,0x00000000,2374002
4926,0x00000165,14,10,0x00000000,1888
4927,0x00000165,14,10,0x00000000,1666
4928,0x00000145,12,10,0x00000000,76880661
4929,0x00000144,12,10,0x00000100,1009
4930,0x00000143,11,10,0x00000000,7027
4931,0x0000017a,22,83,0x00000000,1232
4932,0x0000017a,22,27,0x00000000,626
4933,0x00000131,355,474,0x00000000,24537
4934,0x00000131,353,440,0x00000000,18721
4935,0x0000017b,12,44,0x00000000,3120
4936,0x00000168,84,338,0x00000000,62473
4937,0x00000176,59,48,0x00000000,3767
4938,0x00000151,41,29,0x00000000,3807
4939,0x00000147,464,122,0x00000000,2350979
4940,0x0000017e,20,62,0x00000000,939
4941,0x0000017e,20,62,0x00000000,818
4942,0x0000017e,20,62,0x00000000,828
4943,0x0000017e,20,62,0x00000000,858
4944,0x0000017e,20,62,0x00000000,868
4945,0x0000017e,20,62,0x00000000,858
4946,0x0000017e,20,62,0x00000000,858
4947,0x0000017e,20,62,0x00000000,849
4948,0x0000017e,20,62,0x00000000,859
4949,0x0000017e,20,62,0x00000000,878
4950,0x0000017e,20,62,0x00000000,879
4951,0x0000017e,20,62,0x00000000,868
4952,0x0000017e,20,62,0x00000000,1050
4953,0x0000017e,20,62,0x00000000,879
4954,0x0000017e,20,62,0x00000000,970
4955,0x0000017e,20,62,0x00000000,848
4956,0x0000017b,12,44,0x00000000,3969
4957,0x00000158,107,428,0x00000000,2393217
4958,0x00000165,14,10,0x00000000,3908
4959,0x00000165,14,10,0x00000000,2262
4960,0x00000145,12,10,0x00000000,72516963
4961,0x00000144,12,10,0x00000100,1464
4962,0x00000143,11,10,0x00000000,4786
4963,0x0000017a,22,83,0x00000000,717
4964,0x0000017a,22,27,0x00000000,768
4965,0x00000131,355,474,0x00000000,37299
4966,0x00000131,353,440,0x00000000,18842
4967,0x0000017b,12,44,0x00000000,2515
4968,0x00000168,84,338,0x00000000,65502
4969,0x00000176,59,48,0x00000000,4039
4970,0x00000151,41,29,0x00000000,3827
4971,0x00000147,464,122,0x00000000,2346729
4972,0x0000017e,20,62,0x00000000,949
4973,0x0000017e,20,62,0x00000000,848
4974,0x0000017e,20,62,0x00000000,859
4975,0x0000017e,20,62,0x00000000,858
4976,0x0000017e,20,62,0x00000000,848
4977,0x0000017e,20,62,0x00000000,848
4978,0x0000017e,20,62,0x00000000,818
4979,0x0000017e,20,62,0x00000000,858
4980,0x0000017e,20,62,0x00000000,2080
4981,0x0000017e,20,62,0x00000000,979
4982,0x0000017e,20,62,0x00000000,949
4983,0x0000017e,20,62,0x00000000,1061
4984,0x0000017e,20,62,0x00000000,950
4985,0x0000017e,20,62,0x00000000,858
4986,0x0000017e,20,62,0x00000000,838
4987,0x0000017e,20,62,0x00000000,849
4988,0x0000017b,12,44,0x00000000,4120
4989,0x00000158,107,428,0x00000000,2302411
4990,0x00000165,14,10,0x00000000,1757
4991,0x00000165,14,10,0x00000000,1646
4992,0x00000145,12,10,0x00000000,78828275
4993,0x00000144,12,10,0x00000100,1141
4994,0x00000143,11,10,0x00000000,5574
4995,0x0000017a,22,83,0x00000000,676
4996,0x0000017a,22,27,0x00000000,716
4997,0x00000131,355,474,0x00000000,23618
4998,0x00000131,353,440,0x00000000,18347
4999,0x0000017b,12,44,0x00000000,2767
5000,0x00000168,84,338,0x00000000,61089
5001,0x00000176,59,48,0x00000000,8038
5002,0x00000151,41,29,0x00000000,3554
5003,0x00000147,464,122,0x00000000,2402607
5004,0x0000017e,20,62,0x00000000,1151
5005,0x0000017e,20,62,0x00000000,858
5006,0x0000017e,20,62,0x00000000,818
5007,0x0000017e,20,62,0x00000000,859
5008,0x0000017e,20,62,0x00000000,818
5009,0x0000017e,20,62,0x00000000,918
5010,0x0000017e,20,62,0x00000000,989
5011,0x0000017e,20,62,0x00000000,960
5012,0x0000017e,20,62,0x00000000,2282
5013,0x0000017e,20,62,0x00000000,1474
5014,0x0000017e,20,62,0x00000000,990
5015,0x0000017e,20,62,0x00000000,1000
5016,0x0000017e,20,62,0x00000000,869
5017,0x0000017e,20,62,0x00000000,868
5018,0x0000017e,20,62,0x00000000,858
5019,0x0000017e,20,62,0x00000000,838
5020,0x0000017b,12,44,0x00000000,4665
5021,0x00000158,107,428,0x00000000,2382171
5022,0x00000165,14,10,0x00000000,1777
5023,0x00000165,14,10,0x00000000,1646
5024,0x00000145,12,10,0x00000000,83322684
5025,0x00000144,12,10,0x00000100,1565
5026,0x00000143,11,10,0x00000000,6401
5027,0x0000017a,22,83,0x00000000,868
5028,0x0000017a,22,27,0x00000000,757
5029,0x00000131,355,474,0x00000000,28293
5030,0x00000131,353,440,0x00000000,27364
5031,0x0000017b,12,44,0x00000000,5886
5032,0x00000168,84,338,0x00000000,78022
5033,0x00000176,59,48,0x00000000,4403
5034,0x00000151,41,29,0x00000000,5120
5035,0x00000147,464,122,0x00000000,2374990
5036,0x0000017e,20,62,0x00000000,2736
5037,0x0000017e,20,62,0x00000000,1697
5038,0x0000017e,20,62,0x00000000,1030
5039,0x0000017e,20,62,0x00000000,1646
5040,0x0000017e,20,62,0x00000000,1061
5041,0x0000017e,20,62,0x00000000,2090
5042,0x0000017e,20,62,0x00000000,1635
5043,0x0000017e,20,62,0x00000000,1282
5044,0x0000017e,20,62,0x00000000,1302
5045,0x0000017e,20,62,0x00000000,1414
5046,0x0000017e,20,62,0x00000000,2211
5047,0x0000017e,20,62,0x00000000,1646
5048,0x0000017e,20,62,0x00000000,1605
5049,0x0000017e,20,62,0x00000000,1747
5050,0x0000017e,20,62,0x00000000,1211
5051,0x0000017e,20,62,0x00000000,1293
5052,0x0000017b,12,44,0x00000000,4493
5053,0x00000158,107,428,0x00000000,2379929
5054,0x00000165,14,10,0x00000000,2504
5055,0x00000165,14,10,0x00000000,3474
5056,0x00000145,12,10,0x00000000,87260218
5057,0x00000144,12,10,0x00000100,1939
5058,0x00000143,11,10,0x00000000,7199
5059,0x0000017a,22,83,0x00000000,717
5060,0x0000017a,22,27,0x00000000,828
5061,0x00000131,355,474,0x00000000,25769
5062,0x00000131,353,440,0x00000000,19448
5063,0x0000017b,12,44,0x00000000,2979
5064,0x00000168,84,338,0x00000000,61422
5065,0x00000176,59,48,0x00000000,7643
5066,0x00000151,41,29,0x00000000,6685
5067,0x00000147,464,122,0x00000000,2457649
5068,0x0000017e,20,62,0x00000000,2101
5069,0x0000017e,20,62,0x00000000,2514
5070,0x0000017e,20,62,0x00000000,2130
5071,0x0000017e,20,62,0x00000000,909
5072,0x0000017e,20,62,0x00000000,1717
5073,0x0000017e,20,62,0x00000000,2191
5074,0x0000017e,20,62,0x00000000,1959
5075,0x0000017e,20,62,0x00000000,1788
5076,0x0000017e,20,62,0x00000000,919
5077,0x0000017e,20,62,0x00000000,828
5078,0x0000017e,20,62,0x00000000,1393
5079,0x0000017e,20,62,0x00000000,2322
5080,0x0000017e,20,62,0x00000000,1959
5081,0x0000017e,20,62,0x00000000,1040
5082,0x0000017e,20,62,0x00000000,1050
5083,0x0000017e,20,62,0x00000000,1212
5084,0x0000017b,12,44,0x00000000,4574
5085,0x00000158,107,428,0x00000000,2347354
5086,0x00000165,14,10,0x00000000,2837
5087,0x00000165,14,10,0x00000000,2161
5088,0x00000145,12,10,0x00000000,83306670
5089,0x00000144,12,10,0x00000100,1693
5090,0x00000143,11,10,0x00000000,5764
5091,0x0000017a,22,83,0x00000000,2529
5092,0x0000017a,22,27,0x00000000,796
5093,0x00000131,355,474,0x00000000,25362
5094,0x00000131,353,440,0x00000000,19115
5095,0x0000017b,12,44,0x00000000,3899
5096,0x00000168,84,338,0x00000000,62826
5097,0x00000176,59,48,0x00000000,4524
5098,0x00000151,41,29,0x00000000,3366
5099,0x00000147,464,122,0x00000000,2488922
5100,0x0000017e,20,62,0x00000000,1411
5101,0x0000017e,20,62,0x00000000,877
5102,0x0000017e,20,62,0x00000000,937
5103,0x0000017e,20,62,0x00000000,2408
5104,0x0000017e,20,62,0x00000000,2297
5105,0x0000017e,20,62,0x00000000,856
5106,0x0000017e,20,62,0x00000000,997
5107,0x0000017e,20,62,0x00000000,1280
5108,0x0000017e,20,62,0x00000000,1824
5109,0x0000017e,20,62,0x00000000,1017
5110,0x0000017e,20,62,0x00000000,916
5111,0x0000017e,20,62,0x00000000,897
5112,0x0000017e,20,62,0x00000000,1179
5113,0x0000017e,20,62,0x00000000,1239
5114,0x0000017e,20,62,0x00000000,1069
5115,0x0000017e,20,62,0x00000000,917
5116,0x0000017b,12,44,0x00000000,4998
5117,0x00000158,107,428,0x00000000,2415547
5118,0x00000165,14,10,0x00000000,5290
5119,0x00000165,14,10,0x00000000,2005
5120,0x00000145,12,10,0x00000000,89785492
5121,0x00000144,12,10,0x00000100,1280
5122,0x00000143,11,10,0x00000000,6358
5123,0x0000017a,22,83,0x00000000,836
5124,0x0000017a,22,27,0x00000000,1341
5125,0x00000131,355,474,0x00000000,25312
5126,0x00000131,353,440,0x00000000,19337
5127,0x0000017b,12,44,0x00000000,3224
5128,0x00000168,84,338,0x00000000,61204
5129,0x00000176,59,48,0x00000000,8041
5130,0x00000151,41,29,0x00000000,4313
5131,0x00000147,464,122,0x00000000,2383020
5132,0x0000017e,20,62,0x00000000,1270
5133,0x0000017e,20,62,0x00000000,1784
5134,0x0000017e,20,62,0x00000000,826
5135,0x0000017e,20,62,0x00000000,807
5136,0x0000017e,20,62,0x00000000,806
5137,0x0000017e,20,62,0x00000000,2539
5138,0x0000017e,20,62,0x00000000,1925
5139,0x0000017e,20,62,0x00000000,1028
5140,0x0000017e,20,62,0x00000000,826
5141,0x0000017e,20,62,0x00000000,836
5142,0x0000017e,20,62,0x00000000,917
5143,0x0000017e,20,62,0x00000000,1169
5144,0x0000017e,20,62,0x00000000,897
5145,0x0000017e,20,62,0x00000000,866
5146,0x0000017e,20,62,0x00000000,856
5147,0x0000017e,20,62,0x00000000,847
5148,0x0000017b,12,44,0x00000000,5592
5149,0x00000158,107,428,0x00000000,2431961
5150,0x00000165,14,10,0x00000000,1914
5151,0x00000165,14,10,0x00000000,2106
5152,0x00000145,12,10,0x00000000,81374418
5153,0x00000144,12,10,0x00000100,2065
5154,0x00000143,11,10,0x00000000,8122
5155,0x0000017a,22,83,0x00000000,807
5156,0x0000017a,22,27,0x00000000,886
5157,0x00000131,355,474,0x00000000,31922
5158,0x00000131,353,440,0x00000000,22157
5159,0x0000017b,12,44,0x00000000,3033
5160,0x00000168,84,338,0x00000000,63823
5161,0x00000176,59,48,0x00000000,5008
5162,0x00000151,41,29,0x00000000,3990
5163,0x00000147,464,122,0x00000000,2379403
5164,0x0000017e,20,62,0x00000000,1028
5165,0x0000017e,20,62,0x00000000,2247
5166,0x0000017e,20,62,0x00000000,2367
5167,0x0000017e,20,62,0x00000000,1431
5168,0x0000017e,20,62,0x00000000,856
5169,0x0000017e,20,62,0x00000000,836
5170,0x0000017e,20,62,0x00000000,1119
5171,0x0000017e,20,62,0x00000000,997
5172,0x0000017e,20,62,0x00000000,856
5173,0x0000017e,20,62,0x00000000,866
5174,0x0000017e,20,62,0x00000000,856
5175,0x0000017e,20,62,0x00000000,2650
5176,0x0000017e,20,62,0x00000000,1662
5177,0x0000017e,20,62,0x00000000,856
5178,0x0000017e,20,62,0x00000000,866
5179,0x0000017e,20,62,0x00000000,867
5180,0x0000017b,12,44,0x00000000,6852
5181,0x00000158,107,428,0x00000000,2380108
5182,0x00000165,14,10,0x00000000,2177
5183,0x00000165,14,10,0x00000000,3234
5184,0x00000145,12,10,0x00000000,85676193
5185,0x00000144,12,10,0x00000100,2116
5186,0x00000143,11,10,0x00000000,8656
5187,0x0000017a,22,83,0x00000000,1149
5188,0x0000017a,22,27,0x00000000,675
5189,0x00000131,355,474,0x00000000,23739
5190,0x00000131,353,440,0x00000000,24778
5191,0x0000017b,12,44,0x00000000,4242
5192,0x00000168,84,338,0x00000000,63480
5193,0x00000176,59,48,0x00000000,8393
5194,0x00000151,41,29,0x00000000,4323
5195,0x00000147,464,122,0x00000000,2501024
5196,0x0000017e,20,62,0x00000000,2227
5197,0x0000017e,20,62,0x00000000,1431
5198,0x0000017e,20,62,0x00000000,2066
5199,0x0000017e,20,62,0x00000000,2006
5200,0x0000017e,20,62,0x00000000,1179
5201,0x0000017e,20,62,0x00000000,916
5202,0x0000017e,20,62,0x00000000,1511
5203,0x0000017e,20,62,0x00000000,1189
5204,0x0000017e,20,62,0x00000000,1168
5205,0x0000017e,20,62,0x00000000,1008
5206,0x0000017e,20,62,0x00000000,836
5207,0x0000017e,20,62,0x00000000,1320
5208,0x0000017e,20,62,0x00000000,866
5209,0x0000017e,20,62,0x00000000,867
5210,0x0000017e,20,62,0x00000000,846
5211,0x0000017e,20,62,0x00000000,927
5212,0x0000017b,12,44,0x00000000,7184
5213,0x00000158,107,428,0x00000000,2341042
5214,0x00000165,14,10,0x00000000,2882
5215,0x00000165,14,10,0x00000000,3063
5216,0x00000145,12,10,0x00000000,79538602
5217,0x00000144,12,10,0x00000100,1471
5218,0x00000143,11,10,0x00000000,7104
5219,0x0000017a,22,83,0x00000000,685
5220,0x0000017a,22,27,0x00000000,645
5221,0x00000131,355,474,0x00000000,27518
5222,0x00000131,353,440,0x00000000,32012
5223,0x0000017b,12,44,0x00000000,3677
5224,0x00000168,84,338,0x00000000,63067
5225,0x00000176,59,48,0x00000000,3396
5226,0x00000151,41,29,0x00000000,7689
5227,0x00000147,464,122,0x00000000,2376500
5228,0x0000017e,20,62,0x00000000,1058
5229,0x0000017e,20,62,0x00000000,1068
5230,0x0000017e,20,62,0x00000000,1148
5231,0x0000017e,20,62,0x00000000,927
5232,0x0000017e,20,62,0x00000000,937
5233,0x0000017e,20,62,0x00000000,2529
5234,0x0000017e,20,62,0x00000000,1572
5235,0x0000017e,20,62,0x00000000,1895
5236,0x0000017e,20,62,0x00000000,1290
5237,0x0000017e,20,62,0x00000000,2972
5238,0x0000017e,20,62,0x00000000,2569
5239,0x0000017e,20,62,0x00000000,1441
5240,0x0000017e,20,62,0x00000000,2620
5241,0x0000017e,20,62,0x00000000,2509
5242,0x0000017e,20,62,0x00000000,2983
5243,0x0000017e,20,62,0x00000000,2016
5244,0x0000017b,12,44,0x00000000,6116
5245,0x00000158,107,428,0x00000000,2383060
5246,0x00000165,14,10,0x00000000,1834
5247,0x00000165,14,10,0x00000000,1874
5248,0x00000145,12,10,0x00000000,78062706
5249,0x00000144,12,10,0x00000100,1279
5250,0x00000143,11,10,0x00000000,5894
5251,0x0000017a,22,83,0x00000000,856
5252,0x0000017a,22,27,0x00000000,655
5253,0x00000131,355,474,0x00000000,23911
5254,0x00000131,353,440,0x00000000,18852
5255,0x0000017b,12,44,0x00000000,5905
5256,0x00000168,84,338,0x00000000,62836
5257,0x00000176,59,48,0x00000000,3627
5258,0x00000151,41,29,0x00000000,3416
5259,0x00000147,464,122,0x00000000,2397993
5260,0x0000017e,20,62,0x00000000,937
5261,0x0000017e,20,62,0x00000000,817
5262,0x0000017e,20,62,0x00000000,816
5263,0x0000017e,20,62,0x00000000,806
5264,0x0000017e,20,62,0x00000000,846
5265,0x0000017e,20,62,0x00000000,846
5266,0x0000017e,20,62,0x00000000,847
5267,0x0000017e,20,62,0x00000000,857
5268,0x0000017e,20,62,0x00000000,806
5269,0x0000017e,20,62,0x00000000,917
5270,0x0000017e,20,62,0x00000000,867
5271,0x0000017e,20,62,0x00000000,847
5272,0x0000017e,20,62,0x00000000,857
5273,0x0000017e,20,62,0x00000000,866
5274,0x0000017e,20,62,0x00000000,857
5275,0x0000017e,20,62,0x00000000,927
5276,0x0000017b,12,44,0x00000000,4897
5277,0x00000158,107,428,0x00000000,2310996
5278,0x00000165,14,10,0x00000000,2236
5279,0x00000165,14,10,0x00000000,1643
5280,0x00000145,12,10,0x00000000,80166282
5281,0x00000144,12,10,0x00000100,1240
5282,0x00000143,11,10,0x00000000,4776
5283,0x0000017a,22,83,0x00000000,947
5284,0x0000017a,22,27,0x00000000,715
5285,0x00000131,355,474,0x00000000,25785
5286,0x00000131,353,440,0x00000000,26652
5287,0x0000017b,12,44,0x00000000,5714
5288,0x00000168,84,338,0x00000000,78474
5289,0x00000176,59,48,0x00000000,6852
5290,0x00000151,41,29,0x00000000,5169
5291,0x00000147,464,122,0x00000000,2382265
5292,0x0000017e,20,62,0x00000000,2580
5293,0x0000017e,20,62,0x00000000,2147
5294,0x0000017e,20,62,0x00000000,847
5295,0x0000017e,20,62,0x00000000,856
5296,0x0000017e,20,62,0x00000000,846
5297,0x0000017e,20,62,0x00000000,846
5298,0x0000017e,20,62,0x00000000,846
5299,0x0000017e,20,62,0x00000000,1159
5300,0x0000017e,20,62,0x00000000,997
5301,0x0000017e,20,62,0x00000000,947
5302,0x0000017e,20,62,0x00000000,1007
5303,0x0000017e,20,62,0x00000000,1008
5304,0x0000017e,20,62,0x00000000,927
5305,0x0000017e,20,62,0x00000000,816
5306,0x0000017e,20,62,0x00000000,927
5307,0x0000017e,20,62,0x00000000,988
5308,0x0000017b,12,44,0x00000000,5421
5309,0x00000158,107,428,0x00000000,2364359
5310,0x00000165,14,10,0x00000000,5129
5311,0x00000165,14,10,0x00000000,2620
5312,0x00000145,12,10,0x00000000,84762839
5313,0x00000144,12,10,0x00000100,1179
5314,0x00000143,11,10,0x00000000,5633
5315,0x0000017a,22,83,0x00000000,887
5316,0x0000017a,22,27,0x00000000,1099
5317,0x00000131,355,474,0x00000000,26078
5318,0x00000131,353,440,0x00000000,29957
5319,0x0000017b,12,44,0x00000000,4665
5320,0x00000168,84,338,0x00000000,64952
5321,0x00000176,59,48,0x00000000,7960
5322,0x00000151,41,29,0x00000000,4635
5323,0x00000147,464,122,0x00000000,2427637
5324,0x0000017e,20,62,0x00000000,1209
5325,0x0000017e,20,62,0x00000000,1592
5326,0x0000017e,20,62,0x00000000,1310
5327,0x0000017e,20,62,0x00000000,1944
5328,0x0000017e,20,62,0x00000000,1542
5329,0x0000017e,20,62,0x00000000,1784
5330,0x0000017e,20,62,0x00000000,1844
5331,0x0000017e,20,62,0x00000000,1915
5332,0x0000017e,20,62,0x00000000,1431
5333,0x0000017e,20,62,0x00000000,1995
5334,0x0000017e,20,62,0x00000000,2116
5335,0x0000017e,20,62,0x00000000,1179
5336,0x0000017e,20,62,0x00000000,997
5337,0x0000017e,20,62,0x00000000,2267
5338,0x0000017e,20,62,0x00000000,2509
5339,0x0000017e,20,62,0x00000000,1713
5340,0x0000017b,12,44,0x00000000,5643
5341,0x00000158,107,428,0x00000000,2448002
5342,0x00000165,14,10,0x00000000,2197
5343,0x00000165,14,10,0x00000000,1733
5344,0x00000145,12,10,0x00000000,77034875
5345,0x00000144,12,10,0x00000100,1770
5346,0x00000143,11,10,0x00000000,23153
5347,0x0000017a,22,83,0x00000000,925
5348,0x0000017a,22,27,0x00000000,885
5349,0x00000131,355,474,0x00000000,24712
5350,0x00000131,353,440,0x00000000,25486
5351,0x0000017b,12,44,0x00000000,4043
5352,0x00000168,84,338,0x00000000,65757
5353,0x00000176,59,48,0x00000000,4617
5354,0x00000151,41,29,0x00000000,3641
5355,0x00000147,464,122,0x00000000,2612804
5356,0x0000017e,20,62,0x00000000,2293
5357,0x0000017e,20,62,0x00000000,966
5358,0x0000017e,20,62,0x00000000,855
5359,0x0000017e,20,62,0x00000000,1116
5360,0x0000017e,20,62,0x00000000,956
5361,0x0000017e,20,62,0x00000000,985
5362,0x0000017e,20,62,0x00000000,2172
5363,0x0000017e,20,62,0x00000000,1298
5364,0x0000017e,20,62,0x00000000,915
5365,0x0000017e,20,62,0x00000000,925
5366,0x0000017e,20,62,0x00000000,906
5367,0x0000017e,20,62,0x00000000,844
5368,0x0000017e,20,62,0x00000000,845
5369,0x0000017e,20,62,0x00000000,855
5370,0x0000017e,20,62,0x00000000,945
5371,0x0000017e,20,62,0x00000000,815
5372,0x0000017b,12,44,0x00000000,5693
5373,0x00000158,107,428,0x00000000,2411124
5374,0x00000165,14,10,0x00000000,5099
5375,0x00000165,14,10,0x00000000,3178
5376,0x00000145,12,10,0x00000000,80944576
5377,0x00000144,12,10,0x00000100,956
5378,0x00000143,11,10,0x00000000,4898
5379,0x0000017a,22,83,0x00000000,755
5380,0x0000017a,22,27,0x00000000,774
5381,0x00000131,355,474,0x00000000,24481
5382,0x00000131,353,440,0x00000000,18838
5383,0x0000017b,12,44,0x00000000,3178
5384,0x00000168,84,338,0x00000000,61825
5385,0x00000176,59,48,0x00000000,4536
5386,0x00000151,41,29,0x00000000,7282
5387,0x00000147,464,122,0x00000000,2419343
5388,0x0000017e,20,62,0x00000000,1760
5389,0x0000017e,20,62,0x00000000,1690
5390,0x0000017e,20,62,0x00000000,965
5391,0x0000017e,20,62,0x00000000,906
5392,0x0000017e,20,62,0x00000000,844
5393,0x0000017e,20,62,0x00000000,845
5394,0x0000017e,20,62,0x00000000,2263
5395,0x0000017e,20,62,0x00000000,1318
5396,0x0000017e,20,62,0x00000000,996
5397,0x0000017e,20,62,0x00000000,1176
5398,0x0000017e,20,62,0x00000000,885
5399,0x0000017e,20,62,0x00000000,875
5400,0x0000017e,20,62,0x00000000,985
5401,0x0000017e,20,62,0x00000000,865
5402,0x0000017e,20,62,0x00000000,815
5403,0x0000017e,20,62,0x00000000,2273
5404,0x0000017b,12,44,0x00000000,5723
5405,0x00000158,107,428,0x00000000,2333791
5406,0x00000165,14,10,0x00000000,4194
5407,0x00000165,14,10,0x00000000,2555
5408,0x00000145,12,10,0x00000000,75889105
5409,0x00000144,12,10,0x00000100,1338
5410,0x00000143,11,10,0x00000000,7232
5411,0x0000017a,22,83,0x00000000,1669
5412,0x0000017a,22,27,0x00000000,885
5413,0x00000131,355,474,0x00000000,25999
5414,0x00000131,353,440,0x00000000,23636
5415,0x0000017b,12,44,0x00000000,3822
5416,0x00000168,84,338,0x00000000,63123
5417,0x00000176,59,48,0x00000000,4184
5418,0x00000151,41,29,0x00000000,4043
5419,0x00000147,464,122,0x00000000,2379856
5420,0x0000017e,20,62,0x00000000,925
5421,0x0000017e,20,62,0x00000000,1106
5422,0x0000017e,20,62,0x00000000,905
5423,0x0000017e,20,62,0x00000000,1438
5424,0x0000017e,20,62,0x00000000,1036
5425,0x0000017e,20,62,0x00000000,1036
5426,0x0000017e,20,62,0x00000000,885
5427,0x0000017e,20,62,0x00000000,1147
5428,0x0000017e,20,62,0x00000000,976
5429,0x0000017e,20,62,0x00000000,966
5430,0x0000017e,20,62,0x00000000,845
5431,0x0000017e,20,62,0x00000000,2424
5432,0x0000017e,20,62,0x00000000,1539
5433,0x0000017e,20,62,0x00000000,905
5434,0x0000017e,20,62,0x00000000,845
5435,0x0000017e,20,62,0x00000000,1247
5436,0x0000017b,12,44,0x00000000,6216
5437,0x00000158,107,428,0x00000000,2425699
5438,0x00000165,14,10,0x00000000,1861
5439,0x00000165,14,10,0x00000000,3691
5440,0x00000145,12,10,0x00000000,81693308
5441,0x00000144,12,10,0x00000100,1238
5442,0x00000143,11,10,0x00000000,6799
5443,0x0000017a,22,83,0x00000000,1448
5444,0x0000017a,22,27,0x00000000,1006
5445,0x00000131,355,474,0x00000000,23294
5446,0x00000131,353,440,0x00000000,25094
5447,0x0000017b,12,44,0x00000000,3440
5448,0x00000168,84,338,0x00000000,61211
5449,0x00000176,59,48,0x00000000,3701
5450,0x00000151,41,29,0x00000000,4435
5451,0x00000147,464,122,0x00000000,2538959
5452,0x0000017e,20,62,0x00000000,925
5453,0x0000017e,20,62,0x00000000,1167
5454,0x0000017e,20,62,0x00000000,855
5455,0x0000017e,20,62,0x00000000,855
5456,0x0000017e,20,62,0x00000000,2383
5457,0x0000017e,20,62,0x00000000,1156
5458,0x0000017e,20,62,0x00000000,2474
5459,0x0000017e,20,62,0x00000000,1640
5460,0x0000017e,20,62,0x00000000,2544
5461,0x0000017e,20,62,0x00000000,1549
5462,0x0000017e,20,62,0x00000000,2112
5463,0x0000017e,20,62,0x00000000,1820
5464,0x0000017e,20,62,0x00000000,996
5465,0x0000017e,20,62,0x00000000,855
5466,0x0000017e,20,62,0x00000000,915
5467,0x0000017e,20,62,0x00000000,825
5468,0x0000017b,12,44,0x00000000,5431
5469,0x00000158,107,428,0x00000000,2414394
5470,0x00000165,14,10,0x00000000,2092
5471,0x00000165,14,10,0x00000000,1830
5472,0x00000145,12,10,0x00000000,82657681
5473,0x00000144,12,10,0x00000100,1197
5474,0x00000143,11,10,0x00000000,5582
5475,0x0000017a,22,83,0x00000000,844
5476,0x0000017a,22,27,0x00000000,674
5477,0x00000131,355,474,0x00000000,23596
5478,0x00000131,353,440,0x00000000,25688
5479,0x0000017b,12,44,0x00000000,3550
5480,0x00000168,84,338,0x00000000,63565
5481,0x00000176,59,48,0x00000000,3691
5482,0x00000151,41,29,0x00000000,3581
5483,0x00000147,464,122,0x00000000,2423536
5484,0x0000017e,20,62,0x00000000,1046
5485,0x0000017e,20,62,0x00000000,1841
5486,0x0000017e,20,62,0x00000000,2122
5487,0x0000017e,20,62,0x00000000,1006
5488,0x0000017e,20,62,0x00000000,905
5489,0x0000017e,20,62,0x00000000,1106
5490,0x0000017e,20,62,0x00000000,1016
5491,0x0000017e,20,62,0x00000000,985
5492,0x0000017e,20,62,0x00000000,845
5493,0x0000017e,20,62,0x00000000,845
5494,0x0000017e,20,62,0x00000000,845
5495,0x0000017e,20,62,0x00000000,1650
5496,0x0000017e,20,62,0x00000000,1066
5497,0x0000017e,20,62,0x00000000,1901
5498,0x0000017e,20,62,0x00000000,855
5499,0x0000017e,20,62,0x00000000,865
5500,0x0000017b,12,44,0x00000000,5361
5501,0x00000158,107,428,0x00000000,2314943
5502,0x00000165,14,10,0x00000000,2052
5503,0x00000165,14,10,0x00000000,1740
5504,0x00000145,12,10,0x00000000,77894169
5505,0x00000144,12,10,0x00000100,1720
5506,0x00000143,11,10,0x00000000,6578
5507,0x0000017a,22,83,0x00000000,694
5508,0x0000017a,22,27,0x00000000,915
5509,0x00000131,355,474,0x00000000,23143
5510,0x00000131,353,440,0x00000000,19119
5511,0x0000017b,12,44,0x00000000,2384
5512,0x00000168,84,338,0x00000000,60638
5513,0x00000176,59,48,0x00000000,3460
5514,0x00000151,41,29,0x00000000,4486
5515,0x00000147,464,122,0x00000000,2407684
5516,0x0000017e,20,62,0x00000000,1609
5517,0x0000017e,20,62,0x00000000,1207
5518,0x0000017e,20,62,0x00000000,865
5519,0x0000017e,20,62,0x00000000,845
5520,0x0000017e,20,62,0x00000000,845
5521,0x0000017e,20,62,0x00000000,895
5522,0x0000017e,20,62,0x00000000,855
5523,0x0000017e,20,62,0x00000000,854
5524,0x0000017e,20,62,0x00000000,855
5525,0x0000017e,20,62,0x00000000,855
5526,0x0000017e,20,62,0x00000000,845
5527,0x0000017e,20,62,0x00000000,855
5528,0x0000017e,20,62,0x00000000,845
5529,0x0000017e,20,62,0x00000000,855
5530,0x0000017e,20,62,0x00000000,855
5531,0x0000017e,20,62,0x00000000,1630
5532,0x0000017b,12,44,0x00000000,4828
5533,0x00000158,107,428,0x00000000,2367806
5534,0x00000165,14,10,0x00000000,2313
5535,0x00000165,14,10,0x00000000,1679
5536,0x00000145,12,10,0x00000000,71917887
5537,0x00000144,12,10,0x00000100,1579
5538,0x00000143,11,10,0x00000000,5511
5539,0x0000017a,22,83,0x00000000,875
5540,0x0000017a,22,27,0x00000000,815
5541,0x00000131,355,474,0x00000000,23736
5542,0x00000131,353,440,0x00000000,19180
5543,0x0000017b,12,44,0x00000000,3188
5544,0x00000168,84,338,0x00000000,61172
5545,0x00000176,59,48,0x00000000,7774
5546,0x00000151,41,29,0x00000000,3681
5547,0x00000147,464,122,0x00000000,2369948
5548,0x0000017e,20,62,0x00000000,1056
5549,0x0000017e,20,62,0x00000000,865
5550,0x0000017e,20,62,0x00000000,835
5551,0x0000017e,20,62,0x00000000,845
5552,0x0000017e,20,62,0x00000000,1146
5553,0x0000017e,20,62,0x00000000,1005
5554,0x0000017e,20,62,0x00000000,815
5555,0x0000017e,20,62,0x00000000,935
5556,0x0000017e,20,62,0x00000000,855
5557,0x0000017e,20,62,0x00000000,2202
5558,0x0000017e,20,62,0x00000000,945
5559,0x0000017e,20,62,0x00000000,865
5560,0x0000017e,20,62,0x00000000,845
5561,0x0000017e,20,62,0x00000000,1458
5562,0x0000017e,20,62,0x00000000,1398
5563,0x0000017e,20,62,0x00000000,865
5564,0x0000017b,12,44,0x00000000,5310
5565,0x00000158,107,428,0x00000000,2423184
5566,0x00000165,14,10,0x00000000,1750
5567,0x00000165,14,10,0x00000000,1880
5568,0x00000145,12,10,0x00000000,86631109
5569,0x00000144,12,10,0x00000100,1408
5570,0x00000143,11,10,0x00000000,4807
5571,0x0000017a,22,83,0x00000000,1056
5572,0x0000017a,22,27,0x00000000,1730
5573,0x00000131,355,474,0x00000000,25456
5574,0x00000131,353,440,0x00000000,19945
5575,0x0000017b,12,44,0x00000000,2896
5576,0x00000168,84,338,0x00000000,60940
5577,0x00000176,59,48,0x00000000,3651
5578,0x00000151,41,29,0x00000000,3128
5579,0x00000147,464,122,0x00000000,2416395
5580,0x0000017e,20,62,0x00000000,996
5581,0x0000017e,20,62,0x00000000,835
5582,0x0000017e,20,62,0x00000000,835
5583,0x0000017e,20,62,0x00000000,835
5584,0x0000017e,20,62,0x00000000,855
5585,0x0000017e,20,62,0x00000000,845
5586,0x0000017e,20,62,0x00000000,845
5587,0x0000017e,20,62,0x00000000,855
5588,0x0000017e,20,62,0x00000000,845
5589,0x0000017e,20,62,0x00000000,855
5590,0x0000017e,20,62,0x00000000,835
5591,0x0000017e,20,62,0x00000000,855
5592,0x0000017e,20,62,0x00000000,865
5593,0x0000017e,20,62,0x00000000,854
5594,0x0000017e,20,62,0x00000000,855
5595,0x0000017e,20,62,0x00000000,864
5596,0x0000017b,12,44,0x00000000,3943
5597,0x00000158,107,428,0x00000000,2368520
5598,0x00000165,14,10,0x00000000,3148
5599,0x00000165,14,10,0x00000000,3007
5600,0x00000145,12,10,0x00000000,83335735
5601,0x00000144,12,10,0x00000100,1358
5602,0x00000143,11,10,0x00000000,4807
5603,0x0000017a,22,83,0x00000000,745
5604,0x0000017a,22,27,0x00000000,654
5605,0x00000131,355,474,0x00000000,23334
5606,0x00000131,353,440,0x00000000,21634
5607,0x0000017b,12,44,0x00000000,2977
5608,0x00000168,84,338,0x00000000,64491
5609,0x00000176,59,48,0x00000000,3551
5610,0x00000151,41,29,0x00000000,3460
5611,0x00000147,464,122,0x00000000,2322727
5612,0x0000017e,20,62,0x00000000,1215
5613,0x0000017e,20,62,0x00000000,834
5614,0x0000017e,20,62,0x00000000,853
5615,0x0000017e,20,62,0x00000000,833
5616,0x0000017e,20,62,0x00000000,844
5617,0x0000017e,20,62,0x00000000,844
5618,0x0000017e,20,62,0x00000000,833
5619,0x0000017e,20,62,0x00000000,854
5620,0x0000017e,20,62,0x00000000,854
5621,0x0000017e,20,62,0x00000000,853
5622,0x0000017e,20,62,0x00000000,1085
5623,0x0000017e,20,62,0x00000000,1035
5624,0x0000017e,20,62,0x00000000,1155
5625,0x0000017e,20,62,0x00000000,833
5626,0x0000017e,20,62,0x00000000,853
5627,0x0000017e,20,62,0x00000000,834
5628,0x0000017b,12,44,0x00000000,3534
5629,0x00000158,107,428,0x00000000,2303366
5630,0x00000165,14,10,0x00000000,2581
5631,0x00000165,14,10,0x00000000,3886
5632,0x00000145,12,10,0x00000000,77163115
5633,0x00000144,12,10,0x00000100,1164
5634,0x00000143,11,10,0x00000000,4569
5635,0x0000017a,22,83,0x00000000,834
5636,0x0000017a,22,27,0x00000000,652
5637,0x00000131,355,474,0x00000000,22945
5638,0x00000131,353,440,0x00000000,18707
5639,0x0000017b,12,44,0x00000000,2471
5640,0x00000168,84,338,0x00000000,60701
5641,0x00000176,59,48,0x00000000,3615
5642,0x00000151,41,29,0x00000000,3454
5643,0x00000147,464,122,0x00000000,2332106
5644,0x0000017e,20,62,0x00000000,1034
5645,0x0000017e,20,62,0x00000000,1004
5646,0x0000017e,20,62,0x00000000,1074
5647,0x0000017e,20,62,0x00000000,924
5648,0x0000017e,20,62,0x00000000,1024
5649,0x0000017e,20,62,0x00000000,2430
5650,0x0000017e,20,62,0x00000000,1567
5651,0x0000017e,20,62,0x00000000,1537
5652,0x0000017e,20,62,0x00000000,1325
5653,0x0000017e,20,62,0x00000000,1155
5654,0x0000017e,20,62,0x00000000,2571
5655,0x0000017e,20,62,0x00000000,1828
5656,0x0000017e,20,62,0x00000000,1818
5657,0x0000017e,20,62,0x00000000,1366
5658,0x0000017e,20,62,0x00000000,1426
5659,0x0000017e,20,62,0x00000000,924
5660,0x0000017b,12,44,0x00000000,4991
5661,0x00000158,107,428,0x00000000,2385096
5662,0x00000165,14,10,0x00000000,2159
5663,0x00000165,14,10,0x00000000,3937
5664,0x00000145,12,10,0x00000000,95598795
5665,0x00000144,12,10,0x00000100,1175
5666,0x00000143,11,10,0x00000000,5061
5667,0x0000017a,22,83,0x00000000,743
5668,0x0000017a,22,27,0x00000000,702
5669,0x00000131,355,474,0x00000000,27052
5670,0x00000131,353,440,0x00000000,19149
5671,0x0000017b,12,44,0x00000000,2651
5672,0x00000168,84,338,0x00000000,60511
5673,0x00000176,59,48,0x00000000,7833
5674,0x00000151,41,29,0x00000000,3605
5675,0x00000147,464,122,0x00000000,2375365
5676,0x0000017e,20,62,0x00000000,924
5677,0x0000017e,20,62,0x00000000,843
5678,0x0000017e,20,62,0x00000000,1325
5679,0x0000017e,20,62,0x00000000,1576
5680,0x0000017e,20,62,0x00000000,2982
5681,0x0000017e,20,62,0x00000000,1405
5682,0x0000017e,20,62,0x00000000,1135
5683,0x0000017e,20,62,0x00000000,964
5684,0x0000017e,20,62,0x00000000,844
5685,0x0000017e,20,62,0x00000000,844
5686,0x0000017e,20,62,0x00000000,853
5687,0x0000017e,20,62,0x00000000,864
5688,0x0000017e,20,62,0x00000000,844
5689,0x0000017e,20,62,0x00000000,834
5690,0x0000017e,20,62,0x00000000,854
5691,0x0000017e,20,62,0x00000000,844
5692,0x0000017b,12,44,0x00000000,4710
5693,0x00000158,107,428,0x00000000,2377615
5694,0x00000165,14,10,0x00000000,1758
5695,0x00000165,14,10,0x00000000,1828
5696,0x00000145,12,10,0x00000000,71435919
5697,0x00000144,12,10,0x00000100,1396
5698,0x00000143,11,10,0x00000000,4439
5699,0x0000017a,22,83,0x00000000,813
5700,0x0000017a,22,27,0x00000000,623
5701,0x00000131,355,474,0x00000000,22845
5702,0x00000131,353,440,0x00000000,18326
5703,0x0000017b,12,44,0x00000000,2601
5704,0x00000168,84,338,0x00000000,60089
5705,0x00000176,59,48,0x00000000,3514
5706,0x00000151,41,29,0x00000000,3133
5707,0x00000147,464,122,0x00000000,2432743
5708,0x0000017e,20,62,0x00000000,1034
5709,0x0000017e,20,62,0x00000000,853
5710,0x0000017e,20,62,0x00000000,834
5711,0x0000017e,20,62,0x00000000,844
5712,0x0000017e,20,62,0x00000000,924
5713,0x0000017e,20,62,0x00000000,904
5714,0x0000017e,20,62,0x00000000,843
5715,0x0000017e,20,62,0x00000000,1346
5716,0x0000017e,20,62,0x00000000,823
5717,0x0000017e,20,62,0x00000000,863
5718,0x0000017e,20,62,0x00000000,1044
5719,0x0000017e,20,62,0x00000000,954
5720,0x0000017e,20,62,0x00000000,1195
5721,0x0000017e,20,62,0x00000000,854
5722,0x0000017e,20,62,0x00000000,2521
5723,0x0000017e,20,62,0x00000000,994
5724,0x0000017b,12,44,0x00000000,4247
5725,0x00000158,107,428,0x00000000,2323551
5726,0x00000165,14,10,0x00000000,1757
5727,0x00000165,14,10,0x00000000,1948
5728,0x00000145,12,10,0x00000000,78960727
5729,0x00000144,12,10,0x00000100,1255
5730,0x00000143,11,10,0x00000000,4509
5731,0x0000017a,22,83,0x00000000,753
5732,0x0000017a,22,27,0x00000000,662
5733,0x00000131,355,474,0x00000000,22363
5734,0x00000131,353,440,0x00000000,18798
5735,0x0000017b,12,44,0x00000000,2681
5736,0x00000168,84,338,0x00000000,60903
5737,0x00000176,59,48,0x00000000,6738
5738,0x00000151,41,29,0x00000000,3585
5739,0x00000147,464,122,0x00000000,2381279
5740,0x0000017e,20,62,0x00000000,994
5741,0x0000017e,20,62,0x00000000,854
5742,0x0000017e,20,62,0x00000000,844
5743,0x0000017e,20,62,0x00000000,864
5744,0x0000017e,20,62,0x00000000,844
5745,0x0000017e,20,62,0x00000000,874
5746,0x0000017e,20,62,0x00000000,903
5747,0x0000017e,20,62,0x00000000,1798
5748,0x0000017e,20,62,0x00000000,1567
5749,0x0000017e,20,62,0x00000000,1105
5750,0x0000017e,20,62,0x00000000,2611
5751,0x0000017e,20,62,0x00000000,1255
5752,0x0000017e,20,62,0x00000000,2390
5753,0x0000017e,20,62,0x00000000,1255
5754,0x0000017e,20,62,0x00000000,863
5755,0x0000017e,20,62,0x00000000,1486
5756,0x0000017b,12,44,0x00000000,5654
5757,0x00000158,107,428,0x00000000,2320136
5758,0x00000165,14,10,0x00000000,2380
5759,0x00000165,14,10,0x00000000,1616
5760,0x00000145,12,10,0x00000000,73139710
5761,0x00000144,12,10,0x00000100,1205
5762,0x00000143,11,10,0x00000000,5804
5763,0x0000017a,22,83,0x00000000,713
5764,0x0000017a,22,27,0x00000000,642
5765,0x00000131,355,474,0x00000000,23025
5766,0x00000131,353,440,0x00000000,18527
5767,0x0000017b,12,44,0x00000000,2420
5768,0x00000168,84,338,0x00000000,63533
5769,0x00000176,59,48,0x00000000,3696
5770,0x00000151,41,29,0x00000000,3143
5771,0x00000147,464,122,0x00000000,2363346
5772,0x0000017e,20,62,0x00000000,924
5773,0x0000017e,20,62,0x00000000,894
5774,0x0000017e,20,62,0x00000000,833
5775,0x0000017e,20,62,0x00000000,1145
5776,0x0000017e,20,62,0x00000000,854
5777,0x0000017e,20,62,0x00000000,853
5778,0x0000017e,20,62,0x00000000,844
5779,0x0000017e,20,62,0x00000000,853
5780,0x0000017e,20,62,0x00000000,843
5781,0x0000017e,20,62,0x00000000,854
5782,0x0000017e,20,62,0x00000000,833
5783,0x0000017e,20,62,0x00000000,844
5784,0x0000017e,20,62,0x00000000,854
5785,0x0000017e,20,62,0x00000000,854
5786,0x0000017e,20,62,0x00000000,843
5787,0x0000017e,20,62,0x00000000,894
5788,0x0000017b,12,44,0x00000000,4147
5789,0x00000158,107,428,0x00000000,2294882
5790,0x00000165,14,10,0x00000000,1798
5791,0x00000165,14,10,0x00000000,1687
5792,0x00000145,12,10,0x00000000,78856413
5793,0x00000144,12,10,0x00000100,1044
5794,0x00000143,11,10,0x00000000,4258
5795,0x0000017a,22,83,0x00000000,883
5796,0x0000017a,22,27,0x00000000,663
5797,0x00000131,355,474,0x00000000,22463
5798,0x00000131,353,440,0x00000000,19029
5799,0x0000017b,12,44,0x00000000,3425
5800,0x00000168,84,338,0x00000000,61745
5801,0x00000176,59,48,0x00000000,3525
5802,0x00000151,41,29,0x00000000,3595
5803,0x00000147,464,122,0x00000000,2363647
5804,0x0000017e,20,62,0x00000000,924
5805,0x0000017e,20,62,0x00000000,853
5806,0x0000017e,20,62,0x00000000,853
5807,0x0000017e,20,62,0x00000000,864
5808,0x0000017e,20,62,0x00000000,854
5809,0x0000017e,20,62,0x00000000,853
5810,0x0000017e,20,62,0x00000000,863
5811,0x0000017e,20,62,0x00000000,1044
5812,0x0000017e,20,62,0x00000000,864
5813,0x0000017e,20,62,0x00000000,1225
5814,0x0000017e,20,62,0x00000000,974
5815,0x0000017e,20,62,0x00000000,944
5816,0x0000017e,20,62,0x00000000,863
5817,0x0000017e,20,62,0x00000000,863
5818,0x0000017e,20,62,0x00000000,934
5819,0x0000017e,20,62,0x00000000,864
5820,0x0000017b,12,44,0x00000000,4378
5821,0x00000158,107,428,0x00000000,2336815
5822,0x00000165,14,10,0x00000000,1838
5823,0x00000165,14,10,0x00000000,1838
5824,0x00000145,12,10,0x00000000,74936193
5825,0x00000144,12,10,0x00000100,1275
5826,0x00000143,11,10,0x00000000,4107
5827,0x0000017a,22,83,0x00000000,1014
5828,0x0000017a,22,27,0x00000000,713
5829,0x00000131,355,474,0x00000000,21389
5830,0x00000131,353,440,0x00000000,18898
5831,0x0000017b,12,44,0x00000000,2471
5832,0x00000168,84,338,0x00000000,60381
5833,0x00000176,59,48,0x00000000,3564
5834,0x00000151,41,29,0x00000000,3685
5835,0x00000147,464,122,0x00000000,2345843
5836,0x0000017e,20,62,0x00000000,1055
5837,0x0000017e,20,62,0x00000000,934
5838,0x0000017e,20,62,0x00000000,843
5839,0x0000017e,20,62,0x00000000,974
5840,0x0000017e,20,62,0x00000000,843
5841,0x0000017e,20,62,0x00000000,844
5842,0x0000017e,20,62,0x00000000,1084
5843,0x0000017e,20,62,0x00000000,863
5844,0x0000017e,20,62,0x00000000,844
5845,0x0000017e,20,62,0x00000000,853
5846,0x0000017e,20,62,0x00000000,1084
5847,0x0000017e,20,62,0x00000000,1175
5848,0x0000017e,20,62,0x00000000,2621
5849,0x0000017e,20,62,0x00000000,1024
5850,0x0000017e,20,62,0x00000000,1004
5851,0x0000017e,20,62,0x00000000,1205
5852,0x0000017b,12,44,0x00000000,5131
5853,0x00000158,107,428,0x00000000,2357029
5854,0x00000165,14,10,0x00000000,2410
5855,0x00000165,14,10,0x00000000,2340
5856,0x00000145,12,10,0x00000000,80248002
5857,0x00000144,12,10,0x00000100,1084
5858,0x00000143,11,10,0x00000000,4850
5859,0x0000017a,22,83,0x00000000,784
5860,0x0000017a,22,27,0x00000000,683
5861,0x00000131,355,474,0x00000000,22996
5862,0x00000131,353,440,0x00000000,18798
5863,0x0000017b,12,44,0x00000000,2590
5864,0x00000168,84,338,0x00000000,62418
5865,0x00000176,59,48,0x00000000,3485
5866,0x00000151,41,29,0x00000000,3113
5867,0x00000147,464,122,0x00000000,2362030
5868,0x0000017e,20,62,0x00000000,1014
5869,0x0000017e,20,62,0x00000000,863
5870,0x0000017e,20,62,0x00000000,1165
5871,0x0000017e,20,62,0x00000000,874
5872,0x0000017e,20,62,0x00000000,853
5873,0x0000017e,20,62,0x00000000,934
5874,0x0000017e,20,62,0x00000000,844
5875,0x0000017e,20,62,0x00000000,844
5876,0x0000017e,20,62,0x00000000,844
5877,0x0000017e,20,62,0x00000000,863
5878,0x0000017e,20,62,0x00000000,853
5879,0x0000017e,20,62,0x00000000,854
5880,0x0000017e,20,62,0x00000000,854
5881,0x0000017e,20,62,0x00000000,843
5882,0x0000017e,20,62,0x00000000,853
5883,0x0000017e,20,62,0x00000000,873
5884,0x0000017b,12,44,0x00000000,5332
5885,0x00000158,107,428,0x00000000,2351245
5886,0x00000165,14,10,0x00000000,1778
5887,0x00000165,14,10,0x00000000,1647
5888,0x00000145,12,10,0x00000000,70576889
5889,0x00000144,12,10,0x00000100,992
5890,0x00000143,11,10,0x00000000,4472
5891,0x0000017a,22,83,0x00000000,833
5892,0x0000017a,22,27,0x00000000,621
5893,0x00000131,355,474,0x00000000,23033
5894,0x00000131,353,440,0x00000000,18631
5895,0x0000017b,12,44,0x00000000,2688
5896,0x00000168,84,338,0x00000000,60195
5897,0x00000176,59,48,0x00000000,3460
5898,0x00000151,41,29,0x00000000,3289
5899,0x00000147,464,122,0x00000000,2387229
5900,0x0000017e,20,62,0x00000000,942
5901,0x0000017e,20,62,0x00000000,2206
5902,0x0000017e,20,62,0x00000000,993
5903,0x0000017e,20,62,0x00000000,842
5904,0x0000017e,20,62,0x00000000,842
5905,0x0000017e,20,62,0x00000000,843
5906,0x0000017e,20,62,0x00000000,852
5907,0x0000017e,20,62,0x00000000,853
5908,0x0000017e,20,62,0x00000000,852
5909,0x0000017e,20,62,0x00000000,852
5910,0x0000017e,20,62,0x00000000,862
5911,0x0000017e,20,62,0x00000000,873
5912,0x0000017e,20,62,0x00000000,853
5913,0x0000017e,20,62,0x00000000,842
5914,0x0000017e,20,62,0x00000000,853
5915,0x0000017e,20,62,0x00000000,803
5916,0x0000017b,12,44,0x00000000,3730
5917,0x00000158,107,428,0x00000000,2373350
5918,0x00000165,14,10,0x00000000,2096
5919,0x00000165,14,10,0x00000000,4192
5920,0x00000145,12,10,0x00000000,76725637
5921,0x00000144,12,10,0x00000100,2767
5922,0x00000143,11,10,0x00000000,7150
5923,0x0000017a,22,83,0x00000000,1113
5924,0x0000017a,22,27,0x00000000,772
5925,0x00000131,355,474,0x00000000,22000
5926,0x00000131,353,440,0x00000000,19855
5927,0x0000017b,12,44,0x00000000,3138
5928,0x00000168,84,338,0x00000000,61770
5929,0x00000176,59,48,0x00000000,3479
5930,0x00000151,41,29,0x00000000,3329
5931,0x00000147,464,122,0x00000000,2373572
5932,0x0000017e,20,62,0x00000000,933
5933,0x0000017e,20,62,0x00000000,832
5934,0x0000017e,20,62,0x00000000,832
5935,0x0000017e,20,62,0x00000000,833
5936,0x0000017e,20,62,0x00000000,853
5937,0x0000017e,20,62,0x00000000,802
5938,0x0000017e,20,62,0x00000000,843
5939,0x0000017e,20,62,0x00000000,822
5940,0x0000017e,20,62,0x00000000,873
5941,0x0000017e,20,62,0x00000000,842
5942,0x0000017e,20,62,0x00000000,812
5943,0x0000017e,20,62,0x00000000,853
5944,0x0000017e,20,62,0x00000000,1936
5945,0x0000017e,20,62,0x00000000,963
5946,0x0000017e,20,62,0x00000000,1033
5947,0x0000017e,20,62,0x00000000,1053
5948,0x0000017b,12,44,0x00000000,5234
5949,0x00000158,107,428,0x00000000,2385472
5950,0x00000165,14,10,0x00000000,4362
5951,0x00000165,14,10,0x00000000,2176
5952,0x00000145,12,10,0x00000000,76024806
5953,0x00000144,12,10,0x00000100,983
5954,0x00000143,11,10,0x00000000,4432
5955,0x0000017a,22,83,0x00000000,722
5956,0x0000017a,22,27,0x00000000,662
5957,0x00000131,355,474,0x00000000,21940
5958,0x00000131,353,440,0x00000000,23394
5959,0x0000017b,12,44,0x00000000,2787
5960,0x00000168,84,338,0x00000000,59884
5961,0x00000176,59,48,0x00000000,3439
5962,0x00000151,41,29,0x00000000,3138
5963,0x00000147,464,122,0x00000000,2392693
5964,0x0000017e,20,62,0x00000000,973
5965,0x0000017e,20,62,0x00000000,843
5966,0x0000017e,20,62,0x00000000,842
5967,0x0000017e,20,62,0x00000000,842
5968,0x0000017e,20,62,0x00000000,852
5969,0x0000017e,20,62,0x00000000,852
5970,0x0000017e,20,62,0x00000000,832
5971,0x0000017e,20,62,0x00000000,842
5972,0x0000017e,20,62,0x00000000,812
5973,0x0000017e,20,62,0x00000000,852
5974,0x0000017e,20,62,0x00000000,852
5975,0x0000017e,20,62,0x00000000,2346
5976,0x0000017e,20,62,0x00000000,1093
5977,0x0000017e,20,62,0x00000000,852
5978,0x0000017e,20,62,0x00000000,843
5979,0x0000017e,20,62,0x00000000,852
5980,0x0000017b,12,44,0x00000000,4763
5981,0x00000158,107,428,0x00000000,2364396
5982,0x00000165,14,10,0x00000000,1755
5983,0x00000165,14,10,0x00000000,2035
5984,0x00000145,12,10,0x00000000,76461031
5985,0x00000144,12,10,0x00000100,1032
5986,0x00000143,11,10,0x00000000,4111
5987,0x0000017a,22,83,0x00000000,652
5988,0x0000017a,22,27,0x00000000,672
5989,0x00000131,355,474,0x00000000,21760
5990,0x00000131,353,440,0x00000000,18892
5991,0x0000017b,12,44,0x00000000,2427
5992,0x00000168,84,338,0x00000000,59924
5993,0x00000176,59,48,0x00000000,3400
5994,0x00000151,41,29,0x00000000,3139
5995,0x00000147,464,122,0x00000000,2372769
5996,0x0000017e,20,62,0x00000000,2026
5997,0x0000017e,20,62,0x00000000,1013
5998,0x0000017e,20,62,0x00000000,852
5999,0x0000017e,20,62,0x00000000,833
6000,0x0000017e,20,62,0x00000000,832
6001,0x0000017e,20,62,0x00000000,852
6002,0x0000017e,20,62,0x00000000,903
6003,0x0000017e,20,62,0x00000000,1033
6004,0x0000017e,20,62,0x00000000,1143
6005,0x0000017e,20,62,0x00000000,853
6006,0x0000017e,20,62,0x00000000,1635
6007,0x0000017e,20,62,0x00000000,982
6008,0x0000017e,20,62,0x00000000,832
6009,0x0000017e,20,62,0x00000000,863
6010,0x0000017e,20,62,0x00000000,852
6011,0x0000017e,20,62,0x00000000,842
6012,0x0000017b,12,44,0x00000000,5114
6013,0x00000158,107,428,0x00000000,2303829
6014,0x00000165,14,10,0x00000000,4272
6015,0x00000165,14,10,0x00000000,3880
6016,0x00000145,12,10,0x00000000,70567850
6017,0x00000144,12,10,0x00000100,1274
6018,0x00000143,11,10,0x00000000,5595
6019,0x0000017a,22,83,0x00000000,772
6020,0x0000017a,22,27,0x00000000,762
6021,0x00000131,355,474,0x00000000,23003
6022,0x00000131,353,440,0x00000000,18560
6023,0x0000017b,12,44,0x00000000,2447
6024,0x00000168,84,338,0x00000000,70593
6025,0x00000176,59,48,0x00000000,4171
6026,0x00000151,41,29,0x00000000,3189
6027,0x00000147,464,122,0x00000000,2340941
6028,0x0000017e,20,62,0x00000000,942
6029,0x0000017e,20,62,0x00000000,862
6030,0x0000017e,20,62,0x00000000,823
6031,0x0000017e,20,62,0x00000000,823
6032,0x0000017e,20,62,0x00000000,842
6033,0x0000017e,20,62,0x00000000,973
6034,0x0000017e,20,62,0x00000000,862
6035,0x0000017e,20,62,0x00000000,973
6036,0x0000017e,20,62,0x00000000,843
6037,0x0000017e,20,62,0x00000000,832
6038,0x0000017e,20,62,0x00000000,863
6039,0x0000017e,20,62,0x00000000,843
6040,0x0000017e,20,62,0x00000000,842
6041,0x0000017e,20,62,0x00000000,852
6042,0x0000017e,20,62,0x00000000,833
6043,0x0000017e,20,62,0x00000000,852
6044,0x0000017b,12,44,0x00000000,5204
6045,0x00000158,107,428,0x00000000,2492507
6046,0x00000165,14,10,0x00000000,1805
6047,0x00000165,14,10,0x00000000,2166
6048,0x00000145,12,10,0x00000000,77175649
6049,0x00000144,12,10,0x00000100,1524
6050,0x00000143,11,10,0x00000000,3981
6051,0x0000017a,22,83,0x00000000,1073
6052,0x0000017a,22,27,0x00000000,682
6053,0x00000131,355,474,0x00000000,26242
6054,0x00000131,353,440,0x00000000,24658
6055,0x0000017b,12,44,0x00000000,2878
6056,0x00000168,84,338,0x00000000,60646
6057,0x00000176,59,48,0x00000000,3690
6058,0x00000151,41,29,0x00000000,3630
6059,0x00000147,464,122,0x00000000,2329991
6060,0x0000017e,20,62,0x00000000,1032
6061,0x0000017e,20,62,0x00000000,913
6062,0x0000017e,20,62,0x00000000,922
6063,0x0000017e,20,62,0x00000000,842
6064,0x0000017e,20,62,0x00000000,1113
6065,0x0000017e,20,62,0x00000000,822
6066,0x0000017e,20,62,0x00000000,853
6067,0x0000017e,20,62,0x00000000,843
6068,0x0000017e,20,62,0x00000000,812
6069,0x0000017e,20,62,0x00000000,832
6070,0x0000017e,20,62,0x00000000,832
6071,0x0000017e,20,62,0x00000000,883
6072,0x0000017e,20,62,0x00000000,852
6073,0x0000017e,20,62,0x00000000,832
6074,0x0000017e,20,62,0x00000000,852
6075,0x0000017e,20,62,0x00000000,913
6076,0x0000017b,12,44,0x00000000,4864
6077,0x00000158,107,428,0x00000000,2366451
6078,0x00000165,14,10,0x00000000,1805
6079,0x00000165,14,10,0x00000000,1735
6080,0x00000145,12,10,0x00000000,71038419
6081,0x00000144,12,10,0x00000100,1113
6082,0x00000143,11,10,0x00000000,4713
6083,0x0000017a,22,83,0x00000000,1063
6084,0x0000017a,22,27,0x00000000,792
6085,0x00000131,355,474,0x00000000,23635
6086,0x00000131,353,440,0x00000000,22231
6087,0x0000017b,12,44,0x00000000,2969
6088,0x00000168,84,338,0x00000000,65469
6089,0x00000176,59,48,0x00000000,3830
6090,0x00000151,41,29,0x00000000,3440
6091,0x00000147,464,122,0x00000000,2398028
6092,0x0000017e,20,62,0x00000000,1003
6093,0x0000017e,20,62,0x00000000,873
6094,0x0000017e,20,62,0x00000000,903
6095,0x0000017e,20,62,0x00000000,852
6096,0x0000017e,20,62,0x00000000,883
6097,0x0000017e,20,62,0x00000000,843
6098,0x0000017e,20,62,0x00000000,2247
6099,0x0000017e,20,62,0x00000000,1113
6100,0x0000017e,20,62,0x00000000,832
6101,0x0000017e,20,62,0x00000000,853
6102,0x0000017e,20,62,0x00000000,1153
6103,0x0000017e,20,62,0x00000000,782
6104,0x0000017e,20,62,0x00000000,832
6105,0x0000017e,20,62,0x00000000,842
6106,0x0000017e,20,62,0x00000000,862
6107,0x0000017e,20,62,0x00000000,832
6108,0x0000017b,12,44,0x00000000,4372
6109,0x00000158,107,428,0x00000000,2265837
6110,0x00000165,14,10,0x00000000,2226
6111,0x00000165,14,10,0x00000000,1855
6112,0x00000145,12,10,0x00000000,78430326
6113,0x00000144,12,10,0x00000100,1414
6114,0x00000143,11,10,0x00000000,5906
6115,0x0000017a,22,83,0x00000000,712
6116,0x0000017a,22,27,0x00000000,1785
6117,0x00000131,355,474,0x00000000,23745
6118,0x00000131,353,440,0x00000000,18862
6119,0x0000017b,12,44,0x00000000,4593
6120,0x00000168,84,338,0x00000000,72168
6121,0x00000176,59,48,0x00000000,5766
6122,0x00000151,41,29,0x00000000,4613
6123,0x00000147,464,122,0x00000000,2389595
6124,0x0000017e,20,62,0x00000000,1153
6125,0x0000017e,20,62,0x00000000,1113
6126,0x0000017e,20,62,0x00000000,833
6127,0x0000017e,20,62,0x00000000,1755
6128,0x0000017e,20,62,0x00000000,1263
6129,0x0000017e,20,62,0x00000000,1955
6130,0x0000017e,20,62,0x00000000,1575
6131,0x0000017e,20,62,0x00000000,1113
6132,0x0000017e,20,62,0x00000000,962
6133,0x0000017e,20,62,0x00000000,1956
6134,0x0000017e,20,62,0x00000000,1204
6135,0x0000017e,20,62,0x00000000,952
6136,0x0000017e,20,62,0x00000000,1103
6137,0x0000017e,20,62,0x00000000,1755
6138,0x0000017e,20,62,0x00000000,1765
6139,0x0000017e,20,62,0x00000000,1524
6140,0x0000017b,12,44,0x00000000,5144
6141,0x00000158,107,428,0x00000000,2399533
6142,0x00000165,14,10,0x00000000,2226
6143,0x00000165,14,10,0x00000000,1795
6144,0x00000145,12,10,0x00000000,82536763
6145,0x00000144,12,10,0x00000100,1494
6146,0x00000143,11,10,0x00000000,4984
6147,0x0000017a,22,83,0x00000000,953
6148,0x0000017a,22,27,0x00000000,993
6149,0x00000131,355,474,0x00000000,26623
6150,0x00000131,353,440,0x00000000,24277
6151,0x0000017b,12,44,0x00000000,3750
6152,0x00000168,84,338,0x00000000,64477
6153,0x00000176,59,48,0x00000000,3861
6154,0x00000151,41,29,0x00000000,3109
6155,0x00000147,464,122,0x00000000,2435340
6156,0x0000017e,20,62,0x00000000,933
6157,0x0000017e,20,62,0x00000000,853
6158,0x0000017e,20,62,0x00000000,832
6159,0x0000017e,20,62,0x00000000,822
6160,0x0000017e,20,62,0x00000000,852
6161,0x0000017e,20,62,0x00000000,842
6162,0x0000017e,20,62,0x00000000,853
6163,0x0000017e,20,62,0x00000000,852
6164,0x0000017e,20,62,0x00000000,842
6165,0x0000017e,20,62,0x00000000,852
6166,0x0000017e,20,62,0x00000000,862
6167,0x0000017e,20,62,0x00000000,862
6168,0x0000017e,20,62,0x00000000,843
6169,0x0000017e,20,62,0x00000000,1153
6170,0x0000017e,20,62,0x00000000,933
6171,0x0000017e,20,62,0x00000000,2206
6172,0x0000017b,12,44,0x00000000,4994
6173,0x00000158,107,428,0x00000000,2399618
6174,0x00000165,14,10,0x00000000,2955
6175,0x00000165,14,10,0x00000000,1823
6176,0x00000145,12,10,0x00000000,75703901
6177,0x00000144,12,10,0x00000100,1011
6178,0x00000143,11,10,0x00000000,5738
6179,0x0000017a,22,83,0x00000000,1081
6180,0x0000017a,22,27,0x00000000,651
6181,0x00000131,355,474,0x00000000,22995
6182,0x00000131,353,440,0x00000000,18478
6183,0x0000017b,12,44,0x00000000,2343
6184,0x00000168,84,338,0x00000000,66981
6185,0x00000176,59,48,0x00000000,4116
6186,0x00000151,41,29,0x00000000,3365
6187,0x00000147,464,122,0x00000000,2337569
6188,0x0000017e,20,62,0x00000000,961
6189,0x0000017e,20,62,0x00000000,841
6190,0x0000017e,20,62,0x00000000,831
6191,0x0000017e,20,62,0x00000000,841
6192,0x0000017e,20,62,0x00000000,832
6193,0x0000017e,20,62,0x00000000,831
6194,0x0000017e,20,62,0x00000000,841
6195,0x0000017e,20,62,0x00000000,861
6196,0x0000017e,20,62,0x00000000,851
6197,0x0000017e,20,62,0x00000000,851
6198,0x0000017e,20,62,0x00000000,841
6199,0x0000017e,20,62,0x00000000,861
6200,0x0000017e,20,62,0x00000000,851
6201,0x0000017e,20,62,0x00000000,841
6202,0x0000017e,20,62,0x00000000,932
6203,0x0000017e,20,62,0x00000000,1012
6204,0x0000017b,12,44,0x00000000,4287
6205,0x00000158,107,428,0x00000000,2329358
6206,0x00000165,14,10,0x00000000,1743
6207,0x00000165,14,10,0x00000000,1632
6208,0x00000145,12,10,0x00000000,73562788
6209,0x00000144,12,10,0x00000100,1753
6210,0x00000143,11,10,0x00000000,7542
6211,0x0000017a,22,83,0x00000000,1272
6212,0x0000017a,22,27,0x00000000,1783
6213,0x00000131,355,474,0x00000000,29825
6214,0x00000131,353,440,0x00000000,29365
6215,0x0000017b,12,44,0x00000000,4778
6216,0x00000168,84,338,0x00000000,67141
6217,0x00000176,59,48,0x00000000,7041
6218,0x00000151,41,29,0x00000000,6139
6219,0x00000147,464,122,0x00000000,2569989
6220,0x0000017e,20,62,0x00000000,1462
6221,0x0000017e,20,62,0x00000000,1022
6222,0x0000017e,20,62,0x00000000,821
6223,0x0000017e,20,62,0x00000000,941
6224,0x0000017e,20,62,0x00000000,1171
6225,0x0000017e,20,62,0x00000000,1362
6226,0x0000017e,20,62,0x00000000,1312
6227,0x0000017e,20,62,0x00000000,862
6228,0x0000017e,20,62,0x00000000,1121
6229,0x0000017e,20,62,0x00000000,1272
6230,0x0000017e,20,62,0x00000000,1252
6231,0x0000017e,20,62,0x00000000,1002
6232,0x0000017e,20,62,0x00000000,1112
6233,0x0000017e,20,62,0x00000000,1082
6234,0x0000017e,20,62,0x00000000,1372
6235,0x0000017e,20,62,0x00000000,2324
6236,0x0000017b,12,44,0x00000000,4817
6237,0x00000158,107,428,0x00000000,2413084
6238,0x00000165,14,10,0x00000000,1782
6239,0x00000165,14,10,0x00000000,1693
6240,0x00000145,12,10,0x00000000,85209898
6241,0x00000144,12,10,0x00000100,1352
6242,0x00000143,11,10,0x00000000,5749
6243,0x0000017a,22,83,0x00000000,1882
6244,0x0000017a,22,27,0x00000000,1753
6245,0x00000131,355,474,0x00000000,26240
6246,0x00000131,353,440,0x00000000,21913
6247,0x0000017b,12,44,0x00000000,3696
6248,0x00000168,84,338,0x00000000,63495
6249,0x00000176,59,48,0x00000000,4046
6250,0x00000151,41,29,0x00000000,3585
6251,0x00000147,464,122,0x00000000,2384501
6252,0x0000017e,20,62,0x00000000,1292
6253,0x0000017e,20,62,0x00000000,911
6254,0x0000017e,20,62,0x00000000,2113
6255,0x0000017e,20,62,0x00000000,1032
6256,0x0000017e,20,62,0x00000000,1402
6257,0x0000017e,20,62,0x00000000,1382
6258,0x0000017e,20,62,0x00000000,982
6259,0x0000017e,20,62,0x00000000,851
6260,0x0000017e,20,62,0x00000000,851
6261,0x0000017e,20,62,0x00000000,972
6262,0x0000017e,20,62,0x00000000,911
6263,0x0000017e,20,62,0x00000000,862
6264,0x0000017e,20,62,0x00000000,1082
6265,0x0000017e,20,62,0x00000000,1081
6266,0x0000017e,20,62,0x00000000,1723
6267,0x0000017e,20,62,0x00000000,821
6268,0x0000017b,12,44,0x00000000,5398
6269,0x00000158,107,428,0x00000000,2314445
6270,0x00000165,14,10,0x00000000,3475
6271,0x00000165,14,10,0x00000000,2214
6272,0x00000145,12,10,0x00000000,81213072
6273,0x00000144,12,10,0x00000100,1953
6274,0x00000143,11,10,0x00000000,6570
6275,0x0000017a,22,83,0x00000000,811
6276,0x0000017a,22,27,0x00000000,1983
6277,0x00000131,355,474,0x00000000,25208
6278,0x00000131,353,440,0x00000000,20441
6279,0x0000017b,12,44,0x00000000,4738
6280,0x00000168,84,338,0x00000000,68182
6281,0x00000176,59,48,0x00000000,6499
6282,0x00000151,41,29,0x00000000,4056
6283,0x00000147,464,122,0x00000000,2404460
6284,0x0000017e,20,62,0x00000000,1162
6285,0x0000017e,20,62,0x00000000,841
6286,0x0000017e,20,62,0x00000000,831
6287,0x0000017e,20,62,0x00000000,832
6288,0x0000017e,20,62,0x00000000,851
6289,0x0000017e,20,62,0x00000000,1132
6290,0x0000017e,20,62,0x00000000,911
6291,0x0000017e,20,62,0x00000000,1011
6292,0x0000017e,20,62,0x00000000,2544
6293,0x0000017e,20,62,0x00000000,1452
6294,0x0000017e,20,62,0x00000000,901
6295,0x0000017e,20,62,0x00000000,852
6296,0x0000017e,20,62,0x00000000,852
6297,0x0000017e,20,62,0x00000000,851
6298,0x0000017e,20,62,0x00000000,851
6299,0x0000017e,20,62,0x00000000,1482
6300,0x0000017b,12,44,0x00000000,5879
6301,0x00000158,107,428,0x00000000,2316229
6302,0x00000165,14,10,0x00000000,4306
6303,0x00000165,14,10,0x00000000,2173
6304,0x00000145,12,10,0x00000000,84789113
6305,0x00000144,12,10,0x00000100,1673
6306,0x00000143,11,10,0x00000000,5858
6307,0x0000017a,22,83,0x00000000,851
6308,0x0000017a,22,27,0x00000000,1132
6309,0x00000131,355,474,0x00000000,31217
6310,0x00000131,353,440,0x00000000,19850
6311,0x0000017b,12,44,0x00000000,3705
6312,0x00000168,84,338,0x00000000,74973
6313,0x00000176,59,48,0x00000000,7441
6314,0x00000151,41,29,0x00000000,6250
6315,0x00000147,464,122,0x00000000,2496310
6316,0x0000017e,20,62,0x00000000,1472
6317,0x0000017e,20,62,0x00000000,1182
6318,0x0000017e,20,62,0x00000000,1052
6319,0x0000017e,20,62,0x00000000,821
6320,0x0000017e,20,62,0x00000000,831
6321,0x0000017e,20,62,0x00000000,802
6322,0x0000017e,20,62,0x00000000,821
6323,0x0000017e,20,62,0x00000000,841
6324,0x0000017e,20,62,0x00000000,891
6325,0x0000017e,20,62,0x00000000,852
6326,0x0000017e,20,62,0x00000000,842
6327,0x0000017e,20,62,0x00000000,1242
6328,0x0000017e,20,62,0x00000000,942
6329,0x0000017e,20,62,0x00000000,861
6330,0x0000017e,20,62,0x00000000,852
6331,0x0000017e,20,62,0x00000000,841
6332,0x0000017b,12,44,0x00000000,4247
6333,0x00000158,107,428,0x00000000,2375296
6334,0x00000165,14,10,0x00000000,3275
6335,0x00000165,14,10,0x00000000,3115
6336,0x00000145,12,10,0x00000000,72030912
6337,0x00000144,12,10,0x00000100,991
6338,0x00000143,11,10,0x00000000,4137
6339,0x0000017a,22,83,0x00000000,791
6340,0x0000017a,22,27,0x00000000,651
6341,0x00000131,355,474,0x00000000,21843
6342,0x00000131,353,440,0x00000000,18488
6343,0x0000017b,12,44,0x00000000,2584
6344,0x00000168,84,338,0x00000000,59059
6345,0x00000176,59,48,0x00000000,3395
6346,0x00000151,41,29,0x00000000,3135
6347,0x00000147,464,122,0x00000000,2349158
6348,0x0000017e,20,62,0x00000000,981
6349,0x0000017e,20,62,0x00000000,831
6350,0x0000017e,20,62,0x00000000,831
6351,0x0000017e,20,62,0x00000000,2194
6352,0x0000017e,20,62,0x00000000,1352
6353,0x0000017e,20,62,0x00000000,941
6354,0x0000017e,20,62,0x00000000,852
6355,0x0000017e,20,62,0x00000000,801
6356,0x0000017e,20,62,0x00000000,801
6357,0x0000017e,20,62,0x00000000,851
6358,0x0000017e,20,62,0x00000000,812
6359,0x0000017e,20,62,0x00000000,831
6360,0x0000017e,20,62,0x00000000,811
6361,0x0000017e,20,62,0x00000000,851
6362,0x0000017e,20,62,0x00000000,851
6363,0x0000017e,20,62,0x00000000,842
6364,0x0000017b,12,44,0x00000000,4276
6365,0x00000158,107,428,0x00000000,2308646
6366,0x00000165,14,10,0x00000000,2224
6367,0x00000165,14,10,0x00000000,1652
6368,0x00000145,12,10,0x00000000,87172544
6369,0x00000144,12,10,0x00000100,1352
6370,0x00000143,11,10,0x00000000,7722
6371,0x0000017a,22,83,0x00000000,2203
6372,0x0000017a,22,27,0x00000000,2553
6373,0x00000131,355,474,0x00000000,25939
6374,0x00000131,353,440,0x00000000,18768
6375,0x0000017b,12,44,0x00000000,3144
6376,0x00000168,84,338,0x00000000,70176
6377,0x00000176,59,48,0x00000000,3706
6378,0x00000151,41,29,0x00000000,4246
6379,0x00000147,464,122,0x00000000,2591673
6380,0x0000017e,20,62,0x00000000,1683
6381,0x0000017e,20,62,0x00000000,1682
6382,0x0000017e,20,62,0x00000000,1342
6383,0x0000017e,20,62,0x00000000,2243
6384,0x0000017e,20,62,0x00000000,1853
6385,0x0000017e,20,62,0x00000000,841
6386,0x0000017e,20,62,0x00000000,1042
6387,0x0000017e,20,62,0x00000000,1022
6388,0x0000017e,20,62,0x00000000,1112
6389,0x0000017e,20,62,0x00000000,982
6390,0x0000017e,20,62,0x00000000,881
6391,0x0000017e,20,62,0x00000000,851
6392,0x0000017e,20,62,0x00000000,2204
6393,0x0000017e,20,62,0x00000000,2194
6394,0x0000017e,20,62,0x00000000,1071
6395,0x0000017e,20,62,0x00000000,1382
6396,0x0000017b,12,44,0x00000000,5529
6397,0x00000158,107,428,0x00000000,2321496
6398,0x00000165,14,10,0x00000000,2043
6399,0x00000165,14,10,0x00000000,1663
6400,0x00000145,12,10,0x00000000,80030889
6401,0x00000144,12,10,0x00000100,1132
6402,0x00000143,11,10,0x00000000,5819
6403,0x0000017a,22,83,0x00000000,691
6404,0x0000017a,22,27,0x00000000,651
6405,0x00000131,355,474,0x00000000,23555
6406,0x00000131,353,440,0x00000000,20621
6407,0x0000017b,12,44,0x00000000,4327
6408,0x00000168,84,338,0x00000000,62544
6409,0x00000176,59,48,0x00000000,3646
6410,0x00000151,41,29,0x00000000,3285
6411,0x00000147,464,122,0x00000000,2395306
6412,0x0000017e,20,62,0x00000000,1332
6413,0x0000017e,20,62,0x00000000,1052
6414,0x0000017e,20,62,0x00000000,831
6415,0x0000017e,20,62,0x00000000,2283
6416,0x0000017e,20,62,0x00000000,1352
6417,0x0000017e,20,62,0x00000000,2223
6418,0x0000017e,20,62,0x00000000,831
6419,0x0000017e,20,62,0x00000000,1191
6420,0x0000017e,20,62,0x00000000,2564
6421,0x0000017e,20,62,0x00000000,1061
6422,0x0000017e,20,62,0x00000000,991
6423,0x0000017e,20,62,0x00000000,812
6424,0x0000017e,20,62,0x00000000,952
6425,0x0000017e,20,62,0x00000000,1452
6426,0x0000017e,20,62,0x00000000,961
6427,0x0000017e,20,62,0x00000000,1232
6428,0x0000017b,12,44,0x00000000,5639
6429,0x00000158,107,428,0x00000000,2333572
6430,0x00000165,14,10,0x00000000,4748
6431,0x00000165,14,10,0x00000000,2544
6432,0x00000145,12,10,0x00000000,90482870
6433,0x00000144,12,10,0x00000100,1160
6434,0x00000143,11,10,0x00000000,7763
6435,0x0000017a,22,83,0x00000000,1500
6436,0x0000017a,22,27,0x00000000,660
6437,0x00000131,355,474,0x00000000,25551
6438,0x00000131,353,440,0x00000000,18508
6439,0x0000017b,12,44,0x00000000,2992
6440,0x00000168,84,338,0x00000000,65428
6441,0x00000176,59,48,0x00000000,3822
6442,0x00000151,41,29,0x00000000,3732
6443,0x00000147,464,122,0x00000000,2428511
6444,0x0000017e,20,62,0x00000000,2321
6445,0x0000017e,20,62,0x00000000,1561
6446,0x0000017e,20,62,0x00000000,850
6447,0x0000017e,20,62,0x00000000,840
6448,0x0000017e,20,62,0x00000000,1640
6449,0x0000017e,20,62,0x00000000,980
6450,0x0000017e,20,62,0x00000000,840
6451,0x0000017e,20,62,0x00000000,840
6452,0x0000017e,20,62,0x00000000,840
6453,0x0000017e,20,62,0x00000000,1781
6454,0x0000017e,20,62,0x00000000,1231
6455,0x0000017e,20,62,0x00000000,1031
6456,0x0000017e,20,62,0x00000000,861
6457,0x0000017e,20,62,0x00000000,811
6458,0x0000017e,20,62,0x00000000,2101
6459,0x0000017e,20,62,0x00000000,1390
6460,0x0000017b,12,44,0x00000000,5372
6461,0x00000158,107,428,0x00000000,2296724
6462,0x00000165,14,10,0x00000000,2301
6463,0x00000165,14,10,0x00000000,1721
6464,0x00000145,12,10,0x00000000,79196970
6465,0x00000144,12,10,0x00000100,1430
6466,0x00000143,11,10,0x00000000,5102
6467,0x0000017a,22,83,0x00000000,940
6468,0x0000017a,22,27,0x00000000,660
6469,0x00000131,355,474,0x00000000,26131
6470,0x00000131,353,440,0x00000000,20249
6471,0x0000017b,12,44,0x00000000,2911
6472,0x00000168,84,338,0x00000000,63377
6473,0x00000176,59,48,0x00000000,3562
6474,0x00000151,41,29,0x00000000,3871
6475,0x00000147,464,122,0x00000000,2388403
6476,0x0000017e,20,62,0x00000000,1130
6477,0x0000017e,20,62,0x00000000,841
6478,0x0000017e,20,62,0x00000000,1160
6479,0x0000017e,20,62,0x00000000,840
6480,0x0000017e,20,62,0x00000000,870
6481,0x0000017e,20,62,0x00000000,841
6482,0x0000017e,20,62,0x00000000,840
6483,0x0000017e,20,62,0x00000000,2331
6484,0x0000017e,20,62,0x00000000,1651
6485,0x0000017e,20,62,0x00000000,870
6486,0x0000017e,20,62,0x00000000,1050
6487,0x0000017e,20,62,0x00000000,851
6488,0x0000017e,20,62,0x00000000,1501
6489,0x0000017e,20,62,0x00000000,1020
6490,0x0000017e,20,62,0x00000000,850
6491,0x0000017e,20,62,0x00000000,851
6492,0x0000017b,12,44,0x00000000,4381
6493,0x00000158,107,428,0x00000000,2320165
6494,0x00000165,14,10,0x00000000,3921
6495,0x00000165,14,10,0x00000000,2281
6496,0x00000145,12,10,0x00000000,84900100
6497,0x00000144,12,10,0x00000100,1410
6498,0x00000143,11,10,0x00000000,5312
6499,0x0000017a,22,83,0x00000000,1971
6500,0x0000017a,22,27,0x00000000,1650
6501,0x00000131,355,474,0x00000000,24850
6502,0x00000131,353,440,0x00000000,18518
6503,0x0000017b,12,44,0x00000000,2881
6504,0x00000168,84,338,0x00000000,71860
6505,0x00000176,59,48,0x00000000,4391
6506,0x00000151,41,29,0x00000000,4332
6507,0x00000147,464,122,0x00000000,2384893
6508,0x0000017e,20,62,0x00000000,1190
6509,0x0000017e,20,62,0x00000000,841
6510,0x0000017e,20,62,0x00000000,840
6511,0x0000017e,20,62,0x00000000,840
6512,0x0000017e,20,62,0x00000000,870
6513,0x0000017e,20,62,0x00000000,841
6514,0x0000017e,20,62,0x00000000,840
6515,0x0000017e,20,62,0x00000000,850
6516,0x0000017e,20,62,0x00000000,800
6517,0x0000017e,20,62,0x00000000,820
6518,0x0000017e,20,62,0x00000000,920
6519,0x0000017e,20,62,0x00000000,841
6520,0x0000017e,20,62,0x00000000,861
6521,0x0000017e,20,62,0x00000000,851
6522,0x0000017e,20,62,0x00000000,861
6523,0x0000017e,20,62,0x00000000,1251
6524,0x0000017b,12,44,0x00000000,5252
6525,0x00000158,107,428,0x00000000,2373558
6526,0x00000165,14,10,0x00000000,2121
6527,0x00000165,14,10,0x00000000,1631
6528,0x00000145,12,10,0x00000000,79803528
6529,0x00000144,12,10,0x00000100,1131
6530,0x00000143,11,10,0x00000000,5312
6531,0x0000017a,22,83,0x00000000,770
6532,0x0000017a,22,27,0x00000000,661
6533,0x00000131,355,474,0x00000000,28392
6534,0x00000131,353,440,0x00000000,18718
6535,0x0000017b,12,44,0x00000000,2621
6536,0x00000168,84,338,0x00000000,59805
6537,0x00000176,59,48,0x00000000,3452
6538,0x00000151,41,29,0x00000000,3101
6539,0x00000147,464,122,0x00000000,2371216
6540,0x0000017e,20,62,0x00000000,1531
6541,0x0000017e,20,62,0x00000000,821
6542,0x0000017e,20,62,0x00000000,1200
6543,0x0000017e,20,62,0x00000000,860
6544,0x0000017e,20,62,0x00000000,850
6545,0x0000017e,20,62,0x00000000,810
6546,0x0000017e,20,62,0x00000000,850
6547,0x0000017e,20,62,0x00000000,2471
6548,0x0000017e,20,62,0x00000000,1170
6549,0x0000017e,20,62,0x00000000,820
6550,0x0000017e,20,62,0x00000000,830
6551,0x0000017e,20,62,0x00000000,841
6552,0x0000017e,20,62,0x00000000,820
6553,0x0000017e,20,62,0x00000000,3072
6554,0x0000017e,20,62,0x00000000,1730
6555,0x0000017e,20,62,0x00000000,1021
6556,0x0000017b,12,44,0x00000000,4611
6557,0x00000158,107,428,0x00000000,2386873
6558,0x00000165,14,10,0x00000000,1761
6559,0x00000165,14,10,0x00000000,1631
6560,0x00000145,12,10,0x00000000,85617325
6561,0x00000144,12,10,0x00000100,1171
6562,0x00000143,11,10,0x00000000,5282
6563,0x0000017a,22,83,0x00000000,690
6564,0x0000017a,22,27,0x00000000,2011
6565,0x00000131,355,474,0x00000000,25641
6566,0x00000131,353,440,0x00000000,19368
6567,0x0000017b,12,44,0x00000000,3352
6568,0x00000168,84,338,0x00000000,63897
6569,0x00000176,59,48,0x00000000,7903
6570,0x00000151,41,29,0x00000000,6123
6571,0x00000147,464,122,0x00000000,2556435
6572,0x0000017e,20,62,0x00000000,1711
6573,0x0000017e,20,62,0x00000000,2011
6574,0x0000017e,20,62,0x00000000,1581
6575,0x0000017e,20,62,0x00000000,870
6576,0x0000017e,20,62,0x00000000,901
6577,0x0000017e,20,62,0x00000000,920
6578,0x0000017e,20,62,0x00000000,851
6579,0x0000017e,20,62,0x00000000,860
6580,0x0000017e,20,62,0x00000000,840
6581,0x0000017e,20,62,0x00000000,850
6582,0x0000017e,20,62,0x00000000,2101
6583,0x0000017e,20,62,0x00000000,2061
6584,0x0000017e,20,62,0x00000000,1110
6585,0x0000017e,20,62,0x00000000,2121
6586,0x0000017e,20,62,0x00000000,980
6587,0x0000017e,20,62,0x00000000,1070
6588,0x0000017b,12,44,0x00000000,5782
6589,0x00000158,107,428,0x00000000,2353848
6590,0x00000165,14,10,0x00000000,1800
6591,0x00000165,14,10,0x00000000,1791
6592,0x00000145,12,10,0x00000000,74699641
6593,0x00000144,12,10,0x00000100,971
6594,0x00000143,11,10,0x00000000,5203
6595,0x0000017a,22,83,0x00000000,901
6596,0x0000017a,22,27,0x00000000,640
6597,0x00000131,355,474,0x00000000,23820
6598,0x00000131,353,440,0x00000000,18578
6599,0x0000017b,12,44,0x00000000,2391
6600,0x00000168,84,338,0x00000000,61736
6601,0x00000176,59,48,0x00000000,3561
6602,0x00000151,41,29,0x00000000,3231
6603,0x00000147,464,122,0x00000000,2358232
6604,0x0000017e,20,62,0x00000000,920
6605,0x0000017e,20,62,0x00000000,801
6606,0x0000017e,20,62,0x00000000,800
6607,0x0000017e,20,62,0x00000000,800
6608,0x0000017e,20,62,0x00000000,840
6609,0x0000017e,20,62,0x00000000,890
6610,0x0000017e,20,62,0x00000000,840
6611,0x0000017e,20,62,0x00000000,850
6612,0x0000017e,20,62,0x00000000,850
6613,0x0000017e,20,62,0x00000000,2161
6614,0x0000017e,20,62,0x00000000,1300
6615,0x0000017e,20,62,0x00000000,861
6616,0x0000017e,20,62,0x00000000,861
6617,0x0000017e,20,62,0x00000000,1580
6618,0x0000017e,20,62,0x00000000,840
6619,0x0000017e,20,62,0x00000000,1161
6620,0x0000017b,12,44,0x00000000,4662
6621,0x00000158,107,428,0x00000000,2407312
6622,0x00000165,14,10,0x00000000,1721
6623,0x00000165,14,10,0x00000000,1640
6624,0x00000145,12,10,0x00000000,75181425
6625,0x00000144,12,10,0x00000100,1121
6626,0x00000143,11,10,0x00000000,3942
6627,0x0000017a,22,83,0x00000000,1030
6628,0x0000017a,22,27,0x00000000,760
6629,0x00000131,355,474,0x00000000,22120
6630,0x00000131,353,440,0x00000000,19028
6631,0x0000017b,12,44,0x00000000,5832
6632,0x00000168,84,338,0x00000000,61506
6633,0x00000176,59,48,0x00000000,3942
6634,0x00000151,41,29,0x00000000,3052
6635,0x00000147,464,122,0x00000000,2321355
6636,0x0000017e,20,62,0x00000000,981
6637,0x0000017e,20,62,0x00000000,830
6638,0x0000017e,20,62,0x00000000,840
6639,0x0000017e,20,62,0x00000000,811
6640,0x0000017e,20,62,0x00000000,841
6641,0x0000017e,20,62,0x00000000,850
6642,0x0000017e,20,62,0x00000000,810
6643,0x0000017e,20,62,0x00000000,840
6644,0x0000017e,20,62,0x00000000,840
6645,0x0000017e,20,62,0x00000000,850
6646,0x0000017e,20,62,0x00000000,851
6647,0x0000017e,20,62,0x00000000,1030
6648,0x0000017e,20,62,0x00000000,860
6649,0x0000017e,20,62,0x00000000,820
6650,0x0000017e,20,62,0x00000000,870
6651,0x0000017e,20,62,0x00000000,841
6652,0x0000017b,12,44,0x00000000,3881
6653,0x00000158,107,428,0x00000000,2758960
6654,0x00000165,14,10,0x00000000,2681
6655,0x00000165,14,10,0x00000000,1651
6656,0x00000145,12,10,0x00000000,72663424
6657,0x00000144,12,10,0x00000100,1070
6658,0x00000143,11,10,0x00000000,5183
6659,0x0000017a,22,83,0x00000000,820
6660,0x0000017a,22,27,0x00000000,881
6661,0x00000131,355,474,0x00000000,24951
6662,0x00000131,353,440,0x00000000,18688
6663,0x0000017b,12,44,0x00000000,3062
6664,0x00000168,84,338,0x00000000,61316
6665,0x00000176,59,48,0x00000000,3732
6666,0x00000151,41,29,0x00000000,3792
6667,0x00000147,464,122,0x00000000,2374317
6668,0x0000017e,20,62,0x00000000,1041
6669,0x0000017e,20,62,0x00000000,800
6670,0x0000017e,20,62,0x00000000,830
6671,0x0000017e,20,62,0x00000000,801
6672,0x0000017e,20,62,0x00000000,850
6673,0x0000017e,20,62,0x00000000,810
6674,0x0000017e,20,62,0x00000000,821
6675,0x0000017e,20,62,0x00000000,840
6676,0x0000017e,20,62,0x00000000,2502
6677,0x0000017e,20,62,0x00000000,1440
6678,0x0000017e,20,62,0x00000000,840
6679,0x0000017e,20,62,0x00000000,1551
6680,0x0000017e,20,62,0x00000000,770
6681,0x0000017e,20,62,0x00000000,850
6682,0x0000017e,20,62,0x00000000,850
6683,0x0000017e,20,62,0x00000000,991
6684,0x0000017b,12,44,0x00000000,5062
6685,0x00000158,107,428,0x00000000,2330019
6686,0x00000165,14,10,0x00000000,2411
6687,0x00000165,14,10,0x00000000,2702
6688,0x00000145,12,10,0x00000000,75485811
6689,0x00000144,12,10,0x00000100,1549
6690,0x00000143,11,10,0x00000000,7875
6691,0x0000017a,22,83,0x00000000,819
6692,0x0000017a,22,27,0x00000000,1669
6693,0x00000131,355,474,0x00000000,26816
6694,0x00000131,353,440,0x00000000,26046
6695,0x0000017b,12,44,0x00000000,5667
6696,0x00000168,84,338,0x00000000,65365
6697,0x00000176,59,48,0x00000000,4748
6698,0x00000151,41,29,0x00000000,5108
6699,0x00000147,464,122,0x00000000,2429762
6700,0x0000017e,20,62,0x00000000,1659
6701,0x0000017e,20,62,0x00000000,840
6702,0x0000017e,20,62,0x00000000,860
6703,0x0000017e,20,62,0x00000000,869
6704,0x0000017e,20,62,0x00000000,1520
6705,0x0000017e,20,62,0x00000000,930
6706,0x0000017e,20,62,0x00000000,820
6707,0x0000017e,20,62,0x00000000,869
6708,0x0000017e,20,62,0x00000000,869
6709,0x0000017e,20,62,0x00000000,839
6710,0x0000017e,20,62,0x00000000,870
6711,0x0000017e,20,62,0x00000000,880
6712,0x0000017e,20,62,0x00000000,870
6713,0x0000017e,20,62,0x00000000,1309
6714,0x0000017e,20,62,0x00000000,1020
6715,0x0000017e,20,62,0x00000000,869
6716,0x0000017b,12,44,0x00000000,4617
6717,0x00000158,107,428,0x00000000,2384431
6718,0x00000165,14,10,0x00000000,1969
6719,0x00000165,14,10,0x00000000,1679
6720,0x00000145,12,10,0x00000000,78446504
