run,profile,phase,sequence,command_code,response_code,request_bytes,response_bytes,rtt_ns
1,Full PQ (ML-KEM-768 / ML-DSA-65),EK_CREATE,5,0x00000131,0x00000000,89,1392,1135244
1,Full PQ (ML-KEM-768 / ML-DSA-65),AK_CREATE,6,0x00000131,0x00000000,88,2127,1079180
1,Full PQ (ML-KEM-768 / ML-DSA-65),CREDENTIAL_RANDOM,7,0x0000017b,0x00000000,12,44,1030980
1,Full PQ (ML-KEM-768 / ML-DSA-65),MAKE_CREDENTIAL,8,0x00000168,0x00000000,84,1170,1108675
1,Full PQ (ML-KEM-768 / ML-DSA-65),ACTIVATE_AUTH,9,0x00000176,0x00000000,59,48,1275386
1,Full PQ (ML-KEM-768 / ML-DSA-65),ACTIVATE_AUTH,10,0x00000151,0x00000000,41,29,1207352
1,Full PQ (ML-KEM-768 / ML-DSA-65),ACTIVATE_CREDENTIAL,11,0x00000147,0x00000000,1296,122,1234085
1,Full PQ (ML-KEM-768 / ML-DSA-65),PCR_READ,12,0x0000017e,0x00000000,20,62,1085412
1,Full PQ (ML-KEM-768 / ML-DSA-65),PCR_READ,13,0x0000017e,0x00000000,20,62,1007887
1,Full PQ (ML-KEM-768 / ML-DSA-65),PCR_READ,14,0x0000017e,0x00000000,20,62,1010923
1,Full PQ (ML-KEM-768 / ML-DSA-65),PCR_READ,15,0x0000017e,0x00000000,20,62,1214993
1,Full PQ (ML-KEM-768 / ML-DSA-65),PCR_READ,16,0x0000017e,0x00000000,20,62,1166102
1,Full PQ (ML-KEM-768 / ML-DSA-65),PCR_READ,17,0x0000017e,0x00000000,20,62,1158017
1,Full PQ (ML-KEM-768 / ML-DSA-65),PCR_READ,18,0x0000017e,0x00000000,20,62,1065835
1,Full PQ (ML-KEM-768 / ML-DSA-65),PCR_READ,19,0x0000017e,0x00000000,20,62,976990
1,Full PQ (ML-KEM-768 / ML-DSA-65),PCR_READ,20,0x0000017e,0x00000000,20,62,1069111
1,Full PQ (ML-KEM-768 / ML-DSA-65),PCR_READ,21,0x0000017e,0x00000000,20,62,1064041
1,Full PQ (ML-KEM-768 / ML-DSA-65),PCR_READ,22,0x0000017e,0x00000000,20,62,1057019
1,Full PQ (ML-KEM-768 / ML-DSA-65),PCR_READ,23,0x0000017e,0x00000000,20,62,1010862
1,Full PQ (ML-KEM-768 / ML-DSA-65),PCR_READ,24,0x0000017e,0x00000000,20,62,1080964
1,Full PQ (ML-KEM-768 / ML-DSA-65),PCR_READ,25,0x0000017e,0x00000000,20,62,980696
1,Full PQ (ML-KEM-768 / ML-DSA-65),PCR_READ,26,0x0000017e,0x00000000,20,62,1127410
1,Full PQ (ML-KEM-768 / ML-DSA-65),PCR_READ,27,0x0000017e,0x00000000,20,62,1146885
1,Full PQ (ML-KEM-768 / ML-DSA-65),NONCE_RANDOM,28,0x0000017b,0x00000000,12,44,990065
1,Full PQ (ML-KEM-768 / ML-DSA-65),QUOTE,29,0x00000158,0x00000000,105,3479,1414064
2,Full PQ (ML-KEM-768 / ML-DSA-65),EK_CREATE,37,0x00000131,0x00000000,89,1392,1024949
2,Full PQ (ML-KEM-768 / ML-DSA-65),AK_CREATE,38,0x00000131,0x00000000,88,2127,1054715
2,Full PQ (ML-KEM-768 / ML-DSA-65),CREDENTIAL_RANDOM,39,0x0000017b,0x00000000,12,44,1145454
2,Full PQ (ML-KEM-768 / ML-DSA-65),MAKE_CREDENTIAL,40,0x00000168,0x00000000,84,1170,1053773
2,Full PQ (ML-KEM-768 / ML-DSA-65),ACTIVATE_AUTH,41,0x00000176,0x00000000,59,48,1016724
2,Full PQ (ML-KEM-768 / ML-DSA-65),ACTIVATE_AUTH,42,0x00000151,0x00000000,41,29,972371
2,Full PQ (ML-KEM-768 / ML-DSA-65),ACTIVATE_CREDENTIAL,43,0x00000147,0x00000000,1296,122,1117341
2,Full PQ (ML-KEM-768 / ML-DSA-65),PCR_READ,44,0x0000017e,0x00000000,20,62,1011284
2,Full PQ (ML-KEM-768 / ML-DSA-65),PCR_READ,45,0x0000017e,0x00000000,20,62,975316
2,Full PQ (ML-KEM-768 / ML-DSA-65),PCR_READ,46,0x0000017e,0x00000000,20,62,939811
2,Full PQ (ML-KEM-768 / ML-DSA-65),PCR_READ,47,0x0000017e,0x00000000,20,62,1027694
2,Full PQ (ML-KEM-768 / ML-DSA-65),PCR_READ,48,0x0000017e,0x00000000,20,62,1005633
2,Full PQ (ML-KEM-768 / ML-DSA-65),PCR_READ,49,0x0000017e,0x00000000,20,62,958946
2,Full PQ (ML-KEM-768 / ML-DSA-65),PCR_READ,50,0x0000017e,0x00000000,20,62,960830
2,Full PQ (ML-KEM-768 / ML-DSA-65),PCR_READ,51,0x0000017e,0x00000000,20,62,1002588
2,Full PQ (ML-KEM-768 / ML-DSA-65),PCR_READ,52,0x0000017e,0x00000000,20,62,986868
2,Full PQ (ML-KEM-768 / ML-DSA-65),PCR_READ,53,0x0000017e,0x00000000,20,62,971289
2,Full PQ (ML-KEM-768 / ML-DSA-65),PCR_READ,54,0x0000017e,0x00000000,20,62,948447
2,Full PQ (ML-KEM-768 / ML-DSA-65),PCR_READ,55,0x0000017e,0x00000000,20,62,1078549
2,Full PQ (ML-KEM-768 / ML-DSA-65),PCR_READ,56,0x0000017e,0x00000000,20,62,1170941
2,Full PQ (ML-KEM-768 / ML-DSA-65),PCR_READ,57,0x0000017e,0x00000000,20,62,1144992
2,Full PQ (ML-KEM-768 / ML-DSA-65),PCR_READ,58,0x0000017e,0x00000000,20,62,1022665
2,Full PQ (ML-KEM-768 / ML-DSA-65),PCR_READ,59,0x0000017e,0x00000000,20,62,1114195
2,Full PQ (ML-KEM-768 / ML-DSA-65),NONCE_RANDOM,60,0x0000017b,0x00000000,12,44,1007977
2,Full PQ (ML-KEM-768 / ML-DSA-65),QUOTE,61,0x00000158,0x00000000,105,3479,1418442
3,Full PQ (ML-KEM-768 / ML-DSA-65),EK_CREATE,69,0x00000131,0x00000000,89,1392,1048122
3,Full PQ (ML-KEM-768 / ML-DSA-65),AK_CREATE,70,0x00000131,0x00000000,88,2127,999161
3,Full PQ (ML-KEM-768 / ML-DSA-65),CREDENTIAL_RANDOM,71,0x0000017b,0x00000000,12,44,1098156
3,Full PQ (ML-KEM-768 / ML-DSA-65),MAKE_CREDENTIAL,72,0x00000168,0x00000000,84,1170,1061958
3,Full PQ (ML-KEM-768 / ML-DSA-65),ACTIVATE_AUTH,73,0x00000176,0x00000000,59,48,939219
3,Full PQ (ML-KEM-768 / ML-DSA-65),ACTIVATE_AUTH,74,0x00000151,0x00000000,41,29,972301
3,Full PQ (ML-KEM-768 / ML-DSA-65),ACTIVATE_CREDENTIAL,75,0x00000147,0x00000000,1296,122,1168456
3,Full PQ (ML-KEM-768 / ML-DSA-65),PCR_READ,76,0x0000017e,0x00000000,20,62,928460
3,Full PQ (ML-KEM-768 / ML-DSA-65),PCR_READ,77,0x0000017e,0x00000000,20,62,1045287
3,Full PQ (ML-KEM-768 / ML-DSA-65),PCR_READ,78,0x0000017e,0x00000000,20,62,974986
3,Full PQ (ML-KEM-768 / ML-DSA-65),PCR_READ,79,0x0000017e,0x00000000,20,62,996827
3,Full PQ (ML-KEM-768 / ML-DSA-65),PCR_READ,80,0x0000017e,0x00000000,20,62,988331
3,Full PQ (ML-KEM-768 / ML-DSA-65),PCR_READ,81,0x0000017e,0x00000000,20,62,1144882
3,Full PQ (ML-KEM-768 / ML-DSA-65),PCR_READ,82,0x0000017e,0x00000000,20,62,1079871
3,Full PQ (ML-KEM-768 / ML-DSA-65),PCR_READ,83,0x0000017e,0x00000000,20,62,1008057
3,Full PQ (ML-KEM-768 / ML-DSA-65),PCR_READ,84,0x0000017e,0x00000000,20,62,945321
3,Full PQ (ML-KEM-768 / ML-DSA-65),PCR_READ,85,0x0000017e,0x00000000,20,62,1021042
3,Full PQ (ML-KEM-768 / ML-DSA-65),PCR_READ,86,0x0000017e,0x00000000,20,62,1040768
3,Full PQ (ML-KEM-768 / ML-DSA-65),PCR_READ,87,0x0000017e,0x00000000,20,62,999713
3,Full PQ (ML-KEM-768 / ML-DSA-65),PCR_READ,88,0x0000017e,0x00000000,20,62,990194
3,Full PQ (ML-KEM-768 / ML-DSA-65),PCR_READ,89,0x0000017e,0x00000000,20,62,1046880
3,Full PQ (ML-KEM-768 / ML-DSA-65),PCR_READ,90,0x0000017e,0x00000000,20,62,1024939
3,Full PQ (ML-KEM-768 / ML-DSA-65),PCR_READ,91,0x0000017e,0x00000000,20,62,1028205
3,Full PQ (ML-KEM-768 / ML-DSA-65),NONCE_RANDOM,92,0x0000017b,0x00000000,12,44,1027043
3,Full PQ (ML-KEM-768 / ML-DSA-65),QUOTE,93,0x00000158,0x00000000,105,3479,1416118
4,Full PQ (ML-KEM-768 / ML-DSA-65),EK_CREATE,101,0x00000131,0x00000000,89,1392,983793
4,Full PQ (ML-KEM-768 / ML-DSA-65),AK_CREATE,102,0x00000131,0x00000000,88,2127,1179317
4,Full PQ (ML-KEM-768 / ML-DSA-65),CREDENTIAL_RANDOM,103,0x0000017b,0x00000000,12,44,1039777
4,Full PQ (ML-KEM-768 / ML-DSA-65),MAKE_CREDENTIAL,104,0x00000168,0x00000000,84,1170,1018747
4,Full PQ (ML-KEM-768 / ML-DSA-65),ACTIVATE_AUTH,105,0x00000176,0x00000000,59,48,1031805
4,Full PQ (ML-KEM-768 / ML-DSA-65),ACTIVATE_AUTH,106,0x00000151,0x00000000,41,29,1206404
4,Full PQ (ML-KEM-768 / ML-DSA-65),ACTIVATE_CREDENTIAL,107,0x00000147,0x00000000,1296,122,1060946
4,Full PQ (ML-KEM-768 / ML-DSA-65),PCR_READ,108,0x0000017e,0x00000000,20,62,1005934
4,Full PQ (ML-KEM-768 / ML-DSA-65),PCR_READ,109,0x0000017e,0x00000000,20,62,1010362
4,Full PQ (ML-KEM-768 / ML-DSA-65),PCR_READ,110,0x0000017e,0x00000000,20,62,994302
4,Full PQ (ML-KEM-768 / ML-DSA-65),PCR_READ,111,0x0000017e,0x00000000,20,62,1047110
4,Full PQ (ML-KEM-768 / ML-DSA-65),PCR_READ,112,0x0000017e,0x00000000,20,62,978863
4,Full PQ (ML-KEM-768 / ML-DSA-65),PCR_READ,113,0x0000017e,0x00000000,20,62,1022093
4,Full PQ (ML-KEM-768 / ML-DSA-65),PCR_READ,114,0x0000017e,0x00000000,20,62,1003489
4,Full PQ (ML-KEM-768 / ML-DSA-65),PCR_READ,115,0x0000017e,0x00000000,20,62,1007477
4,Full PQ (ML-KEM-768 / ML-DSA-65),PCR_READ,116,0x0000017e,0x00000000,20,62,999462
4,Full PQ (ML-KEM-768 / ML-DSA-65),PCR_READ,117,0x0000017e,0x00000000,20,62,1042872
4,Full PQ (ML-KEM-768 / ML-DSA-65),PCR_READ,118,0x0000017e,0x00000000,20,62,995595
4,Full PQ (ML-KEM-768 / ML-DSA-65),PCR_READ,119,0x0000017e,0x00000000,20,62,972521
4,Full PQ (ML-KEM-768 / ML-DSA-65),PCR_READ,120,0x0000017e,0x00000000,20,62,1016133
4,Full PQ (ML-KEM-768 / ML-DSA-65),PCR_READ,121,0x0000017e,0x00000000,20,62,1309202
4,Full PQ (ML-KEM-768 / ML-DSA-65),PCR_READ,122,0x0000017e,0x00000000,20,62,1812953
4,Full PQ (ML-KEM-768 / ML-DSA-65),PCR_READ,123,0x0000017e,0x00000000,20,62,1444842
4,Full PQ (ML-KEM-768 / ML-DSA-65),NONCE_RANDOM,124,0x0000017b,0x00000000,12,44,1229459
4,Full PQ (ML-KEM-768 / ML-DSA-65),QUOTE,125,0x00000158,0x00000000,105,3479,1495806
5,Full PQ (ML-KEM-768 / ML-DSA-65),EK_CREATE,133,0x00000131,0x00000000,89,1392,1029788
5,Full PQ (ML-KEM-768 / ML-DSA-65),AK_CREATE,134,0x00000131,0x00000000,88,2127,1072077
5,Full PQ (ML-KEM-768 / ML-DSA-65),CREDENTIAL_RANDOM,135,0x0000017b,0x00000000,12,44,1113675
5,Full PQ (ML-KEM-768 / ML-DSA-65),MAKE_CREDENTIAL,136,0x00000168,0x00000000,84,1170,1187292
5,Full PQ (ML-KEM-768 / ML-DSA-65),ACTIVATE_AUTH,137,0x00000176,0x00000000,59,48,1014950
5,Full PQ (ML-KEM-768 / ML-DSA-65),ACTIVATE_AUTH,138,0x00000151,0x00000000,41,29,1109446
5,Full PQ (ML-KEM-768 / ML-DSA-65),ACTIVATE_CREDENTIAL,139,0x00000147,0x00000000,1296,122,1544017
5,Full PQ (ML-KEM-768 / ML-DSA-65),PCR_READ,140,0x0000017e,0x00000000,20,62,1090651
5,Full PQ (ML-KEM-768 / ML-DSA-65),PCR_READ,141,0x0000017e,0x00000000,20,62,1046169
5,Full PQ (ML-KEM-768 / ML-DSA-65),PCR_READ,142,0x0000017e,0x00000000,20,62,1063521
5,Full PQ (ML-KEM-768 / ML-DSA-65),PCR_READ,143,0x0000017e,0x00000000,20,62,1190718
5,Full PQ (ML-KEM-768 / ML-DSA-65),PCR_READ,144,0x0000017e,0x00000000,20,62,1054384
5,Full PQ (ML-KEM-768 / ML-DSA-65),PCR_READ,145,0x0000017e,0x00000000,20,62,1065635
5,Full PQ (ML-KEM-768 / ML-DSA-65),PCR_READ,146,0x0000017e,0x00000000,20,62,1065455
5,Full PQ (ML-KEM-768 / ML-DSA-65),PCR_READ,147,0x0000017e,0x00000000,20,62,1024237
5,Full PQ (ML-KEM-768 / ML-DSA-65),PCR_READ,148,0x0000017e,0x00000000,20,62,1025343
5,Full PQ (ML-KEM-768 / ML-DSA-65),PCR_READ,149,0x0000017e,0x00000000,20,62,1042669
5,Full PQ (ML-KEM-768 / ML-DSA-65),PCR_READ,150,0x0000017e,0x00000000,20,62,990345
5,Full PQ (ML-KEM-768 / ML-DSA-65),PCR_READ,151,0x0000017e,0x00000000,20,62,985075
5,Full PQ (ML-KEM-768 / ML-DSA-65),PCR_READ,152,0x0000017e,0x00000000,20,62,1013267
5,Full PQ (ML-KEM-768 / ML-DSA-65),PCR_READ,153,0x0000017e,0x00000000,20,62,1060947
5,Full PQ (ML-KEM-768 / ML-DSA-65),PCR_READ,154,0x0000017e,0x00000000,20,62,1129304
5,Full PQ (ML-KEM-768 / ML-DSA-65),PCR_READ,155,0x0000017e,0x00000000,20,62,1015932
5,Full PQ (ML-KEM-768 / ML-DSA-65),NONCE_RANDOM,156,0x0000017b,0x00000000,12,44,1093928
5,Full PQ (ML-KEM-768 / ML-DSA-65),QUOTE,157,0x00000158,0x00000000,105,3479,1381833
6,Full PQ (ML-KEM-768 / ML-DSA-65),EK_CREATE,165,0x00000131,0x00000000,89,1392,1046423
6,Full PQ (ML-KEM-768 / ML-DSA-65),AK_CREATE,166,0x00000131,0x00000000,88,2127,1043679
6,Full PQ (ML-KEM-768 / ML-DSA-65),CREDENTIAL_RANDOM,167,0x0000017b,0x00000000,12,44,1104668
6,Full PQ (ML-KEM-768 / ML-DSA-65),MAKE_CREDENTIAL,168,0x00000168,0x00000000,84,1170,1063611
6,Full PQ (ML-KEM-768 / ML-DSA-65),ACTIVATE_AUTH,169,0x00000176,0x00000000,59,48,936956
6,Full PQ (ML-KEM-768 / ML-DSA-65),ACTIVATE_AUTH,170,0x00000151,0x00000000,41,29,1025110
6,Full PQ (ML-KEM-768 / ML-DSA-65),ACTIVATE_CREDENTIAL,171,0x00000147,0x00000000,1296,122,1220444
6,Full PQ (ML-KEM-768 / ML-DSA-65),PCR_READ,172,0x0000017e,0x00000000,20,62,1157256
6,Full PQ (ML-KEM-768 / ML-DSA-65),PCR_READ,173,0x0000017e,0x00000000,20,62,1070955
6,Full PQ (ML-KEM-768 / ML-DSA-65),PCR_READ,174,0x0000017e,0x00000000,20,62,1073189
6,Full PQ (ML-KEM-768 / ML-DSA-65),PCR_READ,175,0x0000017e,0x00000000,20,62,1074461
6,Full PQ (ML-KEM-768 / ML-DSA-65),PCR_READ,176,0x0000017e,0x00000000,20,62,1088447
6,Full PQ (ML-KEM-768 / ML-DSA-65),PCR_READ,177,0x0000017e,0x00000000,20,62,1075764
6,Full PQ (ML-KEM-768 / ML-DSA-65),PCR_READ,178,0x0000017e,0x00000000,20,62,1137398
6,Full PQ (ML-KEM-768 / ML-DSA-65),PCR_READ,179,0x0000017e,0x00000000,20,62,1301274
6,Full PQ (ML-KEM-768 / ML-DSA-65),PCR_READ,180,0x0000017e,0x00000000,20,62,1127700
6,Full PQ (ML-KEM-768 / ML-DSA-65),PCR_READ,181,0x0000017e,0x00000000,20,62,1160462
6,Full PQ (ML-KEM-768 / ML-DSA-65),PCR_READ,182,0x0000017e,0x00000000,20,62,1109587
6,Full PQ (ML-KEM-768 / ML-DSA-65),PCR_READ,183,0x0000017e,0x00000000,20,62,998720
6,Full PQ (ML-KEM-768 / ML-DSA-65),PCR_READ,184,0x0000017e,0x00000000,20,62,1114546
6,Full PQ (ML-KEM-768 / ML-DSA-65),PCR_READ,185,0x0000017e,0x00000000,20,62,1094478
6,Full PQ (ML-KEM-768 / ML-DSA-65),PCR_READ,186,0x0000017e,0x00000000,20,62,1177102
6,Full PQ (ML-KEM-768 / ML-DSA-65),PCR_READ,187,0x0000017e,0x00000000,20,62,1190217
6,Full PQ (ML-KEM-768 / ML-DSA-65),NONCE_RANDOM,188,0x0000017b,0x00000000,12,44,1108926
6,Full PQ (ML-KEM-768 / ML-DSA-65),QUOTE,189,0x00000158,0x00000000,105,3479,1562290
7,Full PQ (ML-KEM-768 / ML-DSA-65),EK_CREATE,197,0x00000131,0x00000000,89,1392,1073831
7,Full PQ (ML-KEM-768 / ML-DSA-65),AK_CREATE,198,0x00000131,0x00000000,88,2127,1005423
7,Full PQ (ML-KEM-768 / ML-DSA-65),CREDENTIAL_RANDOM,199,0x0000017b,0x00000000,12,44,1048763
7,Full PQ (ML-KEM-768 / ML-DSA-65),MAKE_CREDENTIAL,200,0x00000168,0x00000000,84,1170,1069673
7,Full PQ (ML-KEM-768 / ML-DSA-65),ACTIVATE_AUTH,201,0x00000176,0x00000000,59,48,1052350
7,Full PQ (ML-KEM-768 / ML-DSA-65),ACTIVATE_AUTH,202,0x00000151,0x00000000,41,29,1157165
7,Full PQ (ML-KEM-768 / ML-DSA-65),ACTIVATE_CREDENTIAL,203,0x00000147,0x00000000,1296,122,1146335
7,Full PQ (ML-KEM-768 / ML-DSA-65),PCR_READ,204,0x0000017e,0x00000000,20,62,1031883
7,Full PQ (ML-KEM-768 / ML-DSA-65),PCR_READ,205,0x0000017e,0x00000000,20,62,945602
7,Full PQ (ML-KEM-768 / ML-DSA-65),PCR_READ,206,0x0000017e,0x00000000,20,62,1067191
7,Full PQ (ML-KEM-768 / ML-DSA-65),PCR_READ,207,0x0000017e,0x00000000,20,62,1208932
7,Full PQ (ML-KEM-768 / ML-DSA-65),PCR_READ,208,0x0000017e,0x00000000,20,62,1073367
7,Full PQ (ML-KEM-768 / ML-DSA-65),PCR_READ,209,0x0000017e,0x00000000,20,62,1039997
7,Full PQ (ML-KEM-768 / ML-DSA-65),PCR_READ,210,0x0000017e,0x00000000,20,62,994893
7,Full PQ (ML-KEM-768 / ML-DSA-65),PCR_READ,211,0x0000017e,0x00000000,20,62,1029568
7,Full PQ (ML-KEM-768 / ML-DSA-65),PCR_READ,212,0x0000017e,0x00000000,20,62,981017
7,Full PQ (ML-KEM-768 / ML-DSA-65),PCR_READ,213,0x0000017e,0x00000000,20,62,931906
7,Full PQ (ML-KEM-768 / ML-DSA-65),PCR_READ,214,0x0000017e,0x00000000,20,62,1046269
7,Full PQ (ML-KEM-768 / ML-DSA-65),PCR_READ,215,0x0000017e,0x00000000,20,62,1019098
7,Full PQ (ML-KEM-768 / ML-DSA-65),PCR_READ,216,0x0000017e,0x00000000,20,62,991287
7,Full PQ (ML-KEM-768 / ML-DSA-65),PCR_READ,217,0x0000017e,0x00000000,20,62,982149
7,Full PQ (ML-KEM-768 / ML-DSA-65),PCR_READ,218,0x0000017e,0x00000000,20,62,1148500
7,Full PQ (ML-KEM-768 / ML-DSA-65),PCR_READ,219,0x0000017e,0x00000000,20,62,1022284
7,Full PQ (ML-KEM-768 / ML-DSA-65),NONCE_RANDOM,220,0x0000017b,0x00000000,12,44,1084039
7,Full PQ (ML-KEM-768 / ML-DSA-65),QUOTE,221,0x00000158,0x00000000,105,3479,1293630
8,Full PQ (ML-KEM-768 / ML-DSA-65),EK_CREATE,229,0x00000131,0x00000000,89,1392,1031411
8,Full PQ (ML-KEM-768 / ML-DSA-65),AK_CREATE,230,0x00000131,0x00000000,88,2127,993722
8,Full PQ (ML-KEM-768 / ML-DSA-65),CREDENTIAL_RANDOM,231,0x0000017b,0x00000000,12,44,934200
8,Full PQ (ML-KEM-768 / ML-DSA-65),MAKE_CREDENTIAL,232,0x00000168,0x00000000,84,1170,1083649
8,Full PQ (ML-KEM-768 / ML-DSA-65),ACTIVATE_AUTH,233,0x00000176,0x00000000,59,48,1006885
8,Full PQ (ML-KEM-768 / ML-DSA-65),ACTIVATE_AUTH,234,0x00000151,0x00000000,41,29,909144
8,Full PQ (ML-KEM-768 / ML-DSA-65),ACTIVATE_CREDENTIAL,235,0x00000147,0x00000000,1296,122,1282769
8,Full PQ (ML-KEM-768 / ML-DSA-65),PCR_READ,236,0x0000017e,0x00000000,20,62,1034216
8,Full PQ (ML-KEM-768 / ML-DSA-65),PCR_READ,237,0x0000017e,0x00000000,20,62,1041761
8,Full PQ (ML-KEM-768 / ML-DSA-65),PCR_READ,238,0x0000017e,0x00000000,20,62,995574
8,Full PQ (ML-KEM-768 / ML-DSA-65),PCR_READ,239,0x0000017e,0x00000000,20,62,1061137
8,Full PQ (ML-KEM-768 / ML-DSA-65),PCR_READ,240,0x0000017e,0x00000000,20,62,1067118
8,Full PQ (ML-KEM-768 / ML-DSA-65),PCR_READ,241,0x0000017e,0x00000000,20,62,1194835
8,Full PQ (ML-KEM-768 / ML-DSA-65),PCR_READ,242,0x0000017e,0x00000000,20,62,1055356
8,Full PQ (ML-KEM-768 / ML-DSA-65),PCR_READ,243,0x0000017e,0x00000000,20,62,1087135
8,Full PQ (ML-KEM-768 / ML-DSA-65),PCR_READ,244,0x0000017e,0x00000000,20,62,1015011
8,Full PQ (ML-KEM-768 / ML-DSA-65),PCR_READ,245,0x0000017e,0x00000000,20,62,992599
8,Full PQ (ML-KEM-768 / ML-DSA-65),PCR_READ,246,0x0000017e,0x00000000,20,62,1038715
8,Full PQ (ML-KEM-768 / ML-DSA-65),PCR_READ,247,0x0000017e,0x00000000,20,62,1072808
8,Full PQ (ML-KEM-768 / ML-DSA-65),PCR_READ,248,0x0000017e,0x00000000,20,62,1068210
8,Full PQ (ML-KEM-768 / ML-DSA-65),PCR_READ,249,0x0000017e,0x00000000,20,62,1031761
8,Full PQ (ML-KEM-768 / ML-DSA-65),PCR_READ,250,0x0000017e,0x00000000,20,62,1013839
8,Full PQ (ML-KEM-768 / ML-DSA-65),PCR_READ,251,0x0000017e,0x00000000,20,62,1140715
8,Full PQ (ML-KEM-768 / ML-DSA-65),NONCE_RANDOM,252,0x0000017b,0x00000000,12,44,1035850
8,Full PQ (ML-KEM-768 / ML-DSA-65),QUOTE,253,0x00000158,0x00000000,105,3479,1899939
9,Full PQ (ML-KEM-768 / ML-DSA-65),EK_CREATE,261,0x00000131,0x00000000,89,1392,1070484
9,Full PQ (ML-KEM-768 / ML-DSA-65),AK_CREATE,262,0x00000131,0x00000000,88,2127,1231945
9,Full PQ (ML-KEM-768 / ML-DSA-65),CREDENTIAL_RANDOM,263,0x0000017b,0x00000000,12,44,1055056
9,Full PQ (ML-KEM-768 / ML-DSA-65),MAKE_CREDENTIAL,264,0x00000168,0x00000000,84,1170,1197801
9,Full PQ (ML-KEM-768 / ML-DSA-65),ACTIVATE_AUTH,265,0x00000176,0x00000000,59,48,1139723
9,Full PQ (ML-KEM-768 / ML-DSA-65),ACTIVATE_AUTH,266,0x00000151,0x00000000,41,29,991987
9,Full PQ (ML-KEM-768 / ML-DSA-65),ACTIVATE_CREDENTIAL,267,0x00000147,0x00000000,1296,122,1114025
9,Full PQ (ML-KEM-768 / ML-DSA-65),PCR_READ,268,0x0000017e,0x00000000,20,62,1140394
9,Full PQ (ML-KEM-768 / ML-DSA-65),PCR_READ,269,0x0000017e,0x00000000,20,62,1048762
9,Full PQ (ML-KEM-768 / ML-DSA-65),PCR_READ,270,0x0000017e,0x00000000,20,62,1069462
9,Full PQ (ML-KEM-768 / ML-DSA-65),PCR_READ,271,0x0000017e,0x00000000,20,62,1112778
9,Full PQ (ML-KEM-768 / ML-DSA-65),PCR_READ,272,0x0000017e,0x00000000,20,62,1209227
9,Full PQ (ML-KEM-768 / ML-DSA-65),PCR_READ,273,0x0000017e,0x00000000,20,62,1110358
9,Full PQ (ML-KEM-768 / ML-DSA-65),PCR_READ,274,0x0000017e,0x00000000,20,62,1092234
9,Full PQ (ML-KEM-768 / ML-DSA-65),PCR_READ,275,0x0000017e,0x00000000,20,62,1079962
9,Full PQ (ML-KEM-768 / ML-DSA-65),PCR_READ,276,0x0000017e,0x00000000,20,62,1173045
9,Full PQ (ML-KEM-768 / ML-DSA-65),PCR_READ,277,0x0000017e,0x00000000,20,62,1117862
9,Full PQ (ML-KEM-768 / ML-DSA-65),PCR_READ,278,0x0000017e,0x00000000,20,62,1045527
9,Full PQ (ML-KEM-768 / ML-DSA-65),PCR_READ,279,0x0000017e,0x00000000,20,62,1164519
9,Full PQ (ML-KEM-768 / ML-DSA-65),PCR_READ,280,0x0000017e,0x00000000,20,62,1105209
9,Full PQ (ML-KEM-768 / ML-DSA-65),PCR_READ,281,0x0000017e,0x00000000,20,62,1076365
9,Full PQ (ML-KEM-768 / ML-DSA-65),PCR_READ,282,0x0000017e,0x00000000,20,62,1119946
9,Full PQ (ML-KEM-768 / ML-DSA-65),PCR_READ,283,0x0000017e,0x00000000,20,62,1185438
9,Full PQ (ML-KEM-768 / ML-DSA-65),NONCE_RANDOM,284,0x0000017b,0x00000000,12,44,1181681
9,Full PQ (ML-KEM-768 / ML-DSA-65),QUOTE,285,0x00000158,0x00000000,105,3479,1917713
10,Full PQ (ML-KEM-768 / ML-DSA-65),EK_CREATE,293,0x00000131,0x00000000,89,1392,1077878
10,Full PQ (ML-KEM-768 / ML-DSA-65),AK_CREATE,294,0x00000131,0x00000000,88,2127,1041339
10,Full PQ (ML-KEM-768 / ML-DSA-65),CREDENTIAL_RANDOM,295,0x0000017b,0x00000000,12,44,1040007
10,Full PQ (ML-KEM-768 / ML-DSA-65),MAKE_CREDENTIAL,296,0x00000168,0x00000000,84,1170,1038685
10,Full PQ (ML-KEM-768 / ML-DSA-65),ACTIVATE_AUTH,297,0x00000176,0x00000000,59,48,1075113
10,Full PQ (ML-KEM-768 / ML-DSA-65),ACTIVATE_AUTH,298,0x00000151,0x00000000,41,29,1052751
10,Full PQ (ML-KEM-768 / ML-DSA-65),ACTIVATE_CREDENTIAL,299,0x00000147,0x00000000,1296,122,1228098
10,Full PQ (ML-KEM-768 / ML-DSA-65),PCR_READ,300,0x0000017e,0x00000000,20,62,1010372
10,Full PQ (ML-KEM-768 / ML-DSA-65),PCR_READ,301,0x0000017e,0x00000000,20,62,1047802
10,Full PQ (ML-KEM-768 / ML-DSA-65),PCR_READ,302,0x0000017e,0x00000000,20,62,1031972
10,Full PQ (ML-KEM-768 / ML-DSA-65),PCR_READ,303,0x0000017e,0x00000000,20,62,1012055
10,Full PQ (ML-KEM-768 / ML-DSA-65),PCR_READ,304,0x0000017e,0x00000000,20,62,968384
10,Full PQ (ML-KEM-768 / ML-DSA-65),PCR_READ,305,0x0000017e,0x00000000,20,62,974966
10,Full PQ (ML-KEM-768 / ML-DSA-65),PCR_READ,306,0x0000017e,0x00000000,20,62,987489
10,Full PQ (ML-KEM-768 / ML-DSA-65),PCR_READ,307,0x0000017e,0x00000000,20,62,954338
10,Full PQ (ML-KEM-768 / ML-DSA-65),PCR_READ,308,0x0000017e,0x00000000,20,62,949839
10,Full PQ (ML-KEM-768 / ML-DSA-65),PCR_READ,309,0x0000017e,0x00000000,20,62,1049415
10,Full PQ (ML-KEM-768 / ML-DSA-65),PCR_READ,310,0x0000017e,0x00000000,20,62,1112623
10,Full PQ (ML-KEM-768 / ML-DSA-65),PCR_READ,311,0x0000017e,0x00000000,20,62,1042933
10,Full PQ (ML-KEM-768 / ML-DSA-65),PCR_READ,312,0x0000017e,0x00000000,20,62,998810
10,Full PQ (ML-KEM-768 / ML-DSA-65),PCR_READ,313,0x0000017e,0x00000000,20,62,1014088
10,Full PQ (ML-KEM-768 / ML-DSA-65),PCR_READ,314,0x0000017e,0x00000000,20,62,1000513
10,Full PQ (ML-KEM-768 / ML-DSA-65),PCR_READ,315,0x0000017e,0x00000000,20,62,1010232
10,Full PQ (ML-KEM-768 / ML-DSA-65),NONCE_RANDOM,316,0x0000017b,0x00000000,12,44,1020541
10,Full PQ (ML-KEM-768 / ML-DSA-65),QUOTE,317,0x00000158,0x00000000,105,3479,1734050
11,Full PQ (ML-KEM-768 / ML-DSA-65),EK_CREATE,325,0x00000131,0x00000000,89,1392,1106571
11,Full PQ (ML-KEM-768 / ML-DSA-65),AK_CREATE,326,0x00000131,0x00000000,88,2127,1132700
11,Full PQ (ML-KEM-768 / ML-DSA-65),CREDENTIAL_RANDOM,327,0x0000017b,0x00000000,12,44,1081344
11,Full PQ (ML-KEM-768 / ML-DSA-65),MAKE_CREDENTIAL,328,0x00000168,0x00000000,84,1170,1168197
11,Full PQ (ML-KEM-768 / ML-DSA-65),ACTIVATE_AUTH,329,0x00000176,0x00000000,59,48,1037913
11,Full PQ (ML-KEM-768 / ML-DSA-65),ACTIVATE_AUTH,330,0x00000151,0x00000000,41,29,1001436
11,Full PQ (ML-KEM-768 / ML-DSA-65),ACTIVATE_CREDENTIAL,331,0x00000147,0x00000000,1296,122,1194275
11,Full PQ (ML-KEM-768 / ML-DSA-65),PCR_READ,332,0x0000017e,0x00000000,20,62,1143230
11,Full PQ (ML-KEM-768 / ML-DSA-65),PCR_READ,333,0x0000017e,0x00000000,20,62,1050126
11,Full PQ (ML-KEM-768 / ML-DSA-65),PCR_READ,334,0x0000017e,0x00000000,20,62,1042274
11,Full PQ (ML-KEM-768 / ML-DSA-65),PCR_READ,335,0x0000017e,0x00000000,20,62,995272
11,Full PQ (ML-KEM-768 / ML-DSA-65),PCR_READ,336,0x0000017e,0x00000000,20,62,1072838
11,Full PQ (ML-KEM-768 / ML-DSA-65),PCR_READ,337,0x0000017e,0x00000000,20,62,1052481
11,Full PQ (ML-KEM-768 / ML-DSA-65),PCR_READ,338,0x0000017e,0x00000000,20,62,1300303
11,Full PQ (ML-KEM-768 / ML-DSA-65),PCR_READ,339,0x0000017e,0x00000000,20,62,1140514
11,Full PQ (ML-KEM-768 / ML-DSA-65),PCR_READ,340,0x0000017e,0x00000000,20,62,1150703
11,Full PQ (ML-KEM-768 / ML-DSA-65),PCR_READ,341,0x0000017e,0x00000000,20,62,1047361
11,Full PQ (ML-KEM-768 / ML-DSA-65),PCR_READ,342,0x0000017e,0x00000000,20,62,1057730
11,Full PQ (ML-KEM-768 / ML-DSA-65),PCR_READ,343,0x0000017e,0x00000000,20,62,1131708
11,Full PQ (ML-KEM-768 / ML-DSA-65),PCR_READ,344,0x0000017e,0x00000000,20,62,1025841
11,Full PQ (ML-KEM-768 / ML-DSA-65),PCR_READ,345,0x0000017e,0x00000000,20,62,1072438
11,Full PQ (ML-KEM-768 / ML-DSA-65),PCR_READ,346,0x0000017e,0x00000000,20,62,1086443
11,Full PQ (ML-KEM-768 / ML-DSA-65),PCR_READ,347,0x0000017e,0x00000000,20,62,1023877
11,Full PQ (ML-KEM-768 / ML-DSA-65),NONCE_RANDOM,348,0x0000017b,0x00000000,12,44,1018948
11,Full PQ (ML-KEM-768 / ML-DSA-65),QUOTE,349,0x00000158,0x00000000,105,3479,1229460
12,Full PQ (ML-KEM-768 / ML-DSA-65),EK_CREATE,357,0x00000131,0x00000000,89,1392,1145274
12,Full PQ (ML-KEM-768 / ML-DSA-65),AK_CREATE,358,0x00000131,0x00000000,88,2127,1061277
12,Full PQ (ML-KEM-768 / ML-DSA-65),CREDENTIAL_RANDOM,359,0x0000017b,0x00000000,12,44,1021883
12,Full PQ (ML-KEM-768 / ML-DSA-65),MAKE_CREDENTIAL,360,0x00000168,0x00000000,84,1170,1062709
12,Full PQ (ML-KEM-768 / ML-DSA-65),ACTIVATE_AUTH,361,0x00000176,0x00000000,59,48,1014099
12,Full PQ (ML-KEM-768 / ML-DSA-65),ACTIVATE_AUTH,362,0x00000151,0x00000000,41,29,993540
12,Full PQ (ML-KEM-768 / ML-DSA-65),ACTIVATE_CREDENTIAL,363,0x00000147,0x00000000,1296,122,996546
12,Full PQ (ML-KEM-768 / ML-DSA-65),PCR_READ,364,0x0000017e,0x00000000,20,62,1091313
12,Full PQ (ML-KEM-768 / ML-DSA-65),PCR_READ,365,0x0000017e,0x00000000,20,62,1061928
12,Full PQ (ML-KEM-768 / ML-DSA-65),PCR_READ,366,0x0000017e,0x00000000,20,62,984023
12,Full PQ (ML-KEM-768 / ML-DSA-65),PCR_READ,367,0x0000017e,0x00000000,20,62,1021853
12,Full PQ (ML-KEM-768 / ML-DSA-65),PCR_READ,368,0x0000017e,0x00000000,20,62,1022625
12,Full PQ (ML-KEM-768 / ML-DSA-65),PCR_READ,369,0x0000017e,0x00000000,20,62,1019509
12,Full PQ (ML-KEM-768 / ML-DSA-65),PCR_READ,370,0x0000017e,0x00000000,20,62,1041089
12,Full PQ (ML-KEM-768 / ML-DSA-65),PCR_READ,371,0x0000017e,0x00000000,20,62,985125
12,Full PQ (ML-KEM-768 / ML-DSA-65),PCR_READ,372,0x0000017e,0x00000000,20,62,996456
12,Full PQ (ML-KEM-768 / ML-DSA-65),PCR_READ,373,0x0000017e,0x00000000,20,62,992359
12,Full PQ (ML-KEM-768 / ML-DSA-65),PCR_READ,374,0x0000017e,0x00000000,20,62,1001916
12,Full PQ (ML-KEM-768 / ML-DSA-65),PCR_READ,375,0x0000017e,0x00000000,20,62,1057670
12,Full PQ (ML-KEM-768 / ML-DSA-65),PCR_READ,376,0x0000017e,0x00000000,20,62,1032232
12,Full PQ (ML-KEM-768 / ML-DSA-65),PCR_READ,377,0x0000017e,0x00000000,20,62,1024979
12,Full PQ (ML-KEM-768 / ML-DSA-65),PCR_READ,378,0x0000017e,0x00000000,20,62,956371
12,Full PQ (ML-KEM-768 / ML-DSA-65),PCR_READ,379,0x0000017e,0x00000000,20,62,1009120
12,Full PQ (ML-KEM-768 / ML-DSA-65),NONCE_RANDOM,380,0x0000017b,0x00000000,12,44,918361
12,Full PQ (ML-KEM-768 / ML-DSA-65),QUOTE,381,0x00000158,0x00000000,105,3479,1252604
13,Full PQ (ML-KEM-768 / ML-DSA-65),EK_CREATE,389,0x00000131,0x00000000,89,1392,1261951
13,Full PQ (ML-KEM-768 / ML-DSA-65),AK_CREATE,390,0x00000131,0x00000000,88,2127,993320
13,Full PQ (ML-KEM-768 / ML-DSA-65),CREDENTIAL_RANDOM,391,0x0000017b,0x00000000,12,44,1006014
13,Full PQ (ML-KEM-768 / ML-DSA-65),MAKE_CREDENTIAL,392,0x00000168,0x00000000,84,1170,1096833
13,Full PQ (ML-KEM-768 / ML-DSA-65),ACTIVATE_AUTH,393,0x00000176,0x00000000,59,48,1024308
13,Full PQ (ML-KEM-768 / ML-DSA-65),ACTIVATE_AUTH,394,0x00000151,0x00000000,41,29,1011364
13,Full PQ (ML-KEM-768 / ML-DSA-65),ACTIVATE_CREDENTIAL,395,0x00000147,0x00000000,1296,122,1225362
13,Full PQ (ML-KEM-768 / ML-DSA-65),PCR_READ,396,0x0000017e,0x00000000,20,62,1082937
13,Full PQ (ML-KEM-768 / ML-DSA-65),PCR_READ,397,0x0000017e,0x00000000,20,62,988541
13,Full PQ (ML-KEM-768 / ML-DSA-65),PCR_READ,398,0x0000017e,0x00000000,20,62,988371
13,Full PQ (ML-KEM-768 / ML-DSA-65),PCR_READ,399,0x0000017e,0x00000000,20,62,1003710
13,Full PQ (ML-KEM-768 / ML-DSA-65),PCR_READ,400,0x0000017e,0x00000000,20,62,1011524
13,Full PQ (ML-KEM-768 / ML-DSA-65),PCR_READ,401,0x0000017e,0x00000000,20,62,1015441
13,Full PQ (ML-KEM-768 / ML-DSA-65),PCR_READ,402,0x0000017e,0x00000000,20,62,1029438
13,Full PQ (ML-KEM-768 / ML-DSA-65),PCR_READ,403,0x0000017e,0x00000000,20,62,985065
13,Full PQ (ML-KEM-768 / ML-DSA-65),PCR_READ,404,0x0000017e,0x00000000,20,62,1060746
13,Full PQ (ML-KEM-768 / ML-DSA-65),PCR_READ,405,0x0000017e,0x00000000,20,62,995565
13,Full PQ (ML-KEM-768 / ML-DSA-65),PCR_READ,406,0x0000017e,0x00000000,20,62,1012145
13,Full PQ (ML-KEM-768 / ML-DSA-65),PCR_READ,407,0x0000017e,0x00000000,20,62,981138
13,Full PQ (ML-KEM-768 / ML-DSA-65),PCR_READ,408,0x0000017e,0x00000000,20,62,1053842
13,Full PQ (ML-KEM-768 / ML-DSA-65),PCR_READ,409,0x0000017e,0x00000000,20,62,905005
13,Full PQ (ML-KEM-768 / ML-DSA-65),PCR_READ,410,0x0000017e,0x00000000,20,62,1016153
13,Full PQ (ML-KEM-768 / ML-DSA-65),PCR_READ,411,0x0000017e,0x00000000,20,62,1065324
13,Full PQ (ML-KEM-768 / ML-DSA-65),NONCE_RANDOM,412,0x0000017b,0x00000000,12,44,1078198
13,Full PQ (ML-KEM-768 / ML-DSA-65),QUOTE,413,0x00000158,0x00000000,105,3479,1409625
14,Full PQ (ML-KEM-768 / ML-DSA-65),EK_CREATE,421,0x00000131,0x00000000,89,1392,1065635
14,Full PQ (ML-KEM-768 / ML-DSA-65),AK_CREATE,422,0x00000131,0x00000000,88,2127,944990
14,Full PQ (ML-KEM-768 / ML-DSA-65),CREDENTIAL_RANDOM,423,0x0000017b,0x00000000,12,44,1014149
14,Full PQ (ML-KEM-768 / ML-DSA-65),MAKE_CREDENTIAL,424,0x00000168,0x00000000,84,1170,1086444
14,Full PQ (ML-KEM-768 / ML-DSA-65),ACTIVATE_AUTH,425,0x00000176,0x00000000,59,48,1070605
14,Full PQ (ML-KEM-768 / ML-DSA-65),ACTIVATE_AUTH,426,0x00000151,0x00000000,41,29,1086834
14,Full PQ (ML-KEM-768 / ML-DSA-65),ACTIVATE_CREDENTIAL,427,0x00000147,0x00000000,1296,122,1137028
14,Full PQ (ML-KEM-768 / ML-DSA-65),PCR_READ,428,0x0000017e,0x00000000,20,62,1062990
14,Full PQ (ML-KEM-768 / ML-DSA-65),PCR_READ,429,0x0000017e,0x00000000,20,62,975377
14,Full PQ (ML-KEM-768 / ML-DSA-65),PCR_READ,430,0x0000017e,0x00000000,20,62,977030
14,Full PQ (ML-KEM-768 / ML-DSA-65),PCR_READ,431,0x0000017e,0x00000000,20,62,1010752
14,Full PQ (ML-KEM-768 / ML-DSA-65),PCR_READ,432,0x0000017e,0x00000000,20,62,960469
14,Full PQ (ML-KEM-768 / ML-DSA-65),PCR_READ,433,0x0000017e,0x00000000,20,62,972822
14,Full PQ (ML-KEM-768 / ML-DSA-65),PCR_READ,434,0x0000017e,0x00000000,20,62,1067860
14,Full PQ (ML-KEM-768 / ML-DSA-65),PCR_READ,435,0x0000017e,0x00000000,20,62,1025070
14,Full PQ (ML-KEM-768 / ML-DSA-65),PCR_READ,436,0x0000017e,0x00000000,20,62,930854
14,Full PQ (ML-KEM-768 / ML-DSA-65),PCR_READ,437,0x0000017e,0x00000000,20,62,996035
14,Full PQ (ML-KEM-768 / ML-DSA-65),PCR_READ,438,0x0000017e,0x00000000,20,62,1046950
14,Full PQ (ML-KEM-768 / ML-DSA-65),PCR_READ,439,0x0000017e,0x00000000,20,62,991838
14,Full PQ (ML-KEM-768 / ML-DSA-65),PCR_READ,440,0x0000017e,0x00000000,20,62,960389
14,Full PQ (ML-KEM-768 / ML-DSA-65),PCR_READ,441,0x0000017e,0x00000000,20,62,984584
14,Full PQ (ML-KEM-768 / ML-DSA-65),PCR_READ,442,0x0000017e,0x00000000,20,62,1201858
14,Full PQ (ML-KEM-768 / ML-DSA-65),PCR_READ,443,0x0000017e,0x00000000,20,62,999913
14,Full PQ (ML-KEM-768 / ML-DSA-65),NONCE_RANDOM,444,0x0000017b,0x00000000,12,44,1011835
14,Full PQ (ML-KEM-768 / ML-DSA-65),QUOTE,445,0x00000158,0x00000000,105,3479,1362648
15,Full PQ (ML-KEM-768 / ML-DSA-65),EK_CREATE,453,0x00000131,0x00000000,89,1392,1103847
15,Full PQ (ML-KEM-768 / ML-DSA-65),AK_CREATE,454,0x00000131,0x00000000,88,2127,1135736
15,Full PQ (ML-KEM-768 / ML-DSA-65),CREDENTIAL_RANDOM,455,0x0000017b,0x00000000,12,44,1086734
15,Full PQ (ML-KEM-768 / ML-DSA-65),MAKE_CREDENTIAL,456,0x00000168,0x00000000,84,1170,1151154
15,Full PQ (ML-KEM-768 / ML-DSA-65),ACTIVATE_AUTH,457,0x00000176,0x00000000,59,48,953697
15,Full PQ (ML-KEM-768 / ML-DSA-65),ACTIVATE_AUTH,458,0x00000151,0x00000000,41,29,1211446
15,Full PQ (ML-KEM-768 / ML-DSA-65),ACTIVATE_CREDENTIAL,459,0x00000147,0x00000000,1296,122,1188012
15,Full PQ (ML-KEM-768 / ML-DSA-65),PCR_READ,460,0x0000017e,0x00000000,20,62,997388
15,Full PQ (ML-KEM-768 / ML-DSA-65),PCR_READ,461,0x0000017e,0x00000000,20,62,999001
15,Full PQ (ML-KEM-768 / ML-DSA-65),PCR_READ,462,0x0000017e,0x00000000,20,62,1017916
15,Full PQ (ML-KEM-768 / ML-DSA-65),PCR_READ,463,0x0000017e,0x00000000,20,62,1006114
15,Full PQ (ML-KEM-768 / ML-DSA-65),PCR_READ,464,0x0000017e,0x00000000,20,62,1053532
15,Full PQ (ML-KEM-768 / ML-DSA-65),PCR_READ,465,0x0000017e,0x00000000,20,62,1024369
15,Full PQ (ML-KEM-768 / ML-DSA-65),PCR_READ,466,0x0000017e,0x00000000,20,62,997678
15,Full PQ (ML-KEM-768 / ML-DSA-65),PCR_READ,467,0x0000017e,0x00000000,20,62,1010101
15,Full PQ (ML-KEM-768 / ML-DSA-65),PCR_READ,468,0x0000017e,0x00000000,20,62,948697
15,Full PQ (ML-KEM-768 / ML-DSA-65),PCR_READ,469,0x0000017e,0x00000000,20,62,1017997
15,Full PQ (ML-KEM-768 / ML-DSA-65),PCR_READ,470,0x0000017e,0x00000000,20,62,1030570
15,Full PQ (ML-KEM-768 / ML-DSA-65),PCR_READ,471,0x0000017e,0x00000000,20,62,1005252
15,Full PQ (ML-KEM-768 / ML-DSA-65),PCR_READ,472,0x0000017e,0x00000000,20,62,1021884
15,Full PQ (ML-KEM-768 / ML-DSA-65),PCR_READ,473,0x0000017e,0x00000000,20,62,1085912
15,Full PQ (ML-KEM-768 / ML-DSA-65),PCR_READ,474,0x0000017e,0x00000000,20,62,1007227
15,Full PQ (ML-KEM-768 / ML-DSA-65),PCR_READ,475,0x0000017e,0x00000000,20,62,1028596
15,Full PQ (ML-KEM-768 / ML-DSA-65),NONCE_RANDOM,476,0x0000017b,0x00000000,12,44,1011494
15,Full PQ (ML-KEM-768 / ML-DSA-65),QUOTE,477,0x00000158,0x00000000,105,3479,1297086
16,Full PQ (ML-KEM-768 / ML-DSA-65),EK_CREATE,485,0x00000131,0x00000000,89,1392,1099818
16,Full PQ (ML-KEM-768 / ML-DSA-65),AK_CREATE,486,0x00000131,0x00000000,88,2127,1067398
16,Full PQ (ML-KEM-768 / ML-DSA-65),CREDENTIAL_RANDOM,487,0x0000017b,0x00000000,12,44,986568
16,Full PQ (ML-KEM-768 / ML-DSA-65),MAKE_CREDENTIAL,488,0x00000168,0x00000000,84,1170,1018227
16,Full PQ (ML-KEM-768 / ML-DSA-65),ACTIVATE_AUTH,489,0x00000176,0x00000000,59,48,1216817
16,Full PQ (ML-KEM-768 / ML-DSA-65),ACTIVATE_AUTH,490,0x00000151,0x00000000,41,29,1069172
16,Full PQ (ML-KEM-768 / ML-DSA-65),ACTIVATE_CREDENTIAL,491,0x00000147,0x00000000,1296,122,1147157
16,Full PQ (ML-KEM-768 / ML-DSA-65),PCR_READ,492,0x0000017e,0x00000000,20,62,1122110
16,Full PQ (ML-KEM-768 / ML-DSA-65),PCR_READ,493,0x0000017e,0x00000000,20,62,1022464
16,Full PQ (ML-KEM-768 / ML-DSA-65),PCR_READ,494,0x0000017e,0x00000000,20,62,1231884
16,Full PQ (ML-KEM-768 / ML-DSA-65),PCR_READ,495,0x0000017e,0x00000000,20,62,974675
16,Full PQ (ML-KEM-768 / ML-DSA-65),PCR_READ,496,0x0000017e,0x00000000,20,62,1061116
16,Full PQ (ML-KEM-768 / ML-DSA-65),PCR_READ,497,0x0000017e,0x00000000,20,62,1042802
16,Full PQ (ML-KEM-768 / ML-DSA-65),PCR_READ,498,0x0000017e,0x00000000,20,62,1064503
16,Full PQ (ML-KEM-768 / ML-DSA-65),PCR_READ,499,0x0000017e,0x00000000,20,62,1005693
16,Full PQ (ML-KEM-768 / ML-DSA-65),PCR_READ,500,0x0000017e,0x00000000,20,62,1181872
16,Full PQ (ML-KEM-768 / ML-DSA-65),PCR_READ,501,0x0000017e,0x00000000,20,62,1054324
16,Full PQ (ML-KEM-768 / ML-DSA-65),PCR_READ,502,0x0000017e,0x00000000,20,62,1027664
16,Full PQ (ML-KEM-768 / ML-DSA-65),PCR_READ,503,0x0000017e,0x00000000,20,62,1104026
16,Full PQ (ML-KEM-768 / ML-DSA-65),PCR_READ,504,0x0000017e,0x00000000,20,62,1103295
16,Full PQ (ML-KEM-768 / ML-DSA-65),PCR_READ,505,0x0000017e,0x00000000,20,62,1056949
16,Full PQ (ML-KEM-768 / ML-DSA-65),PCR_READ,506,0x0000017e,0x00000000,20,62,997518
16,Full PQ (ML-KEM-768 / ML-DSA-65),PCR_READ,507,0x0000017e,0x00000000,20,62,1040979
16,Full PQ (ML-KEM-768 / ML-DSA-65),NONCE_RANDOM,508,0x0000017b,0x00000000,12,44,1064613
16,Full PQ (ML-KEM-768 / ML-DSA-65),QUOTE,509,0x00000158,0x00000000,105,3479,1366726
17,Full PQ (ML-KEM-768 / ML-DSA-65),EK_CREATE,517,0x00000131,0x00000000,89,1392,1089099
17,Full PQ (ML-KEM-768 / ML-DSA-65),AK_CREATE,518,0x00000131,0x00000000,88,2127,1090482
17,Full PQ (ML-KEM-768 / ML-DSA-65),CREDENTIAL_RANDOM,519,0x0000017b,0x00000000,12,44,985776
17,Full PQ (ML-KEM-768 / ML-DSA-65),MAKE_CREDENTIAL,520,0x00000168,0x00000000,84,1170,1072929
17,Full PQ (ML-KEM-768 / ML-DSA-65),ACTIVATE_AUTH,521,0x00000176,0x00000000,59,48,1005804
17,Full PQ (ML-KEM-768 / ML-DSA-65),ACTIVATE_AUTH,522,0x00000151,0x00000000,41,29,1010443
17,Full PQ (ML-KEM-768 / ML-DSA-65),ACTIVATE_CREDENTIAL,523,0x00000147,0x00000000,1296,122,1133932
17,Full PQ (ML-KEM-768 / ML-DSA-65),PCR_READ,524,0x0000017e,0x00000000,20,62,1034006
17,Full PQ (ML-KEM-768 / ML-DSA-65),PCR_READ,525,0x0000017e,0x00000000,20,62,1000754
17,Full PQ (ML-KEM-768 / ML-DSA-65),PCR_READ,526,0x0000017e,0x00000000,20,62,973223
17,Full PQ (ML-KEM-768 / ML-DSA-65),PCR_READ,527,0x0000017e,0x00000000,20,62,1040498
17,Full PQ (ML-KEM-768 / ML-DSA-65),PCR_READ,528,0x0000017e,0x00000000,20,62,995715
17,Full PQ (ML-KEM-768 / ML-DSA-65),PCR_READ,529,0x0000017e,0x00000000,20,62,1038103
17,Full PQ (ML-KEM-768 / ML-DSA-65),PCR_READ,530,0x0000017e,0x00000000,20,62,989363
17,Full PQ (ML-KEM-768 / ML-DSA-65),PCR_READ,531,0x0000017e,0x00000000,20,62,976269
17,Full PQ (ML-KEM-768 / ML-DSA-65),PCR_READ,532,0x0000017e,0x00000000,20,62,1026983
17,Full PQ (ML-KEM-768 / ML-DSA-65),PCR_READ,533,0x0000017e,0x00000000,20,62,998630
17,Full PQ (ML-KEM-768 / ML-DSA-65),PCR_READ,534,0x0000017e,0x00000000,20,62,983131
17,Full PQ (ML-KEM-768 / ML-DSA-65),PCR_READ,535,0x0000017e,0x00000000,20,62,997027
17,Full PQ (ML-KEM-768 / ML-DSA-65),PCR_READ,536,0x0000017e,0x00000000,20,62,1046840
17,Full PQ (ML-KEM-768 / ML-DSA-65),PCR_READ,537,0x0000017e,0x00000000,20,62,1020431
17,Full PQ (ML-KEM-768 / ML-DSA-65),PCR_READ,538,0x0000017e,0x00000000,20,62,1056718
17,Full PQ (ML-KEM-768 / ML-DSA-65),PCR_READ,539,0x0000017e,0x00000000,20,62,991647
17,Full PQ (ML-KEM-768 / ML-DSA-65),NONCE_RANDOM,540,0x0000017b,0x00000000,12,44,1041931
17,Full PQ (ML-KEM-768 / ML-DSA-65),QUOTE,541,0x00000158,0x00000000,105,3479,1386002
18,Full PQ (ML-KEM-768 / ML-DSA-65),EK_CREATE,549,0x00000131,0x00000000,89,1392,1158939
18,Full PQ (ML-KEM-768 / ML-DSA-65),AK_CREATE,550,0x00000131,0x00000000,88,2127,1034637
18,Full PQ (ML-KEM-768 / ML-DSA-65),CREDENTIAL_RANDOM,551,0x0000017b,0x00000000,12,44,1051669
18,Full PQ (ML-KEM-768 / ML-DSA-65),MAKE_CREDENTIAL,552,0x00000168,0x00000000,84,1170,1008598
18,Full PQ (ML-KEM-768 / ML-DSA-65),ACTIVATE_AUTH,553,0x00000176,0x00000000,59,48,962132
18,Full PQ (ML-KEM-768 / ML-DSA-65),ACTIVATE_AUTH,554,0x00000151,0x00000000,41,29,996135
18,Full PQ (ML-KEM-768 / ML-DSA-65),ACTIVATE_CREDENTIAL,555,0x00000147,0x00000000,1296,122,1104758
18,Full PQ (ML-KEM-768 / ML-DSA-65),PCR_READ,556,0x0000017e,0x00000000,20,62,1011394
18,Full PQ (ML-KEM-768 / ML-DSA-65),PCR_READ,557,0x0000017e,0x00000000,20,62,1033745
18,Full PQ (ML-KEM-768 / ML-DSA-65),PCR_READ,558,0x0000017e,0x00000000,20,62,980106
18,Full PQ (ML-KEM-768 / ML-DSA-65),PCR_READ,559,0x0000017e,0x00000000,20,62,998119
18,Full PQ (ML-KEM-768 / ML-DSA-65),PCR_READ,560,0x0000017e,0x00000000,20,62,1043113
18,Full PQ (ML-KEM-768 / ML-DSA-65),PCR_READ,561,0x0000017e,0x00000000,20,62,1000824
18,Full PQ (ML-KEM-768 / ML-DSA-65),PCR_READ,562,0x0000017e,0x00000000,20,62,1036942
18,Full PQ (ML-KEM-768 / ML-DSA-65),PCR_READ,563,0x0000017e,0x00000000,20,62,994493
18,Full PQ (ML-KEM-768 / ML-DSA-65),PCR_READ,564,0x0000017e,0x00000000,20,62,996045
18,Full PQ (ML-KEM-768 / ML-DSA-65),PCR_READ,565,0x0000017e,0x00000000,20,62,1016293
18,Full PQ (ML-KEM-768 / ML-DSA-65),PCR_READ,566,0x0000017e,0x00000000,20,62,1009320
18,Full PQ (ML-KEM-768 / ML-DSA-65),PCR_READ,567,0x0000017e,0x00000000,20,62,986938
18,Full PQ (ML-KEM-768 / ML-DSA-65),PCR_READ,568,0x0000017e,0x00000000,20,62,1017666
18,Full PQ (ML-KEM-768 / ML-DSA-65),PCR_READ,569,0x0000017e,0x00000000,20,62,983011
18,Full PQ (ML-KEM-768 / ML-DSA-65),PCR_READ,570,0x0000017e,0x00000000,20,62,989383
18,Full PQ (ML-KEM-768 / ML-DSA-65),PCR_READ,571,0x0000017e,0x00000000,20,62,994302
18,Full PQ (ML-KEM-768 / ML-DSA-65),NONCE_RANDOM,572,0x0000017b,0x00000000,12,44,1059944
18,Full PQ (ML-KEM-768 / ML-DSA-65),QUOTE,573,0x00000158,0x00000000,105,3479,1585613
19,Full PQ (ML-KEM-768 / ML-DSA-65),EK_CREATE,581,0x00000131,0x00000000,89,1392,1584531
19,Full PQ (ML-KEM-768 / ML-DSA-65),AK_CREATE,582,0x00000131,0x00000000,88,2127,1232326
19,Full PQ (ML-KEM-768 / ML-DSA-65),CREDENTIAL_RANDOM,583,0x0000017b,0x00000000,12,44,1125596
19,Full PQ (ML-KEM-768 / ML-DSA-65),MAKE_CREDENTIAL,584,0x00000168,0x00000000,84,1170,1160613
19,Full PQ (ML-KEM-768 / ML-DSA-65),ACTIVATE_AUTH,585,0x00000176,0x00000000,59,48,1023957
19,Full PQ (ML-KEM-768 / ML-DSA-65),ACTIVATE_AUTH,586,0x00000151,0x00000000,41,29,1036681
19,Full PQ (ML-KEM-768 / ML-DSA-65),ACTIVATE_CREDENTIAL,587,0x00000147,0x00000000,1296,122,1276688
19,Full PQ (ML-KEM-768 / ML-DSA-65),PCR_READ,588,0x0000017e,0x00000000,20,62,1016454
19,Full PQ (ML-KEM-768 / ML-DSA-65),PCR_READ,589,0x0000017e,0x00000000,20,62,1018677
19,Full PQ (ML-KEM-768 / ML-DSA-65),PCR_READ,590,0x0000017e,0x00000000,20,62,1110649
19,Full PQ (ML-KEM-768 / ML-DSA-65),PCR_READ,591,0x0000017e,0x00000000,20,62,1255739
19,Full PQ (ML-KEM-768 / ML-DSA-65),PCR_READ,592,0x0000017e,0x00000000,20,62,1085472
19,Full PQ (ML-KEM-768 / ML-DSA-65),PCR_READ,593,0x0000017e,0x00000000,20,62,1160211
19,Full PQ (ML-KEM-768 / ML-DSA-65),PCR_READ,594,0x0000017e,0x00000000,20,62,1029798
19,Full PQ (ML-KEM-768 / ML-DSA-65),PCR_READ,595,0x0000017e,0x00000000,20,62,1075213
19,Full PQ (ML-KEM-768 / ML-DSA-65),PCR_READ,596,0x0000017e,0x00000000,20,62,970398
19,Full PQ (ML-KEM-768 / ML-DSA-65),PCR_READ,597,0x0000017e,0x00000000,20,62,965478
19,Full PQ (ML-KEM-768 / ML-DSA-65),PCR_READ,598,0x0000017e,0x00000000,20,62,996226
19,Full PQ (ML-KEM-768 / ML-DSA-65),PCR_READ,599,0x0000017e,0x00000000,20,62,973673
19,Full PQ (ML-KEM-768 / ML-DSA-65),PCR_READ,600,0x0000017e,0x00000000,20,62,997689
19,Full PQ (ML-KEM-768 / ML-DSA-65),PCR_READ,601,0x0000017e,0x00000000,20,62,995995
19,Full PQ (ML-KEM-768 / ML-DSA-65),PCR_READ,602,0x0000017e,0x00000000,20,62,1123793
19,Full PQ (ML-KEM-768 / ML-DSA-65),PCR_READ,603,0x0000017e,0x00000000,20,62,1113945
19,Full PQ (ML-KEM-768 / ML-DSA-65),NONCE_RANDOM,604,0x0000017b,0x00000000,12,44,1019218
19,Full PQ (ML-KEM-768 / ML-DSA-65),QUOTE,605,0x00000158,0x00000000,105,3479,1500305
20,Full PQ (ML-KEM-768 / ML-DSA-65),EK_CREATE,613,0x00000131,0x00000000,89,1392,1089409
20,Full PQ (ML-KEM-768 / ML-DSA-65),AK_CREATE,614,0x00000131,0x00000000,88,2127,1094098
20,Full PQ (ML-KEM-768 / ML-DSA-65),CREDENTIAL_RANDOM,615,0x0000017b,0x00000000,12,44,1055526
20,Full PQ (ML-KEM-768 / ML-DSA-65),MAKE_CREDENTIAL,616,0x00000168,0x00000000,84,1170,1143731
20,Full PQ (ML-KEM-768 / ML-DSA-65),ACTIVATE_AUTH,617,0x00000176,0x00000000,59,48,1192341
20,Full PQ (ML-KEM-768 / ML-DSA-65),ACTIVATE_AUTH,618,0x00000151,0x00000000,41,29,1141376
20,Full PQ (ML-KEM-768 / ML-DSA-65),ACTIVATE_CREDENTIAL,619,0x00000147,0x00000000,1296,122,1166652
20,Full PQ (ML-KEM-768 / ML-DSA-65),PCR_READ,620,0x0000017e,0x00000000,20,62,1025740
20,Full PQ (ML-KEM-768 / ML-DSA-65),PCR_READ,621,0x0000017e,0x00000000,20,62,1152948
20,Full PQ (ML-KEM-768 / ML-DSA-65),PCR_READ,622,0x0000017e,0x00000000,20,62,1182923
20,Full PQ (ML-KEM-768 / ML-DSA-65),PCR_READ,623,0x0000017e,0x00000000,20,62,1097174
20,Full PQ (ML-KEM-768 / ML-DSA-65),PCR_READ,624,0x0000017e,0x00000000,20,62,1061097
20,Full PQ (ML-KEM-768 / ML-DSA-65),PCR_READ,625,0x0000017e,0x00000000,20,62,1117892
20,Full PQ (ML-KEM-768 / ML-DSA-65),PCR_READ,626,0x0000017e,0x00000000,20,62,1064754
20,Full PQ (ML-KEM-768 / ML-DSA-65),PCR_READ,627,0x0000017e,0x00000000,20,62,1074972
20,Full PQ (ML-KEM-768 / ML-DSA-65),PCR_READ,628,0x0000017e,0x00000000,20,62,1039696
20,Full PQ (ML-KEM-768 / ML-DSA-65),PCR_READ,629,0x0000017e,0x00000000,20,62,1060605
20,Full PQ (ML-KEM-768 / ML-DSA-65),PCR_READ,630,0x0000017e,0x00000000,20,62,1066536
20,Full PQ (ML-KEM-768 / ML-DSA-65),PCR_READ,631,0x0000017e,0x00000000,20,62,1121099
20,Full PQ (ML-KEM-768 / ML-DSA-65),PCR_READ,632,0x0000017e,0x00000000,20,62,1052941
20,Full PQ (ML-KEM-768 / ML-DSA-65),PCR_READ,633,0x0000017e,0x00000000,20,62,1085362
20,Full PQ (ML-KEM-768 / ML-DSA-65),PCR_READ,634,0x0000017e,0x00000000,20,62,1030830
20,Full PQ (ML-KEM-768 / ML-DSA-65),PCR_READ,635,0x0000017e,0x00000000,20,62,1062980
20,Full PQ (ML-KEM-768 / ML-DSA-65),NONCE_RANDOM,636,0x0000017b,0x00000000,12,44,968214
20,Full PQ (ML-KEM-768 / ML-DSA-65),QUOTE,637,0x00000158,0x00000000,105,3479,1259336
21,Full PQ (ML-KEM-768 / ML-DSA-65),EK_CREATE,645,0x00000131,0x00000000,89,1392,972281
21,Full PQ (ML-KEM-768 / ML-DSA-65),AK_CREATE,646,0x00000131,0x00000000,88,2127,1079915
21,Full PQ (ML-KEM-768 / ML-DSA-65),CREDENTIAL_RANDOM,647,0x0000017b,0x00000000,12,44,1011681
21,Full PQ (ML-KEM-768 / ML-DSA-65),MAKE_CREDENTIAL,648,0x00000168,0x00000000,84,1170,1068180
21,Full PQ (ML-KEM-768 / ML-DSA-65),ACTIVATE_AUTH,649,0x00000176,0x00000000,59,48,998420
21,Full PQ (ML-KEM-768 / ML-DSA-65),ACTIVATE_AUTH,650,0x00000151,0x00000000,41,29,1030018
21,Full PQ (ML-KEM-768 / ML-DSA-65),ACTIVATE_CREDENTIAL,651,0x00000147,0x00000000,1296,122,1100389
21,Full PQ (ML-KEM-768 / ML-DSA-65),PCR_READ,652,0x0000017e,0x00000000,20,62,1003409
21,Full PQ (ML-KEM-768 / ML-DSA-65),PCR_READ,653,0x0000017e,0x00000000,20,62,1065434
21,Full PQ (ML-KEM-768 / ML-DSA-65),PCR_READ,654,0x0000017e,0x00000000,20,62,1040818
21,Full PQ (ML-KEM-768 / ML-DSA-65),PCR_READ,655,0x0000017e,0x00000000,20,62,986678
21,Full PQ (ML-KEM-768 / ML-DSA-65),PCR_READ,656,0x0000017e,0x00000000,20,62,1011674
21,Full PQ (ML-KEM-768 / ML-DSA-65),PCR_READ,657,0x0000017e,0x00000000,20,62,1100179
21,Full PQ (ML-KEM-768 / ML-DSA-65),PCR_READ,658,0x0000017e,0x00000000,20,62,958796
21,Full PQ (ML-KEM-768 / ML-DSA-65),PCR_READ,659,0x0000017e,0x00000000,20,62,982309
21,Full PQ (ML-KEM-768 / ML-DSA-65),PCR_READ,660,0x0000017e,0x00000000,20,62,969045
21,Full PQ (ML-KEM-768 / ML-DSA-65),PCR_READ,661,0x0000017e,0x00000000,20,62,965969
21,Full PQ (ML-KEM-768 / ML-DSA-65),PCR_READ,662,0x0000017e,0x00000000,20,62,1016062
21,Full PQ (ML-KEM-768 / ML-DSA-65),PCR_READ,663,0x0000017e,0x00000000,20,62,1001115
21,Full PQ (ML-KEM-768 / ML-DSA-65),PCR_READ,664,0x0000017e,0x00000000,20,62,997177
21,Full PQ (ML-KEM-768 / ML-DSA-65),PCR_READ,665,0x0000017e,0x00000000,20,62,1189980
21,Full PQ (ML-KEM-768 / ML-DSA-65),PCR_READ,666,0x0000017e,0x00000000,20,62,1072825
21,Full PQ (ML-KEM-768 / ML-DSA-65),PCR_READ,667,0x0000017e,0x00000000,20,62,1053292
21,Full PQ (ML-KEM-768 / ML-DSA-65),NONCE_RANDOM,668,0x0000017b,0x00000000,12,44,1014219
21,Full PQ (ML-KEM-768 / ML-DSA-65),QUOTE,669,0x00000158,0x00000000,105,3479,1340247
22,Full PQ (ML-KEM-768 / ML-DSA-65),EK_CREATE,677,0x00000131,0x00000000,89,1392,1018657
22,Full PQ (ML-KEM-768 / ML-DSA-65),AK_CREATE,678,0x00000131,0x00000000,88,2127,1094289
22,Full PQ (ML-KEM-768 / ML-DSA-65),CREDENTIAL_RANDOM,679,0x0000017b,0x00000000,12,44,963785
22,Full PQ (ML-KEM-768 / ML-DSA-65),MAKE_CREDENTIAL,680,0x00000168,0x00000000,84,1170,1042522
22,Full PQ (ML-KEM-768 / ML-DSA-65),ACTIVATE_AUTH,681,0x00000176,0x00000000,59,48,1041159
22,Full PQ (ML-KEM-768 / ML-DSA-65),ACTIVATE_AUTH,682,0x00000151,0x00000000,41,29,994111
22,Full PQ (ML-KEM-768 / ML-DSA-65),ACTIVATE_CREDENTIAL,683,0x00000147,0x00000000,1296,122,1096923
22,Full PQ (ML-KEM-768 / ML-DSA-65),PCR_READ,684,0x0000017e,0x00000000,20,62,990956
22,Full PQ (ML-KEM-768 / ML-DSA-65),PCR_READ,685,0x0000017e,0x00000000,20,62,1080372
22,Full PQ (ML-KEM-768 / ML-DSA-65),PCR_READ,686,0x0000017e,0x00000000,20,62,981929
22,Full PQ (ML-KEM-768 / ML-DSA-65),PCR_READ,687,0x0000017e,0x00000000,20,62,998259
22,Full PQ (ML-KEM-768 / ML-DSA-65),PCR_READ,688,0x0000017e,0x00000000,20,62,994924
22,Full PQ (ML-KEM-768 / ML-DSA-65),PCR_READ,689,0x0000017e,0x00000000,20,62,1049244
22,Full PQ (ML-KEM-768 / ML-DSA-65),PCR_READ,690,0x0000017e,0x00000000,20,62,1018517
22,Full PQ (ML-KEM-768 / ML-DSA-65),PCR_READ,691,0x0000017e,0x00000000,20,62,1030650
22,Full PQ (ML-KEM-768 / ML-DSA-65),PCR_READ,692,0x0000017e,0x00000000,20,62,1018377
22,Full PQ (ML-KEM-768 / ML-DSA-65),PCR_READ,693,0x0000017e,0x00000000,20,62,1043253
22,Full PQ (ML-KEM-768 / ML-DSA-65),PCR_READ,694,0x0000017e,0x00000000,20,62,1009080
22,Full PQ (ML-KEM-768 / ML-DSA-65),PCR_READ,695,0x0000017e,0x00000000,20,62,983081
22,Full PQ (ML-KEM-768 / ML-DSA-65),PCR_READ,696,0x0000017e,0x00000000,20,62,1000744
22,Full PQ (ML-KEM-768 / ML-DSA-65),PCR_READ,697,0x0000017e,0x00000000,20,62,1003579
22,Full PQ (ML-KEM-768 / ML-DSA-65),PCR_READ,698,0x0000017e,0x00000000,20,62,1014851
22,Full PQ (ML-KEM-768 / ML-DSA-65),PCR_READ,699,0x0000017e,0x00000000,20,62,975838
22,Full PQ (ML-KEM-768 / ML-DSA-65),NONCE_RANDOM,700,0x0000017b,0x00000000,12,44,1022224
22,Full PQ (ML-KEM-768 / ML-DSA-65),QUOTE,701,0x00000158,0x00000000,105,3479,1388225
23,Full PQ (ML-KEM-768 / ML-DSA-65),EK_CREATE,709,0x00000131,0x00000000,89,1392,1120507
23,Full PQ (ML-KEM-768 / ML-DSA-65),AK_CREATE,710,0x00000131,0x00000000,88,2127,1121890
23,Full PQ (ML-KEM-768 / ML-DSA-65),CREDENTIAL_RANDOM,711,0x0000017b,0x00000000,12,44,1084550
23,Full PQ (ML-KEM-768 / ML-DSA-65),MAKE_CREDENTIAL,712,0x00000168,0x00000000,84,1170,1142117
23,Full PQ (ML-KEM-768 / ML-DSA-65),ACTIVATE_AUTH,713,0x00000176,0x00000000,59,48,1031291
23,Full PQ (ML-KEM-768 / ML-DSA-65),ACTIVATE_AUTH,714,0x00000151,0x00000000,41,29,982710
23,Full PQ (ML-KEM-768 / ML-DSA-65),ACTIVATE_CREDENTIAL,715,0x00000147,0x00000000,1296,122,1078919
23,Full PQ (ML-KEM-768 / ML-DSA-65),PCR_READ,716,0x0000017e,0x00000000,20,62,1068189
23,Full PQ (ML-KEM-768 / ML-DSA-65),PCR_READ,717,0x0000017e,0x00000000,20,62,1044766
23,Full PQ (ML-KEM-768 / ML-DSA-65),PCR_READ,718,0x0000017e,0x00000000,20,62,1032564
23,Full PQ (ML-KEM-768 / ML-DSA-65),PCR_READ,719,0x0000017e,0x00000000,20,62,1042452
23,Full PQ (ML-KEM-768 / ML-DSA-65),PCR_READ,720,0x0000017e,0x00000000,20,62,1123145
23,Full PQ (ML-KEM-768 / ML-DSA-65),PCR_READ,721,0x0000017e,0x00000000,20,62,1032290
23,Full PQ (ML-KEM-768 / ML-DSA-65),PCR_READ,722,0x0000017e,0x00000000,20,62,1033625
23,Full PQ (ML-KEM-768 / ML-DSA-65),PCR_READ,723,0x0000017e,0x00000000,20,62,1083689
23,Full PQ (ML-KEM-768 / ML-DSA-65),PCR_READ,724,0x0000017e,0x00000000,20,62,987048
23,Full PQ (ML-KEM-768 / ML-DSA-65),PCR_READ,725,0x0000017e,0x00000000,20,62,1063681
23,Full PQ (ML-KEM-768 / ML-DSA-65),PCR_READ,726,0x0000017e,0x00000000,20,62,1036050
23,Full PQ (ML-KEM-768 / ML-DSA-65),PCR_READ,727,0x0000017e,0x00000000,20,62,1072658
23,Full PQ (ML-KEM-768 / ML-DSA-65),PCR_READ,728,0x0000017e,0x00000000,20,62,1088608
23,Full PQ (ML-KEM-768 / ML-DSA-65),PCR_READ,729,0x0000017e,0x00000000,20,62,1137619
23,Full PQ (ML-KEM-768 / ML-DSA-65),PCR_READ,730,0x0000017e,0x00000000,20,62,1056708
23,Full PQ (ML-KEM-768 / ML-DSA-65),PCR_READ,731,0x0000017e,0x00000000,20,62,1098687
23,Full PQ (ML-KEM-768 / ML-DSA-65),NONCE_RANDOM,732,0x0000017b,0x00000000,12,44,1089289
23,Full PQ (ML-KEM-768 / ML-DSA-65),QUOTE,733,0x00000158,0x00000000,105,3479,1363199
24,Full PQ (ML-KEM-768 / ML-DSA-65),EK_CREATE,741,0x00000131,0x00000000,89,1392,1239713
24,Full PQ (ML-KEM-768 / ML-DSA-65),AK_CREATE,742,0x00000131,0x00000000,88,2127,1238487
24,Full PQ (ML-KEM-768 / ML-DSA-65),CREDENTIAL_RANDOM,743,0x0000017b,0x00000000,12,44,1255847
24,Full PQ (ML-KEM-768 / ML-DSA-65),MAKE_CREDENTIAL,744,0x00000168,0x00000000,84,1170,1243937
24,Full PQ (ML-KEM-768 / ML-DSA-65),ACTIVATE_AUTH,745,0x00000176,0x00000000,59,48,1274965
24,Full PQ (ML-KEM-768 / ML-DSA-65),ACTIVATE_AUTH,746,0x00000151,0x00000000,41,29,1182893
24,Full PQ (ML-KEM-768 / ML-DSA-65),ACTIVATE_CREDENTIAL,747,0x00000147,0x00000000,1296,122,1248575
24,Full PQ (ML-KEM-768 / ML-DSA-65),PCR_READ,748,0x0000017e,0x00000000,20,62,1028536
24,Full PQ (ML-KEM-768 / ML-DSA-65),PCR_READ,749,0x0000017e,0x00000000,20,62,1044967
24,Full PQ (ML-KEM-768 / ML-DSA-65),PCR_READ,750,0x0000017e,0x00000000,20,62,1031911
24,Full PQ (ML-KEM-768 / ML-DSA-65),PCR_READ,751,0x0000017e,0x00000000,20,62,1022935
24,Full PQ (ML-KEM-768 / ML-DSA-65),PCR_READ,752,0x0000017e,0x00000000,20,62,985315
24,Full PQ (ML-KEM-768 / ML-DSA-65),PCR_READ,753,0x0000017e,0x00000000,20,62,974676
24,Full PQ (ML-KEM-768 / ML-DSA-65),PCR_READ,754,0x0000017e,0x00000000,20,62,995133
24,Full PQ (ML-KEM-768 / ML-DSA-65),PCR_READ,755,0x0000017e,0x00000000,20,62,1040468
24,Full PQ (ML-KEM-768 / ML-DSA-65),PCR_READ,756,0x0000017e,0x00000000,20,62,1023957
24,Full PQ (ML-KEM-768 / ML-DSA-65),PCR_READ,757,0x0000017e,0x00000000,20,62,1012546
24,Full PQ (ML-KEM-768 / ML-DSA-65),PCR_READ,758,0x0000017e,0x00000000,20,62,1016273
24,Full PQ (ML-KEM-768 / ML-DSA-65),PCR_READ,759,0x0000017e,0x00000000,20,62,1127250
24,Full PQ (ML-KEM-768 / ML-DSA-65),PCR_READ,760,0x0000017e,0x00000000,20,62,1019198
24,Full PQ (ML-KEM-768 / ML-DSA-65),PCR_READ,761,0x0000017e,0x00000000,20,62,1060155
24,Full PQ (ML-KEM-768 / ML-DSA-65),PCR_READ,762,0x0000017e,0x00000000,20,62,1108084
24,Full PQ (ML-KEM-768 / ML-DSA-65),PCR_READ,763,0x0000017e,0x00000000,20,62,996446
24,Full PQ (ML-KEM-768 / ML-DSA-65),NONCE_RANDOM,764,0x0000017b,0x00000000,12,44,1012466
24,Full PQ (ML-KEM-768 / ML-DSA-65),QUOTE,765,0x00000158,0x00000000,105,3479,1375823
25,Full PQ (ML-KEM-768 / ML-DSA-65),EK_CREATE,773,0x00000131,0x00000000,89,1392,1062339
25,Full PQ (ML-KEM-768 / ML-DSA-65),AK_CREATE,774,0x00000131,0x00000000,88,2127,1002237
25,Full PQ (ML-KEM-768 / ML-DSA-65),CREDENTIAL_RANDOM,775,0x0000017b,0x00000000,12,44,990345
25,Full PQ (ML-KEM-768 / ML-DSA-65),MAKE_CREDENTIAL,776,0x00000168,0x00000000,84,1170,1121218
25,Full PQ (ML-KEM-768 / ML-DSA-65),ACTIVATE_AUTH,777,0x00000176,0x00000000,59,48,1068120
25,Full PQ (ML-KEM-768 / ML-DSA-65),ACTIVATE_AUTH,778,0x00000151,0x00000000,41,29,1006225
25,Full PQ (ML-KEM-768 / ML-DSA-65),ACTIVATE_CREDENTIAL,779,0x00000147,0x00000000,1296,122,1042672
25,Full PQ (ML-KEM-768 / ML-DSA-65),PCR_READ,780,0x0000017e,0x00000000,20,62,1066777
25,Full PQ (ML-KEM-768 / ML-DSA-65),PCR_READ,781,0x0000017e,0x00000000,20,62,1023717
25,Full PQ (ML-KEM-768 / ML-DSA-65),PCR_READ,782,0x0000017e,0x00000000,20,62,1046309
25,Full PQ (ML-KEM-768 / ML-DSA-65),PCR_READ,783,0x0000017e,0x00000000,20,62,1017244
25,Full PQ (ML-KEM-768 / ML-DSA-65),PCR_READ,784,0x0000017e,0x00000000,20,62,1044766
25,Full PQ (ML-KEM-768 / ML-DSA-65),PCR_READ,785,0x0000017e,0x00000000,20,62,1118073
25,Full PQ (ML-KEM-768 / ML-DSA-65),PCR_READ,786,0x0000017e,0x00000000,20,62,1015141
25,Full PQ (ML-KEM-768 / ML-DSA-65),PCR_READ,787,0x0000017e,0x00000000,20,62,1260007
25,Full PQ (ML-KEM-768 / ML-DSA-65),PCR_READ,788,0x0000017e,0x00000000,20,62,1018046
25,Full PQ (ML-KEM-768 / ML-DSA-65),PCR_READ,789,0x0000017e,0x00000000,20,62,1112803
25,Full PQ (ML-KEM-768 / ML-DSA-65),PCR_READ,790,0x0000017e,0x00000000,20,62,1004982
25,Full PQ (ML-KEM-768 / ML-DSA-65),PCR_READ,791,0x0000017e,0x00000000,20,62,969135
25,Full PQ (ML-KEM-768 / ML-DSA-65),PCR_READ,792,0x0000017e,0x00000000,20,62,1030410
25,Full PQ (ML-KEM-768 / ML-DSA-65),PCR_READ,793,0x0000017e,0x00000000,20,62,967031
25,Full PQ (ML-KEM-768 / ML-DSA-65),PCR_READ,794,0x0000017e,0x00000000,20,62,1000995
25,Full PQ (ML-KEM-768 / ML-DSA-65),PCR_READ,795,0x0000017e,0x00000000,20,62,1107043
25,Full PQ (ML-KEM-768 / ML-DSA-65),NONCE_RANDOM,796,0x0000017b,0x00000000,12,44,1075213
25,Full PQ (ML-KEM-768 / ML-DSA-65),QUOTE,797,0x00000158,0x00000000,105,3479,1227176
26,Full PQ (ML-KEM-768 / ML-DSA-65),EK_CREATE,805,0x00000131,0x00000000,89,1392,1069562
26,Full PQ (ML-KEM-768 / ML-DSA-65),AK_CREATE,806,0x00000131,0x00000000,88,2127,1122190
26,Full PQ (ML-KEM-768 / ML-DSA-65),CREDENTIAL_RANDOM,807,0x0000017b,0x00000000,12,44,1028205
26,Full PQ (ML-KEM-768 / ML-DSA-65),MAKE_CREDENTIAL,808,0x00000168,0x00000000,84,1170,1073520
26,Full PQ (ML-KEM-768 / ML-DSA-65),ACTIVATE_AUTH,809,0x00000176,0x00000000,59,48,1028105
26,Full PQ (ML-KEM-768 / ML-DSA-65),ACTIVATE_AUTH,810,0x00000151,0x00000000,41,29,999231
26,Full PQ (ML-KEM-768 / ML-DSA-65),ACTIVATE_CREDENTIAL,811,0x00000147,0x00000000,1296,122,1112212
26,Full PQ (ML-KEM-768 / ML-DSA-65),PCR_READ,812,0x0000017e,0x00000000,20,62,1013408
26,Full PQ (ML-KEM-768 / ML-DSA-65),PCR_READ,813,0x0000017e,0x00000000,20,62,1005693
26,Full PQ (ML-KEM-768 / ML-DSA-65),PCR_READ,814,0x0000017e,0x00000000,20,62,1065394
26,Full PQ (ML-KEM-768 / ML-DSA-65),PCR_READ,815,0x0000017e,0x00000000,20,62,1023457
26,Full PQ (ML-KEM-768 / ML-DSA-65),PCR_READ,816,0x0000017e,0x00000000,20,62,987890
26,Full PQ (ML-KEM-768 / ML-DSA-65),PCR_READ,817,0x0000017e,0x00000000,20,62,918541
26,Full PQ (ML-KEM-768 / ML-DSA-65),PCR_READ,818,0x0000017e,0x00000000,20,62,997187
26,Full PQ (ML-KEM-768 / ML-DSA-65),PCR_READ,819,0x0000017e,0x00000000,20,62,1001836
26,Full PQ (ML-KEM-768 / ML-DSA-65),PCR_READ,820,0x0000017e,0x00000000,20,62,944329
26,Full PQ (ML-KEM-768 / ML-DSA-65),PCR_READ,821,0x0000017e,0x00000000,20,62,981538
26,Full PQ (ML-KEM-768 / ML-DSA-65),PCR_READ,822,0x0000017e,0x00000000,20,62,994823
26,Full PQ (ML-KEM-768 / ML-DSA-65),PCR_READ,823,0x0000017e,0x00000000,20,62,968154
26,Full PQ (ML-KEM-768 / ML-DSA-65),PCR_READ,824,0x0000017e,0x00000000,20,62,986057
26,Full PQ (ML-KEM-768 / ML-DSA-65),PCR_READ,825,0x0000017e,0x00000000,20,62,1012206
26,Full PQ (ML-KEM-768 / ML-DSA-65),PCR_READ,826,0x0000017e,0x00000000,20,62,1123713
26,Full PQ (ML-KEM-768 / ML-DSA-65),PCR_READ,827,0x0000017e,0x00000000,20,62,1030670
26,Full PQ (ML-KEM-768 / ML-DSA-65),NONCE_RANDOM,828,0x0000017b,0x00000000,12,44,1049405
26,Full PQ (ML-KEM-768 / ML-DSA-65),QUOTE,829,0x00000158,0x00000000,105,3479,1338263
27,Full PQ (ML-KEM-768 / ML-DSA-65),EK_CREATE,837,0x00000131,0x00000000,89,1392,1370983
27,Full PQ (ML-KEM-768 / ML-DSA-65),AK_CREATE,838,0x00000131,0x00000000,88,2127,1188293
27,Full PQ (ML-KEM-768 / ML-DSA-65),CREDENTIAL_RANDOM,839,0x0000017b,0x00000000,12,44,1325298
27,Full PQ (ML-KEM-768 / ML-DSA-65),MAKE_CREDENTIAL,840,0x00000168,0x00000000,84,1170,1239749
27,Full PQ (ML-KEM-768 / ML-DSA-65),ACTIVATE_AUTH,841,0x00000176,0x00000000,59,48,1169459
27,Full PQ (ML-KEM-768 / ML-DSA-65),ACTIVATE_AUTH,842,0x00000151,0x00000000,41,29,1103786
27,Full PQ (ML-KEM-768 / ML-DSA-65),ACTIVATE_CREDENTIAL,843,0x00000147,0x00000000,1296,122,1155212
27,Full PQ (ML-KEM-768 / ML-DSA-65),PCR_READ,844,0x0000017e,0x00000000,20,62,1251250
27,Full PQ (ML-KEM-768 / ML-DSA-65),PCR_READ,845,0x0000017e,0x00000000,20,62,974475
27,Full PQ (ML-KEM-768 / ML-DSA-65),PCR_READ,846,0x0000017e,0x00000000,20,62,1093688
27,Full PQ (ML-KEM-768 / ML-DSA-65),PCR_READ,847,0x0000017e,0x00000000,20,62,1125436
27,Full PQ (ML-KEM-768 / ML-DSA-65),PCR_READ,848,0x0000017e,0x00000000,20,62,1066817
27,Full PQ (ML-KEM-768 / ML-DSA-65),PCR_READ,849,0x0000017e,0x00000000,20,62,1068651
27,Full PQ (ML-KEM-768 / ML-DSA-65),PCR_READ,850,0x0000017e,0x00000000,20,62,1096542
27,Full PQ (ML-KEM-768 / ML-DSA-65),PCR_READ,851,0x0000017e,0x00000000,20,62,1049225
27,Full PQ (ML-KEM-768 / ML-DSA-65),PCR_READ,852,0x0000017e,0x00000000,20,62,1030350
27,Full PQ (ML-KEM-768 / ML-DSA-65),PCR_READ,853,0x0000017e,0x00000000,20,62,1054544
27,Full PQ (ML-KEM-768 / ML-DSA-65),PCR_READ,854,0x0000017e,0x00000000,20,62,1043364
27,Full PQ (ML-KEM-768 / ML-DSA-65),PCR_READ,855,0x0000017e,0x00000000,20,62,1086062
27,Full PQ (ML-KEM-768 / ML-DSA-65),PCR_READ,856,0x0000017e,0x00000000,20,62,1279543
27,Full PQ (ML-KEM-768 / ML-DSA-65),PCR_READ,857,0x0000017e,0x00000000,20,62,1258524
27,Full PQ (ML-KEM-768 / ML-DSA-65),PCR_READ,858,0x0000017e,0x00000000,20,62,1105624
27,Full PQ (ML-KEM-768 / ML-DSA-65),PCR_READ,859,0x0000017e,0x00000000,20,62,1101537
27,Full PQ (ML-KEM-768 / ML-DSA-65),NONCE_RANDOM,860,0x0000017b,0x00000000,12,44,1092745
27,Full PQ (ML-KEM-768 / ML-DSA-65),QUOTE,861,0x00000158,0x00000000,105,3479,1527324
28,Full PQ (ML-KEM-768 / ML-DSA-65),EK_CREATE,869,0x00000131,0x00000000,89,1392,1102964
28,Full PQ (ML-KEM-768 / ML-DSA-65),AK_CREATE,870,0x00000131,0x00000000,88,2127,1198733
28,Full PQ (ML-KEM-768 / ML-DSA-65),CREDENTIAL_RANDOM,871,0x0000017b,0x00000000,12,44,1106220
28,Full PQ (ML-KEM-768 / ML-DSA-65),MAKE_CREDENTIAL,872,0x00000168,0x00000000,84,1170,1137018
28,Full PQ (ML-KEM-768 / ML-DSA-65),ACTIVATE_AUTH,873,0x00000176,0x00000000,59,48,1143059
28,Full PQ (ML-KEM-768 / ML-DSA-65),ACTIVATE_AUTH,874,0x00000151,0x00000000,41,29,1132009
28,Full PQ (ML-KEM-768 / ML-DSA-65),ACTIVATE_CREDENTIAL,875,0x00000147,0x00000000,1296,122,1140645
28,Full PQ (ML-KEM-768 / ML-DSA-65),PCR_READ,876,0x0000017e,0x00000000,20,62,997698
28,Full PQ (ML-KEM-768 / ML-DSA-65),PCR_READ,877,0x0000017e,0x00000000,20,62,1140695
28,Full PQ (ML-KEM-768 / ML-DSA-65),PCR_READ,878,0x0000017e,0x00000000,20,62,1072417
28,Full PQ (ML-KEM-768 / ML-DSA-65),PCR_READ,879,0x0000017e,0x00000000,20,62,1124104
28,Full PQ (ML-KEM-768 / ML-DSA-65),PCR_READ,880,0x0000017e,0x00000000,20,62,1235211
28,Full PQ (ML-KEM-768 / ML-DSA-65),PCR_READ,881,0x0000017e,0x00000000,20,62,1400398
28,Full PQ (ML-KEM-768 / ML-DSA-65),PCR_READ,882,0x0000017e,0x00000000,20,62,1066867
28,Full PQ (ML-KEM-768 / ML-DSA-65),PCR_READ,883,0x0000017e,0x00000000,20,62,967091
28,Full PQ (ML-KEM-768 / ML-DSA-65),PCR_READ,884,0x0000017e,0x00000000,20,62,942336
28,Full PQ (ML-KEM-768 / ML-DSA-65),PCR_READ,885,0x0000017e,0x00000000,20,62,1036120
28,Full PQ (ML-KEM-768 / ML-DSA-65),PCR_READ,886,0x0000017e,0x00000000,20,62,950260
28,Full PQ (ML-KEM-768 / ML-DSA-65),PCR_READ,887,0x0000017e,0x00000000,20,62,1040347
28,Full PQ (ML-KEM-768 / ML-DSA-65),PCR_READ,888,0x0000017e,0x00000000,20,62,999582
28,Full PQ (ML-KEM-768 / ML-DSA-65),PCR_READ,889,0x0000017e,0x00000000,20,62,1072788
28,Full PQ (ML-KEM-768 / ML-DSA-65),PCR_READ,890,0x0000017e,0x00000000,20,62,1110138
28,Full PQ (ML-KEM-768 / ML-DSA-65),PCR_READ,891,0x0000017e,0x00000000,20,62,1076035
28,Full PQ (ML-KEM-768 / ML-DSA-65),NONCE_RANDOM,892,0x0000017b,0x00000000,12,44,1103045
28,Full PQ (ML-KEM-768 / ML-DSA-65),QUOTE,893,0x00000158,0x00000000,105,3479,1346729
29,Full PQ (ML-KEM-768 / ML-DSA-65),EK_CREATE,901,0x00000131,0x00000000,89,1392,962052
29,Full PQ (ML-KEM-768 / ML-DSA-65),AK_CREATE,902,0x00000131,0x00000000,88,2127,1063822
29,Full PQ (ML-KEM-768 / ML-DSA-65),CREDENTIAL_RANDOM,903,0x0000017b,0x00000000,12,44,1025019
29,Full PQ (ML-KEM-768 / ML-DSA-65),MAKE_CREDENTIAL,904,0x00000168,0x00000000,84,1170,1056848
29,Full PQ (ML-KEM-768 / ML-DSA-65),ACTIVATE_AUTH,905,0x00000176,0x00000000,59,48,934000
29,Full PQ (ML-KEM-768 / ML-DSA-65),ACTIVATE_AUTH,906,0x00000151,0x00000000,41,29,1017715
29,Full PQ (ML-KEM-768 / ML-DSA-65),ACTIVATE_CREDENTIAL,907,0x00000147,0x00000000,1296,122,1039878
29,Full PQ (ML-KEM-768 / ML-DSA-65),PCR_READ,908,0x0000017e,0x00000000,20,62,1025080
29,Full PQ (ML-KEM-768 / ML-DSA-65),PCR_READ,909,0x0000017e,0x00000000,20,62,1004531
29,Full PQ (ML-KEM-768 / ML-DSA-65),PCR_READ,910,0x0000017e,0x00000000,20,62,1057119
29,Full PQ (ML-KEM-768 / ML-DSA-65),PCR_READ,911,0x0000017e,0x00000000,20,62,1008628
29,Full PQ (ML-KEM-768 / ML-DSA-65),PCR_READ,912,0x0000017e,0x00000000,20,62,1000855
29,Full PQ (ML-KEM-768 / ML-DSA-65),PCR_READ,913,0x0000017e,0x00000000,20,62,1033275
29,Full PQ (ML-KEM-768 / ML-DSA-65),PCR_READ,914,0x0000017e,0x00000000,20,62,997427
29,Full PQ (ML-KEM-768 / ML-DSA-65),PCR_READ,915,0x0000017e,0x00000000,20,62,1000574
29,Full PQ (ML-KEM-768 / ML-DSA-65),PCR_READ,916,0x0000017e,0x00000000,20,62,979204
29,Full PQ (ML-KEM-768 / ML-DSA-65),PCR_READ,917,0x0000017e,0x00000000,20,62,977791
29,Full PQ (ML-KEM-768 / ML-DSA-65),PCR_READ,918,0x0000017e,0x00000000,20,62,1065705
29,Full PQ (ML-KEM-768 / ML-DSA-65),PCR_READ,919,0x0000017e,0x00000000,20,62,1007687
29,Full PQ (ML-KEM-768 / ML-DSA-65),PCR_READ,920,0x0000017e,0x00000000,20,62,987169
29,Full PQ (ML-KEM-768 / ML-DSA-65),PCR_READ,921,0x0000017e,0x00000000,20,62,997699
29,Full PQ (ML-KEM-768 / ML-DSA-65),PCR_READ,922,0x0000017e,0x00000000,20,62,974975
29,Full PQ (ML-KEM-768 / ML-DSA-65),PCR_READ,923,0x0000017e,0x00000000,20,62,1018858
29,Full PQ (ML-KEM-768 / ML-DSA-65),NONCE_RANDOM,924,0x0000017b,0x00000000,12,44,993962
29,Full PQ (ML-KEM-768 / ML-DSA-65),QUOTE,925,0x00000158,0x00000000,105,3479,1604468
30,Full PQ (ML-KEM-768 / ML-DSA-65),EK_CREATE,933,0x00000131,0x00000000,89,1392,975988
30,Full PQ (ML-KEM-768 / ML-DSA-65),AK_CREATE,934,0x00000131,0x00000000,88,2127,976940
30,Full PQ (ML-KEM-768 / ML-DSA-65),CREDENTIAL_RANDOM,935,0x0000017b,0x00000000,12,44,1197350
30,Full PQ (ML-KEM-768 / ML-DSA-65),MAKE_CREDENTIAL,936,0x00000168,0x00000000,84,1170,1222998
30,Full PQ (ML-KEM-768 / ML-DSA-65),ACTIVATE_AUTH,937,0x00000176,0x00000000,59,48,1855806
30,Full PQ (ML-KEM-768 / ML-DSA-65),ACTIVATE_AUTH,938,0x00000151,0x00000000,41,29,1096672
30,Full PQ (ML-KEM-768 / ML-DSA-65),ACTIVATE_CREDENTIAL,939,0x00000147,0x00000000,1296,122,1167264
30,Full PQ (ML-KEM-768 / ML-DSA-65),PCR_READ,940,0x0000017e,0x00000000,20,62,981899
30,Full PQ (ML-KEM-768 / ML-DSA-65),PCR_READ,941,0x0000017e,0x00000000,20,62,1172284
30,Full PQ (ML-KEM-768 / ML-DSA-65),PCR_READ,942,0x0000017e,0x00000000,20,62,1244358
30,Full PQ (ML-KEM-768 / ML-DSA-65),PCR_READ,943,0x0000017e,0x00000000,20,62,1083017
30,Full PQ (ML-KEM-768 / ML-DSA-65),PCR_READ,944,0x0000017e,0x00000000,20,62,1053507
30,Full PQ (ML-KEM-768 / ML-DSA-65),PCR_READ,945,0x0000017e,0x00000000,20,62,1083814
30,Full PQ (ML-KEM-768 / ML-DSA-65),PCR_READ,946,0x0000017e,0x00000000,20,62,1092635
30,Full PQ (ML-KEM-768 / ML-DSA-65),PCR_READ,947,0x0000017e,0x00000000,20,62,1100539
30,Full PQ (ML-KEM-768 / ML-DSA-65),PCR_READ,948,0x0000017e,0x00000000,20,62,1056397
30,Full PQ (ML-KEM-768 / ML-DSA-65),PCR_READ,949,0x0000017e,0x00000000,20,62,1055005
30,Full PQ (ML-KEM-768 / ML-DSA-65),PCR_READ,950,0x0000017e,0x00000000,20,62,1020741
30,Full PQ (ML-KEM-768 / ML-DSA-65),PCR_READ,951,0x0000017e,0x00000000,20,62,1017395
30,Full PQ (ML-KEM-768 / ML-DSA-65),PCR_READ,952,0x0000017e,0x00000000,20,62,2764359
30,Full PQ (ML-KEM-768 / ML-DSA-65),PCR_READ,953,0x0000017e,0x00000000,20,62,1045307
30,Full PQ (ML-KEM-768 / ML-DSA-65),PCR_READ,954,0x0000017e,0x00000000,20,62,1016283
30,Full PQ (ML-KEM-768 / ML-DSA-65),PCR_READ,955,0x0000017e,0x00000000,20,62,1019389
30,Full PQ (ML-KEM-768 / ML-DSA-65),NONCE_RANDOM,956,0x0000017b,0x00000000,12,44,1073750
30,Full PQ (ML-KEM-768 / ML-DSA-65),QUOTE,957,0x00000158,0x00000000,105,3479,1514551
31,Full PQ (ML-KEM-768 / ML-DSA-65),EK_CREATE,965,0x00000131,0x00000000,89,1392,1060525
31,Full PQ (ML-KEM-768 / ML-DSA-65),AK_CREATE,966,0x00000131,0x00000000,88,2127,1090401
31,Full PQ (ML-KEM-768 / ML-DSA-65),CREDENTIAL_RANDOM,967,0x0000017b,0x00000000,12,44,1016603
31,Full PQ (ML-KEM-768 / ML-DSA-65),MAKE_CREDENTIAL,968,0x00000168,0x00000000,84,1170,1211176
31,Full PQ (ML-KEM-768 / ML-DSA-65),ACTIVATE_AUTH,969,0x00000176,0x00000000,59,48,1016223
31,Full PQ (ML-KEM-768 / ML-DSA-65),ACTIVATE_AUTH,970,0x00000151,0x00000000,41,29,1270797
31,Full PQ (ML-KEM-768 / ML-DSA-65),ACTIVATE_CREDENTIAL,971,0x00000147,0x00000000,1296,122,1191650
31,Full PQ (ML-KEM-768 / ML-DSA-65),PCR_READ,972,0x0000017e,0x00000000,20,62,1049305
31,Full PQ (ML-KEM-768 / ML-DSA-65),PCR_READ,973,0x0000017e,0x00000000,20,62,1286917
31,Full PQ (ML-KEM-768 / ML-DSA-65),PCR_READ,974,0x0000017e,0x00000000,20,62,1063521
31,Full PQ (ML-KEM-768 / ML-DSA-65),PCR_READ,975,0x0000017e,0x00000000,20,62,1076355
31,Full PQ (ML-KEM-768 / ML-DSA-65),PCR_READ,976,0x0000017e,0x00000000,20,62,1163558
31,Full PQ (ML-KEM-768 / ML-DSA-65),PCR_READ,977,0x0000017e,0x00000000,20,62,1052410
31,Full PQ (ML-KEM-768 / ML-DSA-65),PCR_READ,978,0x0000017e,0x00000000,20,62,1052020
31,Full PQ (ML-KEM-768 / ML-DSA-65),PCR_READ,979,0x0000017e,0x00000000,20,62,1107083
31,Full PQ (ML-KEM-768 / ML-DSA-65),PCR_READ,980,0x0000017e,0x00000000,20,62,1142467
31,Full PQ (ML-KEM-768 / ML-DSA-65),PCR_READ,981,0x0000017e,0x00000000,20,62,1129043
31,Full PQ (ML-KEM-768 / ML-DSA-65),PCR_READ,982,0x0000017e,0x00000000,20,62,1128763
31,Full PQ (ML-KEM-768 / ML-DSA-65),PCR_READ,983,0x0000017e,0x00000000,20,62,1035299
31,Full PQ (ML-KEM-768 / ML-DSA-65),PCR_READ,984,0x0000017e,0x00000000,20,62,1099458
31,Full PQ (ML-KEM-768 / ML-DSA-65),PCR_READ,985,0x0000017e,0x00000000,20,62,995143
31,Full PQ (ML-KEM-768 / ML-DSA-65),PCR_READ,986,0x0000017e,0x00000000,20,62,974195
31,Full PQ (ML-KEM-768 / ML-DSA-65),PCR_READ,987,0x0000017e,0x00000000,20,62,1149732
31,Full PQ (ML-KEM-768 / ML-DSA-65),NONCE_RANDOM,988,0x0000017b,0x00000000,12,44,1325509
31,Full PQ (ML-KEM-768 / ML-DSA-65),QUOTE,989,0x00000158,0x00000000,105,3479,1545078
32,Full PQ (ML-KEM-768 / ML-DSA-65),EK_CREATE,997,0x00000131,0x00000000,89,1392,1043513
32,Full PQ (ML-KEM-768 / ML-DSA-65),AK_CREATE,998,0x00000131,0x00000000,88,2127,3004246
32,Full PQ (ML-KEM-768 / ML-DSA-65),CREDENTIAL_RANDOM,999,0x0000017b,0x00000000,12,44,1287528
32,Full PQ (ML-KEM-768 / ML-DSA-65),MAKE_CREDENTIAL,1000,0x00000168,0x00000000,84,1170,1140375
32,Full PQ (ML-KEM-768 / ML-DSA-65),ACTIVATE_AUTH,1001,0x00000176,0x00000000,59,48,1053853
32,Full PQ (ML-KEM-768 / ML-DSA-65),ACTIVATE_AUTH,1002,0x00000151,0x00000000,41,29,1210995
32,Full PQ (ML-KEM-768 / ML-DSA-65),ACTIVATE_CREDENTIAL,1003,0x00000147,0x00000000,1296,122,1138570
32,Full PQ (ML-KEM-768 / ML-DSA-65),PCR_READ,1004,0x0000017e,0x00000000,20,62,1052821
32,Full PQ (ML-KEM-768 / ML-DSA-65),PCR_READ,1005,0x0000017e,0x00000000,20,62,1158768
32,Full PQ (ML-KEM-768 / ML-DSA-65),PCR_READ,1006,0x0000017e,0x00000000,20,62,1062609
32,Full PQ (ML-KEM-768 / ML-DSA-65),PCR_READ,1007,0x0000017e,0x00000000,20,62,1189816
32,Full PQ (ML-KEM-768 / ML-DSA-65),PCR_READ,1008,0x0000017e,0x00000000,20,62,1161023
32,Full PQ (ML-KEM-768 / ML-DSA-65),PCR_READ,1009,0x0000017e,0x00000000,20,62,1182442
32,Full PQ (ML-KEM-768 / ML-DSA-65),PCR_READ,1010,0x0000017e,0x00000000,20,62,1034778
32,Full PQ (ML-KEM-768 / ML-DSA-65),PCR_READ,1011,0x0000017e,0x00000000,20,62,1255218
32,Full PQ (ML-KEM-768 / ML-DSA-65),PCR_READ,1012,0x0000017e,0x00000000,20,62,1036310
32,Full PQ (ML-KEM-768 / ML-DSA-65),PCR_READ,1013,0x0000017e,0x00000000,20,62,1011995
32,Full PQ (ML-KEM-768 / ML-DSA-65),PCR_READ,1014,0x0000017e,0x00000000,20,62,1235622
32,Full PQ (ML-KEM-768 / ML-DSA-65),PCR_READ,1015,0x0000017e,0x00000000,20,62,1174092
32,Full PQ (ML-KEM-768 / ML-DSA-65),PCR_READ,1016,0x0000017e,0x00000000,20,62,1265543
32,Full PQ (ML-KEM-768 / ML-DSA-65),PCR_READ,1017,0x0000017e,0x00000000,20,62,1188074
32,Full PQ (ML-KEM-768 / ML-DSA-65),PCR_READ,1018,0x0000017e,0x00000000,20,62,1727467
32,Full PQ (ML-KEM-768 / ML-DSA-65),PCR_READ,1019,0x0000017e,0x00000000,20,62,1102754
32,Full PQ (ML-KEM-768 / ML-DSA-65),NONCE_RANDOM,1020,0x0000017b,0x00000000,12,44,1142689
32,Full PQ (ML-KEM-768 / ML-DSA-65),QUOTE,1021,0x00000158,0x00000000,105,3479,1373940
33,Full PQ (ML-KEM-768 / ML-DSA-65),EK_CREATE,1029,0x00000131,0x00000000,89,1392,1185048
33,Full PQ (ML-KEM-768 / ML-DSA-65),AK_CREATE,1030,0x00000131,0x00000000,88,2127,1206187
33,Full PQ (ML-KEM-768 / ML-DSA-65),CREDENTIAL_RANDOM,1031,0x0000017b,0x00000000,12,44,1078820
33,Full PQ (ML-KEM-768 / ML-DSA-65),MAKE_CREDENTIAL,1032,0x00000168,0x00000000,84,1170,1108154
33,Full PQ (ML-KEM-768 / ML-DSA-65),ACTIVATE_AUTH,1033,0x00000176,0x00000000,59,48,1105178
33,Full PQ (ML-KEM-768 / ML-DSA-65),ACTIVATE_AUTH,1034,0x00000151,0x00000000,41,29,1126729
33,Full PQ (ML-KEM-768 / ML-DSA-65),ACTIVATE_CREDENTIAL,1035,0x00000147,0x00000000,1296,122,1039827
33,Full PQ (ML-KEM-768 / ML-DSA-65),PCR_READ,1036,0x0000017e,0x00000000,20,62,943427
33,Full PQ (ML-KEM-768 / ML-DSA-65),PCR_READ,1037,0x0000017e,0x00000000,20,62,1080683
33,Full PQ (ML-KEM-768 / ML-DSA-65),PCR_READ,1038,0x0000017e,0x00000000,20,62,1077487
33,Full PQ (ML-KEM-768 / ML-DSA-65),PCR_READ,1039,0x0000017e,0x00000000,20,62,1023687
33,Full PQ (ML-KEM-768 / ML-DSA-65),PCR_READ,1040,0x0000017e,0x00000000,20,62,1072458
33,Full PQ (ML-KEM-768 / ML-DSA-65),PCR_READ,1041,0x0000017e,0x00000000,20,62,1061768
33,Full PQ (ML-KEM-768 / ML-DSA-65),PCR_READ,1042,0x0000017e,0x00000000,20,62,1017034
33,Full PQ (ML-KEM-768 / ML-DSA-65),PCR_READ,1043,0x0000017e,0x00000000,20,62,1109767
33,Full PQ (ML-KEM-768 / ML-DSA-65),PCR_READ,1044,0x0000017e,0x00000000,20,62,1090862
33,Full PQ (ML-KEM-768 / ML-DSA-65),PCR_READ,1045,0x0000017e,0x00000000,20,62,1086935
33,Full PQ (ML-KEM-768 / ML-DSA-65),PCR_READ,1046,0x0000017e,0x00000000,20,62,1033144
33,Full PQ (ML-KEM-768 / ML-DSA-65),PCR_READ,1047,0x0000017e,0x00000000,20,62,1048053
33,Full PQ (ML-KEM-768 / ML-DSA-65),PCR_READ,1048,0x0000017e,0x00000000,20,62,1154325
33,Full PQ (ML-KEM-768 / ML-DSA-65),PCR_READ,1049,0x0000017e,0x00000000,20,62,1297302
33,Full PQ (ML-KEM-768 / ML-DSA-65),PCR_READ,1050,0x0000017e,0x00000000,20,62,967523
33,Full PQ (ML-KEM-768 / ML-DSA-65),PCR_READ,1051,0x0000017e,0x00000000,20,62,1022805
33,Full PQ (ML-KEM-768 / ML-DSA-65),NONCE_RANDOM,1052,0x0000017b,0x00000000,12,44,1507818
33,Full PQ (ML-KEM-768 / ML-DSA-65),QUOTE,1053,0x00000158,0x00000000,105,3479,1417170
34,Full PQ (ML-KEM-768 / ML-DSA-65),EK_CREATE,1061,0x00000131,0x00000000,89,1392,1558303
34,Full PQ (ML-KEM-768 / ML-DSA-65),AK_CREATE,1062,0x00000131,0x00000000,88,2127,1138461
34,Full PQ (ML-KEM-768 / ML-DSA-65),CREDENTIAL_RANDOM,1063,0x0000017b,0x00000000,12,44,1108345
34,Full PQ (ML-KEM-768 / ML-DSA-65),MAKE_CREDENTIAL,1064,0x00000168,0x00000000,84,1170,1124956
34,Full PQ (ML-KEM-768 / ML-DSA-65),ACTIVATE_AUTH,1065,0x00000176,0x00000000,59,48,1038555
34,Full PQ (ML-KEM-768 / ML-DSA-65),ACTIVATE_AUTH,1066,0x00000151,0x00000000,41,29,1060495
34,Full PQ (ML-KEM-768 / ML-DSA-65),ACTIVATE_CREDENTIAL,1067,0x00000147,0x00000000,1296,122,1202289
34,Full PQ (ML-KEM-768 / ML-DSA-65),PCR_READ,1068,0x0000017e,0x00000000,20,62,1078339
34,Full PQ (ML-KEM-768 / ML-DSA-65),PCR_READ,1069,0x0000017e,0x00000000,20,62,1050186
34,Full PQ (ML-KEM-768 / ML-DSA-65),PCR_READ,1070,0x0000017e,0x00000000,20,62,1074231
34,Full PQ (ML-KEM-768 / ML-DSA-65),PCR_READ,1071,0x0000017e,0x00000000,20,62,1002567
34,Full PQ (ML-KEM-768 / ML-DSA-65),PCR_READ,1072,0x0000017e,0x00000000,20,62,1086334
34,Full PQ (ML-KEM-768 / ML-DSA-65),PCR_READ,1073,0x0000017e,0x00000000,20,62,1008338
34,Full PQ (ML-KEM-768 / ML-DSA-65),PCR_READ,1074,0x0000017e,0x00000000,20,62,2888230
34,Full PQ (ML-KEM-768 / ML-DSA-65),PCR_READ,1075,0x0000017e,0x00000000,20,62,1121058
34,Full PQ (ML-KEM-768 / ML-DSA-65),PCR_READ,1076,0x0000017e,0x00000000,20,62,1183424
34,Full PQ (ML-KEM-768 / ML-DSA-65),PCR_READ,1077,0x0000017e,0x00000000,20,62,1085663
34,Full PQ (ML-KEM-768 / ML-DSA-65),PCR_READ,1078,0x0000017e,0x00000000,20,62,1045708
34,Full PQ (ML-KEM-768 / ML-DSA-65),PCR_READ,1079,0x0000017e,0x00000000,20,62,1129253
34,Full PQ (ML-KEM-768 / ML-DSA-65),PCR_READ,1080,0x0000017e,0x00000000,20,62,1157377
34,Full PQ (ML-KEM-768 / ML-DSA-65),PCR_READ,1081,0x0000017e,0x00000000,20,62,1666304
34,Full PQ (ML-KEM-768 / ML-DSA-65),PCR_READ,1082,0x0000017e,0x00000000,20,62,1105709
34,Full PQ (ML-KEM-768 / ML-DSA-65),PCR_READ,1083,0x0000017e,0x00000000,20,62,1359061
34,Full PQ (ML-KEM-768 / ML-DSA-65),NONCE_RANDOM,1084,0x0000017b,0x00000000,12,44,1136537
34,Full PQ (ML-KEM-768 / ML-DSA-65),QUOTE,1085,0x00000158,0x00000000,105,3479,1303378
35,Full PQ (ML-KEM-768 / ML-DSA-65),EK_CREATE,1093,0x00000131,0x00000000,89,1392,1276267
35,Full PQ (ML-KEM-768 / ML-DSA-65),AK_CREATE,1094,0x00000131,0x00000000,88,2127,1236182
35,Full PQ (ML-KEM-768 / ML-DSA-65),CREDENTIAL_RANDOM,1095,0x0000017b,0x00000000,12,44,1057379
35,Full PQ (ML-KEM-768 / ML-DSA-65),MAKE_CREDENTIAL,1096,0x00000168,0x00000000,84,1170,1146355
35,Full PQ (ML-KEM-768 / ML-DSA-65),ACTIVATE_AUTH,1097,0x00000176,0x00000000,59,48,1061047
35,Full PQ (ML-KEM-768 / ML-DSA-65),ACTIVATE_AUTH,1098,0x00000151,0x00000000,41,29,1168045
35,Full PQ (ML-KEM-768 / ML-DSA-65),ACTIVATE_CREDENTIAL,1099,0x00000147,0x00000000,1296,122,1295443
35,Full PQ (ML-KEM-768 / ML-DSA-65),PCR_READ,1100,0x0000017e,0x00000000,20,62,1107373
35,Full PQ (ML-KEM-768 / ML-DSA-65),PCR_READ,1101,0x0000017e,0x00000000,20,62,1173365
35,Full PQ (ML-KEM-768 / ML-DSA-65),PCR_READ,1102,0x0000017e,0x00000000,20,62,1082266
35,Full PQ (ML-KEM-768 / ML-DSA-65),PCR_READ,1103,0x0000017e,0x00000000,20,62,1114666
35,Full PQ (ML-KEM-768 / ML-DSA-65),PCR_READ,1104,0x0000017e,0x00000000,20,62,1134744
35,Full PQ (ML-KEM-768 / ML-DSA-65),PCR_READ,1105,0x0000017e,0x00000000,20,62,1217668
35,Full PQ (ML-KEM-768 / ML-DSA-65),PCR_READ,1106,0x0000017e,0x00000000,20,62,1131367
35,Full PQ (ML-KEM-768 / ML-DSA-65),PCR_READ,1107,0x0000017e,0x00000000,20,62,1166963
35,Full PQ (ML-KEM-768 / ML-DSA-65),PCR_READ,1108,0x0000017e,0x00000000,20,62,1207429
35,Full PQ (ML-KEM-768 / ML-DSA-65),PCR_READ,1109,0x0000017e,0x00000000,20,62,1171277
35,Full PQ (ML-KEM-768 / ML-DSA-65),PCR_READ,1110,0x0000017e,0x00000000,20,62,1177859
35,Full PQ (ML-KEM-768 / ML-DSA-65),PCR_READ,1111,0x0000017e,0x00000000,20,62,1083859
35,Full PQ (ML-KEM-768 / ML-DSA-65),PCR_READ,1112,0x0000017e,0x00000000,20,62,1423822
35,Full PQ (ML-KEM-768 / ML-DSA-65),PCR_READ,1113,0x0000017e,0x00000000,20,62,1602344
35,Full PQ (ML-KEM-768 / ML-DSA-65),PCR_READ,1114,0x0000017e,0x00000000,20,62,2395432
35,Full PQ (ML-KEM-768 / ML-DSA-65),PCR_READ,1115,0x0000017e,0x00000000,20,62,1821994
35,Full PQ (ML-KEM-768 / ML-DSA-65),NONCE_RANDOM,1116,0x0000017b,0x00000000,12,44,1352439
35,Full PQ (ML-KEM-768 / ML-DSA-65),QUOTE,1117,0x00000158,0x00000000,105,3479,3078775
36,Full PQ (ML-KEM-768 / ML-DSA-65),EK_CREATE,1125,0x00000131,0x00000000,89,1392,1117712
36,Full PQ (ML-KEM-768 / ML-DSA-65),AK_CREATE,1126,0x00000131,0x00000000,88,2127,1216716
36,Full PQ (ML-KEM-768 / ML-DSA-65),CREDENTIAL_RANDOM,1127,0x0000017b,0x00000000,12,44,1203392
36,Full PQ (ML-KEM-768 / ML-DSA-65),MAKE_CREDENTIAL,1128,0x00000168,0x00000000,84,1170,1422359
36,Full PQ (ML-KEM-768 / ML-DSA-65),ACTIVATE_AUTH,1129,0x00000176,0x00000000,59,48,1543145
36,Full PQ (ML-KEM-768 / ML-DSA-65),ACTIVATE_AUTH,1130,0x00000151,0x00000000,41,29,1202119
36,Full PQ (ML-KEM-768 / ML-DSA-65),ACTIVATE_CREDENTIAL,1131,0x00000147,0x00000000,1296,122,1268292
36,Full PQ (ML-KEM-768 / ML-DSA-65),PCR_READ,1132,0x0000017e,0x00000000,20,62,1103736
36,Full PQ (ML-KEM-768 / ML-DSA-65),PCR_READ,1133,0x0000017e,0x00000000,20,62,1220854
36,Full PQ (ML-KEM-768 / ML-DSA-65),PCR_READ,1134,0x0000017e,0x00000000,20,62,1212378
36,Full PQ (ML-KEM-768 / ML-DSA-65),PCR_READ,1135,0x0000017e,0x00000000,20,62,1231304
36,Full PQ (ML-KEM-768 / ML-DSA-65),PCR_READ,1136,0x0000017e,0x00000000,20,62,1226945
36,Full PQ (ML-KEM-768 / ML-DSA-65),PCR_READ,1137,0x0000017e,0x00000000,20,62,1254246
36,Full PQ (ML-KEM-768 / ML-DSA-65),PCR_READ,1138,0x0000017e,0x00000000,20,62,1342040
36,Full PQ (ML-KEM-768 / ML-DSA-65),PCR_READ,1139,0x0000017e,0x00000000,20,62,1746713
36,Full PQ (ML-KEM-768 / ML-DSA-65),PCR_READ,1140,0x0000017e,0x00000000,20,62,1698594
36,Full PQ (ML-KEM-768 / ML-DSA-65),PCR_READ,1141,0x0000017e,0x00000000,20,62,1256460
36,Full PQ (ML-KEM-768 / ML-DSA-65),PCR_READ,1142,0x0000017e,0x00000000,20,62,1130725
36,Full PQ (ML-KEM-768 / ML-DSA-65),PCR_READ,1143,0x0000017e,0x00000000,20,62,1263383
36,Full PQ (ML-KEM-768 / ML-DSA-65),PCR_READ,1144,0x0000017e,0x00000000,20,62,2516257
36,Full PQ (ML-KEM-768 / ML-DSA-65),PCR_READ,1145,0x0000017e,0x00000000,20,62,2094311
36,Full PQ (ML-KEM-768 / ML-DSA-65),PCR_READ,1146,0x0000017e,0x00000000,20,62,1558473
36,Full PQ (ML-KEM-768 / ML-DSA-65),PCR_READ,1147,0x0000017e,0x00000000,20,62,1620619
36,Full PQ (ML-KEM-768 / ML-DSA-65),NONCE_RANDOM,1148,0x0000017b,0x00000000,12,44,1566719
36,Full PQ (ML-KEM-768 / ML-DSA-65),QUOTE,1149,0x00000158,0x00000000,105,3479,3577784
37,Full PQ (ML-KEM-768 / ML-DSA-65),EK_CREATE,1157,0x00000131,0x00000000,89,1392,1332703
37,Full PQ (ML-KEM-768 / ML-DSA-65),AK_CREATE,1158,0x00000131,0x00000000,88,2127,1564167
37,Full PQ (ML-KEM-768 / ML-DSA-65),CREDENTIAL_RANDOM,1159,0x0000017b,0x00000000,12,44,1458203
37,Full PQ (ML-KEM-768 / ML-DSA-65),MAKE_CREDENTIAL,1160,0x00000168,0x00000000,84,1170,2988470
37,Full PQ (ML-KEM-768 / ML-DSA-65),ACTIVATE_AUTH,1161,0x00000176,0x00000000,59,48,1400816
37,Full PQ (ML-KEM-768 / ML-DSA-65),ACTIVATE_AUTH,1162,0x00000151,0x00000000,41,29,1163510
37,Full PQ (ML-KEM-768 / ML-DSA-65),ACTIVATE_CREDENTIAL,1163,0x00000147,0x00000000,1296,122,1182950
37,Full PQ (ML-KEM-768 / ML-DSA-65),PCR_READ,1164,0x0000017e,0x00000000,20,62,1274344
37,Full PQ (ML-KEM-768 / ML-DSA-65),PCR_READ,1165,0x0000017e,0x00000000,20,62,2401884
37,Full PQ (ML-KEM-768 / ML-DSA-65),PCR_READ,1166,0x0000017e,0x00000000,20,62,1186881
37,Full PQ (ML-KEM-768 / ML-DSA-65),PCR_READ,1167,0x0000017e,0x00000000,20,62,959567
37,Full PQ (ML-KEM-768 / ML-DSA-65),PCR_READ,1168,0x0000017e,0x00000000,20,62,1598728
37,Full PQ (ML-KEM-768 / ML-DSA-65),PCR_READ,1169,0x0000017e,0x00000000,20,62,1372125
37,Full PQ (ML-KEM-768 / ML-DSA-65),PCR_READ,1170,0x0000017e,0x00000000,20,62,1160592
37,Full PQ (ML-KEM-768 / ML-DSA-65),PCR_READ,1171,0x0000017e,0x00000000,20,62,1311728
37,Full PQ (ML-KEM-768 / ML-DSA-65),PCR_READ,1172,0x0000017e,0x00000000,20,62,1336014
37,Full PQ (ML-KEM-768 / ML-DSA-65),PCR_READ,1173,0x0000017e,0x00000000,20,62,1268623
37,Full PQ (ML-KEM-768 / ML-DSA-65),PCR_READ,1174,0x0000017e,0x00000000,20,62,1267801
37,Full PQ (ML-KEM-768 / ML-DSA-65),PCR_READ,1175,0x0000017e,0x00000000,20,62,1169950
37,Full PQ (ML-KEM-768 / ML-DSA-65),PCR_READ,1176,0x0000017e,0x00000000,20,62,1105118
37,Full PQ (ML-KEM-768 / ML-DSA-65),PCR_READ,1177,0x0000017e,0x00000000,20,62,1260011
37,Full PQ (ML-KEM-768 / ML-DSA-65),PCR_READ,1178,0x0000017e,0x00000000,20,62,1334140
37,Full PQ (ML-KEM-768 / ML-DSA-65),PCR_READ,1179,0x0000017e,0x00000000,20,62,1215884
37,Full PQ (ML-KEM-768 / ML-DSA-65),NONCE_RANDOM,1180,0x0000017b,0x00000000,12,44,2305808
37,Full PQ (ML-KEM-768 / ML-DSA-65),QUOTE,1181,0x00000158,0x00000000,105,3479,2184186
38,Full PQ (ML-KEM-768 / ML-DSA-65),EK_CREATE,1189,0x00000131,0x00000000,89,1392,1230191
38,Full PQ (ML-KEM-768 / ML-DSA-65),AK_CREATE,1190,0x00000131,0x00000000,88,2127,1176441
38,Full PQ (ML-KEM-768 / ML-DSA-65),CREDENTIAL_RANDOM,1191,0x0000017b,0x00000000,12,44,1478865
38,Full PQ (ML-KEM-768 / ML-DSA-65),MAKE_CREDENTIAL,1192,0x00000168,0x00000000,84,1170,1915919
38,Full PQ (ML-KEM-768 / ML-DSA-65),ACTIVATE_AUTH,1193,0x00000176,0x00000000,59,48,1201027
38,Full PQ (ML-KEM-768 / ML-DSA-65),ACTIVATE_AUTH,1194,0x00000151,0x00000000,41,29,1011114
38,Full PQ (ML-KEM-768 / ML-DSA-65),ACTIVATE_CREDENTIAL,1195,0x00000147,0x00000000,1296,122,1708406
38,Full PQ (ML-KEM-768 / ML-DSA-65),PCR_READ,1196,0x0000017e,0x00000000,20,62,1321268
38,Full PQ (ML-KEM-768 / ML-DSA-65),PCR_READ,1197,0x0000017e,0x00000000,20,62,1056749
38,Full PQ (ML-KEM-768 / ML-DSA-65),PCR_READ,1198,0x0000017e,0x00000000,20,62,1170190
38,Full PQ (ML-KEM-768 / ML-DSA-65),PCR_READ,1199,0x0000017e,0x00000000,20,62,1134032
38,Full PQ (ML-KEM-768 / ML-DSA-65),PCR_READ,1200,0x0000017e,0x00000000,20,62,1134023
38,Full PQ (ML-KEM-768 / ML-DSA-65),PCR_READ,1201,0x0000017e,0x00000000,20,62,1875063
38,Full PQ (ML-KEM-768 / ML-DSA-65),PCR_READ,1202,0x0000017e,0x00000000,20,62,1161984
38,Full PQ (ML-KEM-768 / ML-DSA-65),PCR_READ,1203,0x0000017e,0x00000000,20,62,1018117
38,Full PQ (ML-KEM-768 / ML-DSA-65),PCR_READ,1204,0x0000017e,0x00000000,20,62,1062910
38,Full PQ (ML-KEM-768 / ML-DSA-65),PCR_READ,1205,0x0000017e,0x00000000,20,62,1182362
38,Full PQ (ML-KEM-768 / ML-DSA-65),PCR_READ,1206,0x0000017e,0x00000000,20,62,3469613
38,Full PQ (ML-KEM-768 / ML-DSA-65),PCR_READ,1207,0x0000017e,0x00000000,20,62,1158759
38,Full PQ (ML-KEM-768 / ML-DSA-65),PCR_READ,1208,0x0000017e,0x00000000,20,62,1440935
38,Full PQ (ML-KEM-768 / ML-DSA-65),PCR_READ,1209,0x0000017e,0x00000000,20,62,1118433
38,Full PQ (ML-KEM-768 / ML-DSA-65),PCR_READ,1210,0x0000017e,0x00000000,20,62,1129905
38,Full PQ (ML-KEM-768 / ML-DSA-65),PCR_READ,1211,0x0000017e,0x00000000,20,62,1076736
38,Full PQ (ML-KEM-768 / ML-DSA-65),NONCE_RANDOM,1212,0x0000017b,0x00000000,12,44,1021503
38,Full PQ (ML-KEM-768 / ML-DSA-65),QUOTE,1213,0x00000158,0x00000000,105,3479,1818437
39,Full PQ (ML-KEM-768 / ML-DSA-65),EK_CREATE,1221,0x00000131,0x00000000,89,1392,1133872
39,Full PQ (ML-KEM-768 / ML-DSA-65),AK_CREATE,1222,0x00000131,0x00000000,88,2127,1046859
39,Full PQ (ML-KEM-768 / ML-DSA-65),CREDENTIAL_RANDOM,1223,0x0000017b,0x00000000,12,44,1007237
39,Full PQ (ML-KEM-768 / ML-DSA-65),MAKE_CREDENTIAL,1224,0x00000168,0x00000000,84,1170,1169268
39,Full PQ (ML-KEM-768 / ML-DSA-65),ACTIVATE_AUTH,1225,0x00000176,0x00000000,59,48,1392974
39,Full PQ (ML-KEM-768 / ML-DSA-65),ACTIVATE_AUTH,1226,0x00000151,0x00000000,41,29,983983
39,Full PQ (ML-KEM-768 / ML-DSA-65),ACTIVATE_CREDENTIAL,1227,0x00000147,0x00000000,1296,122,1072708
39,Full PQ (ML-KEM-768 / ML-DSA-65),PCR_READ,1228,0x0000017e,0x00000000,20,62,1700079
39,Full PQ (ML-KEM-768 / ML-DSA-65),PCR_READ,1229,0x0000017e,0x00000000,20,62,1272307
39,Full PQ (ML-KEM-768 / ML-DSA-65),PCR_READ,1230,0x0000017e,0x00000000,20,62,1112903
39,Full PQ (ML-KEM-768 / ML-DSA-65),PCR_READ,1231,0x0000017e,0x00000000,20,62,1023918
39,Full PQ (ML-KEM-768 / ML-DSA-65),PCR_READ,1232,0x0000017e,0x00000000,20,62,1069503
39,Full PQ (ML-KEM-768 / ML-DSA-65),PCR_READ,1233,0x0000017e,0x00000000,20,62,1061707
39,Full PQ (ML-KEM-768 / ML-DSA-65),PCR_READ,1234,0x0000017e,0x00000000,20,62,1138611
39,Full PQ (ML-KEM-768 / ML-DSA-65),PCR_READ,1235,0x0000017e,0x00000000,20,62,1125767
39,Full PQ (ML-KEM-768 / ML-DSA-65),PCR_READ,1236,0x0000017e,0x00000000,20,62,1023336
39,Full PQ (ML-KEM-768 / ML-DSA-65),PCR_READ,1237,0x0000017e,0x00000000,20,62,1008779
39,Full PQ (ML-KEM-768 / ML-DSA-65),PCR_READ,1238,0x0000017e,0x00000000,20,62,1521264
39,Full PQ (ML-KEM-768 / ML-DSA-65),PCR_READ,1239,0x0000017e,0x00000000,20,62,1301865
39,Full PQ (ML-KEM-768 / ML-DSA-65),PCR_READ,1240,0x0000017e,0x00000000,20,62,1084601
39,Full PQ (ML-KEM-768 / ML-DSA-65),PCR_READ,1241,0x0000017e,0x00000000,20,62,1798870
39,Full PQ (ML-KEM-768 / ML-DSA-65),PCR_READ,1242,0x0000017e,0x00000000,20,62,1115137
39,Full PQ (ML-KEM-768 / ML-DSA-65),PCR_READ,1243,0x0000017e,0x00000000,20,62,1254026
39,Full PQ (ML-KEM-768 / ML-DSA-65),NONCE_RANDOM,1244,0x0000017b,0x00000000,12,44,1446905
39,Full PQ (ML-KEM-768 / ML-DSA-65),QUOTE,1245,0x00000158,0x00000000,105,3479,1513359
40,Full PQ (ML-KEM-768 / ML-DSA-65),EK_CREATE,1253,0x00000131,0x00000000,89,1392,1148559
40,Full PQ (ML-KEM-768 / ML-DSA-65),AK_CREATE,1254,0x00000131,0x00000000,88,2127,1159139
40,Full PQ (ML-KEM-768 / ML-DSA-65),CREDENTIAL_RANDOM,1255,0x0000017b,0x00000000,12,44,1369251
40,Full PQ (ML-KEM-768 / ML-DSA-65),MAKE_CREDENTIAL,1256,0x00000168,0x00000000,84,1170,1308989
40,Full PQ (ML-KEM-768 / ML-DSA-65),ACTIVATE_AUTH,1257,0x00000176,0x00000000,59,48,3074557
40,Full PQ (ML-KEM-768 / ML-DSA-65),ACTIVATE_AUTH,1258,0x00000151,0x00000000,41,29,1616411
40,Full PQ (ML-KEM-768 / ML-DSA-65),ACTIVATE_CREDENTIAL,1259,0x00000147,0x00000000,1296,122,1600300
40,Full PQ (ML-KEM-768 / ML-DSA-65),PCR_READ,1260,0x0000017e,0x00000000,20,62,1200617
40,Full PQ (ML-KEM-768 / ML-DSA-65),PCR_READ,1261,0x0000017e,0x00000000,20,62,1113283
40,Full PQ (ML-KEM-768 / ML-DSA-65),PCR_READ,1262,0x0000017e,0x00000000,20,62,1422249
40,Full PQ (ML-KEM-768 / ML-DSA-65),PCR_READ,1263,0x0000017e,0x00000000,20,62,1284803
40,Full PQ (ML-KEM-768 / ML-DSA-65),PCR_READ,1264,0x0000017e,0x00000000,20,62,1223078
40,Full PQ (ML-KEM-768 / ML-DSA-65),PCR_READ,1265,0x0000017e,0x00000000,20,62,1380882
40,Full PQ (ML-KEM-768 / ML-DSA-65),PCR_READ,1266,0x0000017e,0x00000000,20,62,1135696
40,Full PQ (ML-KEM-768 / ML-DSA-65),PCR_READ,1267,0x0000017e,0x00000000,20,62,1223419
40,Full PQ (ML-KEM-768 / ML-DSA-65),PCR_READ,1268,0x0000017e,0x00000000,20,62,1180399
40,Full PQ (ML-KEM-768 / ML-DSA-65),PCR_READ,1269,0x0000017e,0x00000000,20,62,1099718
40,Full PQ (ML-KEM-768 / ML-DSA-65),PCR_READ,1270,0x0000017e,0x00000000,20,62,1123002
40,Full PQ (ML-KEM-768 / ML-DSA-65),PCR_READ,1271,0x0000017e,0x00000000,20,62,1216847
40,Full PQ (ML-KEM-768 / ML-DSA-65),PCR_READ,1272,0x0000017e,0x00000000,20,62,1250910
40,Full PQ (ML-KEM-768 / ML-DSA-65),PCR_READ,1273,0x0000017e,0x00000000,20,62,2041973
40,Full PQ (ML-KEM-768 / ML-DSA-65),PCR_READ,1274,0x0000017e,0x00000000,20,62,1459920
40,Full PQ (ML-KEM-768 / ML-DSA-65),PCR_READ,1275,0x0000017e,0x00000000,20,62,1292738
40,Full PQ (ML-KEM-768 / ML-DSA-65),NONCE_RANDOM,1276,0x0000017b,0x00000000,12,44,1487811
40,Full PQ (ML-KEM-768 / ML-DSA-65),QUOTE,1277,0x00000158,0x00000000,105,3479,1545329
41,Full PQ (ML-KEM-768 / ML-DSA-65),EK_CREATE,1285,0x00000131,0x00000000,89,1392,1136847
41,Full PQ (ML-KEM-768 / ML-DSA-65),AK_CREATE,1286,0x00000131,0x00000000,88,2127,1119425
41,Full PQ (ML-KEM-768 / ML-DSA-65),CREDENTIAL_RANDOM,1287,0x0000017b,0x00000000,12,44,1024318
41,Full PQ (ML-KEM-768 / ML-DSA-65),MAKE_CREDENTIAL,1288,0x00000168,0x00000000,84,1170,1045217
41,Full PQ (ML-KEM-768 / ML-DSA-65),ACTIVATE_AUTH,1289,0x00000176,0x00000000,59,48,1160151
41,Full PQ (ML-KEM-768 / ML-DSA-65),ACTIVATE_AUTH,1290,0x00000151,0x00000000,41,29,1193874
41,Full PQ (ML-KEM-768 / ML-DSA-65),ACTIVATE_CREDENTIAL,1291,0x00000147,0x00000000,1296,122,1160161
41,Full PQ (ML-KEM-768 / ML-DSA-65),PCR_READ,1292,0x0000017e,0x00000000,20,62,1116119
41,Full PQ (ML-KEM-768 / ML-DSA-65),PCR_READ,1293,0x0000017e,0x00000000,20,62,1033956
41,Full PQ (ML-KEM-768 / ML-DSA-65),PCR_READ,1294,0x0000017e,0x00000000,20,62,1371464
41,Full PQ (ML-KEM-768 / ML-DSA-65),PCR_READ,1295,0x0000017e,0x00000000,20,62,1631489
41,Full PQ (ML-KEM-768 / ML-DSA-65),PCR_READ,1296,0x0000017e,0x00000000,20,62,1052190
41,Full PQ (ML-KEM-768 / ML-DSA-65),PCR_READ,1297,0x0000017e,0x00000000,20,62,1015471
41,Full PQ (ML-KEM-768 / ML-DSA-65),PCR_READ,1298,0x0000017e,0x00000000,20,62,1032804
41,Full PQ (ML-KEM-768 / ML-DSA-65),PCR_READ,1299,0x0000017e,0x00000000,20,62,1158047
41,Full PQ (ML-KEM-768 / ML-DSA-65),PCR_READ,1300,0x0000017e,0x00000000,20,62,1086744
41,Full PQ (ML-KEM-768 / ML-DSA-65),PCR_READ,1301,0x0000017e,0x00000000,20,62,1075012
41,Full PQ (ML-KEM-768 / ML-DSA-65),PCR_READ,1302,0x0000017e,0x00000000,20,62,1047692
41,Full PQ (ML-KEM-768 / ML-DSA-65),PCR_READ,1303,0x0000017e,0x00000000,20,62,1109907
41,Full PQ (ML-KEM-768 / ML-DSA-65),PCR_READ,1304,0x0000017e,0x00000000,20,62,1068149
41,Full PQ (ML-KEM-768 / ML-DSA-65),PCR_READ,1305,0x0000017e,0x00000000,20,62,1163948
41,Full PQ (ML-KEM-768 / ML-DSA-65),PCR_READ,1306,0x0000017e,0x00000000,20,62,1090491
41,Full PQ (ML-KEM-768 / ML-DSA-65),PCR_READ,1307,0x0000017e,0x00000000,20,62,1085893
41,Full PQ (ML-KEM-768 / ML-DSA-65),NONCE_RANDOM,1308,0x0000017b,0x00000000,12,44,1139011
41,Full PQ (ML-KEM-768 / ML-DSA-65),QUOTE,1309,0x00000158,0x00000000,105,3479,1258534
42,Full PQ (ML-KEM-768 / ML-DSA-65),EK_CREATE,1317,0x00000131,0x00000000,89,1392,1323763
42,Full PQ (ML-KEM-768 / ML-DSA-65),AK_CREATE,1318,0x00000131,0x00000000,88,2127,1231083
42,Full PQ (ML-KEM-768 / ML-DSA-65),CREDENTIAL_RANDOM,1319,0x0000017b,0x00000000,12,44,1216566
42,Full PQ (ML-KEM-768 / ML-DSA-65),MAKE_CREDENTIAL,1320,0x00000168,0x00000000,84,1170,1151354
42,Full PQ (ML-KEM-768 / ML-DSA-65),ACTIVATE_AUTH,1321,0x00000176,0x00000000,59,48,1440042
42,Full PQ (ML-KEM-768 / ML-DSA-65),ACTIVATE_AUTH,1322,0x00000151,0x00000000,41,29,1291446
42,Full PQ (ML-KEM-768 / ML-DSA-65),ACTIVATE_CREDENTIAL,1323,0x00000147,0x00000000,1296,122,1313036
42,Full PQ (ML-KEM-768 / ML-DSA-65),PCR_READ,1324,0x0000017e,0x00000000,20,62,1293189
42,Full PQ (ML-KEM-768 / ML-DSA-65),PCR_READ,1325,0x0000017e,0x00000000,20,62,1280067
42,Full PQ (ML-KEM-768 / ML-DSA-65),PCR_READ,1326,0x0000017e,0x00000000,20,62,1411226
42,Full PQ (ML-KEM-768 / ML-DSA-65),PCR_READ,1327,0x0000017e,0x00000000,20,62,1354633
42,Full PQ (ML-KEM-768 / ML-DSA-65),PCR_READ,1328,0x0000017e,0x00000000,20,62,1297557
42,Full PQ (ML-KEM-768 / ML-DSA-65),PCR_READ,1329,0x0000017e,0x00000000,20,62,1144000
42,Full PQ (ML-KEM-768 / ML-DSA-65),PCR_READ,1330,0x0000017e,0x00000000,20,62,1156545
42,Full PQ (ML-KEM-768 / ML-DSA-65),PCR_READ,1331,0x0000017e,0x00000000,20,62,1283331
42,Full PQ (ML-KEM-768 / ML-DSA-65),PCR_READ,1332,0x0000017e,0x00000000,20,62,1321862
42,Full PQ (ML-KEM-768 / ML-DSA-65),PCR_READ,1333,0x0000017e,0x00000000,20,62,1375322
42,Full PQ (ML-KEM-768 / ML-DSA-65),PCR_READ,1334,0x0000017e,0x00000000,20,62,1300754
42,Full PQ (ML-KEM-768 / ML-DSA-65),PCR_READ,1335,0x0000017e,0x00000000,20,62,1326050
42,Full PQ (ML-KEM-768 / ML-DSA-65),PCR_READ,1336,0x0000017e,0x00000000,20,62,1290054
42,Full PQ (ML-KEM-768 / ML-DSA-65),PCR_READ,1337,0x0000017e,0x00000000,20,62,1386846
42,Full PQ (ML-KEM-768 / ML-DSA-65),PCR_READ,1338,0x0000017e,0x00000000,20,62,1137636
42,Full PQ (ML-KEM-768 / ML-DSA-65),PCR_READ,1339,0x0000017e,0x00000000,20,62,1258163
42,Full PQ (ML-KEM-768 / ML-DSA-65),NONCE_RANDOM,1340,0x0000017b,0x00000000,12,44,1213971
42,Full PQ (ML-KEM-768 / ML-DSA-65),QUOTE,1341,0x00000158,0x00000000,105,3479,1588018
43,Full PQ (ML-KEM-768 / ML-DSA-65),EK_CREATE,1349,0x00000131,0x00000000,89,1392,1094389
43,Full PQ (ML-KEM-768 / ML-DSA-65),AK_CREATE,1350,0x00000131,0x00000000,88,2127,1072648
43,Full PQ (ML-KEM-768 / ML-DSA-65),CREDENTIAL_RANDOM,1351,0x0000017b,0x00000000,12,44,1052223
43,Full PQ (ML-KEM-768 / ML-DSA-65),MAKE_CREDENTIAL,1352,0x00000168,0x00000000,84,1170,1077935
43,Full PQ (ML-KEM-768 / ML-DSA-65),ACTIVATE_AUTH,1353,0x00000176,0x00000000,59,48,1008157
43,Full PQ (ML-KEM-768 / ML-DSA-65),ACTIVATE_AUTH,1354,0x00000151,0x00000000,41,29,987389
43,Full PQ (ML-KEM-768 / ML-DSA-65),ACTIVATE_CREDENTIAL,1355,0x00000147,0x00000000,1296,122,1292257
43,Full PQ (ML-KEM-768 / ML-DSA-65),PCR_READ,1356,0x0000017e,0x00000000,20,62,1012996
43,Full PQ (ML-KEM-768 / ML-DSA-65),PCR_READ,1357,0x0000017e,0x00000000,20,62,990175
43,Full PQ (ML-KEM-768 / ML-DSA-65),PCR_READ,1358,0x0000017e,0x00000000,20,62,1026071
43,Full PQ (ML-KEM-768 / ML-DSA-65),PCR_READ,1359,0x0000017e,0x00000000,20,62,1000443
43,Full PQ (ML-KEM-768 / ML-DSA-65),PCR_READ,1360,0x0000017e,0x00000000,20,62,1012687
43,Full PQ (ML-KEM-768 / ML-DSA-65),PCR_READ,1361,0x0000017e,0x00000000,20,62,1060215
43,Full PQ (ML-KEM-768 / ML-DSA-65),PCR_READ,1362,0x0000017e,0x00000000,20,62,1006788
43,Full PQ (ML-KEM-768 / ML-DSA-65),PCR_READ,1363,0x0000017e,0x00000000,20,62,1117970
43,Full PQ (ML-KEM-768 / ML-DSA-65),PCR_READ,1364,0x0000017e,0x00000000,20,62,1116530
43,Full PQ (ML-KEM-768 / ML-DSA-65),PCR_READ,1365,0x0000017e,0x00000000,20,62,1148719
43,Full PQ (ML-KEM-768 / ML-DSA-65),PCR_READ,1366,0x0000017e,0x00000000,20,62,1097445
43,Full PQ (ML-KEM-768 / ML-DSA-65),PCR_READ,1367,0x0000017e,0x00000000,20,62,1118523
43,Full PQ (ML-KEM-768 / ML-DSA-65),PCR_READ,1368,0x0000017e,0x00000000,20,62,1141886
43,Full PQ (ML-KEM-768 / ML-DSA-65),PCR_READ,1369,0x0000017e,0x00000000,20,62,1069984
43,Full PQ (ML-KEM-768 / ML-DSA-65),PCR_READ,1370,0x0000017e,0x00000000,20,62,1061016
43,Full PQ (ML-KEM-768 / ML-DSA-65),PCR_READ,1371,0x0000017e,0x00000000,20,62,1122541
43,Full PQ (ML-KEM-768 / ML-DSA-65),NONCE_RANDOM,1372,0x0000017b,0x00000000,12,44,1165741
43,Full PQ (ML-KEM-768 / ML-DSA-65),QUOTE,1373,0x00000158,0x00000000,105,3479,1430334
44,Full PQ (ML-KEM-768 / ML-DSA-65),EK_CREATE,1381,0x00000131,0x00000000,89,1392,1282499
44,Full PQ (ML-KEM-768 / ML-DSA-65),AK_CREATE,1382,0x00000131,0x00000000,88,2127,1153919
44,Full PQ (ML-KEM-768 / ML-DSA-65),CREDENTIAL_RANDOM,1383,0x0000017b,0x00000000,12,44,1138961
44,Full PQ (ML-KEM-768 / ML-DSA-65),MAKE_CREDENTIAL,1384,0x00000168,0x00000000,84,1170,1159250
44,Full PQ (ML-KEM-768 / ML-DSA-65),ACTIVATE_AUTH,1385,0x00000176,0x00000000,59,48,1266849
44,Full PQ (ML-KEM-768 / ML-DSA-65),ACTIVATE_AUTH,1386,0x00000151,0x00000000,41,29,1133442
44,Full PQ (ML-KEM-768 / ML-DSA-65),ACTIVATE_CREDENTIAL,1387,0x00000147,0x00000000,1296,122,1122901
44,Full PQ (ML-KEM-768 / ML-DSA-65),PCR_READ,1388,0x0000017e,0x00000000,20,62,1080442
44,Full PQ (ML-KEM-768 / ML-DSA-65),PCR_READ,1389,0x0000017e,0x00000000,20,62,1156575
44,Full PQ (ML-KEM-768 / ML-DSA-65),PCR_READ,1390,0x0000017e,0x00000000,20,62,1160752
44,Full PQ (ML-KEM-768 / ML-DSA-65),PCR_READ,1391,0x0000017e,0x00000000,20,62,1142317
44,Full PQ (ML-KEM-768 / ML-DSA-65),PCR_READ,1392,0x0000017e,0x00000000,20,62,1188313
44,Full PQ (ML-KEM-768 / ML-DSA-65),PCR_READ,1393,0x0000017e,0x00000000,20,62,1050888
44,Full PQ (ML-KEM-768 / ML-DSA-65),PCR_READ,1394,0x0000017e,0x00000000,20,62,1069492
44,Full PQ (ML-KEM-768 / ML-DSA-65),PCR_READ,1395,0x0000017e,0x00000000,20,62,1017476
44,Full PQ (ML-KEM-768 / ML-DSA-65),PCR_READ,1396,0x0000017e,0x00000000,20,62,1175119
44,Full PQ (ML-KEM-768 / ML-DSA-65),PCR_READ,1397,0x0000017e,0x00000000,20,62,1123412
44,Full PQ (ML-KEM-768 / ML-DSA-65),PCR_READ,1398,0x0000017e,0x00000000,20,62,1026262
44,Full PQ (ML-KEM-768 / ML-DSA-65),PCR_READ,1399,0x0000017e,0x00000000,20,62,1126178
44,Full PQ (ML-KEM-768 / ML-DSA-65),PCR_READ,1400,0x0000017e,0x00000000,20,62,1053893
44,Full PQ (ML-KEM-768 / ML-DSA-65),PCR_READ,1401,0x0000017e,0x00000000,20,62,1125677
44,Full PQ (ML-KEM-768 / ML-DSA-65),PCR_READ,1402,0x0000017e,0x00000000,20,62,985055
44,Full PQ (ML-KEM-768 / ML-DSA-65),PCR_READ,1403,0x0000017e,0x00000000,20,62,1038104
44,Full PQ (ML-KEM-768 / ML-DSA-65),NONCE_RANDOM,1404,0x0000017b,0x00000000,12,44,1000554
44,Full PQ (ML-KEM-768 / ML-DSA-65),QUOTE,1405,0x00000158,0x00000000,105,3479,1714694
45,Full PQ (ML-KEM-768 / ML-DSA-65),EK_CREATE,1413,0x00000131,0x00000000,89,1392,1217137
45,Full PQ (ML-KEM-768 / ML-DSA-65),AK_CREATE,1414,0x00000131,0x00000000,88,2127,1120877
45,Full PQ (ML-KEM-768 / ML-DSA-65),CREDENTIAL_RANDOM,1415,0x0000017b,0x00000000,12,44,1216670
45,Full PQ (ML-KEM-768 / ML-DSA-65),MAKE_CREDENTIAL,1416,0x00000168,0x00000000,84,1170,1360111
45,Full PQ (ML-KEM-768 / ML-DSA-65),ACTIVATE_AUTH,1417,0x00000176,0x00000000,59,48,1115531
45,Full PQ (ML-KEM-768 / ML-DSA-65),ACTIVATE_AUTH,1418,0x00000151,0x00000000,41,29,998457
45,Full PQ (ML-KEM-768 / ML-DSA-65),ACTIVATE_CREDENTIAL,1419,0x00000147,0x00000000,1296,122,1081684
45,Full PQ (ML-KEM-768 / ML-DSA-65),PCR_READ,1420,0x0000017e,0x00000000,20,62,1112553
45,Full PQ (ML-KEM-768 / ML-DSA-65),PCR_READ,1421,0x0000017e,0x00000000,20,62,990275
45,Full PQ (ML-KEM-768 / ML-DSA-65),PCR_READ,1422,0x0000017e,0x00000000,20,62,969365
45,Full PQ (ML-KEM-768 / ML-DSA-65),PCR_READ,1423,0x0000017e,0x00000000,20,62,1082416
45,Full PQ (ML-KEM-768 / ML-DSA-65),PCR_READ,1424,0x0000017e,0x00000000,20,62,976169
45,Full PQ (ML-KEM-768 / ML-DSA-65),PCR_READ,1425,0x0000017e,0x00000000,20,62,973042
45,Full PQ (ML-KEM-768 / ML-DSA-65),PCR_READ,1426,0x0000017e,0x00000000,20,62,1006405
45,Full PQ (ML-KEM-768 / ML-DSA-65),PCR_READ,1427,0x0000017e,0x00000000,20,62,1135915
45,Full PQ (ML-KEM-768 / ML-DSA-65),PCR_READ,1428,0x0000017e,0x00000000,20,62,1273411
45,Full PQ (ML-KEM-768 / ML-DSA-65),PCR_READ,1429,0x0000017e,0x00000000,20,62,953236
45,Full PQ (ML-KEM-768 / ML-DSA-65),PCR_READ,1430,0x0000017e,0x00000000,20,62,971600
45,Full PQ (ML-KEM-768 / ML-DSA-65),PCR_READ,1431,0x0000017e,0x00000000,20,62,1113965
45,Full PQ (ML-KEM-768 / ML-DSA-65),PCR_READ,1432,0x0000017e,0x00000000,20,62,1013868
45,Full PQ (ML-KEM-768 / ML-DSA-65),PCR_READ,1433,0x0000017e,0x00000000,20,62,1109076
45,Full PQ (ML-KEM-768 / ML-DSA-65),PCR_READ,1434,0x0000017e,0x00000000,20,62,1161393
45,Full PQ (ML-KEM-768 / ML-DSA-65),PCR_READ,1435,0x0000017e,0x00000000,20,62,1285765
45,Full PQ (ML-KEM-768 / ML-DSA-65),NONCE_RANDOM,1436,0x0000017b,0x00000000,12,44,1244582
45,Full PQ (ML-KEM-768 / ML-DSA-65),QUOTE,1437,0x00000158,0x00000000,105,3479,1412147
46,Full PQ (ML-KEM-768 / ML-DSA-65),EK_CREATE,1445,0x00000131,0x00000000,89,1392,1024428
46,Full PQ (ML-KEM-768 / ML-DSA-65),AK_CREATE,1446,0x00000131,0x00000000,88,2127,1068209
46,Full PQ (ML-KEM-768 / ML-DSA-65),CREDENTIAL_RANDOM,1447,0x0000017b,0x00000000,12,44,1004571
46,Full PQ (ML-KEM-768 / ML-DSA-65),MAKE_CREDENTIAL,1448,0x00000168,0x00000000,84,1170,1169729
46,Full PQ (ML-KEM-768 / ML-DSA-65),ACTIVATE_AUTH,1449,0x00000176,0x00000000,59,48,956372
46,Full PQ (ML-KEM-768 / ML-DSA-65),ACTIVATE_AUTH,1450,0x00000151,0x00000000,41,29,1025961
46,Full PQ (ML-KEM-768 / ML-DSA-65),ACTIVATE_CREDENTIAL,1451,0x00000147,0x00000000,1296,122,1057710
46,Full PQ (ML-KEM-768 / ML-DSA-65),PCR_READ,1452,0x0000017e,0x00000000,20,62,1101171
46,Full PQ (ML-KEM-768 / ML-DSA-65),PCR_READ,1453,0x0000017e,0x00000000,20,62,1052611
46,Full PQ (ML-KEM-768 / ML-DSA-65),PCR_READ,1454,0x0000017e,0x00000000,20,62,1024578
46,Full PQ (ML-KEM-768 / ML-DSA-65),PCR_READ,1455,0x0000017e,0x00000000,20,62,1161674
46,Full PQ (ML-KEM-768 / ML-DSA-65),PCR_READ,1456,0x0000017e,0x00000000,20,62,1452886
46,Full PQ (ML-KEM-768 / ML-DSA-65),PCR_READ,1457,0x0000017e,0x00000000,20,62,1112122
46,Full PQ (ML-KEM-768 / ML-DSA-65),PCR_READ,1458,0x0000017e,0x00000000,20,62,1087586
46,Full PQ (ML-KEM-768 / ML-DSA-65),PCR_READ,1459,0x0000017e,0x00000000,20,62,1086945
46,Full PQ (ML-KEM-768 / ML-DSA-65),PCR_READ,1460,0x0000017e,0x00000000,20,62,1011584
46,Full PQ (ML-KEM-768 / ML-DSA-65),PCR_READ,1461,0x0000017e,0x00000000,20,62,1038013
46,Full PQ (ML-KEM-768 / ML-DSA-65),PCR_READ,1462,0x0000017e,0x00000000,20,62,1026462
46,Full PQ (ML-KEM-768 / ML-DSA-65),PCR_READ,1463,0x0000017e,0x00000000,20,62,1031973
46,Full PQ (ML-KEM-768 / ML-DSA-65),PCR_READ,1464,0x0000017e,0x00000000,20,62,1017475
46,Full PQ (ML-KEM-768 / ML-DSA-65),PCR_READ,1465,0x0000017e,0x00000000,20,62,1089229
46,Full PQ (ML-KEM-768 / ML-DSA-65),PCR_READ,1466,0x0000017e,0x00000000,20,62,1103565
46,Full PQ (ML-KEM-768 / ML-DSA-65),PCR_READ,1467,0x0000017e,0x00000000,20,62,1120367
46,Full PQ (ML-KEM-768 / ML-DSA-65),NONCE_RANDOM,1468,0x0000017b,0x00000000,12,44,1035879
46,Full PQ (ML-KEM-768 / ML-DSA-65),QUOTE,1469,0x00000158,0x00000000,105,3479,1797729
47,Full PQ (ML-KEM-768 / ML-DSA-65),EK_CREATE,1477,0x00000131,0x00000000,89,1392,1130906
47,Full PQ (ML-KEM-768 / ML-DSA-65),AK_CREATE,1478,0x00000131,0x00000000,88,2127,1159730
47,Full PQ (ML-KEM-768 / ML-DSA-65),CREDENTIAL_RANDOM,1479,0x0000017b,0x00000000,12,44,1203572
47,Full PQ (ML-KEM-768 / ML-DSA-65),MAKE_CREDENTIAL,1480,0x00000168,0x00000000,84,1170,1172003
47,Full PQ (ML-KEM-768 / ML-DSA-65),ACTIVATE_AUTH,1481,0x00000176,0x00000000,59,48,1087947
47,Full PQ (ML-KEM-768 / ML-DSA-65),ACTIVATE_AUTH,1482,0x00000151,0x00000000,41,29,1056307
47,Full PQ (ML-KEM-768 / ML-DSA-65),ACTIVATE_CREDENTIAL,1483,0x00000147,0x00000000,1296,122,1133611
47,Full PQ (ML-KEM-768 / ML-DSA-65),PCR_READ,1484,0x0000017e,0x00000000,20,62,1032085
47,Full PQ (ML-KEM-768 / ML-DSA-65),PCR_READ,1485,0x0000017e,0x00000000,20,62,1153326
47,Full PQ (ML-KEM-768 / ML-DSA-65),PCR_READ,1486,0x0000017e,0x00000000,20,62,977050
47,Full PQ (ML-KEM-768 / ML-DSA-65),PCR_READ,1487,0x0000017e,0x00000000,20,62,1080833
47,Full PQ (ML-KEM-768 / ML-DSA-65),PCR_READ,1488,0x0000017e,0x00000000,20,62,1062820
47,Full PQ (ML-KEM-768 / ML-DSA-65),PCR_READ,1489,0x0000017e,0x00000000,20,62,1049846
47,Full PQ (ML-KEM-768 / ML-DSA-65),PCR_READ,1490,0x0000017e,0x00000000,20,62,1111179
47,Full PQ (ML-KEM-768 / ML-DSA-65),PCR_READ,1491,0x0000017e,0x00000000,20,62,1043033
47,Full PQ (ML-KEM-768 / ML-DSA-65),PCR_READ,1492,0x0000017e,0x00000000,20,62,997919
47,Full PQ (ML-KEM-768 / ML-DSA-65),PCR_READ,1493,0x0000017e,0x00000000,20,62,1001756
47,Full PQ (ML-KEM-768 / ML-DSA-65),PCR_READ,1494,0x0000017e,0x00000000,20,62,1129344
47,Full PQ (ML-KEM-768 / ML-DSA-65),PCR_READ,1495,0x0000017e,0x00000000,20,62,1009570
47,Full PQ (ML-KEM-768 / ML-DSA-65),PCR_READ,1496,0x0000017e,0x00000000,20,62,978653
47,Full PQ (ML-KEM-768 / ML-DSA-65),PCR_READ,1497,0x0000017e,0x00000000,20,62,1029137
47,Full PQ (ML-KEM-768 / ML-DSA-65),PCR_READ,1498,0x0000017e,0x00000000,20,62,1198963
47,Full PQ (ML-KEM-768 / ML-DSA-65),PCR_READ,1499,0x0000017e,0x00000000,20,62,1049605
47,Full PQ (ML-KEM-768 / ML-DSA-65),NONCE_RANDOM,1500,0x0000017b,0x00000000,12,44,1082607
47,Full PQ (ML-KEM-768 / ML-DSA-65),QUOTE,1501,0x00000158,0x00000000,105,3479,1334916
48,Full PQ (ML-KEM-768 / ML-DSA-65),EK_CREATE,1509,0x00000131,0x00000000,89,1392,1154801
48,Full PQ (ML-KEM-768 / ML-DSA-65),AK_CREATE,1510,0x00000131,0x00000000,88,2127,1069973
48,Full PQ (ML-KEM-768 / ML-DSA-65),CREDENTIAL_RANDOM,1511,0x0000017b,0x00000000,12,44,1032042
48,Full PQ (ML-KEM-768 / ML-DSA-65),MAKE_CREDENTIAL,1512,0x00000168,0x00000000,84,1170,1031512
48,Full PQ (ML-KEM-768 / ML-DSA-65),ACTIVATE_AUTH,1513,0x00000176,0x00000000,59,48,1072547
48,Full PQ (ML-KEM-768 / ML-DSA-65),ACTIVATE_AUTH,1514,0x00000151,0x00000000,41,29,995074
48,Full PQ (ML-KEM-768 / ML-DSA-65),ACTIVATE_CREDENTIAL,1515,0x00000147,0x00000000,1296,122,1090431
48,Full PQ (ML-KEM-768 / ML-DSA-65),PCR_READ,1516,0x0000017e,0x00000000,20,62,1035038
48,Full PQ (ML-KEM-768 / ML-DSA-65),PCR_READ,1517,0x0000017e,0x00000000,20,62,1065705
48,Full PQ (ML-KEM-768 / ML-DSA-65),PCR_READ,1518,0x0000017e,0x00000000,20,62,1198662
48,Full PQ (ML-KEM-768 / ML-DSA-65),PCR_READ,1519,0x0000017e,0x00000000,20,62,1069933
48,Full PQ (ML-KEM-768 / ML-DSA-65),PCR_READ,1520,0x0000017e,0x00000000,20,62,960720
48,Full PQ (ML-KEM-768 / ML-DSA-65),PCR_READ,1521,0x0000017e,0x00000000,20,62,1071506
48,Full PQ (ML-KEM-768 / ML-DSA-65),PCR_READ,1522,0x0000017e,0x00000000,20,62,1014870
48,Full PQ (ML-KEM-768 / ML-DSA-65),PCR_READ,1523,0x0000017e,0x00000000,20,62,1028727
48,Full PQ (ML-KEM-768 / ML-DSA-65),PCR_READ,1524,0x0000017e,0x00000000,20,62,1072547
48,Full PQ (ML-KEM-768 / ML-DSA-65),PCR_READ,1525,0x0000017e,0x00000000,20,62,1075233
48,Full PQ (ML-KEM-768 / ML-DSA-65),PCR_READ,1526,0x0000017e,0x00000000,20,62,1020761
48,Full PQ (ML-KEM-768 / ML-DSA-65),PCR_READ,1527,0x0000017e,0x00000000,20,62,963745
48,Full PQ (ML-KEM-768 / ML-DSA-65),PCR_READ,1528,0x0000017e,0x00000000,20,62,963885
48,Full PQ (ML-KEM-768 / ML-DSA-65),PCR_READ,1529,0x0000017e,0x00000000,20,62,970659
48,Full PQ (ML-KEM-768 / ML-DSA-65),PCR_READ,1530,0x0000017e,0x00000000,20,62,990515
48,Full PQ (ML-KEM-768 / ML-DSA-65),PCR_READ,1531,0x0000017e,0x00000000,20,62,1060835
48,Full PQ (ML-KEM-768 / ML-DSA-65),NONCE_RANDOM,1532,0x0000017b,0x00000000,12,44,1065885
48,Full PQ (ML-KEM-768 / ML-DSA-65),QUOTE,1533,0x00000158,0x00000000,105,3479,1370332
49,Full PQ (ML-KEM-768 / ML-DSA-65),EK_CREATE,1541,0x00000131,0x00000000,89,1392,1109377
49,Full PQ (ML-KEM-768 / ML-DSA-65),AK_CREATE,1542,0x00000131,0x00000000,88,2127,1128662
49,Full PQ (ML-KEM-768 / ML-DSA-65),CREDENTIAL_RANDOM,1543,0x0000017b,0x00000000,12,44,978703
49,Full PQ (ML-KEM-768 / ML-DSA-65),MAKE_CREDENTIAL,1544,0x00000168,0x00000000,84,1170,1121920
49,Full PQ (ML-KEM-768 / ML-DSA-65),ACTIVATE_AUTH,1545,0x00000176,0x00000000,59,48,976659
49,Full PQ (ML-KEM-768 / ML-DSA-65),ACTIVATE_AUTH,1546,0x00000151,0x00000000,41,29,983962
49,Full PQ (ML-KEM-768 / ML-DSA-65),ACTIVATE_CREDENTIAL,1547,0x00000147,0x00000000,1296,122,1073650
49,Full PQ (ML-KEM-768 / ML-DSA-65),PCR_READ,1548,0x0000017e,0x00000000,20,62,1048633
49,Full PQ (ML-KEM-768 / ML-DSA-65),PCR_READ,1549,0x0000017e,0x00000000,20,62,990746
49,Full PQ (ML-KEM-768 / ML-DSA-65),PCR_READ,1550,0x0000017e,0x00000000,20,62,983331
49,Full PQ (ML-KEM-768 / ML-DSA-65),PCR_READ,1551,0x0000017e,0x00000000,20,62,1000434
49,Full PQ (ML-KEM-768 / ML-DSA-65),PCR_READ,1552,0x0000017e,0x00000000,20,62,1078068
49,Full PQ (ML-KEM-768 / ML-DSA-65),PCR_READ,1553,0x0000017e,0x00000000,20,62,978613
49,Full PQ (ML-KEM-768 / ML-DSA-65),PCR_READ,1554,0x0000017e,0x00000000,20,62,1017084
49,Full PQ (ML-KEM-768 / ML-DSA-65),PCR_READ,1555,0x0000017e,0x00000000,20,62,1034217
49,Full PQ (ML-KEM-768 / ML-DSA-65),PCR_READ,1556,0x0000017e,0x00000000,20,62,970067
49,Full PQ (ML-KEM-768 / ML-DSA-65),PCR_READ,1557,0x0000017e,0x00000000,20,62,987669
49,Full PQ (ML-KEM-768 / ML-DSA-65),PCR_READ,1558,0x0000017e,0x00000000,20,62,958145
49,Full PQ (ML-KEM-768 / ML-DSA-65),PCR_READ,1559,0x0000017e,0x00000000,20,62,931666
49,Full PQ (ML-KEM-768 / ML-DSA-65),PCR_READ,1560,0x0000017e,0x00000000,20,62,1035709
49,Full PQ (ML-KEM-768 / ML-DSA-65),PCR_READ,1561,0x0000017e,0x00000000,20,62,1013528
49,Full PQ (ML-KEM-768 / ML-DSA-65),PCR_READ,1562,0x0000017e,0x00000000,20,62,967503
49,Full PQ (ML-KEM-768 / ML-DSA-65),PCR_READ,1563,0x0000017e,0x00000000,20,62,984263
49,Full PQ (ML-KEM-768 / ML-DSA-65),NONCE_RANDOM,1564,0x0000017b,0x00000000,12,44,1125887
49,Full PQ (ML-KEM-768 / ML-DSA-65),QUOTE,1565,0x00000158,0x00000000,105,3479,1400318
50,Full PQ (ML-KEM-768 / ML-DSA-65),EK_CREATE,1573,0x00000131,0x00000000,89,1392,1055867
50,Full PQ (ML-KEM-768 / ML-DSA-65),AK_CREATE,1574,0x00000131,0x00000000,88,2127,1144151
50,Full PQ (ML-KEM-768 / ML-DSA-65),CREDENTIAL_RANDOM,1575,0x0000017b,0x00000000,12,44,948717
50,Full PQ (ML-KEM-768 / ML-DSA-65),MAKE_CREDENTIAL,1576,0x00000168,0x00000000,84,1170,1012657
50,Full PQ (ML-KEM-768 / ML-DSA-65),ACTIVATE_AUTH,1577,0x00000176,0x00000000,59,48,1032333
50,Full PQ (ML-KEM-768 / ML-DSA-65),ACTIVATE_AUTH,1578,0x00000151,0x00000000,41,29,997699
50,Full PQ (ML-KEM-768 / ML-DSA-65),ACTIVATE_CREDENTIAL,1579,0x00000147,0x00000000,1296,122,1097414
50,Full PQ (ML-KEM-768 / ML-DSA-65),PCR_READ,1580,0x0000017e,0x00000000,20,62,1031721
50,Full PQ (ML-KEM-768 / ML-DSA-65),PCR_READ,1581,0x0000017e,0x00000000,20,62,1004381
50,Full PQ (ML-KEM-768 / ML-DSA-65),PCR_READ,1582,0x0000017e,0x00000000,20,62,1065204
50,Full PQ (ML-KEM-768 / ML-DSA-65),PCR_READ,1583,0x0000017e,0x00000000,20,62,1081114
50,Full PQ (ML-KEM-768 / ML-DSA-65),PCR_READ,1584,0x0000017e,0x00000000,20,62,977531
50,Full PQ (ML-KEM-768 / ML-DSA-65),PCR_READ,1585,0x0000017e,0x00000000,20,62,1079821
50,Full PQ (ML-KEM-768 / ML-DSA-65),PCR_READ,1586,0x0000017e,0x00000000,20,62,959087
50,Full PQ (ML-KEM-768 / ML-DSA-65),PCR_READ,1587,0x0000017e,0x00000000,20,62,954718
50,Full PQ (ML-KEM-768 / ML-DSA-65),PCR_READ,1588,0x0000017e,0x00000000,20,62,994072
50,Full PQ (ML-KEM-768 / ML-DSA-65),PCR_READ,1589,0x0000017e,0x00000000,20,62,1051148
50,Full PQ (ML-KEM-768 / ML-DSA-65),PCR_READ,1590,0x0000017e,0x00000000,20,62,991667
50,Full PQ (ML-KEM-768 / ML-DSA-65),PCR_READ,1591,0x0000017e,0x00000000,20,62,972241
50,Full PQ (ML-KEM-768 / ML-DSA-65),PCR_READ,1592,0x0000017e,0x00000000,20,62,965379
50,Full PQ (ML-KEM-768 / ML-DSA-65),PCR_READ,1593,0x0000017e,0x00000000,20,62,1034356
50,Full PQ (ML-KEM-768 / ML-DSA-65),PCR_READ,1594,0x0000017e,0x00000000,20,62,1003089
50,Full PQ (ML-KEM-768 / ML-DSA-65),PCR_READ,1595,0x0000017e,0x00000000,20,62,922729
50,Full PQ (ML-KEM-768 / ML-DSA-65),NONCE_RANDOM,1596,0x0000017b,0x00000000,12,44,1016834
50,Full PQ (ML-KEM-768 / ML-DSA-65),QUOTE,1597,0x00000158,0x00000000,105,3479,1347650
51,Full PQ (ML-KEM-768 / ML-DSA-65),EK_CREATE,1605,0x00000131,0x00000000,89,1392,1102694
51,Full PQ (ML-KEM-768 / ML-DSA-65),AK_CREATE,1606,0x00000131,0x00000000,88,2127,1054344
51,Full PQ (ML-KEM-768 / ML-DSA-65),CREDENTIAL_RANDOM,1607,0x0000017b,0x00000000,12,44,1043314
51,Full PQ (ML-KEM-768 / ML-DSA-65),MAKE_CREDENTIAL,1608,0x00000168,0x00000000,84,1170,1055055
51,Full PQ (ML-KEM-768 / ML-DSA-65),ACTIVATE_AUTH,1609,0x00000176,0x00000000,59,48,1040398
51,Full PQ (ML-KEM-768 / ML-DSA-65),ACTIVATE_AUTH,1610,0x00000151,0x00000000,41,29,983863
51,Full PQ (ML-KEM-768 / ML-DSA-65),ACTIVATE_CREDENTIAL,1611,0x00000147,0x00000000,1296,122,1157967
51,Full PQ (ML-KEM-768 / ML-DSA-65),PCR_READ,1612,0x0000017e,0x00000000,20,62,992529
51,Full PQ (ML-KEM-768 / ML-DSA-65),PCR_READ,1613,0x0000017e,0x00000000,20,62,954818
51,Full PQ (ML-KEM-768 / ML-DSA-65),PCR_READ,1614,0x0000017e,0x00000000,20,62,1003169
51,Full PQ (ML-KEM-768 / ML-DSA-65),PCR_READ,1615,0x0000017e,0x00000000,20,62,1017225
51,Full PQ (ML-KEM-768 / ML-DSA-65),PCR_READ,1616,0x0000017e,0x00000000,20,62,1014570
51,Full PQ (ML-KEM-768 / ML-DSA-65),PCR_READ,1617,0x0000017e,0x00000000,20,62,1137769
51,Full PQ (ML-KEM-768 / ML-DSA-65),PCR_READ,1618,0x0000017e,0x00000000,20,62,1024548
51,Full PQ (ML-KEM-768 / ML-DSA-65),PCR_READ,1619,0x0000017e,0x00000000,20,62,1014109
51,Full PQ (ML-KEM-768 / ML-DSA-65),PCR_READ,1620,0x0000017e,0x00000000,20,62,1004281
51,Full PQ (ML-KEM-768 / ML-DSA-65),PCR_READ,1621,0x0000017e,0x00000000,20,62,1036541
51,Full PQ (ML-KEM-768 / ML-DSA-65),PCR_READ,1622,0x0000017e,0x00000000,20,62,1035989
51,Full PQ (ML-KEM-768 / ML-DSA-65),PCR_READ,1623,0x0000017e,0x00000000,20,62,978914
51,Full PQ (ML-KEM-768 / ML-DSA-65),PCR_READ,1624,0x0000017e,0x00000000,20,62,1140003
51,Full PQ (ML-KEM-768 / ML-DSA-65),PCR_READ,1625,0x0000017e,0x00000000,20,62,1014289
51,Full PQ (ML-KEM-768 / ML-DSA-65),PCR_READ,1626,0x0000017e,0x00000000,20,62,1035408
51,Full PQ (ML-KEM-768 / ML-DSA-65),PCR_READ,1627,0x0000017e,0x00000000,20,62,1067889
51,Full PQ (ML-KEM-768 / ML-DSA-65),NONCE_RANDOM,1628,0x0000017b,0x00000000,12,44,1157025
51,Full PQ (ML-KEM-768 / ML-DSA-65),QUOTE,1629,0x00000158,0x00000000,105,3479,1270657
52,Full PQ (ML-KEM-768 / ML-DSA-65),EK_CREATE,1637,0x00000131,0x00000000,89,1392,981047
52,Full PQ (ML-KEM-768 / ML-DSA-65),AK_CREATE,1638,0x00000131,0x00000000,88,2127,1102403
52,Full PQ (ML-KEM-768 / ML-DSA-65),CREDENTIAL_RANDOM,1639,0x0000017b,0x00000000,12,44,989433
52,Full PQ (ML-KEM-768 / ML-DSA-65),MAKE_CREDENTIAL,1640,0x00000168,0x00000000,84,1170,1049685
52,Full PQ (ML-KEM-768 / ML-DSA-65),ACTIVATE_AUTH,1641,0x00000176,0x00000000,59,48,988351
52,Full PQ (ML-KEM-768 / ML-DSA-65),ACTIVATE_AUTH,1642,0x00000151,0x00000000,41,29,1092975
52,Full PQ (ML-KEM-768 / ML-DSA-65),ACTIVATE_CREDENTIAL,1643,0x00000147,0x00000000,1296,122,1100520
52,Full PQ (ML-KEM-768 / ML-DSA-65),PCR_READ,1644,0x0000017e,0x00000000,20,62,1023577
52,Full PQ (ML-KEM-768 / ML-DSA-65),PCR_READ,1645,0x0000017e,0x00000000,20,62,1000504
52,Full PQ (ML-KEM-768 / ML-DSA-65),PCR_READ,1646,0x0000017e,0x00000000,20,62,1068530
52,Full PQ (ML-KEM-768 / ML-DSA-65),PCR_READ,1647,0x0000017e,0x00000000,20,62,1025080
52,Full PQ (ML-KEM-768 / ML-DSA-65),PCR_READ,1648,0x0000017e,0x00000000,20,62,1002958
52,Full PQ (ML-KEM-768 / ML-DSA-65),PCR_READ,1649,0x0000017e,0x00000000,20,62,970497
52,Full PQ (ML-KEM-768 / ML-DSA-65),PCR_READ,1650,0x0000017e,0x00000000,20,62,1051108
52,Full PQ (ML-KEM-768 / ML-DSA-65),PCR_READ,1651,0x0000017e,0x00000000,20,62,1000494
52,Full PQ (ML-KEM-768 / ML-DSA-65),PCR_READ,1652,0x0000017e,0x00000000,20,62,1022004
52,Full PQ (ML-KEM-768 / ML-DSA-65),PCR_READ,1653,0x0000017e,0x00000000,20,62,1035138
52,Full PQ (ML-KEM-768 / ML-DSA-65),PCR_READ,1654,0x0000017e,0x00000000,20,62,1071325
52,Full PQ (ML-KEM-768 / ML-DSA-65),PCR_READ,1655,0x0000017e,0x00000000,20,62,987470
52,Full PQ (ML-KEM-768 / ML-DSA-65),PCR_READ,1656,0x0000017e,0x00000000,20,62,1033726
52,Full PQ (ML-KEM-768 / ML-DSA-65),PCR_READ,1657,0x0000017e,0x00000000,20,62,990355
52,Full PQ (ML-KEM-768 / ML-DSA-65),PCR_READ,1658,0x0000017e,0x00000000,20,62,1104347
52,Full PQ (ML-KEM-768 / ML-DSA-65),PCR_READ,1659,0x0000017e,0x00000000,20,62,973703
52,Full PQ (ML-KEM-768 / ML-DSA-65),NONCE_RANDOM,1660,0x0000017b,0x00000000,12,44,972010
52,Full PQ (ML-KEM-768 / ML-DSA-65),QUOTE,1661,0x00000158,0x00000000,105,3479,1328555
53,Full PQ (ML-KEM-768 / ML-DSA-65),EK_CREATE,1669,0x00000131,0x00000000,89,1392,1081582
53,Full PQ (ML-KEM-768 / ML-DSA-65),AK_CREATE,1670,0x00000131,0x00000000,88,2127,1040738
53,Full PQ (ML-KEM-768 / ML-DSA-65),CREDENTIAL_RANDOM,1671,0x0000017b,0x00000000,12,44,1128733
53,Full PQ (ML-KEM-768 / ML-DSA-65),MAKE_CREDENTIAL,1672,0x00000168,0x00000000,84,1170,1180670
53,Full PQ (ML-KEM-768 / ML-DSA-65),ACTIVATE_AUTH,1673,0x00000176,0x00000000,59,48,1062098
53,Full PQ (ML-KEM-768 / ML-DSA-65),ACTIVATE_AUTH,1674,0x00000151,0x00000000,41,29,1124274
53,Full PQ (ML-KEM-768 / ML-DSA-65),ACTIVATE_CREDENTIAL,1675,0x00000147,0x00000000,1296,122,1225533
53,Full PQ (ML-KEM-768 / ML-DSA-65),PCR_READ,1676,0x0000017e,0x00000000,20,62,1139051
53,Full PQ (ML-KEM-768 / ML-DSA-65),PCR_READ,1677,0x0000017e,0x00000000,20,62,1047271
53,Full PQ (ML-KEM-768 / ML-DSA-65),PCR_READ,1678,0x0000017e,0x00000000,20,62,1086614
53,Full PQ (ML-KEM-768 / ML-DSA-65),PCR_READ,1679,0x0000017e,0x00000000,20,62,1299766
53,Full PQ (ML-KEM-768 / ML-DSA-65),PCR_READ,1680,0x0000017e,0x00000000,20,62,1189070
53,Full PQ (ML-KEM-768 / ML-DSA-65),PCR_READ,1681,0x0000017e,0x00000000,20,62,1068580
53,Full PQ (ML-KEM-768 / ML-DSA-65),PCR_READ,1682,0x0000017e,0x00000000,20,62,1119385
53,Full PQ (ML-KEM-768 / ML-DSA-65),PCR_READ,1683,0x0000017e,0x00000000,20,62,1053312
53,Full PQ (ML-KEM-768 / ML-DSA-65),PCR_READ,1684,0x0000017e,0x00000000,20,62,1048323
53,Full PQ (ML-KEM-768 / ML-DSA-65),PCR_READ,1685,0x0000017e,0x00000000,20,62,983171
53,Full PQ (ML-KEM-768 / ML-DSA-65),PCR_READ,1686,0x0000017e,0x00000000,20,62,1089830
53,Full PQ (ML-KEM-768 / ML-DSA-65),PCR_READ,1687,0x0000017e,0x00000000,20,62,987780
53,Full PQ (ML-KEM-768 / ML-DSA-65),PCR_READ,1688,0x0000017e,0x00000000,20,62,955691
53,Full PQ (ML-KEM-768 / ML-DSA-65),PCR_READ,1689,0x0000017e,0x00000000,20,62,999792
53,Full PQ (ML-KEM-768 / ML-DSA-65),PCR_READ,1690,0x0000017e,0x00000000,20,62,1063170
53,Full PQ (ML-KEM-768 / ML-DSA-65),PCR_READ,1691,0x0000017e,0x00000000,20,62,999833
53,Full PQ (ML-KEM-768 / ML-DSA-65),NONCE_RANDOM,1692,0x0000017b,0x00000000,12,44,1088568
53,Full PQ (ML-KEM-768 / ML-DSA-65),QUOTE,1693,0x00000158,0x00000000,105,3479,1419975
54,Full PQ (ML-KEM-768 / ML-DSA-65),EK_CREATE,1701,0x00000131,0x00000000,89,1392,1204564
54,Full PQ (ML-KEM-768 / ML-DSA-65),AK_CREATE,1702,0x00000131,0x00000000,88,2127,1133571
54,Full PQ (ML-KEM-768 / ML-DSA-65),CREDENTIAL_RANDOM,1703,0x0000017b,0x00000000,12,44,1096532
54,Full PQ (ML-KEM-768 / ML-DSA-65),MAKE_CREDENTIAL,1704,0x00000168,0x00000000,84,1170,1155994
54,Full PQ (ML-KEM-768 / ML-DSA-65),ACTIVATE_AUTH,1705,0x00000176,0x00000000,59,48,1066066
54,Full PQ (ML-KEM-768 / ML-DSA-65),ACTIVATE_AUTH,1706,0x00000151,0x00000000,41,29,1033715
54,Full PQ (ML-KEM-768 / ML-DSA-65),ACTIVATE_CREDENTIAL,1707,0x00000147,0x00000000,1296,122,1082496
54,Full PQ (ML-KEM-768 / ML-DSA-65),PCR_READ,1708,0x0000017e,0x00000000,20,62,1046189
54,Full PQ (ML-KEM-768 / ML-DSA-65),PCR_READ,1709,0x0000017e,0x00000000,20,62,972632
54,Full PQ (ML-KEM-768 / ML-DSA-65),PCR_READ,1710,0x0000017e,0x00000000,20,62,966030
54,Full PQ (ML-KEM-768 / ML-DSA-65),PCR_READ,1711,0x0000017e,0x00000000,20,62,1084850
54,Full PQ (ML-KEM-768 / ML-DSA-65),PCR_READ,1712,0x0000017e,0x00000000,20,62,1025030
54,Full PQ (ML-KEM-768 / ML-DSA-65),PCR_READ,1713,0x0000017e,0x00000000,20,62,1133070
54,Full PQ (ML-KEM-768 / ML-DSA-65),PCR_READ,1714,0x0000017e,0x00000000,20,62,1121499
54,Full PQ (ML-KEM-768 / ML-DSA-65),PCR_READ,1715,0x0000017e,0x00000000,20,62,1106691
54,Full PQ (ML-KEM-768 / ML-DSA-65),PCR_READ,1716,0x0000017e,0x00000000,20,62,1346167
54,Full PQ (ML-KEM-768 / ML-DSA-65),PCR_READ,1717,0x0000017e,0x00000000,20,62,1119335
54,Full PQ (ML-KEM-768 / ML-DSA-65),PCR_READ,1718,0x0000017e,0x00000000,20,62,1079531
54,Full PQ (ML-KEM-768 / ML-DSA-65),PCR_READ,1719,0x0000017e,0x00000000,20,62,1071496
54,Full PQ (ML-KEM-768 / ML-DSA-65),PCR_READ,1720,0x0000017e,0x00000000,20,62,1209022
54,Full PQ (ML-KEM-768 / ML-DSA-65),PCR_READ,1721,0x0000017e,0x00000000,20,62,1186240
54,Full PQ (ML-KEM-768 / ML-DSA-65),PCR_READ,1722,0x0000017e,0x00000000,20,62,1339135
54,Full PQ (ML-KEM-768 / ML-DSA-65),PCR_READ,1723,0x0000017e,0x00000000,20,62,1389949
54,Full PQ (ML-KEM-768 / ML-DSA-65),NONCE_RANDOM,1724,0x0000017b,0x00000000,12,44,1381273
54,Full PQ (ML-KEM-768 / ML-DSA-65),QUOTE,1725,0x00000158,0x00000000,105,3479,1659381
55,Full PQ (ML-KEM-768 / ML-DSA-65),EK_CREATE,1733,0x00000131,0x00000000,89,1392,1013808
55,Full PQ (ML-KEM-768 / ML-DSA-65),AK_CREATE,1734,0x00000131,0x00000000,88,2127,1059102
55,Full PQ (ML-KEM-768 / ML-DSA-65),CREDENTIAL_RANDOM,1735,0x0000017b,0x00000000,12,44,1067979
55,Full PQ (ML-KEM-768 / ML-DSA-65),MAKE_CREDENTIAL,1736,0x00000168,0x00000000,84,1170,1143009
55,Full PQ (ML-KEM-768 / ML-DSA-65),ACTIVATE_AUTH,1737,0x00000176,0x00000000,59,48,1092255
55,Full PQ (ML-KEM-768 / ML-DSA-65),ACTIVATE_AUTH,1738,0x00000151,0x00000000,41,29,1096182
55,Full PQ (ML-KEM-768 / ML-DSA-65),ACTIVATE_CREDENTIAL,1739,0x00000147,0x00000000,1296,122,1168707
55,Full PQ (ML-KEM-768 / ML-DSA-65),PCR_READ,1740,0x0000017e,0x00000000,20,62,1045056
55,Full PQ (ML-KEM-768 / ML-DSA-65),PCR_READ,1741,0x0000017e,0x00000000,20,62,1033705
55,Full PQ (ML-KEM-768 / ML-DSA-65),PCR_READ,1742,0x0000017e,0x00000000,20,62,1036190
55,Full PQ (ML-KEM-768 / ML-DSA-65),PCR_READ,1743,0x0000017e,0x00000000,20,62,987369
55,Full PQ (ML-KEM-768 / ML-DSA-65),PCR_READ,1744,0x0000017e,0x00000000,20,62,1071646
55,Full PQ (ML-KEM-768 / ML-DSA-65),PCR_READ,1745,0x0000017e,0x00000000,20,62,966220
55,Full PQ (ML-KEM-768 / ML-DSA-65),PCR_READ,1746,0x0000017e,0x00000000,20,62,978022
55,Full PQ (ML-KEM-768 / ML-DSA-65),PCR_READ,1747,0x0000017e,0x00000000,20,62,963234
55,Full PQ (ML-KEM-768 / ML-DSA-65),PCR_READ,1748,0x0000017e,0x00000000,20,62,1046218
55,Full PQ (ML-KEM-768 / ML-DSA-65),PCR_READ,1749,0x0000017e,0x00000000,20,62,976399
55,Full PQ (ML-KEM-768 / ML-DSA-65),PCR_READ,1750,0x0000017e,0x00000000,20,62,1007807
55,Full PQ (ML-KEM-768 / ML-DSA-65),PCR_READ,1751,0x0000017e,0x00000000,20,62,1029618
55,Full PQ (ML-KEM-768 / ML-DSA-65),PCR_READ,1752,0x0000017e,0x00000000,20,62,1103175
55,Full PQ (ML-KEM-768 / ML-DSA-65),PCR_READ,1753,0x0000017e,0x00000000,20,62,1069512
55,Full PQ (ML-KEM-768 / ML-DSA-65),PCR_READ,1754,0x0000017e,0x00000000,20,62,998029
55,Full PQ (ML-KEM-768 / ML-DSA-65),PCR_READ,1755,0x0000017e,0x00000000,20,62,968795
55,Full PQ (ML-KEM-768 / ML-DSA-65),NONCE_RANDOM,1756,0x0000017b,0x00000000,12,44,955029
55,Full PQ (ML-KEM-768 / ML-DSA-65),QUOTE,1757,0x00000158,0x00000000,105,3479,1544236
56,Full PQ (ML-KEM-768 / ML-DSA-65),EK_CREATE,1765,0x00000131,0x00000000,89,1392,1074351
56,Full PQ (ML-KEM-768 / ML-DSA-65),AK_CREATE,1766,0x00000131,0x00000000,88,2127,1221565
56,Full PQ (ML-KEM-768 / ML-DSA-65),CREDENTIAL_RANDOM,1767,0x0000017b,0x00000000,12,44,1119435
56,Full PQ (ML-KEM-768 / ML-DSA-65),MAKE_CREDENTIAL,1768,0x00000168,0x00000000,84,1170,1060946
56,Full PQ (ML-KEM-768 / ML-DSA-65),ACTIVATE_AUTH,1769,0x00000176,0x00000000,59,48,971640
56,Full PQ (ML-KEM-768 / ML-DSA-65),ACTIVATE_AUTH,1770,0x00000151,0x00000000,41,29,970558
56,Full PQ (ML-KEM-768 / ML-DSA-65),ACTIVATE_CREDENTIAL,1771,0x00000147,0x00000000,1296,122,1336820
56,Full PQ (ML-KEM-768 / ML-DSA-65),PCR_READ,1772,0x0000017e,0x00000000,20,62,1051899
56,Full PQ (ML-KEM-768 / ML-DSA-65),PCR_READ,1773,0x0000017e,0x00000000,20,62,1069372
56,Full PQ (ML-KEM-768 / ML-DSA-65),PCR_READ,1774,0x0000017e,0x00000000,20,62,1080453
56,Full PQ (ML-KEM-768 / ML-DSA-65),PCR_READ,1775,0x0000017e,0x00000000,20,62,1104226
56,Full PQ (ML-KEM-768 / ML-DSA-65),PCR_READ,1776,0x0000017e,0x00000000,20,62,1106471
56,Full PQ (ML-KEM-768 / ML-DSA-65),PCR_READ,1777,0x0000017e,0x00000000,20,62,1051949
56,Full PQ (ML-KEM-768 / ML-DSA-65),PCR_READ,1778,0x0000017e,0x00000000,20,62,1051799
56,Full PQ (ML-KEM-768 / ML-DSA-65),PCR_READ,1779,0x0000017e,0x00000000,20,62,1033896
56,Full PQ (ML-KEM-768 / ML-DSA-65),PCR_READ,1780,0x0000017e,0x00000000,20,62,997427
56,Full PQ (ML-KEM-768 / ML-DSA-65),PCR_READ,1781,0x0000017e,0x00000000,20,62,1382806
56,Full PQ (ML-KEM-768 / ML-DSA-65),PCR_READ,1782,0x0000017e,0x00000000,20,62,1079722
56,Full PQ (ML-KEM-768 / ML-DSA-65),PCR_READ,1783,0x0000017e,0x00000000,20,62,1057469
56,Full PQ (ML-KEM-768 / ML-DSA-65),PCR_READ,1784,0x0000017e,0x00000000,20,62,1017465
56,Full PQ (ML-KEM-768 / ML-DSA-65),PCR_READ,1785,0x0000017e,0x00000000,20,62,1123773
56,Full PQ (ML-KEM-768 / ML-DSA-65),PCR_READ,1786,0x0000017e,0x00000000,20,62,1042101
56,Full PQ (ML-KEM-768 / ML-DSA-65),PCR_READ,1787,0x0000017e,0x00000000,20,62,1040848
56,Full PQ (ML-KEM-768 / ML-DSA-65),NONCE_RANDOM,1788,0x0000017b,0x00000000,12,44,1030029
56,Full PQ (ML-KEM-768 / ML-DSA-65),QUOTE,1789,0x00000158,0x00000000,105,3479,1519881
57,Full PQ (ML-KEM-768 / ML-DSA-65),EK_CREATE,1797,0x00000131,0x00000000,89,1392,1149141
57,Full PQ (ML-KEM-768 / ML-DSA-65),AK_CREATE,1798,0x00000131,0x00000000,88,2127,1060666
57,Full PQ (ML-KEM-768 / ML-DSA-65),CREDENTIAL_RANDOM,1799,0x0000017b,0x00000000,12,44,1069092
57,Full PQ (ML-KEM-768 / ML-DSA-65),MAKE_CREDENTIAL,1800,0x00000168,0x00000000,84,1170,1262081
57,Full PQ (ML-KEM-768 / ML-DSA-65),ACTIVATE_AUTH,1801,0x00000176,0x00000000,59,48,1029898
57,Full PQ (ML-KEM-768 / ML-DSA-65),ACTIVATE_AUTH,1802,0x00000151,0x00000000,41,29,1003028
57,Full PQ (ML-KEM-768 / ML-DSA-65),ACTIVATE_CREDENTIAL,1803,0x00000147,0x00000000,1296,122,1185107
57,Full PQ (ML-KEM-768 / ML-DSA-65),PCR_READ,1804,0x0000017e,0x00000000,20,62,1006705
57,Full PQ (ML-KEM-768 / ML-DSA-65),PCR_READ,1805,0x0000017e,0x00000000,20,62,1025521
57,Full PQ (ML-KEM-768 / ML-DSA-65),PCR_READ,1806,0x0000017e,0x00000000,20,62,1057169
57,Full PQ (ML-KEM-768 / ML-DSA-65),PCR_READ,1807,0x0000017e,0x00000000,20,62,1079651
57,Full PQ (ML-KEM-768 / ML-DSA-65),PCR_READ,1808,0x0000017e,0x00000000,20,62,1056799
57,Full PQ (ML-KEM-768 / ML-DSA-65),PCR_READ,1809,0x0000017e,0x00000000,20,62,1032924
57,Full PQ (ML-KEM-768 / ML-DSA-65),PCR_READ,1810,0x0000017e,0x00000000,20,62,1079341
57,Full PQ (ML-KEM-768 / ML-DSA-65),PCR_READ,1811,0x0000017e,0x00000000,20,62,1082717
57,Full PQ (ML-KEM-768 / ML-DSA-65),PCR_READ,1812,0x0000017e,0x00000000,20,62,1032853
57,Full PQ (ML-KEM-768 / ML-DSA-65),PCR_READ,1813,0x0000017e,0x00000000,20,62,1019800
57,Full PQ (ML-KEM-768 / ML-DSA-65),PCR_READ,1814,0x0000017e,0x00000000,20,62,990815
57,Full PQ (ML-KEM-768 / ML-DSA-65),PCR_READ,1815,0x0000017e,0x00000000,20,62,1090662
57,Full PQ (ML-KEM-768 / ML-DSA-65),PCR_READ,1816,0x0000017e,0x00000000,20,62,1003574
57,Full PQ (ML-KEM-768 / ML-DSA-65),PCR_READ,1817,0x0000017e,0x00000000,20,62,1104763
57,Full PQ (ML-KEM-768 / ML-DSA-65),PCR_READ,1818,0x0000017e,0x00000000,20,62,1525552
57,Full PQ (ML-KEM-768 / ML-DSA-65),PCR_READ,1819,0x0000017e,0x00000000,20,62,1087266
57,Full PQ (ML-KEM-768 / ML-DSA-65),NONCE_RANDOM,1820,0x0000017b,0x00000000,12,44,981588
57,Full PQ (ML-KEM-768 / ML-DSA-65),QUOTE,1821,0x00000158,0x00000000,105,3479,1438018
58,Full PQ (ML-KEM-768 / ML-DSA-65),EK_CREATE,1829,0x00000131,0x00000000,89,1392,1041740
58,Full PQ (ML-KEM-768 / ML-DSA-65),AK_CREATE,1830,0x00000131,0x00000000,88,2127,1038444
58,Full PQ (ML-KEM-768 / ML-DSA-65),CREDENTIAL_RANDOM,1831,0x0000017b,0x00000000,12,44,1100099
58,Full PQ (ML-KEM-768 / ML-DSA-65),MAKE_CREDENTIAL,1832,0x00000168,0x00000000,84,1170,1128772
58,Full PQ (ML-KEM-768 / ML-DSA-65),ACTIVATE_AUTH,1833,0x00000176,0x00000000,59,48,999682
58,Full PQ (ML-KEM-768 / ML-DSA-65),ACTIVATE_AUTH,1834,0x00000151,0x00000000,41,29,982701
58,Full PQ (ML-KEM-768 / ML-DSA-65),ACTIVATE_CREDENTIAL,1835,0x00000147,0x00000000,1296,122,1082968
58,Full PQ (ML-KEM-768 / ML-DSA-65),PCR_READ,1836,0x0000017e,0x00000000,20,62,1025740
58,Full PQ (ML-KEM-768 / ML-DSA-65),PCR_READ,1837,0x0000017e,0x00000000,20,62,1016604
58,Full PQ (ML-KEM-768 / ML-DSA-65),PCR_READ,1838,0x0000017e,0x00000000,20,62,1007827
58,Full PQ (ML-KEM-768 / ML-DSA-65),PCR_READ,1839,0x0000017e,0x00000000,20,62,1118975
58,Full PQ (ML-KEM-768 / ML-DSA-65),PCR_READ,1840,0x0000017e,0x00000000,20,62,1165130
58,Full PQ (ML-KEM-768 / ML-DSA-65),PCR_READ,1841,0x0000017e,0x00000000,20,62,1106611
58,Full PQ (ML-KEM-768 / ML-DSA-65),PCR_READ,1842,0x0000017e,0x00000000,20,62,1203201
58,Full PQ (ML-KEM-768 / ML-DSA-65),PCR_READ,1843,0x0000017e,0x00000000,20,62,1024358
58,Full PQ (ML-KEM-768 / ML-DSA-65),PCR_READ,1844,0x0000017e,0x00000000,20,62,1026231
58,Full PQ (ML-KEM-768 / ML-DSA-65),PCR_READ,1845,0x0000017e,0x00000000,20,62,1024188
58,Full PQ (ML-KEM-768 / ML-DSA-65),PCR_READ,1846,0x0000017e,0x00000000,20,62,1053111
58,Full PQ (ML-KEM-768 / ML-DSA-65),PCR_READ,1847,0x0000017e,0x00000000,20,62,1003008
58,Full PQ (ML-KEM-768 / ML-DSA-65),PCR_READ,1848,0x0000017e,0x00000000,20,62,1093798
58,Full PQ (ML-KEM-768 / ML-DSA-65),PCR_READ,1849,0x0000017e,0x00000000,20,62,1035408
58,Full PQ (ML-KEM-768 / ML-DSA-65),PCR_READ,1850,0x0000017e,0x00000000,20,62,1002608
58,Full PQ (ML-KEM-768 / ML-DSA-65),PCR_READ,1851,0x0000017e,0x00000000,20,62,984704
58,Full PQ (ML-KEM-768 / ML-DSA-65),NONCE_RANDOM,1852,0x0000017b,0x00000000,12,44,1104066
58,Full PQ (ML-KEM-768 / ML-DSA-65),QUOTE,1853,0x00000158,0x00000000,105,3479,1502198
59,Full PQ (ML-KEM-768 / ML-DSA-65),EK_CREATE,1861,0x00000131,0x00000000,89,1392,1060816
59,Full PQ (ML-KEM-768 / ML-DSA-65),AK_CREATE,1862,0x00000131,0x00000000,88,2127,1050637
59,Full PQ (ML-KEM-768 / ML-DSA-65),CREDENTIAL_RANDOM,1863,0x0000017b,0x00000000,12,44,1042234
59,Full PQ (ML-KEM-768 / ML-DSA-65),MAKE_CREDENTIAL,1864,0x00000168,0x00000000,84,1170,1085079
59,Full PQ (ML-KEM-768 / ML-DSA-65),ACTIVATE_AUTH,1865,0x00000176,0x00000000,59,48,977791
59,Full PQ (ML-KEM-768 / ML-DSA-65),ACTIVATE_AUTH,1866,0x00000151,0x00000000,41,29,1099167
59,Full PQ (ML-KEM-768 / ML-DSA-65),ACTIVATE_CREDENTIAL,1867,0x00000147,0x00000000,1296,122,1128191
59,Full PQ (ML-KEM-768 / ML-DSA-65),PCR_READ,1868,0x0000017e,0x00000000,20,62,1024800
59,Full PQ (ML-KEM-768 / ML-DSA-65),PCR_READ,1869,0x0000017e,0x00000000,20,62,997959
59,Full PQ (ML-KEM-768 / ML-DSA-65),PCR_READ,1870,0x0000017e,0x00000000,20,62,1012646
59,Full PQ (ML-KEM-768 / ML-DSA-65),PCR_READ,1871,0x0000017e,0x00000000,20,62,1019640
59,Full PQ (ML-KEM-768 / ML-DSA-65),PCR_READ,1872,0x0000017e,0x00000000,20,62,1040327
59,Full PQ (ML-KEM-768 / ML-DSA-65),PCR_READ,1873,0x0000017e,0x00000000,20,62,1038415
59,Full PQ (ML-KEM-768 / ML-DSA-65),PCR_READ,1874,0x0000017e,0x00000000,20,62,1069462
59,Full PQ (ML-KEM-768 / ML-DSA-65),PCR_READ,1875,0x0000017e,0x00000000,20,62,1063541
59,Full PQ (ML-KEM-768 / ML-DSA-65),PCR_READ,1876,0x0000017e,0x00000000,20,62,1051459
59,Full PQ (ML-KEM-768 / ML-DSA-65),PCR_READ,1877,0x0000017e,0x00000000,20,62,1024968
59,Full PQ (ML-KEM-768 / ML-DSA-65),PCR_READ,1878,0x0000017e,0x00000000,20,62,1029768
59,Full PQ (ML-KEM-768 / ML-DSA-65),PCR_READ,1879,0x0000017e,0x00000000,20,62,1058712
59,Full PQ (ML-KEM-768 / ML-DSA-65),PCR_READ,1880,0x0000017e,0x00000000,20,62,1010833
59,Full PQ (ML-KEM-768 / ML-DSA-65),PCR_READ,1881,0x0000017e,0x00000000,20,62,1044054
59,Full PQ (ML-KEM-768 / ML-DSA-65),PCR_READ,1882,0x0000017e,0x00000000,20,62,1013798
59,Full PQ (ML-KEM-768 / ML-DSA-65),PCR_READ,1883,0x0000017e,0x00000000,20,62,1141256
59,Full PQ (ML-KEM-768 / ML-DSA-65),NONCE_RANDOM,1884,0x0000017b,0x00000000,12,44,1009921
59,Full PQ (ML-KEM-768 / ML-DSA-65),QUOTE,1885,0x00000158,0x00000000,105,3479,1546962
60,Full PQ (ML-KEM-768 / ML-DSA-65),EK_CREATE,1893,0x00000131,0x00000000,89,1392,1058952
60,Full PQ (ML-KEM-768 / ML-DSA-65),AK_CREATE,1894,0x00000131,0x00000000,88,2127,1019239
60,Full PQ (ML-KEM-768 / ML-DSA-65),CREDENTIAL_RANDOM,1895,0x0000017b,0x00000000,12,44,1044025
60,Full PQ (ML-KEM-768 / ML-DSA-65),MAKE_CREDENTIAL,1896,0x00000168,0x00000000,84,1170,1031992
60,Full PQ (ML-KEM-768 / ML-DSA-65),ACTIVATE_AUTH,1897,0x00000176,0x00000000,59,48,1054995
60,Full PQ (ML-KEM-768 / ML-DSA-65),ACTIVATE_AUTH,1898,0x00000151,0x00000000,41,29,981619
60,Full PQ (ML-KEM-768 / ML-DSA-65),ACTIVATE_CREDENTIAL,1899,0x00000147,0x00000000,1296,122,1111320
60,Full PQ (ML-KEM-768 / ML-DSA-65),PCR_READ,1900,0x0000017e,0x00000000,20,62,983101
60,Full PQ (ML-KEM-768 / ML-DSA-65),PCR_READ,1901,0x0000017e,0x00000000,20,62,949499
60,Full PQ (ML-KEM-768 / ML-DSA-65),PCR_READ,1902,0x0000017e,0x00000000,20,62,977250
60,Full PQ (ML-KEM-768 / ML-DSA-65),PCR_READ,1903,0x0000017e,0x00000000,20,62,1014540
60,Full PQ (ML-KEM-768 / ML-DSA-65),PCR_READ,1904,0x0000017e,0x00000000,20,62,998800
60,Full PQ (ML-KEM-768 / ML-DSA-65),PCR_READ,1905,0x0000017e,0x00000000,20,62,913532
60,Full PQ (ML-KEM-768 / ML-DSA-65),PCR_READ,1906,0x0000017e,0x00000000,20,62,955550
60,Full PQ (ML-KEM-768 / ML-DSA-65),PCR_READ,1907,0x0000017e,0x00000000,20,62,968013
60,Full PQ (ML-KEM-768 / ML-DSA-65),PCR_READ,1908,0x0000017e,0x00000000,20,62,940662
60,Full PQ (ML-KEM-768 / ML-DSA-65),PCR_READ,1909,0x0000017e,0x00000000,20,62,971650
60,Full PQ (ML-KEM-768 / ML-DSA-65),PCR_READ,1910,0x0000017e,0x00000000,20,62,1026071
60,Full PQ (ML-KEM-768 / ML-DSA-65),PCR_READ,1911,0x0000017e,0x00000000,20,62,1015371
60,Full PQ (ML-KEM-768 / ML-DSA-65),PCR_READ,1912,0x0000017e,0x00000000,20,62,973393
60,Full PQ (ML-KEM-768 / ML-DSA-65),PCR_READ,1913,0x0000017e,0x00000000,20,62,948877
60,Full PQ (ML-KEM-768 / ML-DSA-65),PCR_READ,1914,0x0000017e,0x00000000,20,62,964987
60,Full PQ (ML-KEM-768 / ML-DSA-65),PCR_READ,1915,0x0000017e,0x00000000,20,62,1006766
60,Full PQ (ML-KEM-768 / ML-DSA-65),NONCE_RANDOM,1916,0x0000017b,0x00000000,12,44,1074753
60,Full PQ (ML-KEM-768 / ML-DSA-65),QUOTE,1917,0x00000158,0x00000000,105,3479,1350425
61,Full PQ (ML-KEM-768 / ML-DSA-65),EK_CREATE,1925,0x00000131,0x00000000,89,1392,1200937
61,Full PQ (ML-KEM-768 / ML-DSA-65),AK_CREATE,1926,0x00000131,0x00000000,88,2127,1022786
61,Full PQ (ML-KEM-768 / ML-DSA-65),CREDENTIAL_RANDOM,1927,0x0000017b,0x00000000,12,44,1035269
61,Full PQ (ML-KEM-768 / ML-DSA-65),MAKE_CREDENTIAL,1928,0x00000168,0x00000000,84,1170,1086674
61,Full PQ (ML-KEM-768 / ML-DSA-65),ACTIVATE_AUTH,1929,0x00000176,0x00000000,59,48,926637
61,Full PQ (ML-KEM-768 / ML-DSA-65),ACTIVATE_AUTH,1930,0x00000151,0x00000000,41,29,1008970
61,Full PQ (ML-KEM-768 / ML-DSA-65),ACTIVATE_CREDENTIAL,1931,0x00000147,0x00000000,1296,122,1056819
61,Full PQ (ML-KEM-768 / ML-DSA-65),PCR_READ,1932,0x0000017e,0x00000000,20,62,1003919
61,Full PQ (ML-KEM-768 / ML-DSA-65),PCR_READ,1933,0x0000017e,0x00000000,20,62,1005083
61,Full PQ (ML-KEM-768 / ML-DSA-65),PCR_READ,1934,0x0000017e,0x00000000,20,62,986798
61,Full PQ (ML-KEM-768 / ML-DSA-65),PCR_READ,1935,0x0000017e,0x00000000,20,62,971549
61,Full PQ (ML-KEM-768 / ML-DSA-65),PCR_READ,1936,0x0000017e,0x00000000,20,62,991567
61,Full PQ (ML-KEM-768 / ML-DSA-65),PCR_READ,1937,0x0000017e,0x00000000,20,62,1062259
61,Full PQ (ML-KEM-768 / ML-DSA-65),PCR_READ,1938,0x0000017e,0x00000000,20,62,975316
61,Full PQ (ML-KEM-768 / ML-DSA-65),PCR_READ,1939,0x0000017e,0x00000000,20,62,1010332
61,Full PQ (ML-KEM-768 / ML-DSA-65),PCR_READ,1940,0x0000017e,0x00000000,20,62,965939
61,Full PQ (ML-KEM-768 / ML-DSA-65),PCR_READ,1941,0x0000017e,0x00000000,20,62,1060756
61,Full PQ (ML-KEM-768 / ML-DSA-65),PCR_READ,1942,0x0000017e,0x00000000,20,62,1024148
61,Full PQ (ML-KEM-768 / ML-DSA-65),PCR_READ,1943,0x0000017e,0x00000000,20,62,968234
61,Full PQ (ML-KEM-768 / ML-DSA-65),PCR_READ,1944,0x0000017e,0x00000000,20,62,1005693
61,Full PQ (ML-KEM-768 / ML-DSA-65),PCR_READ,1945,0x0000017e,0x00000000,20,62,1036791
61,Full PQ (ML-KEM-768 / ML-DSA-65),PCR_READ,1946,0x0000017e,0x00000000,20,62,1023357
61,Full PQ (ML-KEM-768 / ML-DSA-65),PCR_READ,1947,0x0000017e,0x00000000,20,62,958225
61,Full PQ (ML-KEM-768 / ML-DSA-65),NONCE_RANDOM,1948,0x0000017b,0x00000000,12,44,1005222
61,Full PQ (ML-KEM-768 / ML-DSA-65),QUOTE,1949,0x00000158,0x00000000,105,3479,1333774
62,Full PQ (ML-KEM-768 / ML-DSA-65),EK_CREATE,1957,0x00000131,0x00000000,89,1392,1154871
62,Full PQ (ML-KEM-768 / ML-DSA-65),AK_CREATE,1958,0x00000131,0x00000000,88,2127,1133211
62,Full PQ (ML-KEM-768 / ML-DSA-65),CREDENTIAL_RANDOM,1959,0x0000017b,0x00000000,12,44,1111300
62,Full PQ (ML-KEM-768 / ML-DSA-65),MAKE_CREDENTIAL,1960,0x00000168,0x00000000,84,1170,1221115
62,Full PQ (ML-KEM-768 / ML-DSA-65),ACTIVATE_AUTH,1961,0x00000176,0x00000000,59,48,1089669
62,Full PQ (ML-KEM-768 / ML-DSA-65),ACTIVATE_AUTH,1962,0x00000151,0x00000000,41,29,1112142
62,Full PQ (ML-KEM-768 / ML-DSA-65),ACTIVATE_CREDENTIAL,1963,0x00000147,0x00000000,1296,122,1237956
62,Full PQ (ML-KEM-768 / ML-DSA-65),PCR_READ,1964,0x0000017e,0x00000000,20,62,988611
62,Full PQ (ML-KEM-768 / ML-DSA-65),PCR_READ,1965,0x0000017e,0x00000000,20,62,1077127
62,Full PQ (ML-KEM-768 / ML-DSA-65),PCR_READ,1966,0x0000017e,0x00000000,20,62,1086393
62,Full PQ (ML-KEM-768 / ML-DSA-65),PCR_READ,1967,0x0000017e,0x00000000,20,62,999241
62,Full PQ (ML-KEM-768 / ML-DSA-65),PCR_READ,1968,0x0000017e,0x00000000,20,62,1020631
62,Full PQ (ML-KEM-768 / ML-DSA-65),PCR_READ,1969,0x0000017e,0x00000000,20,62,1056378
62,Full PQ (ML-KEM-768 / ML-DSA-65),PCR_READ,1970,0x0000017e,0x00000000,20,62,1009551
62,Full PQ (ML-KEM-768 / ML-DSA-65),PCR_READ,1971,0x0000017e,0x00000000,20,62,1007798
62,Full PQ (ML-KEM-768 / ML-DSA-65),PCR_READ,1972,0x0000017e,0x00000000,20,62,983802
62,Full PQ (ML-KEM-768 / ML-DSA-65),PCR_READ,1973,0x0000017e,0x00000000,20,62,988061
62,Full PQ (ML-KEM-768 / ML-DSA-65),PCR_READ,1974,0x0000017e,0x00000000,20,62,972802
62,Full PQ (ML-KEM-768 / ML-DSA-65),PCR_READ,1975,0x0000017e,0x00000000,20,62,970417
62,Full PQ (ML-KEM-768 / ML-DSA-65),PCR_READ,1976,0x0000017e,0x00000000,20,62,990225
62,Full PQ (ML-KEM-768 / ML-DSA-65),PCR_READ,1977,0x0000017e,0x00000000,20,62,999061
62,Full PQ (ML-KEM-768 / ML-DSA-65),PCR_READ,1978,0x0000017e,0x00000000,20,62,993110
62,Full PQ (ML-KEM-768 / ML-DSA-65),PCR_READ,1979,0x0000017e,0x00000000,20,62,1004961
62,Full PQ (ML-KEM-768 / ML-DSA-65),NONCE_RANDOM,1980,0x0000017b,0x00000000,12,44,1012416
62,Full PQ (ML-KEM-768 / ML-DSA-65),QUOTE,1981,0x00000158,0x00000000,105,3479,1254557
63,Full PQ (ML-KEM-768 / ML-DSA-65),EK_CREATE,1989,0x00000131,0x00000000,89,1392,987229
63,Full PQ (ML-KEM-768 / ML-DSA-65),AK_CREATE,1990,0x00000131,0x00000000,88,2127,1067709
63,Full PQ (ML-KEM-768 / ML-DSA-65),CREDENTIAL_RANDOM,1991,0x0000017b,0x00000000,12,44,978923
63,Full PQ (ML-KEM-768 / ML-DSA-65),MAKE_CREDENTIAL,1992,0x00000168,0x00000000,84,1170,1073810
63,Full PQ (ML-KEM-768 / ML-DSA-65),ACTIVATE_AUTH,1993,0x00000176,0x00000000,59,48,978142
63,Full PQ (ML-KEM-768 / ML-DSA-65),ACTIVATE_AUTH,1994,0x00000151,0x00000000,41,29,1010231
63,Full PQ (ML-KEM-768 / ML-DSA-65),ACTIVATE_CREDENTIAL,1995,0x00000147,0x00000000,1296,122,1027183
63,Full PQ (ML-KEM-768 / ML-DSA-65),PCR_READ,1996,0x0000017e,0x00000000,20,62,975518
63,Full PQ (ML-KEM-768 / ML-DSA-65),PCR_READ,1997,0x0000017e,0x00000000,20,62,964165
63,Full PQ (ML-KEM-768 / ML-DSA-65),PCR_READ,1998,0x0000017e,0x00000000,20,62,1054294
63,Full PQ (ML-KEM-768 / ML-DSA-65),PCR_READ,1999,0x0000017e,0x00000000,20,62,998500
63,Full PQ (ML-KEM-768 / ML-DSA-65),PCR_READ,2000,0x0000017e,0x00000000,20,62,999392
63,Full PQ (ML-KEM-768 / ML-DSA-65),PCR_READ,2001,0x0000017e,0x00000000,20,62,1026141
63,Full PQ (ML-KEM-768 / ML-DSA-65),PCR_READ,2002,0x0000017e,0x00000000,20,62,1045056
63,Full PQ (ML-KEM-768 / ML-DSA-65),PCR_READ,2003,0x0000017e,0x00000000,20,62,1061998
63,Full PQ (ML-KEM-768 / ML-DSA-65),PCR_READ,2004,0x0000017e,0x00000000,20,62,1180979
63,Full PQ (ML-KEM-768 / ML-DSA-65),PCR_READ,2005,0x0000017e,0x00000000,20,62,1200305
63,Full PQ (ML-KEM-768 / ML-DSA-65),PCR_READ,2006,0x0000017e,0x00000000,20,62,1136236
63,Full PQ (ML-KEM-768 / ML-DSA-65),PCR_READ,2007,0x0000017e,0x00000000,20,62,1026933
63,Full PQ (ML-KEM-768 / ML-DSA-65),PCR_READ,2008,0x0000017e,0x00000000,20,62,1011023
63,Full PQ (ML-KEM-768 / ML-DSA-65),PCR_READ,2009,0x0000017e,0x00000000,20,62,1200527
63,Full PQ (ML-KEM-768 / ML-DSA-65),PCR_READ,2010,0x0000017e,0x00000000,20,62,1060395
63,Full PQ (ML-KEM-768 / ML-DSA-65),PCR_READ,2011,0x0000017e,0x00000000,20,62,948276
63,Full PQ (ML-KEM-768 / ML-DSA-65),NONCE_RANDOM,2012,0x0000017b,0x00000000,12,44,1003880
63,Full PQ (ML-KEM-768 / ML-DSA-65),QUOTE,2013,0x00000158,0x00000000,105,3479,1328464
64,Full PQ (ML-KEM-768 / ML-DSA-65),EK_CREATE,2021,0x00000131,0x00000000,89,1392,1078750
64,Full PQ (ML-KEM-768 / ML-DSA-65),AK_CREATE,2022,0x00000131,0x00000000,88,2127,1049685
64,Full PQ (ML-KEM-768 / ML-DSA-65),CREDENTIAL_RANDOM,2023,0x0000017b,0x00000000,12,44,1064924
64,Full PQ (ML-KEM-768 / ML-DSA-65),MAKE_CREDENTIAL,2024,0x00000168,0x00000000,84,1170,1140234
64,Full PQ (ML-KEM-768 / ML-DSA-65),ACTIVATE_AUTH,2025,0x00000176,0x00000000,59,48,1015341
64,Full PQ (ML-KEM-768 / ML-DSA-65),ACTIVATE_AUTH,2026,0x00000151,0x00000000,41,29,1025260
64,Full PQ (ML-KEM-768 / ML-DSA-65),ACTIVATE_CREDENTIAL,2027,0x00000147,0x00000000,1296,122,1168737
64,Full PQ (ML-KEM-768 / ML-DSA-65),PCR_READ,2028,0x0000017e,0x00000000,20,62,1054504
64,Full PQ (ML-KEM-768 / ML-DSA-65),PCR_READ,2029,0x0000017e,0x00000000,20,62,1012155
64,Full PQ (ML-KEM-768 / ML-DSA-65),PCR_READ,2030,0x0000017e,0x00000000,20,62,1039998
64,Full PQ (ML-KEM-768 / ML-DSA-65),PCR_READ,2031,0x0000017e,0x00000000,20,62,1041224
64,Full PQ (ML-KEM-768 / ML-DSA-65),PCR_READ,2032,0x0000017e,0x00000000,20,62,1220919
64,Full PQ (ML-KEM-768 / ML-DSA-65),PCR_READ,2033,0x0000017e,0x00000000,20,62,1194084
64,Full PQ (ML-KEM-768 / ML-DSA-65),PCR_READ,2034,0x0000017e,0x00000000,20,62,1272251
64,Full PQ (ML-KEM-768 / ML-DSA-65),PCR_READ,2035,0x0000017e,0x00000000,20,62,1383246
64,Full PQ (ML-KEM-768 / ML-DSA-65),PCR_READ,2036,0x0000017e,0x00000000,20,62,1170791
64,Full PQ (ML-KEM-768 / ML-DSA-65),PCR_READ,2037,0x0000017e,0x00000000,20,62,1122441
64,Full PQ (ML-KEM-768 / ML-DSA-65),PCR_READ,2038,0x0000017e,0x00000000,20,62,1045197
64,Full PQ (ML-KEM-768 / ML-DSA-65),PCR_READ,2039,0x0000017e,0x00000000,20,62,1105409
64,Full PQ (ML-KEM-768 / ML-DSA-65),PCR_READ,2040,0x0000017e,0x00000000,20,62,994272
64,Full PQ (ML-KEM-768 / ML-DSA-65),PCR_READ,2041,0x0000017e,0x00000000,20,62,1003289
64,Full PQ (ML-KEM-768 / ML-DSA-65),PCR_READ,2042,0x0000017e,0x00000000,20,62,1080933
64,Full PQ (ML-KEM-768 / ML-DSA-65),PCR_READ,2043,0x0000017e,0x00000000,20,62,930874
64,Full PQ (ML-KEM-768 / ML-DSA-65),NONCE_RANDOM,2044,0x0000017b,0x00000000,12,44,1016885
64,Full PQ (ML-KEM-768 / ML-DSA-65),QUOTE,2045,0x00000158,0x00000000,105,3479,1302245
65,Full PQ (ML-KEM-768 / ML-DSA-65),EK_CREATE,2053,0x00000131,0x00000000,89,1392,1041701
65,Full PQ (ML-KEM-768 / ML-DSA-65),AK_CREATE,2054,0x00000131,0x00000000,88,2127,1041791
65,Full PQ (ML-KEM-768 / ML-DSA-65),CREDENTIAL_RANDOM,2055,0x0000017b,0x00000000,12,44,1072468
65,Full PQ (ML-KEM-768 / ML-DSA-65),MAKE_CREDENTIAL,2056,0x00000168,0x00000000,84,1170,1097153
65,Full PQ (ML-KEM-768 / ML-DSA-65),ACTIVATE_AUTH,2057,0x00000176,0x00000000,59,48,1037652
65,Full PQ (ML-KEM-768 / ML-DSA-65),ACTIVATE_AUTH,2058,0x00000151,0x00000000,41,29,1162876
65,Full PQ (ML-KEM-768 / ML-DSA-65),ACTIVATE_CREDENTIAL,2059,0x00000147,0x00000000,1296,122,1269805
65,Full PQ (ML-KEM-768 / ML-DSA-65),PCR_READ,2060,0x0000017e,0x00000000,20,62,938498
65,Full PQ (ML-KEM-768 / ML-DSA-65),PCR_READ,2061,0x0000017e,0x00000000,20,62,1093718
65,Full PQ (ML-KEM-768 / ML-DSA-65),PCR_READ,2062,0x0000017e,0x00000000,20,62,992579
65,Full PQ (ML-KEM-768 / ML-DSA-65),PCR_READ,2063,0x0000017e,0x00000000,20,62,1087686
65,Full PQ (ML-KEM-768 / ML-DSA-65),PCR_READ,2064,0x0000017e,0x00000000,20,62,1001425
65,Full PQ (ML-KEM-768 / ML-DSA-65),PCR_READ,2065,0x0000017e,0x00000000,20,62,979565
65,Full PQ (ML-KEM-768 / ML-DSA-65),PCR_READ,2066,0x0000017e,0x00000000,20,62,999031
65,Full PQ (ML-KEM-768 / ML-DSA-65),PCR_READ,2067,0x0000017e,0x00000000,20,62,1080743
65,Full PQ (ML-KEM-768 / ML-DSA-65),PCR_READ,2068,0x0000017e,0x00000000,20,62,1059012
65,Full PQ (ML-KEM-768 / ML-DSA-65),PCR_READ,2069,0x0000017e,0x00000000,20,62,1003579
65,Full PQ (ML-KEM-768 / ML-DSA-65),PCR_READ,2070,0x0000017e,0x00000000,20,62,958766
65,Full PQ (ML-KEM-768 / ML-DSA-65),PCR_READ,2071,0x0000017e,0x00000000,20,62,1029278
65,Full PQ (ML-KEM-768 / ML-DSA-65),PCR_READ,2072,0x0000017e,0x00000000,20,62,1019418
65,Full PQ (ML-KEM-768 / ML-DSA-65),PCR_READ,2073,0x0000017e,0x00000000,20,62,985366
65,Full PQ (ML-KEM-768 / ML-DSA-65),PCR_READ,2074,0x0000017e,0x00000000,20,62,983221
65,Full PQ (ML-KEM-768 / ML-DSA-65),PCR_READ,2075,0x0000017e,0x00000000,20,62,1069202
65,Full PQ (ML-KEM-768 / ML-DSA-65),NONCE_RANDOM,2076,0x0000017b,0x00000000,12,44,1052250
65,Full PQ (ML-KEM-768 / ML-DSA-65),QUOTE,2077,0x00000158,0x00000000,105,3479,1303528
66,Full PQ (ML-KEM-768 / ML-DSA-65),EK_CREATE,2085,0x00000131,0x00000000,89,1392,1002457
66,Full PQ (ML-KEM-768 / ML-DSA-65),AK_CREATE,2086,0x00000131,0x00000000,88,2127,1077377
66,Full PQ (ML-KEM-768 / ML-DSA-65),CREDENTIAL_RANDOM,2087,0x0000017b,0x00000000,12,44,1027854
66,Full PQ (ML-KEM-768 / ML-DSA-65),MAKE_CREDENTIAL,2088,0x00000168,0x00000000,84,1170,1084500
66,Full PQ (ML-KEM-768 / ML-DSA-65),ACTIVATE_AUTH,2089,0x00000176,0x00000000,59,48,1028545
66,Full PQ (ML-KEM-768 / ML-DSA-65),ACTIVATE_AUTH,2090,0x00000151,0x00000000,41,29,963204
66,Full PQ (ML-KEM-768 / ML-DSA-65),ACTIVATE_CREDENTIAL,2091,0x00000147,0x00000000,1296,122,1076204
66,Full PQ (ML-KEM-768 / ML-DSA-65),PCR_READ,2092,0x0000017e,0x00000000,20,62,1084320
66,Full PQ (ML-KEM-768 / ML-DSA-65),PCR_READ,2093,0x0000017e,0x00000000,20,62,979464
66,Full PQ (ML-KEM-768 / ML-DSA-65),PCR_READ,2094,0x0000017e,0x00000000,20,62,1013198
66,Full PQ (ML-KEM-768 / ML-DSA-65),PCR_READ,2095,0x0000017e,0x00000000,20,62,963635
66,Full PQ (ML-KEM-768 / ML-DSA-65),PCR_READ,2096,0x0000017e,0x00000000,20,62,1030489
66,Full PQ (ML-KEM-768 / ML-DSA-65),PCR_READ,2097,0x0000017e,0x00000000,20,62,996967
66,Full PQ (ML-KEM-768 / ML-DSA-65),PCR_READ,2098,0x0000017e,0x00000000,20,62,1028045
66,Full PQ (ML-KEM-768 / ML-DSA-65),PCR_READ,2099,0x0000017e,0x00000000,20,62,966390
66,Full PQ (ML-KEM-768 / ML-DSA-65),PCR_READ,2100,0x0000017e,0x00000000,20,62,1037793
66,Full PQ (ML-KEM-768 / ML-DSA-65),PCR_READ,2101,0x0000017e,0x00000000,20,62,1101000
66,Full PQ (ML-KEM-768 / ML-DSA-65),PCR_READ,2102,0x0000017e,0x00000000,20,62,1068059
66,Full PQ (ML-KEM-768 / ML-DSA-65),PCR_READ,2103,0x0000017e,0x00000000,20,62,1045027
66,Full PQ (ML-KEM-768 / ML-DSA-65),PCR_READ,2104,0x0000017e,0x00000000,20,62,1151404
66,Full PQ (ML-KEM-768 / ML-DSA-65),PCR_READ,2105,0x0000017e,0x00000000,20,62,1037503
66,Full PQ (ML-KEM-768 / ML-DSA-65),PCR_READ,2106,0x0000017e,0x00000000,20,62,905857
66,Full PQ (ML-KEM-768 / ML-DSA-65),PCR_READ,2107,0x0000017e,0x00000000,20,62,997909
66,Full PQ (ML-KEM-768 / ML-DSA-65),NONCE_RANDOM,2108,0x0000017b,0x00000000,12,44,954638
66,Full PQ (ML-KEM-768 / ML-DSA-65),QUOTE,2109,0x00000158,0x00000000,105,3479,1347009
67,Full PQ (ML-KEM-768 / ML-DSA-65),EK_CREATE,2117,0x00000131,0x00000000,89,1392,1157546
67,Full PQ (ML-KEM-768 / ML-DSA-65),AK_CREATE,2118,0x00000131,0x00000000,88,2127,1003860
67,Full PQ (ML-KEM-768 / ML-DSA-65),CREDENTIAL_RANDOM,2119,0x0000017b,0x00000000,12,44,1094659
67,Full PQ (ML-KEM-768 / ML-DSA-65),MAKE_CREDENTIAL,2120,0x00000168,0x00000000,84,1170,1069673
67,Full PQ (ML-KEM-768 / ML-DSA-65),ACTIVATE_AUTH,2121,0x00000176,0x00000000,59,48,982149
67,Full PQ (ML-KEM-768 / ML-DSA-65),ACTIVATE_AUTH,2122,0x00000151,0x00000000,41,29,1045447
67,Full PQ (ML-KEM-768 / ML-DSA-65),ACTIVATE_CREDENTIAL,2123,0x00000147,0x00000000,1296,122,1177523
67,Full PQ (ML-KEM-768 / ML-DSA-65),PCR_READ,2124,0x0000017e,0x00000000,20,62,1013247
67,Full PQ (ML-KEM-768 / ML-DSA-65),PCR_READ,2125,0x0000017e,0x00000000,20,62,1048603
67,Full PQ (ML-KEM-768 / ML-DSA-65),PCR_READ,2126,0x0000017e,0x00000000,20,62,1102474
67,Full PQ (ML-KEM-768 / ML-DSA-65),PCR_READ,2127,0x0000017e,0x00000000,20,62,990726
67,Full PQ (ML-KEM-768 / ML-DSA-65),PCR_READ,2128,0x0000017e,0x00000000,20,62,995654
67,Full PQ (ML-KEM-768 / ML-DSA-65),PCR_READ,2129,0x0000017e,0x00000000,20,62,1001986
67,Full PQ (ML-KEM-768 / ML-DSA-65),PCR_READ,2130,0x0000017e,0x00000000,20,62,1085442
67,Full PQ (ML-KEM-768 / ML-DSA-65),PCR_READ,2131,0x0000017e,0x00000000,20,62,1005544
67,Full PQ (ML-KEM-768 / ML-DSA-65),PCR_READ,2132,0x0000017e,0x00000000,20,62,1022955
67,Full PQ (ML-KEM-768 / ML-DSA-65),PCR_READ,2133,0x0000017e,0x00000000,20,62,969946
67,Full PQ (ML-KEM-768 / ML-DSA-65),PCR_READ,2134,0x0000017e,0x00000000,20,62,1033796
67,Full PQ (ML-KEM-768 / ML-DSA-65),PCR_READ,2135,0x0000017e,0x00000000,20,62,1010973
67,Full PQ (ML-KEM-768 / ML-DSA-65),PCR_READ,2136,0x0000017e,0x00000000,20,62,1093786
67,Full PQ (ML-KEM-768 / ML-DSA-65),PCR_READ,2137,0x0000017e,0x00000000,20,62,972101
67,Full PQ (ML-KEM-768 / ML-DSA-65),PCR_READ,2138,0x0000017e,0x00000000,20,62,1048733
67,Full PQ (ML-KEM-768 / ML-DSA-65),PCR_READ,2139,0x0000017e,0x00000000,20,62,989664
67,Full PQ (ML-KEM-768 / ML-DSA-65),NONCE_RANDOM,2140,0x0000017b,0x00000000,12,44,975738
67,Full PQ (ML-KEM-768 / ML-DSA-65),QUOTE,2141,0x00000158,0x00000000,105,3479,1391522
68,Full PQ (ML-KEM-768 / ML-DSA-65),EK_CREATE,2149,0x00000131,0x00000000,89,1392,1033595
68,Full PQ (ML-KEM-768 / ML-DSA-65),AK_CREATE,2150,0x00000131,0x00000000,88,2127,1142989
68,Full PQ (ML-KEM-768 / ML-DSA-65),CREDENTIAL_RANDOM,2151,0x0000017b,0x00000000,12,44,1268553
68,Full PQ (ML-KEM-768 / ML-DSA-65),MAKE_CREDENTIAL,2152,0x00000168,0x00000000,84,1170,1256220
68,Full PQ (ML-KEM-768 / ML-DSA-65),ACTIVATE_AUTH,2153,0x00000176,0x00000000,59,48,1102123
68,Full PQ (ML-KEM-768 / ML-DSA-65),ACTIVATE_AUTH,2154,0x00000151,0x00000000,41,29,1078709
68,Full PQ (ML-KEM-768 / ML-DSA-65),ACTIVATE_CREDENTIAL,2155,0x00000147,0x00000000,1296,122,1152877
68,Full PQ (ML-KEM-768 / ML-DSA-65),PCR_READ,2156,0x0000017e,0x00000000,20,62,1091603
68,Full PQ (ML-KEM-768 / ML-DSA-65),PCR_READ,2157,0x0000017e,0x00000000,20,62,1052400
68,Full PQ (ML-KEM-768 / ML-DSA-65),PCR_READ,2158,0x0000017e,0x00000000,20,62,1063120
68,Full PQ (ML-KEM-768 / ML-DSA-65),PCR_READ,2159,0x0000017e,0x00000000,20,62,1040839
68,Full PQ (ML-KEM-768 / ML-DSA-65),PCR_READ,2160,0x0000017e,0x00000000,20,62,1054995
68,Full PQ (ML-KEM-768 / ML-DSA-65),PCR_READ,2161,0x0000017e,0x00000000,20,62,1051469
68,Full PQ (ML-KEM-768 / ML-DSA-65),PCR_READ,2162,0x0000017e,0x00000000,20,62,1108995
68,Full PQ (ML-KEM-768 / ML-DSA-65),PCR_READ,2163,0x0000017e,0x00000000,20,62,1051969
68,Full PQ (ML-KEM-768 / ML-DSA-65),PCR_READ,2164,0x0000017e,0x00000000,20,62,1015391
68,Full PQ (ML-KEM-768 / ML-DSA-65),PCR_READ,2165,0x0000017e,0x00000000,20,62,1071827
68,Full PQ (ML-KEM-768 / ML-DSA-65),PCR_READ,2166,0x0000017e,0x00000000,20,62,1092014
68,Full PQ (ML-KEM-768 / ML-DSA-65),PCR_READ,2167,0x0000017e,0x00000000,20,62,1002788
68,Full PQ (ML-KEM-768 / ML-DSA-65),PCR_READ,2168,0x0000017e,0x00000000,20,62,1092345
68,Full PQ (ML-KEM-768 / ML-DSA-65),PCR_READ,2169,0x0000017e,0x00000000,20,62,1125596
68,Full PQ (ML-KEM-768 / ML-DSA-65),PCR_READ,2170,0x0000017e,0x00000000,20,62,996115
68,Full PQ (ML-KEM-768 / ML-DSA-65),PCR_READ,2171,0x0000017e,0x00000000,20,62,1068952
68,Full PQ (ML-KEM-768 / ML-DSA-65),NONCE_RANDOM,2172,0x0000017b,0x00000000,12,44,1090003
68,Full PQ (ML-KEM-768 / ML-DSA-65),QUOTE,2173,0x00000158,0x00000000,105,3479,1651884
69,Full PQ (ML-KEM-768 / ML-DSA-65),EK_CREATE,2181,0x00000131,0x00000000,89,1392,1069152
69,Full PQ (ML-KEM-768 / ML-DSA-65),AK_CREATE,2182,0x00000131,0x00000000,88,2127,1040238
69,Full PQ (ML-KEM-768 / ML-DSA-65),CREDENTIAL_RANDOM,2183,0x0000017b,0x00000000,12,44,1024709
69,Full PQ (ML-KEM-768 / ML-DSA-65),MAKE_CREDENTIAL,2184,0x00000168,0x00000000,84,1170,1168025
69,Full PQ (ML-KEM-768 / ML-DSA-65),ACTIVATE_AUTH,2185,0x00000176,0x00000000,59,48,1048302
69,Full PQ (ML-KEM-768 / ML-DSA-65),ACTIVATE_AUTH,2186,0x00000151,0x00000000,41,29,984153
69,Full PQ (ML-KEM-768 / ML-DSA-65),ACTIVATE_CREDENTIAL,2187,0x00000147,0x00000000,1296,122,1061547
69,Full PQ (ML-KEM-768 / ML-DSA-65),PCR_READ,2188,0x0000017e,0x00000000,20,62,1046409
69,Full PQ (ML-KEM-768 / ML-DSA-65),PCR_READ,2189,0x0000017e,0x00000000,20,62,1000113
69,Full PQ (ML-KEM-768 / ML-DSA-65),PCR_READ,2190,0x0000017e,0x00000000,20,62,1008097
69,Full PQ (ML-KEM-768 / ML-DSA-65),PCR_READ,2191,0x0000017e,0x00000000,20,62,986979
69,Full PQ (ML-KEM-768 / ML-DSA-65),PCR_READ,2192,0x0000017e,0x00000000,20,62,979274
69,Full PQ (ML-KEM-768 / ML-DSA-65),PCR_READ,2193,0x0000017e,0x00000000,20,62,1019910
69,Full PQ (ML-KEM-768 / ML-DSA-65),PCR_READ,2194,0x0000017e,0x00000000,20,62,1002327
69,Full PQ (ML-KEM-768 / ML-DSA-65),PCR_READ,2195,0x0000017e,0x00000000,20,62,995965
69,Full PQ (ML-KEM-768 / ML-DSA-65),PCR_READ,2196,0x0000017e,0x00000000,20,62,1031701
69,Full PQ (ML-KEM-768 / ML-DSA-65),PCR_READ,2197,0x0000017e,0x00000000,20,62,1033536
69,Full PQ (ML-KEM-768 / ML-DSA-65),PCR_READ,2198,0x0000017e,0x00000000,20,62,1004951
69,Full PQ (ML-KEM-768 / ML-DSA-65),PCR_READ,2199,0x0000017e,0x00000000,20,62,1014200
69,Full PQ (ML-KEM-768 / ML-DSA-65),PCR_READ,2200,0x0000017e,0x00000000,20,62,1013157
69,Full PQ (ML-KEM-768 / ML-DSA-65),PCR_READ,2201,0x0000017e,0x00000000,20,62,1047170
69,Full PQ (ML-KEM-768 / ML-DSA-65),PCR_READ,2202,0x0000017e,0x00000000,20,62,1011184
69,Full PQ (ML-KEM-768 / ML-DSA-65),PCR_READ,2203,0x0000017e,0x00000000,20,62,1155923
69,Full PQ (ML-KEM-768 / ML-DSA-65),NONCE_RANDOM,2204,0x0000017b,0x00000000,12,44,1221438
69,Full PQ (ML-KEM-768 / ML-DSA-65),QUOTE,2205,0x00000158,0x00000000,105,3479,1406677
70,Full PQ (ML-KEM-768 / ML-DSA-65),EK_CREATE,2213,0x00000131,0x00000000,89,1392,1034276
70,Full PQ (ML-KEM-768 / ML-DSA-65),AK_CREATE,2214,0x00000131,0x00000000,88,2127,975356
70,Full PQ (ML-KEM-768 / ML-DSA-65),CREDENTIAL_RANDOM,2215,0x0000017b,0x00000000,12,44,976910
70,Full PQ (ML-KEM-768 / ML-DSA-65),MAKE_CREDENTIAL,2216,0x00000168,0x00000000,84,1170,1110779
70,Full PQ (ML-KEM-768 / ML-DSA-65),ACTIVATE_AUTH,2217,0x00000176,0x00000000,59,48,986026
70,Full PQ (ML-KEM-768 / ML-DSA-65),ACTIVATE_AUTH,2218,0x00000151,0x00000000,41,29,934461
70,Full PQ (ML-KEM-768 / ML-DSA-65),ACTIVATE_CREDENTIAL,2219,0x00000147,0x00000000,1296,122,1074983
70,Full PQ (ML-KEM-768 / ML-DSA-65),PCR_READ,2220,0x0000017e,0x00000000,20,62,1028546
70,Full PQ (ML-KEM-768 / ML-DSA-65),PCR_READ,2221,0x0000017e,0x00000000,20,62,1013779
70,Full PQ (ML-KEM-768 / ML-DSA-65),PCR_READ,2222,0x0000017e,0x00000000,20,62,998219
70,Full PQ (ML-KEM-768 / ML-DSA-65),PCR_READ,2223,0x0000017e,0x00000000,20,62,1012716
70,Full PQ (ML-KEM-768 / ML-DSA-65),PCR_READ,2224,0x0000017e,0x00000000,20,62,1091924
70,Full PQ (ML-KEM-768 / ML-DSA-65),PCR_READ,2225,0x0000017e,0x00000000,20,62,1010843
70,Full PQ (ML-KEM-768 / ML-DSA-65),PCR_READ,2226,0x0000017e,0x00000000,20,62,974288
70,Full PQ (ML-KEM-768 / ML-DSA-65),PCR_READ,2227,0x0000017e,0x00000000,20,62,1004347
70,Full PQ (ML-KEM-768 / ML-DSA-65),PCR_READ,2228,0x0000017e,0x00000000,20,62,1092856
70,Full PQ (ML-KEM-768 / ML-DSA-65),PCR_READ,2229,0x0000017e,0x00000000,20,62,1001225
70,Full PQ (ML-KEM-768 / ML-DSA-65),PCR_READ,2230,0x0000017e,0x00000000,20,62,963234
70,Full PQ (ML-KEM-768 / ML-DSA-65),PCR_READ,2231,0x0000017e,0x00000000,20,62,1010332
70,Full PQ (ML-KEM-768 / ML-DSA-65),PCR_READ,2232,0x0000017e,0x00000000,20,62,1058231
70,Full PQ (ML-KEM-768 / ML-DSA-65),PCR_READ,2233,0x0000017e,0x00000000,20,62,981959
70,Full PQ (ML-KEM-768 / ML-DSA-65),PCR_READ,2234,0x0000017e,0x00000000,20,62,963885
70,Full PQ (ML-KEM-768 / ML-DSA-65),PCR_READ,2235,0x0000017e,0x00000000,20,62,1014329
70,Full PQ (ML-KEM-768 / ML-DSA-65),NONCE_RANDOM,2236,0x0000017b,0x00000000,12,44,994682
70,Full PQ (ML-KEM-768 / ML-DSA-65),QUOTE,2237,0x00000158,0x00000000,105,3479,1293159
71,Full PQ (ML-KEM-768 / ML-DSA-65),EK_CREATE,2245,0x00000131,0x00000000,89,1392,1171172
71,Full PQ (ML-KEM-768 / ML-DSA-65),AK_CREATE,2246,0x00000131,0x00000000,88,2127,1026782
71,Full PQ (ML-KEM-768 / ML-DSA-65),CREDENTIAL_RANDOM,2247,0x0000017b,0x00000000,12,44,1039687
71,Full PQ (ML-KEM-768 / ML-DSA-65),MAKE_CREDENTIAL,2248,0x00000168,0x00000000,84,1170,1089570
71,Full PQ (ML-KEM-768 / ML-DSA-65),ACTIVATE_AUTH,2249,0x00000176,0x00000000,59,48,1040809
71,Full PQ (ML-KEM-768 / ML-DSA-65),ACTIVATE_AUTH,2250,0x00000151,0x00000000,41,29,1013839
71,Full PQ (ML-KEM-768 / ML-DSA-65),ACTIVATE_CREDENTIAL,2251,0x00000147,0x00000000,1296,122,1140113
71,Full PQ (ML-KEM-768 / ML-DSA-65),PCR_READ,2252,0x0000017e,0x00000000,20,62,1097223
71,Full PQ (ML-KEM-768 / ML-DSA-65),PCR_READ,2253,0x0000017e,0x00000000,20,62,1003159
71,Full PQ (ML-KEM-768 / ML-DSA-65),PCR_READ,2254,0x0000017e,0x00000000,20,62,1056468
71,Full PQ (ML-KEM-768 / ML-DSA-65),PCR_READ,2255,0x0000017e,0x00000000,20,62,1033856
71,Full PQ (ML-KEM-768 / ML-DSA-65),PCR_READ,2256,0x0000017e,0x00000000,20,62,1132239
71,Full PQ (ML-KEM-768 / ML-DSA-65),PCR_READ,2257,0x0000017e,0x00000000,20,62,1053262
71,Full PQ (ML-KEM-768 / ML-DSA-65),PCR_READ,2258,0x0000017e,0x00000000,20,62,1071676
71,Full PQ (ML-KEM-768 / ML-DSA-65),PCR_READ,2259,0x0000017e,0x00000000,20,62,995625
71,Full PQ (ML-KEM-768 / ML-DSA-65),PCR_READ,2260,0x0000017e,0x00000000,20,62,1161133
71,Full PQ (ML-KEM-768 / ML-DSA-65),PCR_READ,2261,0x0000017e,0x00000000,20,62,1084039
71,Full PQ (ML-KEM-768 / ML-DSA-65),PCR_READ,2262,0x0000017e,0x00000000,20,62,1076485
71,Full PQ (ML-KEM-768 / ML-DSA-65),PCR_READ,2263,0x0000017e,0x00000000,20,62,986607
71,Full PQ (ML-KEM-768 / ML-DSA-65),PCR_READ,2264,0x0000017e,0x00000000,20,62,1021042
71,Full PQ (ML-KEM-768 / ML-DSA-65),PCR_READ,2265,0x0000017e,0x00000000,20,62,975327
71,Full PQ (ML-KEM-768 / ML-DSA-65),PCR_READ,2266,0x0000017e,0x00000000,20,62,1000163
71,Full PQ (ML-KEM-768 / ML-DSA-65),PCR_READ,2267,0x0000017e,0x00000000,20,62,933028
71,Full PQ (ML-KEM-768 / ML-DSA-65),NONCE_RANDOM,2268,0x0000017b,0x00000000,12,44,961040
71,Full PQ (ML-KEM-768 / ML-DSA-65),QUOTE,2269,0x00000158,0x00000000,105,3479,1300041
72,Full PQ (ML-KEM-768 / ML-DSA-65),EK_CREATE,2277,0x00000131,0x00000000,89,1392,1027855
72,Full PQ (ML-KEM-768 / ML-DSA-65),AK_CREATE,2278,0x00000131,0x00000000,88,2127,1258594
72,Full PQ (ML-KEM-768 / ML-DSA-65),CREDENTIAL_RANDOM,2279,0x0000017b,0x00000000,12,44,1078288
72,Full PQ (ML-KEM-768 / ML-DSA-65),MAKE_CREDENTIAL,2280,0x00000168,0x00000000,84,1170,1058301
72,Full PQ (ML-KEM-768 / ML-DSA-65),ACTIVATE_AUTH,2281,0x00000176,0x00000000,59,48,1084631
72,Full PQ (ML-KEM-768 / ML-DSA-65),ACTIVATE_AUTH,2282,0x00000151,0x00000000,41,29,1034036
72,Full PQ (ML-KEM-768 / ML-DSA-65),ACTIVATE_CREDENTIAL,2283,0x00000147,0x00000000,1296,122,1024278
72,Full PQ (ML-KEM-768 / ML-DSA-65),PCR_READ,2284,0x0000017e,0x00000000,20,62,1057660
72,Full PQ (ML-KEM-768 / ML-DSA-65),PCR_READ,2285,0x0000017e,0x00000000,20,62,1097574
72,Full PQ (ML-KEM-768 / ML-DSA-65),PCR_READ,2286,0x0000017e,0x00000000,20,62,1035900
72,Full PQ (ML-KEM-768 / ML-DSA-65),PCR_READ,2287,0x0000017e,0x00000000,20,62,1011804
72,Full PQ (ML-KEM-768 / ML-DSA-65),PCR_READ,2288,0x0000017e,0x00000000,20,62,1000103
72,Full PQ (ML-KEM-768 / ML-DSA-65),PCR_READ,2289,0x0000017e,0x00000000,20,62,1015833
72,Full PQ (ML-KEM-768 / ML-DSA-65),PCR_READ,2290,0x0000017e,0x00000000,20,62,977691
72,Full PQ (ML-KEM-768 / ML-DSA-65),PCR_READ,2291,0x0000017e,0x00000000,20,62,1075793
72,Full PQ (ML-KEM-768 / ML-DSA-65),PCR_READ,2292,0x0000017e,0x00000000,20,62,1016724
72,Full PQ (ML-KEM-768 / ML-DSA-65),PCR_READ,2293,0x0000017e,0x00000000,20,62,1066998
72,Full PQ (ML-KEM-768 / ML-DSA-65),PCR_READ,2294,0x0000017e,0x00000000,20,62,983972
72,Full PQ (ML-KEM-768 / ML-DSA-65),PCR_READ,2295,0x0000017e,0x00000000,20,62,1027554
72,Full PQ (ML-KEM-768 / ML-DSA-65),PCR_READ,2296,0x0000017e,0x00000000,20,62,1039186
72,Full PQ (ML-KEM-768 / ML-DSA-65),PCR_READ,2297,0x0000017e,0x00000000,20,62,1114366
72,Full PQ (ML-KEM-768 / ML-DSA-65),PCR_READ,2298,0x0000017e,0x00000000,20,62,1128612
72,Full PQ (ML-KEM-768 / ML-DSA-65),PCR_READ,2299,0x0000017e,0x00000000,20,62,1203242
72,Full PQ (ML-KEM-768 / ML-DSA-65),NONCE_RANDOM,2300,0x0000017b,0x00000000,12,44,1225693
72,Full PQ (ML-KEM-768 / ML-DSA-65),QUOTE,2301,0x00000158,0x00000000,105,3479,1363239
73,Full PQ (ML-KEM-768 / ML-DSA-65),EK_CREATE,2309,0x00000131,0x00000000,89,1392,1159176
73,Full PQ (ML-KEM-768 / ML-DSA-65),AK_CREATE,2310,0x00000131,0x00000000,88,2127,1172484
73,Full PQ (ML-KEM-768 / ML-DSA-65),CREDENTIAL_RANDOM,2311,0x0000017b,0x00000000,12,44,1099227
73,Full PQ (ML-KEM-768 / ML-DSA-65),MAKE_CREDENTIAL,2312,0x00000168,0x00000000,84,1170,1361927
73,Full PQ (ML-KEM-768 / ML-DSA-65),ACTIVATE_AUTH,2313,0x00000176,0x00000000,59,48,1043133
73,Full PQ (ML-KEM-768 / ML-DSA-65),ACTIVATE_AUTH,2314,0x00000151,0x00000000,41,29,996346
73,Full PQ (ML-KEM-768 / ML-DSA-65),ACTIVATE_CREDENTIAL,2315,0x00000147,0x00000000,1296,122,1082306
73,Full PQ (ML-KEM-768 / ML-DSA-65),PCR_READ,2316,0x0000017e,0x00000000,20,62,1033806
73,Full PQ (ML-KEM-768 / ML-DSA-65),PCR_READ,2317,0x0000017e,0x00000000,20,62,1015572
73,Full PQ (ML-KEM-768 / ML-DSA-65),PCR_READ,2318,0x0000017e,0x00000000,20,62,961861
73,Full PQ (ML-KEM-768 / ML-DSA-65),PCR_READ,2319,0x0000017e,0x00000000,20,62,1064723
73,Full PQ (ML-KEM-768 / ML-DSA-65),PCR_READ,2320,0x0000017e,0x00000000,20,62,1036711
73,Full PQ (ML-KEM-768 / ML-DSA-65),PCR_READ,2321,0x0000017e,0x00000000,20,62,992539
73,Full PQ (ML-KEM-768 / ML-DSA-65),PCR_READ,2322,0x0000017e,0x00000000,20,62,990555
73,Full PQ (ML-KEM-768 / ML-DSA-65),PCR_READ,2323,0x0000017e,0x00000000,20,62,1103556
73,Full PQ (ML-KEM-768 / ML-DSA-65),PCR_READ,2324,0x0000017e,0x00000000,20,62,1087776
73,Full PQ (ML-KEM-768 / ML-DSA-65),PCR_READ,2325,0x0000017e,0x00000000,20,62,1076836
73,Full PQ (ML-KEM-768 / ML-DSA-65),PCR_READ,2326,0x0000017e,0x00000000,20,62,1298458
73,Full PQ (ML-KEM-768 / ML-DSA-65),PCR_READ,2327,0x0000017e,0x00000000,20,62,1121198
73,Full PQ (ML-KEM-768 / ML-DSA-65),PCR_READ,2328,0x0000017e,0x00000000,20,62,1050006
73,Full PQ (ML-KEM-768 / ML-DSA-65),PCR_READ,2329,0x0000017e,0x00000000,20,62,1075453
73,Full PQ (ML-KEM-768 / ML-DSA-65),PCR_READ,2330,0x0000017e,0x00000000,20,62,1057580
73,Full PQ (ML-KEM-768 / ML-DSA-65),PCR_READ,2331,0x0000017e,0x00000000,20,62,1124034
73,Full PQ (ML-KEM-768 / ML-DSA-65),NONCE_RANDOM,2332,0x0000017b,0x00000000,12,44,1002988
73,Full PQ (ML-KEM-768 / ML-DSA-65),QUOTE,2333,0x00000158,0x00000000,105,3479,1374851
74,Full PQ (ML-KEM-768 / ML-DSA-65),EK_CREATE,2341,0x00000131,0x00000000,89,1392,1052471
74,Full PQ (ML-KEM-768 / ML-DSA-65),AK_CREATE,2342,0x00000131,0x00000000,88,2127,1052060
74,Full PQ (ML-KEM-768 / ML-DSA-65),CREDENTIAL_RANDOM,2343,0x0000017b,0x00000000,12,44,1049325
74,Full PQ (ML-KEM-768 / ML-DSA-65),MAKE_CREDENTIAL,2344,0x00000168,0x00000000,84,1170,1075954
74,Full PQ (ML-KEM-768 / ML-DSA-65),ACTIVATE_AUTH,2345,0x00000176,0x00000000,59,48,1091433
74,Full PQ (ML-KEM-768 / ML-DSA-65),ACTIVATE_AUTH,2346,0x00000151,0x00000000,41,29,1047191
74,Full PQ (ML-KEM-768 / ML-DSA-65),ACTIVATE_CREDENTIAL,2347,0x00000147,0x00000000,1296,122,1189306
74,Full PQ (ML-KEM-768 / ML-DSA-65),PCR_READ,2348,0x0000017e,0x00000000,20,62,1002958
74,Full PQ (ML-KEM-768 / ML-DSA-65),PCR_READ,2349,0x0000017e,0x00000000,20,62,1065217
74,Full PQ (ML-KEM-768 / ML-DSA-65),PCR_READ,2350,0x0000017e,0x00000000,20,62,992707
74,Full PQ (ML-KEM-768 / ML-DSA-65),PCR_READ,2351,0x0000017e,0x00000000,20,62,1045457
74,Full PQ (ML-KEM-768 / ML-DSA-65),PCR_READ,2352,0x0000017e,0x00000000,20,62,1000503
74,Full PQ (ML-KEM-768 / ML-DSA-65),PCR_READ,2353,0x0000017e,0x00000000,20,62,1090882
74,Full PQ (ML-KEM-768 / ML-DSA-65),PCR_READ,2354,0x0000017e,0x00000000,20,62,998299
74,Full PQ (ML-KEM-768 / ML-DSA-65),PCR_READ,2355,0x0000017e,0x00000000,20,62,979735
74,Full PQ (ML-KEM-768 / ML-DSA-65),PCR_READ,2356,0x0000017e,0x00000000,20,62,992999
74,Full PQ (ML-KEM-768 / ML-DSA-65),PCR_READ,2357,0x0000017e,0x00000000,20,62,1029838
74,Full PQ (ML-KEM-768 / ML-DSA-65),PCR_READ,2358,0x0000017e,0x00000000,20,62,987209
74,Full PQ (ML-KEM-768 / ML-DSA-65),PCR_READ,2359,0x0000017e,0x00000000,20,62,1032003
74,Full PQ (ML-KEM-768 / ML-DSA-65),PCR_READ,2360,0x0000017e,0x00000000,20,62,998339
74,Full PQ (ML-KEM-768 / ML-DSA-65),PCR_READ,2361,0x0000017e,0x00000000,20,62,1019028
74,Full PQ (ML-KEM-768 / ML-DSA-65),PCR_READ,2362,0x0000017e,0x00000000,20,62,1027264
74,Full PQ (ML-KEM-768 / ML-DSA-65),PCR_READ,2363,0x0000017e,0x00000000,20,62,1022835
74,Full PQ (ML-KEM-768 / ML-DSA-65),NONCE_RANDOM,2364,0x0000017b,0x00000000,12,44,986287
74,Full PQ (ML-KEM-768 / ML-DSA-65),QUOTE,2365,0x00000158,0x00000000,105,3479,1312655
75,Full PQ (ML-KEM-768 / ML-DSA-65),EK_CREATE,2373,0x00000131,0x00000000,89,1392,994442
75,Full PQ (ML-KEM-768 / ML-DSA-65),AK_CREATE,2374,0x00000131,0x00000000,88,2127,1085823
75,Full PQ (ML-KEM-768 / ML-DSA-65),CREDENTIAL_RANDOM,2375,0x0000017b,0x00000000,12,44,947565
75,Full PQ (ML-KEM-768 / ML-DSA-65),MAKE_CREDENTIAL,2376,0x00000168,0x00000000,84,1170,1150543
75,Full PQ (ML-KEM-768 / ML-DSA-65),ACTIVATE_AUTH,2377,0x00000176,0x00000000,59,48,961742
75,Full PQ (ML-KEM-768 / ML-DSA-65),ACTIVATE_AUTH,2378,0x00000151,0x00000000,41,29,973784
75,Full PQ (ML-KEM-768 / ML-DSA-65),ACTIVATE_CREDENTIAL,2379,0x00000147,0x00000000,1296,122,1115949
75,Full PQ (ML-KEM-768 / ML-DSA-65),PCR_READ,2380,0x0000017e,0x00000000,20,62,1091503
75,Full PQ (ML-KEM-768 / ML-DSA-65),PCR_READ,2381,0x0000017e,0x00000000,20,62,1095661
75,Full PQ (ML-KEM-768 / ML-DSA-65),PCR_READ,2382,0x0000017e,0x00000000,20,62,1026342
75,Full PQ (ML-KEM-768 / ML-DSA-65),PCR_READ,2383,0x0000017e,0x00000000,20,62,1005373
75,Full PQ (ML-KEM-768 / ML-DSA-65),PCR_READ,2384,0x0000017e,0x00000000,20,62,1059373
75,Full PQ (ML-KEM-768 / ML-DSA-65),PCR_READ,2385,0x0000017e,0x00000000,20,62,1005863
75,Full PQ (ML-KEM-768 / ML-DSA-65),PCR_READ,2386,0x0000017e,0x00000000,20,62,986147
75,Full PQ (ML-KEM-768 / ML-DSA-65),PCR_READ,2387,0x0000017e,0x00000000,20,62,961050
75,Full PQ (ML-KEM-768 / ML-DSA-65),PCR_READ,2388,0x0000017e,0x00000000,20,62,1015211
75,Full PQ (ML-KEM-768 / ML-DSA-65),PCR_READ,2389,0x0000017e,0x00000000,20,62,971229
75,Full PQ (ML-KEM-768 / ML-DSA-65),PCR_READ,2390,0x0000017e,0x00000000,20,62,1152266
75,Full PQ (ML-KEM-768 / ML-DSA-65),PCR_READ,2391,0x0000017e,0x00000000,20,62,1016714
75,Full PQ (ML-KEM-768 / ML-DSA-65),PCR_READ,2392,0x0000017e,0x00000000,20,62,1049234
75,Full PQ (ML-KEM-768 / ML-DSA-65),PCR_READ,2393,0x0000017e,0x00000000,20,62,1000293
75,Full PQ (ML-KEM-768 / ML-DSA-65),PCR_READ,2394,0x0000017e,0x00000000,20,62,999853
75,Full PQ (ML-KEM-768 / ML-DSA-65),PCR_READ,2395,0x0000017e,0x00000000,20,62,987730
75,Full PQ (ML-KEM-768 / ML-DSA-65),NONCE_RANDOM,2396,0x0000017b,0x00000000,12,44,985596
75,Full PQ (ML-KEM-768 / ML-DSA-65),QUOTE,2397,0x00000158,0x00000000,105,3479,1280014
76,Full PQ (ML-KEM-768 / ML-DSA-65),EK_CREATE,2405,0x00000131,0x00000000,89,1392,1072538
76,Full PQ (ML-KEM-768 / ML-DSA-65),AK_CREATE,2406,0x00000131,0x00000000,88,2127,1067679
76,Full PQ (ML-KEM-768 / ML-DSA-65),CREDENTIAL_RANDOM,2407,0x0000017b,0x00000000,12,44,1007256
76,Full PQ (ML-KEM-768 / ML-DSA-65),MAKE_CREDENTIAL,2408,0x00000168,0x00000000,84,1170,1068070
76,Full PQ (ML-KEM-768 / ML-DSA-65),ACTIVATE_AUTH,2409,0x00000176,0x00000000,59,48,1019118
76,Full PQ (ML-KEM-768 / ML-DSA-65),ACTIVATE_AUTH,2410,0x00000151,0x00000000,41,29,995855
76,Full PQ (ML-KEM-768 / ML-DSA-65),ACTIVATE_CREDENTIAL,2411,0x00000147,0x00000000,1296,122,1069472
76,Full PQ (ML-KEM-768 / ML-DSA-65),PCR_READ,2412,0x0000017e,0x00000000,20,62,974064
76,Full PQ (ML-KEM-768 / ML-DSA-65),PCR_READ,2413,0x0000017e,0x00000000,20,62,1066927
76,Full PQ (ML-KEM-768 / ML-DSA-65),PCR_READ,2414,0x0000017e,0x00000000,20,62,991156
76,Full PQ (ML-KEM-768 / ML-DSA-65),PCR_READ,2415,0x0000017e,0x00000000,20,62,940251
76,Full PQ (ML-KEM-768 / ML-DSA-65),PCR_READ,2416,0x0000017e,0x00000000,20,62,966630
76,Full PQ (ML-KEM-768 / ML-DSA-65),PCR_READ,2417,0x0000017e,0x00000000,20,62,1069401
76,Full PQ (ML-KEM-768 / ML-DSA-65),PCR_READ,2418,0x0000017e,0x00000000,20,62,986788
76,Full PQ (ML-KEM-768 / ML-DSA-65),PCR_READ,2419,0x0000017e,0x00000000,20,62,992579
76,Full PQ (ML-KEM-768 / ML-DSA-65),PCR_READ,2420,0x0000017e,0x00000000,20,62,1004421
76,Full PQ (ML-KEM-768 / ML-DSA-65),PCR_READ,2421,0x0000017e,0x00000000,20,62,1057209
76,Full PQ (ML-KEM-768 / ML-DSA-65),PCR_READ,2422,0x0000017e,0x00000000,20,62,996677
76,Full PQ (ML-KEM-768 / ML-DSA-65),PCR_READ,2423,0x0000017e,0x00000000,20,62,979835
76,Full PQ (ML-KEM-768 / ML-DSA-65),PCR_READ,2424,0x0000017e,0x00000000,20,62,1007807
76,Full PQ (ML-KEM-768 / ML-DSA-65),PCR_READ,2425,0x0000017e,0x00000000,20,62,1248115
76,Full PQ (ML-KEM-768 / ML-DSA-65),PCR_READ,2426,0x0000017e,0x00000000,20,62,1333203
76,Full PQ (ML-KEM-768 / ML-DSA-65),PCR_READ,2427,0x0000017e,0x00000000,20,62,1294701
76,Full PQ (ML-KEM-768 / ML-DSA-65),NONCE_RANDOM,2428,0x0000017b,0x00000000,12,44,1192591
76,Full PQ (ML-KEM-768 / ML-DSA-65),QUOTE,2429,0x00000158,0x00000000,105,3479,1325549
77,Full PQ (ML-KEM-768 / ML-DSA-65),EK_CREATE,2437,0x00000131,0x00000000,89,1392,1167204
77,Full PQ (ML-KEM-768 / ML-DSA-65),AK_CREATE,2438,0x00000131,0x00000000,88,2127,1133742
77,Full PQ (ML-KEM-768 / ML-DSA-65),CREDENTIAL_RANDOM,2439,0x0000017b,0x00000000,12,44,1158658
77,Full PQ (ML-KEM-768 / ML-DSA-65),MAKE_CREDENTIAL,2440,0x00000168,0x00000000,84,1170,1110008
77,Full PQ (ML-KEM-768 / ML-DSA-65),ACTIVATE_AUTH,2441,0x00000176,0x00000000,59,48,1034187
77,Full PQ (ML-KEM-768 / ML-DSA-65),ACTIVATE_AUTH,2442,0x00000151,0x00000000,41,29,1178425
77,Full PQ (ML-KEM-768 / ML-DSA-65),ACTIVATE_CREDENTIAL,2443,0x00000147,0x00000000,1296,122,1282959
77,Full PQ (ML-KEM-768 / ML-DSA-65),PCR_READ,2444,0x0000017e,0x00000000,20,62,1088127
77,Full PQ (ML-KEM-768 / ML-DSA-65),PCR_READ,2445,0x0000017e,0x00000000,20,62,1093306
77,Full PQ (ML-KEM-768 / ML-DSA-65),PCR_READ,2446,0x0000017e,0x00000000,20,62,1057170
77,Full PQ (ML-KEM-768 / ML-DSA-65),PCR_READ,2447,0x0000017e,0x00000000,20,62,1127199
77,Full PQ (ML-KEM-768 / ML-DSA-65),PCR_READ,2448,0x0000017e,0x00000000,20,62,1082967
77,Full PQ (ML-KEM-768 / ML-DSA-65),PCR_READ,2449,0x0000017e,0x00000000,20,62,1037652
77,Full PQ (ML-KEM-768 / ML-DSA-65),PCR_READ,2450,0x0000017e,0x00000000,20,62,971222
77,Full PQ (ML-KEM-768 / ML-DSA-65),PCR_READ,2451,0x0000017e,0x00000000,20,62,1103212
77,Full PQ (ML-KEM-768 / ML-DSA-65),PCR_READ,2452,0x0000017e,0x00000000,20,62,1227436
77,Full PQ (ML-KEM-768 / ML-DSA-65),PCR_READ,2453,0x0000017e,0x00000000,20,62,1071156
77,Full PQ (ML-KEM-768 / ML-DSA-65),PCR_READ,2454,0x0000017e,0x00000000,20,62,1269215
77,Full PQ (ML-KEM-768 / ML-DSA-65),PCR_READ,2455,0x0000017e,0x00000000,20,62,1142468
77,Full PQ (ML-KEM-768 / ML-DSA-65),PCR_READ,2456,0x0000017e,0x00000000,20,62,1188203
77,Full PQ (ML-KEM-768 / ML-DSA-65),PCR_READ,2457,0x0000017e,0x00000000,20,62,1187482
77,Full PQ (ML-KEM-768 / ML-DSA-65),PCR_READ,2458,0x0000017e,0x00000000,20,62,1167154
77,Full PQ (ML-KEM-768 / ML-DSA-65),PCR_READ,2459,0x0000017e,0x00000000,20,62,1247735
77,Full PQ (ML-KEM-768 / ML-DSA-65),NONCE_RANDOM,2460,0x0000017b,0x00000000,12,44,1111731
77,Full PQ (ML-KEM-768 / ML-DSA-65),QUOTE,2461,0x00000158,0x00000000,105,3479,1505995
78,Full PQ (ML-KEM-768 / ML-DSA-65),EK_CREATE,2469,0x00000131,0x00000000,89,1392,1088027
78,Full PQ (ML-KEM-768 / ML-DSA-65),AK_CREATE,2470,0x00000131,0x00000000,88,2127,1029067
78,Full PQ (ML-KEM-768 / ML-DSA-65),CREDENTIAL_RANDOM,2471,0x0000017b,0x00000000,12,44,996015
78,Full PQ (ML-KEM-768 / ML-DSA-65),MAKE_CREDENTIAL,2472,0x00000168,0x00000000,84,1170,1073720
78,Full PQ (ML-KEM-768 / ML-DSA-65),ACTIVATE_AUTH,2473,0x00000176,0x00000000,59,48,1004401
78,Full PQ (ML-KEM-768 / ML-DSA-65),ACTIVATE_AUTH,2474,0x00000151,0x00000000,41,29,1002538
78,Full PQ (ML-KEM-768 / ML-DSA-65),ACTIVATE_CREDENTIAL,2475,0x00000147,0x00000000,1296,122,1073510
78,Full PQ (ML-KEM-768 / ML-DSA-65),PCR_READ,2476,0x0000017e,0x00000000,20,62,1091173
78,Full PQ (ML-KEM-768 / ML-DSA-65),PCR_READ,2477,0x0000017e,0x00000000,20,62,1008528
78,Full PQ (ML-KEM-768 / ML-DSA-65),PCR_READ,2478,0x0000017e,0x00000000,20,62,935964
78,Full PQ (ML-KEM-768 / ML-DSA-65),PCR_READ,2479,0x0000017e,0x00000000,20,62,1027143
78,Full PQ (ML-KEM-768 / ML-DSA-65),PCR_READ,2480,0x0000017e,0x00000000,20,62,1049668
78,Full PQ (ML-KEM-768 / ML-DSA-65),PCR_READ,2481,0x0000017e,0x00000000,20,62,1064159
78,Full PQ (ML-KEM-768 / ML-DSA-65),PCR_READ,2482,0x0000017e,0x00000000,20,62,1038665
78,Full PQ (ML-KEM-768 / ML-DSA-65),PCR_READ,2483,0x0000017e,0x00000000,20,62,995133
78,Full PQ (ML-KEM-768 / ML-DSA-65),PCR_READ,2484,0x0000017e,0x00000000,20,62,1039397
78,Full PQ (ML-KEM-768 / ML-DSA-65),PCR_READ,2485,0x0000017e,0x00000000,20,62,1053782
78,Full PQ (ML-KEM-768 / ML-DSA-65),PCR_READ,2486,0x0000017e,0x00000000,20,62,981478
78,Full PQ (ML-KEM-768 / ML-DSA-65),PCR_READ,2487,0x0000017e,0x00000000,20,62,1002296
78,Full PQ (ML-KEM-768 / ML-DSA-65),PCR_READ,2488,0x0000017e,0x00000000,20,62,1028436
78,Full PQ (ML-KEM-768 / ML-DSA-65),PCR_READ,2489,0x0000017e,0x00000000,20,62,980727
78,Full PQ (ML-KEM-768 / ML-DSA-65),PCR_READ,2490,0x0000017e,0x00000000,20,62,1016022
78,Full PQ (ML-KEM-768 / ML-DSA-65),PCR_READ,2491,0x0000017e,0x00000000,20,62,1020171
78,Full PQ (ML-KEM-768 / ML-DSA-65),NONCE_RANDOM,2492,0x0000017b,0x00000000,12,44,1098967
78,Full PQ (ML-KEM-768 / ML-DSA-65),QUOTE,2493,0x00000158,0x00000000,105,3479,1754198
79,Full PQ (ML-KEM-768 / ML-DSA-65),EK_CREATE,2501,0x00000131,0x00000000,89,1392,998290
79,Full PQ (ML-KEM-768 / ML-DSA-65),AK_CREATE,2502,0x00000131,0x00000000,88,2127,1004551
79,Full PQ (ML-KEM-768 / ML-DSA-65),CREDENTIAL_RANDOM,2503,0x0000017b,0x00000000,12,44,1003860
79,Full PQ (ML-KEM-768 / ML-DSA-65),MAKE_CREDENTIAL,2504,0x00000168,0x00000000,84,1170,1089970
79,Full PQ (ML-KEM-768 / ML-DSA-65),ACTIVATE_AUTH,2505,0x00000176,0x00000000,59,48,951813
79,Full PQ (ML-KEM-768 / ML-DSA-65),ACTIVATE_AUTH,2506,0x00000151,0x00000000,41,29,994553
79,Full PQ (ML-KEM-768 / ML-DSA-65),ACTIVATE_CREDENTIAL,2507,0x00000147,0x00000000,1296,122,1174868
79,Full PQ (ML-KEM-768 / ML-DSA-65),PCR_READ,2508,0x0000017e,0x00000000,20,62,953757
79,Full PQ (ML-KEM-768 / ML-DSA-65),PCR_READ,2509,0x0000017e,0x00000000,20,62,992719
79,Full PQ (ML-KEM-768 / ML-DSA-65),PCR_READ,2510,0x0000017e,0x00000000,20,62,1219542
79,Full PQ (ML-KEM-768 / ML-DSA-65),PCR_READ,2511,0x0000017e,0x00000000,20,62,1051810
79,Full PQ (ML-KEM-768 / ML-DSA-65),PCR_READ,2512,0x0000017e,0x00000000,20,62,1023927
79,Full PQ (ML-KEM-768 / ML-DSA-65),PCR_READ,2513,0x0000017e,0x00000000,20,62,1077467
79,Full PQ (ML-KEM-768 / ML-DSA-65),PCR_READ,2514,0x0000017e,0x00000000,20,62,1031872
79,Full PQ (ML-KEM-768 / ML-DSA-65),PCR_READ,2515,0x0000017e,0x00000000,20,62,1129635
79,Full PQ (ML-KEM-768 / ML-DSA-65),PCR_READ,2516,0x0000017e,0x00000000,20,62,1026822
79,Full PQ (ML-KEM-768 / ML-DSA-65),PCR_READ,2517,0x0000017e,0x00000000,20,62,1100293
79,Full PQ (ML-KEM-768 / ML-DSA-65),PCR_READ,2518,0x0000017e,0x00000000,20,62,1276786
79,Full PQ (ML-KEM-768 / ML-DSA-65),PCR_READ,2519,0x0000017e,0x00000000,20,62,1073880
79,Full PQ (ML-KEM-768 / ML-DSA-65),PCR_READ,2520,0x0000017e,0x00000000,20,62,1076545
79,Full PQ (ML-KEM-768 / ML-DSA-65),PCR_READ,2521,0x0000017e,0x00000000,20,62,1014069
79,Full PQ (ML-KEM-768 / ML-DSA-65),PCR_READ,2522,0x0000017e,0x00000000,20,62,1101652
79,Full PQ (ML-KEM-768 / ML-DSA-65),PCR_READ,2523,0x0000017e,0x00000000,20,62,1025840
79,Full PQ (ML-KEM-768 / ML-DSA-65),NONCE_RANDOM,2524,0x0000017b,0x00000000,12,44,1001746
79,Full PQ (ML-KEM-768 / ML-DSA-65),QUOTE,2525,0x00000158,0x00000000,105,3479,1489134
80,Full PQ (ML-KEM-768 / ML-DSA-65),EK_CREATE,2533,0x00000131,0x00000000,89,1392,1138934
80,Full PQ (ML-KEM-768 / ML-DSA-65),AK_CREATE,2534,0x00000131,0x00000000,88,2127,1143778
80,Full PQ (ML-KEM-768 / ML-DSA-65),CREDENTIAL_RANDOM,2535,0x0000017b,0x00000000,12,44,1255809
80,Full PQ (ML-KEM-768 / ML-DSA-65),MAKE_CREDENTIAL,2536,0x00000168,0x00000000,84,1170,1331329
80,Full PQ (ML-KEM-768 / ML-DSA-65),ACTIVATE_AUTH,2537,0x00000176,0x00000000,59,48,1308848
80,Full PQ (ML-KEM-768 / ML-DSA-65),ACTIVATE_AUTH,2538,0x00000151,0x00000000,41,29,1155081
80,Full PQ (ML-KEM-768 / ML-DSA-65),ACTIVATE_CREDENTIAL,2539,0x00000147,0x00000000,1296,122,1085642
80,Full PQ (ML-KEM-768 / ML-DSA-65),PCR_READ,2540,0x0000017e,0x00000000,20,62,1092485
80,Full PQ (ML-KEM-768 / ML-DSA-65),PCR_READ,2541,0x0000017e,0x00000000,20,62,1382729
80,Full PQ (ML-KEM-768 / ML-DSA-65),PCR_READ,2542,0x0000017e,0x00000000,20,62,1083415
80,Full PQ (ML-KEM-768 / ML-DSA-65),PCR_READ,2543,0x0000017e,0x00000000,20,62,1051879
80,Full PQ (ML-KEM-768 / ML-DSA-65),PCR_READ,2544,0x0000017e,0x00000000,20,62,1113333
80,Full PQ (ML-KEM-768 / ML-DSA-65),PCR_READ,2545,0x0000017e,0x00000000,20,62,1108558
80,Full PQ (ML-KEM-768 / ML-DSA-65),PCR_READ,2546,0x0000017e,0x00000000,20,62,1101649
80,Full PQ (ML-KEM-768 / ML-DSA-65),PCR_READ,2547,0x0000017e,0x00000000,20,62,1111911
80,Full PQ (ML-KEM-768 / ML-DSA-65),PCR_READ,2548,0x0000017e,0x00000000,20,62,1060967
80,Full PQ (ML-KEM-768 / ML-DSA-65),PCR_READ,2549,0x0000017e,0x00000000,20,62,1066337
80,Full PQ (ML-KEM-768 / ML-DSA-65),PCR_READ,2550,0x0000017e,0x00000000,20,62,1071626
80,Full PQ (ML-KEM-768 / ML-DSA-65),PCR_READ,2551,0x0000017e,0x00000000,20,62,1213711
80,Full PQ (ML-KEM-768 / ML-DSA-65),PCR_READ,2552,0x0000017e,0x00000000,20,62,1009290
80,Full PQ (ML-KEM-768 / ML-DSA-65),PCR_READ,2553,0x0000017e,0x00000000,20,62,1137819
80,Full PQ (ML-KEM-768 / ML-DSA-65),PCR_READ,2554,0x0000017e,0x00000000,20,62,1145714
80,Full PQ (ML-KEM-768 / ML-DSA-65),PCR_READ,2555,0x0000017e,0x00000000,20,62,1142051
80,Full PQ (ML-KEM-768 / ML-DSA-65),NONCE_RANDOM,2556,0x0000017b,0x00000000,12,44,1165628
80,Full PQ (ML-KEM-768 / ML-DSA-65),QUOTE,2557,0x00000158,0x00000000,105,3479,1388215
81,Full PQ (ML-KEM-768 / ML-DSA-65),EK_CREATE,2565,0x00000131,0x00000000,89,1392,1197631
81,Full PQ (ML-KEM-768 / ML-DSA-65),AK_CREATE,2566,0x00000131,0x00000000,88,2127,1120277
81,Full PQ (ML-KEM-768 / ML-DSA-65),CREDENTIAL_RANDOM,2567,0x0000017b,0x00000000,12,44,1174117
81,Full PQ (ML-KEM-768 / ML-DSA-65),MAKE_CREDENTIAL,2568,0x00000168,0x00000000,84,1170,1114126
81,Full PQ (ML-KEM-768 / ML-DSA-65),ACTIVATE_AUTH,2569,0x00000176,0x00000000,59,48,1087676
81,Full PQ (ML-KEM-768 / ML-DSA-65),ACTIVATE_AUTH,2570,0x00000151,0x00000000,41,29,1179958
81,Full PQ (ML-KEM-768 / ML-DSA-65),ACTIVATE_CREDENTIAL,2571,0x00000147,0x00000000,1296,122,1207380
81,Full PQ (ML-KEM-768 / ML-DSA-65),PCR_READ,2572,0x0000017e,0x00000000,20,62,980627
81,Full PQ (ML-KEM-768 / ML-DSA-65),PCR_READ,2573,0x0000017e,0x00000000,20,62,995114
81,Full PQ (ML-KEM-768 / ML-DSA-65),PCR_READ,2574,0x0000017e,0x00000000,20,62,977040
81,Full PQ (ML-KEM-768 / ML-DSA-65),PCR_READ,2575,0x0000017e,0x00000000,20,62,1033746
81,Full PQ (ML-KEM-768 / ML-DSA-65),PCR_READ,2576,0x0000017e,0x00000000,20,62,1064112
81,Full PQ (ML-KEM-768 / ML-DSA-65),PCR_READ,2577,0x0000017e,0x00000000,20,62,997408
81,Full PQ (ML-KEM-768 / ML-DSA-65),PCR_READ,2578,0x0000017e,0x00000000,20,62,976509
81,Full PQ (ML-KEM-768 / ML-DSA-65),PCR_READ,2579,0x0000017e,0x00000000,20,62,1059313
81,Full PQ (ML-KEM-768 / ML-DSA-65),PCR_READ,2580,0x0000017e,0x00000000,20,62,952124
81,Full PQ (ML-KEM-768 / ML-DSA-65),PCR_READ,2581,0x0000017e,0x00000000,20,62,995264
81,Full PQ (ML-KEM-768 / ML-DSA-65),PCR_READ,2582,0x0000017e,0x00000000,20,62,1045998
81,Full PQ (ML-KEM-768 / ML-DSA-65),PCR_READ,2583,0x0000017e,0x00000000,20,62,1025410
81,Full PQ (ML-KEM-768 / ML-DSA-65),PCR_READ,2584,0x0000017e,0x00000000,20,62,1251230
81,Full PQ (ML-KEM-768 / ML-DSA-65),PCR_READ,2585,0x0000017e,0x00000000,20,62,1415196
81,Full PQ (ML-KEM-768 / ML-DSA-65),PCR_READ,2586,0x0000017e,0x00000000,20,62,1568051
81,Full PQ (ML-KEM-768 / ML-DSA-65),PCR_READ,2587,0x0000017e,0x00000000,20,62,1103455
81,Full PQ (ML-KEM-768 / ML-DSA-65),NONCE_RANDOM,2588,0x0000017b,0x00000000,12,44,1071646
81,Full PQ (ML-KEM-768 / ML-DSA-65),QUOTE,2589,0x00000158,0x00000000,105,3479,1513029
82,Full PQ (ML-KEM-768 / ML-DSA-65),EK_CREATE,2597,0x00000131,0x00000000,89,1392,1322203
82,Full PQ (ML-KEM-768 / ML-DSA-65),AK_CREATE,2598,0x00000131,0x00000000,88,2127,1303410
82,Full PQ (ML-KEM-768 / ML-DSA-65),CREDENTIAL_RANDOM,2599,0x0000017b,0x00000000,12,44,1301832
82,Full PQ (ML-KEM-768 / ML-DSA-65),MAKE_CREDENTIAL,2600,0x00000168,0x00000000,84,1170,1227326
82,Full PQ (ML-KEM-768 / ML-DSA-65),ACTIVATE_AUTH,2601,0x00000176,0x00000000,59,48,1086864
82,Full PQ (ML-KEM-768 / ML-DSA-65),ACTIVATE_AUTH,2602,0x00000151,0x00000000,41,29,1119335
82,Full PQ (ML-KEM-768 / ML-DSA-65),ACTIVATE_CREDENTIAL,2603,0x00000147,0x00000000,1296,122,1328233
82,Full PQ (ML-KEM-768 / ML-DSA-65),PCR_READ,2604,0x0000017e,0x00000000,20,62,1205205
82,Full PQ (ML-KEM-768 / ML-DSA-65),PCR_READ,2605,0x0000017e,0x00000000,20,62,1162726
82,Full PQ (ML-KEM-768 / ML-DSA-65),PCR_READ,2606,0x0000017e,0x00000000,20,62,1130575
82,Full PQ (ML-KEM-768 / ML-DSA-65),PCR_READ,2607,0x0000017e,0x00000000,20,62,1238758
82,Full PQ (ML-KEM-768 / ML-DSA-65),PCR_READ,2608,0x0000017e,0x00000000,20,62,1244308
82,Full PQ (ML-KEM-768 / ML-DSA-65),PCR_READ,2609,0x0000017e,0x00000000,20,62,1311553
82,Full PQ (ML-KEM-768 / ML-DSA-65),PCR_READ,2610,0x0000017e,0x00000000,20,62,1086324
82,Full PQ (ML-KEM-768 / ML-DSA-65),PCR_READ,2611,0x0000017e,0x00000000,20,62,1083348
82,Full PQ (ML-KEM-768 / ML-DSA-65),PCR_READ,2612,0x0000017e,0x00000000,20,62,1281888
82,Full PQ (ML-KEM-768 / ML-DSA-65),PCR_READ,2613,0x0000017e,0x00000000,20,62,1177935
82,Full PQ (ML-KEM-768 / ML-DSA-65),PCR_READ,2614,0x0000017e,0x00000000,20,62,1065014
82,Full PQ (ML-KEM-768 / ML-DSA-65),PCR_READ,2615,0x0000017e,0x00000000,20,62,1020771
82,Full PQ (ML-KEM-768 / ML-DSA-65),PCR_READ,2616,0x0000017e,0x00000000,20,62,1145216
82,Full PQ (ML-KEM-768 / ML-DSA-65),PCR_READ,2617,0x0000017e,0x00000000,20,62,1176098
82,Full PQ (ML-KEM-768 / ML-DSA-65),PCR_READ,2618,0x0000017e,0x00000000,20,62,1195316
82,Full PQ (ML-KEM-768 / ML-DSA-65),PCR_READ,2619,0x0000017e,0x00000000,20,62,1075524
82,Full PQ (ML-KEM-768 / ML-DSA-65),NONCE_RANDOM,2620,0x0000017b,0x00000000,12,44,1165400
82,Full PQ (ML-KEM-768 / ML-DSA-65),QUOTE,2621,0x00000158,0x00000000,105,3479,1321251
83,Full PQ (ML-KEM-768 / ML-DSA-65),EK_CREATE,2629,0x00000131,0x00000000,89,1392,1267852
83,Full PQ (ML-KEM-768 / ML-DSA-65),AK_CREATE,2630,0x00000131,0x00000000,88,2127,1195667
83,Full PQ (ML-KEM-768 / ML-DSA-65),CREDENTIAL_RANDOM,2631,0x0000017b,0x00000000,12,44,1106791
83,Full PQ (ML-KEM-768 / ML-DSA-65),MAKE_CREDENTIAL,2632,0x00000168,0x00000000,84,1170,1216666
83,Full PQ (ML-KEM-768 / ML-DSA-65),ACTIVATE_AUTH,2633,0x00000176,0x00000000,59,48,1172344
83,Full PQ (ML-KEM-768 / ML-DSA-65),ACTIVATE_AUTH,2634,0x00000151,0x00000000,41,29,1074522
83,Full PQ (ML-KEM-768 / ML-DSA-65),ACTIVATE_CREDENTIAL,2635,0x00000147,0x00000000,1296,122,1154050
83,Full PQ (ML-KEM-768 / ML-DSA-65),PCR_READ,2636,0x0000017e,0x00000000,20,62,1006796
83,Full PQ (ML-KEM-768 / ML-DSA-65),PCR_READ,2637,0x0000017e,0x00000000,20,62,1103475
83,Full PQ (ML-KEM-768 / ML-DSA-65),PCR_READ,2638,0x0000017e,0x00000000,20,62,1083218
83,Full PQ (ML-KEM-768 / ML-DSA-65),PCR_READ,2639,0x0000017e,0x00000000,20,62,1118052
83,Full PQ (ML-KEM-768 / ML-DSA-65),PCR_READ,2640,0x0000017e,0x00000000,20,62,1065144
83,Full PQ (ML-KEM-768 / ML-DSA-65),PCR_READ,2641,0x0000017e,0x00000000,20,62,1092635
83,Full PQ (ML-KEM-768 / ML-DSA-65),PCR_READ,2642,0x0000017e,0x00000000,20,62,1064383
83,Full PQ (ML-KEM-768 / ML-DSA-65),PCR_READ,2643,0x0000017e,0x00000000,20,62,997217
83,Full PQ (ML-KEM-768 / ML-DSA-65),PCR_READ,2644,0x0000017e,0x00000000,20,62,1022154
83,Full PQ (ML-KEM-768 / ML-DSA-65),PCR_READ,2645,0x0000017e,0x00000000,20,62,1120046
83,Full PQ (ML-KEM-768 / ML-DSA-65),PCR_READ,2646,0x0000017e,0x00000000,20,62,1031762
83,Full PQ (ML-KEM-768 / ML-DSA-65),PCR_READ,2647,0x0000017e,0x00000000,20,62,1040108
83,Full PQ (ML-KEM-768 / ML-DSA-65),PCR_READ,2648,0x0000017e,0x00000000,20,62,1173235
83,Full PQ (ML-KEM-768 / ML-DSA-65),PCR_READ,2649,0x0000017e,0x00000000,20,62,1192832
83,Full PQ (ML-KEM-768 / ML-DSA-65),PCR_READ,2650,0x0000017e,0x00000000,20,62,1111009
83,Full PQ (ML-KEM-768 / ML-DSA-65),PCR_READ,2651,0x0000017e,0x00000000,20,62,1199194
83,Full PQ (ML-KEM-768 / ML-DSA-65),NONCE_RANDOM,2652,0x0000017b,0x00000000,12,44,1133661
83,Full PQ (ML-KEM-768 / ML-DSA-65),QUOTE,2653,0x00000158,0x00000000,105,3479,1408904
84,Full PQ (ML-KEM-768 / ML-DSA-65),EK_CREATE,2661,0x00000131,0x00000000,89,1392,1167134
84,Full PQ (ML-KEM-768 / ML-DSA-65),AK_CREATE,2662,0x00000131,0x00000000,88,2127,1149471
84,Full PQ (ML-KEM-768 / ML-DSA-65),CREDENTIAL_RANDOM,2663,0x0000017b,0x00000000,12,44,1244007
84,Full PQ (ML-KEM-768 / ML-DSA-65),MAKE_CREDENTIAL,2664,0x00000168,0x00000000,84,1170,1254987
84,Full PQ (ML-KEM-768 / ML-DSA-65),ACTIVATE_AUTH,2665,0x00000176,0x00000000,59,48,1040619
84,Full PQ (ML-KEM-768 / ML-DSA-65),ACTIVATE_AUTH,2666,0x00000151,0x00000000,41,29,1070133
84,Full PQ (ML-KEM-768 / ML-DSA-65),ACTIVATE_CREDENTIAL,2667,0x00000147,0x00000000,1296,122,1173455
84,Full PQ (ML-KEM-768 / ML-DSA-65),PCR_READ,2668,0x0000017e,0x00000000,20,62,1115879
84,Full PQ (ML-KEM-768 / ML-DSA-65),PCR_READ,2669,0x0000017e,0x00000000,20,62,1183124
84,Full PQ (ML-KEM-768 / ML-DSA-65),PCR_READ,2670,0x0000017e,0x00000000,20,62,1207449
84,Full PQ (ML-KEM-768 / ML-DSA-65),PCR_READ,2671,0x0000017e,0x00000000,20,62,1067989
84,Full PQ (ML-KEM-768 / ML-DSA-65),PCR_READ,2672,0x0000017e,0x00000000,20,62,1011123
84,Full PQ (ML-KEM-768 / ML-DSA-65),PCR_READ,2673,0x0000017e,0x00000000,20,62,1108585
84,Full PQ (ML-KEM-768 / ML-DSA-65),PCR_READ,2674,0x0000017e,0x00000000,20,62,1075964
84,Full PQ (ML-KEM-768 / ML-DSA-65),PCR_READ,2675,0x0000017e,0x00000000,20,62,1033805
84,Full PQ (ML-KEM-768 / ML-DSA-65),PCR_READ,2676,0x0000017e,0x00000000,20,62,1092295
84,Full PQ (ML-KEM-768 / ML-DSA-65),PCR_READ,2677,0x0000017e,0x00000000,20,62,1093286
84,Full PQ (ML-KEM-768 / ML-DSA-65),PCR_READ,2678,0x0000017e,0x00000000,20,62,1020621
84,Full PQ (ML-KEM-768 / ML-DSA-65),PCR_READ,2679,0x0000017e,0x00000000,20,62,1038926
84,Full PQ (ML-KEM-768 / ML-DSA-65),PCR_READ,2680,0x0000017e,0x00000000,20,62,1084530
84,Full PQ (ML-KEM-768 / ML-DSA-65),PCR_READ,2681,0x0000017e,0x00000000,20,62,1124345
84,Full PQ (ML-KEM-768 / ML-DSA-65),PCR_READ,2682,0x0000017e,0x00000000,20,62,1141896
84,Full PQ (ML-KEM-768 / ML-DSA-65),PCR_READ,2683,0x0000017e,0x00000000,20,62,1156484
84,Full PQ (ML-KEM-768 / ML-DSA-65),NONCE_RANDOM,2684,0x0000017b,0x00000000,12,44,1340757
84,Full PQ (ML-KEM-768 / ML-DSA-65),QUOTE,2685,0x00000158,0x00000000,105,3479,1529239
85,Full PQ (ML-KEM-768 / ML-DSA-65),EK_CREATE,2693,0x00000131,0x00000000,89,1392,1015412
85,Full PQ (ML-KEM-768 / ML-DSA-65),AK_CREATE,2694,0x00000131,0x00000000,88,2127,1051469
85,Full PQ (ML-KEM-768 / ML-DSA-65),CREDENTIAL_RANDOM,2695,0x0000017b,0x00000000,12,44,1055325
85,Full PQ (ML-KEM-768 / ML-DSA-65),MAKE_CREDENTIAL,2696,0x00000168,0x00000000,84,1170,1105129
85,Full PQ (ML-KEM-768 / ML-DSA-65),ACTIVATE_AUTH,2697,0x00000176,0x00000000,59,48,1026051
85,Full PQ (ML-KEM-768 / ML-DSA-65),ACTIVATE_AUTH,2698,0x00000151,0x00000000,41,29,1022305
85,Full PQ (ML-KEM-768 / ML-DSA-65),ACTIVATE_CREDENTIAL,2699,0x00000147,0x00000000,1296,122,1148128
85,Full PQ (ML-KEM-768 / ML-DSA-65),PCR_READ,2700,0x0000017e,0x00000000,20,62,976619
85,Full PQ (ML-KEM-768 / ML-DSA-65),PCR_READ,2701,0x0000017e,0x00000000,20,62,997718
85,Full PQ (ML-KEM-768 / ML-DSA-65),PCR_READ,2702,0x0000017e,0x00000000,20,62,918712
85,Full PQ (ML-KEM-768 / ML-DSA-65),PCR_READ,2703,0x0000017e,0x00000000,20,62,1019830
85,Full PQ (ML-KEM-768 / ML-DSA-65),PCR_READ,2704,0x0000017e,0x00000000,20,62,976498
85,Full PQ (ML-KEM-768 / ML-DSA-65),PCR_READ,2705,0x0000017e,0x00000000,20,62,985336
85,Full PQ (ML-KEM-768 / ML-DSA-65),PCR_READ,2706,0x0000017e,0x00000000,20,62,1010552
85,Full PQ (ML-KEM-768 / ML-DSA-65),PCR_READ,2707,0x0000017e,0x00000000,20,62,1122892
85,Full PQ (ML-KEM-768 / ML-DSA-65),PCR_READ,2708,0x0000017e,0x00000000,20,62,1111009
85,Full PQ (ML-KEM-768 / ML-DSA-65),PCR_READ,2709,0x0000017e,0x00000000,20,62,1136718
85,Full PQ (ML-KEM-768 / ML-DSA-65),PCR_READ,2710,0x0000017e,0x00000000,20,62,1309759
85,Full PQ (ML-KEM-768 / ML-DSA-65),PCR_READ,2711,0x0000017e,0x00000000,20,62,1085011
85,Full PQ (ML-KEM-768 / ML-DSA-65),PCR_READ,2712,0x0000017e,0x00000000,20,62,1004481
85,Full PQ (ML-KEM-768 / ML-DSA-65),PCR_READ,2713,0x0000017e,0x00000000,20,62,976379
85,Full PQ (ML-KEM-768 / ML-DSA-65),PCR_READ,2714,0x0000017e,0x00000000,20,62,1037392
85,Full PQ (ML-KEM-768 / ML-DSA-65),PCR_READ,2715,0x0000017e,0x00000000,20,62,974525
85,Full PQ (ML-KEM-768 / ML-DSA-65),NONCE_RANDOM,2716,0x0000017b,0x00000000,12,44,979655
85,Full PQ (ML-KEM-768 / ML-DSA-65),QUOTE,2717,0x00000158,0x00000000,105,3479,1211707
86,Full PQ (ML-KEM-768 / ML-DSA-65),EK_CREATE,2725,0x00000131,0x00000000,89,1392,978042
86,Full PQ (ML-KEM-768 / ML-DSA-65),AK_CREATE,2726,0x00000131,0x00000000,88,2127,1156444
86,Full PQ (ML-KEM-768 / ML-DSA-65),CREDENTIAL_RANDOM,2727,0x0000017b,0x00000000,12,44,982290
86,Full PQ (ML-KEM-768 / ML-DSA-65),MAKE_CREDENTIAL,2728,0x00000168,0x00000000,84,1170,1056558
86,Full PQ (ML-KEM-768 / ML-DSA-65),ACTIVATE_AUTH,2729,0x00000176,0x00000000,59,48,1118743
86,Full PQ (ML-KEM-768 / ML-DSA-65),ACTIVATE_AUTH,2730,0x00000151,0x00000000,41,29,991628
86,Full PQ (ML-KEM-768 / ML-DSA-65),ACTIVATE_CREDENTIAL,2731,0x00000147,0x00000000,1296,122,1159379
86,Full PQ (ML-KEM-768 / ML-DSA-65),PCR_READ,2732,0x0000017e,0x00000000,20,62,1347549
86,Full PQ (ML-KEM-768 / ML-DSA-65),PCR_READ,2733,0x0000017e,0x00000000,20,62,1073701
86,Full PQ (ML-KEM-768 / ML-DSA-65),PCR_READ,2734,0x0000017e,0x00000000,20,62,987910
86,Full PQ (ML-KEM-768 / ML-DSA-65),PCR_READ,2735,0x0000017e,0x00000000,20,62,967723
86,Full PQ (ML-KEM-768 / ML-DSA-65),PCR_READ,2736,0x0000017e,0x00000000,20,62,1018437
86,Full PQ (ML-KEM-768 / ML-DSA-65),PCR_READ,2737,0x0000017e,0x00000000,20,62,1002287
86,Full PQ (ML-KEM-768 / ML-DSA-65),PCR_READ,2738,0x0000017e,0x00000000,20,62,965879
86,Full PQ (ML-KEM-768 / ML-DSA-65),PCR_READ,2739,0x0000017e,0x00000000,20,62,986928
86,Full PQ (ML-KEM-768 / ML-DSA-65),PCR_READ,2740,0x0000017e,0x00000000,20,62,988200
86,Full PQ (ML-KEM-768 / ML-DSA-65),PCR_READ,2741,0x0000017e,0x00000000,20,62,1072631
86,Full PQ (ML-KEM-768 / ML-DSA-65),PCR_READ,2742,0x0000017e,0x00000000,20,62,961768
86,Full PQ (ML-KEM-768 / ML-DSA-65),PCR_READ,2743,0x0000017e,0x00000000,20,62,996857
86,Full PQ (ML-KEM-768 / ML-DSA-65),PCR_READ,2744,0x0000017e,0x00000000,20,62,1007036
86,Full PQ (ML-KEM-768 / ML-DSA-65),PCR_READ,2745,0x0000017e,0x00000000,20,62,1041119
86,Full PQ (ML-KEM-768 / ML-DSA-65),PCR_READ,2746,0x0000017e,0x00000000,20,62,1045027
86,Full PQ (ML-KEM-768 / ML-DSA-65),PCR_READ,2747,0x0000017e,0x00000000,20,62,966760
86,Full PQ (ML-KEM-768 / ML-DSA-65),NONCE_RANDOM,2748,0x0000017b,0x00000000,12,44,1043033
86,Full PQ (ML-KEM-768 / ML-DSA-65),QUOTE,2749,0x00000158,0x00000000,105,3479,1455181
87,Full PQ (ML-KEM-768 / ML-DSA-65),EK_CREATE,2757,0x00000131,0x00000000,89,1392,1003750
87,Full PQ (ML-KEM-768 / ML-DSA-65),AK_CREATE,2758,0x00000131,0x00000000,88,2127,1007837
87,Full PQ (ML-KEM-768 / ML-DSA-65),CREDENTIAL_RANDOM,2759,0x0000017b,0x00000000,12,44,1115107
87,Full PQ (ML-KEM-768 / ML-DSA-65),MAKE_CREDENTIAL,2760,0x00000168,0x00000000,84,1170,1170200
87,Full PQ (ML-KEM-768 / ML-DSA-65),ACTIVATE_AUTH,2761,0x00000176,0x00000000,59,48,1020300
87,Full PQ (ML-KEM-768 / ML-DSA-65),ACTIVATE_AUTH,2762,0x00000151,0x00000000,41,29,1025380
87,Full PQ (ML-KEM-768 / ML-DSA-65),ACTIVATE_CREDENTIAL,2763,0x00000147,0x00000000,1296,122,1074251
87,Full PQ (ML-KEM-768 / ML-DSA-65),PCR_READ,2764,0x0000017e,0x00000000,20,62,995093
87,Full PQ (ML-KEM-768 / ML-DSA-65),PCR_READ,2765,0x0000017e,0x00000000,20,62,1076746
87,Full PQ (ML-KEM-768 / ML-DSA-65),PCR_READ,2766,0x0000017e,0x00000000,20,62,995274
87,Full PQ (ML-KEM-768 / ML-DSA-65),PCR_READ,2767,0x0000017e,0x00000000,20,62,1015832
87,Full PQ (ML-KEM-768 / ML-DSA-65),PCR_READ,2768,0x0000017e,0x00000000,20,62,1076495
87,Full PQ (ML-KEM-768 / ML-DSA-65),PCR_READ,2769,0x0000017e,0x00000000,20,62,1060565
87,Full PQ (ML-KEM-768 / ML-DSA-65),PCR_READ,2770,0x0000017e,0x00000000,20,62,1059464
87,Full PQ (ML-KEM-768 / ML-DSA-65),PCR_READ,2771,0x0000017e,0x00000000,20,62,1026002
87,Full PQ (ML-KEM-768 / ML-DSA-65),PCR_READ,2772,0x0000017e,0x00000000,20,62,1008880
87,Full PQ (ML-KEM-768 / ML-DSA-65),PCR_READ,2773,0x0000017e,0x00000000,20,62,1058121
87,Full PQ (ML-KEM-768 / ML-DSA-65),PCR_READ,2774,0x0000017e,0x00000000,20,62,1022063
87,Full PQ (ML-KEM-768 / ML-DSA-65),PCR_READ,2775,0x0000017e,0x00000000,20,62,1011174
87,Full PQ (ML-KEM-768 / ML-DSA-65),PCR_READ,2776,0x0000017e,0x00000000,20,62,1031782
87,Full PQ (ML-KEM-768 / ML-DSA-65),PCR_READ,2777,0x0000017e,0x00000000,20,62,1033294
87,Full PQ (ML-KEM-768 / ML-DSA-65),PCR_READ,2778,0x0000017e,0x00000000,20,62,946553
87,Full PQ (ML-KEM-768 / ML-DSA-65),PCR_READ,2779,0x0000017e,0x00000000,20,62,1033465
87,Full PQ (ML-KEM-768 / ML-DSA-65),NONCE_RANDOM,2780,0x0000017b,0x00000000,12,44,996386
87,Full PQ (ML-KEM-768 / ML-DSA-65),QUOTE,2781,0x00000158,0x00000000,105,3479,1491077
88,Full PQ (ML-KEM-768 / ML-DSA-65),EK_CREATE,2789,0x00000131,0x00000000,89,1392,1246502
88,Full PQ (ML-KEM-768 / ML-DSA-65),AK_CREATE,2790,0x00000131,0x00000000,88,2127,1132263
88,Full PQ (ML-KEM-768 / ML-DSA-65),CREDENTIAL_RANDOM,2791,0x0000017b,0x00000000,12,44,1133278
88,Full PQ (ML-KEM-768 / ML-DSA-65),MAKE_CREDENTIAL,2792,0x00000168,0x00000000,84,1170,1172133
88,Full PQ (ML-KEM-768 / ML-DSA-65),ACTIVATE_AUTH,2793,0x00000176,0x00000000,59,48,1017766
88,Full PQ (ML-KEM-768 / ML-DSA-65),ACTIVATE_AUTH,2794,0x00000151,0x00000000,41,29,1078033
88,Full PQ (ML-KEM-768 / ML-DSA-65),ACTIVATE_CREDENTIAL,2795,0x00000147,0x00000000,1296,122,1199670
88,Full PQ (ML-KEM-768 / ML-DSA-65),PCR_READ,2796,0x0000017e,0x00000000,20,62,988301
88,Full PQ (ML-KEM-768 / ML-DSA-65),PCR_READ,2797,0x0000017e,0x00000000,20,62,1138671
88,Full PQ (ML-KEM-768 / ML-DSA-65),PCR_READ,2798,0x0000017e,0x00000000,20,62,1037993
88,Full PQ (ML-KEM-768 / ML-DSA-65),PCR_READ,2799,0x0000017e,0x00000000,20,62,1079941
88,Full PQ (ML-KEM-768 / ML-DSA-65),PCR_READ,2800,0x0000017e,0x00000000,20,62,1104147
88,Full PQ (ML-KEM-768 / ML-DSA-65),PCR_READ,2801,0x0000017e,0x00000000,20,62,1119545
88,Full PQ (ML-KEM-768 / ML-DSA-65),PCR_READ,2802,0x0000017e,0x00000000,20,62,1077107
88,Full PQ (ML-KEM-768 / ML-DSA-65),PCR_READ,2803,0x0000017e,0x00000000,20,62,1020060
88,Full PQ (ML-KEM-768 / ML-DSA-65),PCR_READ,2804,0x0000017e,0x00000000,20,62,1119074
88,Full PQ (ML-KEM-768 / ML-DSA-65),PCR_READ,2805,0x0000017e,0x00000000,20,62,1160661
88,Full PQ (ML-KEM-768 / ML-DSA-65),PCR_READ,2806,0x0000017e,0x00000000,20,62,1463400
88,Full PQ (ML-KEM-768 / ML-DSA-65),PCR_READ,2807,0x0000017e,0x00000000,20,62,1245876
88,Full PQ (ML-KEM-768 / ML-DSA-65),PCR_READ,2808,0x0000017e,0x00000000,20,62,1036219
88,Full PQ (ML-KEM-768 / ML-DSA-65),PCR_READ,2809,0x0000017e,0x00000000,20,62,1128482
88,Full PQ (ML-KEM-768 / ML-DSA-65),PCR_READ,2810,0x0000017e,0x00000000,20,62,1199918
88,Full PQ (ML-KEM-768 / ML-DSA-65),PCR_READ,2811,0x0000017e,0x00000000,20,62,1107801
88,Full PQ (ML-KEM-768 / ML-DSA-65),NONCE_RANDOM,2812,0x0000017b,0x00000000,12,44,1034116
88,Full PQ (ML-KEM-768 / ML-DSA-65),QUOTE,2813,0x00000158,0x00000000,105,3479,1577749
89,Full PQ (ML-KEM-768 / ML-DSA-65),EK_CREATE,2821,0x00000131,0x00000000,89,1392,1156744
89,Full PQ (ML-KEM-768 / ML-DSA-65),AK_CREATE,2822,0x00000131,0x00000000,88,2127,1151796
89,Full PQ (ML-KEM-768 / ML-DSA-65),CREDENTIAL_RANDOM,2823,0x0000017b,0x00000000,12,44,1053111
89,Full PQ (ML-KEM-768 / ML-DSA-65),MAKE_CREDENTIAL,2824,0x00000168,0x00000000,84,1170,1062850
89,Full PQ (ML-KEM-768 / ML-DSA-65),ACTIVATE_AUTH,2825,0x00000176,0x00000000,59,48,937286
89,Full PQ (ML-KEM-768 / ML-DSA-65),ACTIVATE_AUTH,2826,0x00000151,0x00000000,41,29,1005242
89,Full PQ (ML-KEM-768 / ML-DSA-65),ACTIVATE_CREDENTIAL,2827,0x00000147,0x00000000,1296,122,1278632
89,Full PQ (ML-KEM-768 / ML-DSA-65),PCR_READ,2828,0x0000017e,0x00000000,20,62,1192662
89,Full PQ (ML-KEM-768 / ML-DSA-65),PCR_READ,2829,0x0000017e,0x00000000,20,62,1158287
89,Full PQ (ML-KEM-768 / ML-DSA-65),PCR_READ,2830,0x0000017e,0x00000000,20,62,1039486
89,Full PQ (ML-KEM-768 / ML-DSA-65),PCR_READ,2831,0x0000017e,0x00000000,20,62,918250
89,Full PQ (ML-KEM-768 / ML-DSA-65),PCR_READ,2832,0x0000017e,0x00000000,20,62,1131798
89,Full PQ (ML-KEM-768 / ML-DSA-65),PCR_READ,2833,0x0000017e,0x00000000,20,62,1051980
89,Full PQ (ML-KEM-768 / ML-DSA-65),PCR_READ,2834,0x0000017e,0x00000000,20,62,983933
89,Full PQ (ML-KEM-768 / ML-DSA-65),PCR_READ,2835,0x0000017e,0x00000000,20,62,1035729
89,Full PQ (ML-KEM-768 / ML-DSA-65),PCR_READ,2836,0x0000017e,0x00000000,20,62,963746
89,Full PQ (ML-KEM-768 / ML-DSA-65),PCR_READ,2837,0x0000017e,0x00000000,20,62,1088247
89,Full PQ (ML-KEM-768 / ML-DSA-65),PCR_READ,2838,0x0000017e,0x00000000,20,62,1080893
89,Full PQ (ML-KEM-768 / ML-DSA-65),PCR_READ,2839,0x0000017e,0x00000000,20,62,959487
89,Full PQ (ML-KEM-768 / ML-DSA-65),PCR_READ,2840,0x0000017e,0x00000000,20,62,1034186
89,Full PQ (ML-KEM-768 / ML-DSA-65),PCR_READ,2841,0x0000017e,0x00000000,20,62,1030250
89,Full PQ (ML-KEM-768 / ML-DSA-65),PCR_READ,2842,0x0000017e,0x00000000,20,62,990996
89,Full PQ (ML-KEM-768 / ML-DSA-65),PCR_READ,2843,0x0000017e,0x00000000,20,62,1076805
89,Full PQ (ML-KEM-768 / ML-DSA-65),NONCE_RANDOM,2844,0x0000017b,0x00000000,12,44,1082116
89,Full PQ (ML-KEM-768 / ML-DSA-65),QUOTE,2845,0x00000158,0x00000000,105,3479,1487971
90,Full PQ (ML-KEM-768 / ML-DSA-65),EK_CREATE,2853,0x00000131,0x00000000,89,1392,1018086
90,Full PQ (ML-KEM-768 / ML-DSA-65),AK_CREATE,2854,0x00000131,0x00000000,88,2127,1038264
90,Full PQ (ML-KEM-768 / ML-DSA-65),CREDENTIAL_RANDOM,2855,0x0000017b,0x00000000,12,44,988942
90,Full PQ (ML-KEM-768 / ML-DSA-65),MAKE_CREDENTIAL,2856,0x00000168,0x00000000,84,1170,1196027
90,Full PQ (ML-KEM-768 / ML-DSA-65),ACTIVATE_AUTH,2857,0x00000176,0x00000000,59,48,970147
90,Full PQ (ML-KEM-768 / ML-DSA-65),ACTIVATE_AUTH,2858,0x00000151,0x00000000,41,29,974055
90,Full PQ (ML-KEM-768 / ML-DSA-65),ACTIVATE_CREDENTIAL,2859,0x00000147,0x00000000,1296,122,1122711
90,Full PQ (ML-KEM-768 / ML-DSA-65),PCR_READ,2860,0x0000017e,0x00000000,20,62,1079541
90,Full PQ (ML-KEM-768 / ML-DSA-65),PCR_READ,2861,0x0000017e,0x00000000,20,62,1132550
90,Full PQ (ML-KEM-768 / ML-DSA-65),PCR_READ,2862,0x0000017e,0x00000000,20,62,1103465
90,Full PQ (ML-KEM-768 / ML-DSA-65),PCR_READ,2863,0x0000017e,0x00000000,20,62,1280665
90,Full PQ (ML-KEM-768 / ML-DSA-65),PCR_READ,2864,0x0000017e,0x00000000,20,62,1042552
90,Full PQ (ML-KEM-768 / ML-DSA-65),PCR_READ,2865,0x0000017e,0x00000000,20,62,982470
90,Full PQ (ML-KEM-768 / ML-DSA-65),PCR_READ,2866,0x0000017e,0x00000000,20,62,1162966
90,Full PQ (ML-KEM-768 / ML-DSA-65),PCR_READ,2867,0x0000017e,0x00000000,20,62,999983
90,Full PQ (ML-KEM-768 / ML-DSA-65),PCR_READ,2868,0x0000017e,0x00000000,20,62,1045066
90,Full PQ (ML-KEM-768 / ML-DSA-65),PCR_READ,2869,0x0000017e,0x00000000,20,62,1018106
90,Full PQ (ML-KEM-768 / ML-DSA-65),PCR_READ,2870,0x0000017e,0x00000000,20,62,994833
90,Full PQ (ML-KEM-768 / ML-DSA-65),PCR_READ,2871,0x0000017e,0x00000000,20,62,1053863
90,Full PQ (ML-KEM-768 / ML-DSA-65),PCR_READ,2872,0x0000017e,0x00000000,20,62,949348
90,Full PQ (ML-KEM-768 / ML-DSA-65),PCR_READ,2873,0x0000017e,0x00000000,20,62,1024679
90,Full PQ (ML-KEM-768 / ML-DSA-65),PCR_READ,2874,0x0000017e,0x00000000,20,62,1017956
90,Full PQ (ML-KEM-768 / ML-DSA-65),PCR_READ,2875,0x0000017e,0x00000000,20,62,1068801
90,Full PQ (ML-KEM-768 / ML-DSA-65),NONCE_RANDOM,2876,0x0000017b,0x00000000,12,44,1007427
90,Full PQ (ML-KEM-768 / ML-DSA-65),QUOTE,2877,0x00000158,0x00000000,105,3479,1706148
91,Full PQ (ML-KEM-768 / ML-DSA-65),EK_CREATE,2885,0x00000131,0x00000000,89,1392,1134754
91,Full PQ (ML-KEM-768 / ML-DSA-65),AK_CREATE,2886,0x00000131,0x00000000,88,2127,1054234
91,Full PQ (ML-KEM-768 / ML-DSA-65),CREDENTIAL_RANDOM,2887,0x0000017b,0x00000000,12,44,959296
91,Full PQ (ML-KEM-768 / ML-DSA-65),MAKE_CREDENTIAL,2888,0x00000168,0x00000000,84,1170,1079501
91,Full PQ (ML-KEM-768 / ML-DSA-65),ACTIVATE_AUTH,2889,0x00000176,0x00000000,59,48,968424
91,Full PQ (ML-KEM-768 / ML-DSA-65),ACTIVATE_AUTH,2890,0x00000151,0x00000000,41,29,1015632
91,Full PQ (ML-KEM-768 / ML-DSA-65),ACTIVATE_CREDENTIAL,2891,0x00000147,0x00000000,1296,122,1038405
91,Full PQ (ML-KEM-768 / ML-DSA-65),PCR_READ,2892,0x0000017e,0x00000000,20,62,1032033
91,Full PQ (ML-KEM-768 / ML-DSA-65),PCR_READ,2893,0x0000017e,0x00000000,20,62,993441
91,Full PQ (ML-KEM-768 / ML-DSA-65),PCR_READ,2894,0x0000017e,0x00000000,20,62,944719
91,Full PQ (ML-KEM-768 / ML-DSA-65),PCR_READ,2895,0x0000017e,0x00000000,20,62,977050
91,Full PQ (ML-KEM-768 / ML-DSA-65),PCR_READ,2896,0x0000017e,0x00000000,20,62,1061738
91,Full PQ (ML-KEM-768 / ML-DSA-65),PCR_READ,2897,0x0000017e,0x00000000,20,62,1010312
91,Full PQ (ML-KEM-768 / ML-DSA-65),PCR_READ,2898,0x0000017e,0x00000000,20,62,983011
91,Full PQ (ML-KEM-768 / ML-DSA-65),PCR_READ,2899,0x0000017e,0x00000000,20,62,977872
91,Full PQ (ML-KEM-768 / ML-DSA-65),PCR_READ,2900,0x0000017e,0x00000000,20,62,1052921
91,Full PQ (ML-KEM-768 / ML-DSA-65),PCR_READ,2901,0x0000017e,0x00000000,20,62,1001025
91,Full PQ (ML-KEM-768 / ML-DSA-65),PCR_READ,2902,0x0000017e,0x00000000,20,62,986938
91,Full PQ (ML-KEM-768 / ML-DSA-65),PCR_READ,2903,0x0000017e,0x00000000,20,62,1027194
91,Full PQ (ML-KEM-768 / ML-DSA-65),PCR_READ,2904,0x0000017e,0x00000000,20,62,1023887
91,Full PQ (ML-KEM-768 / ML-DSA-65),PCR_READ,2905,0x0000017e,0x00000000,20,62,1018717
91,Full PQ (ML-KEM-768 / ML-DSA-65),PCR_READ,2906,0x0000017e,0x00000000,20,62,1434903
91,Full PQ (ML-KEM-768 / ML-DSA-65),PCR_READ,2907,0x0000017e,0x00000000,20,62,1155873
91,Full PQ (ML-KEM-768 / ML-DSA-65),NONCE_RANDOM,2908,0x0000017b,0x00000000,12,44,1157445
91,Full PQ (ML-KEM-768 / ML-DSA-65),QUOTE,2909,0x00000158,0x00000000,105,3479,2268074
92,Full PQ (ML-KEM-768 / ML-DSA-65),EK_CREATE,2917,0x00000131,0x00000000,89,1392,1183244
92,Full PQ (ML-KEM-768 / ML-DSA-65),AK_CREATE,2918,0x00000131,0x00000000,88,2127,1228678
92,Full PQ (ML-KEM-768 / ML-DSA-65),CREDENTIAL_RANDOM,2919,0x0000017b,0x00000000,12,44,1110058
92,Full PQ (ML-KEM-768 / ML-DSA-65),MAKE_CREDENTIAL,2920,0x00000168,0x00000000,84,1170,1165752
92,Full PQ (ML-KEM-768 / ML-DSA-65),ACTIVATE_AUTH,2921,0x00000176,0x00000000,59,48,1168326
92,Full PQ (ML-KEM-768 / ML-DSA-65),ACTIVATE_AUTH,2922,0x00000151,0x00000000,41,29,1038345
92,Full PQ (ML-KEM-768 / ML-DSA-65),ACTIVATE_CREDENTIAL,2923,0x00000147,0x00000000,1296,122,1086744
92,Full PQ (ML-KEM-768 / ML-DSA-65),PCR_READ,2924,0x0000017e,0x00000000,20,62,966030
92,Full PQ (ML-KEM-768 / ML-DSA-65),PCR_READ,2925,0x0000017e,0x00000000,20,62,1107252
92,Full PQ (ML-KEM-768 / ML-DSA-65),PCR_READ,2926,0x0000017e,0x00000000,20,62,1023005
92,Full PQ (ML-KEM-768 / ML-DSA-65),PCR_READ,2927,0x0000017e,0x00000000,20,62,999833
92,Full PQ (ML-KEM-768 / ML-DSA-65),PCR_READ,2928,0x0000017e,0x00000000,20,62,983933
92,Full PQ (ML-KEM-768 / ML-DSA-65),PCR_READ,2929,0x0000017e,0x00000000,20,62,990705
92,Full PQ (ML-KEM-768 / ML-DSA-65),PCR_READ,2930,0x0000017e,0x00000000,20,62,963765
92,Full PQ (ML-KEM-768 / ML-DSA-65),PCR_READ,2931,0x0000017e,0x00000000,20,62,998580
92,Full PQ (ML-KEM-768 / ML-DSA-65),PCR_READ,2932,0x0000017e,0x00000000,20,62,1114396
92,Full PQ (ML-KEM-768 / ML-DSA-65),PCR_READ,2933,0x0000017e,0x00000000,20,62,1033846
92,Full PQ (ML-KEM-768 / ML-DSA-65),PCR_READ,2934,0x0000017e,0x00000000,20,62,1015051
92,Full PQ (ML-KEM-768 / ML-DSA-65),PCR_READ,2935,0x0000017e,0x00000000,20,62,1050206
92,Full PQ (ML-KEM-768 / ML-DSA-65),PCR_READ,2936,0x0000017e,0x00000000,20,62,942796
92,Full PQ (ML-KEM-768 / ML-DSA-65),PCR_READ,2937,0x0000017e,0x00000000,20,62,1011284
92,Full PQ (ML-KEM-768 / ML-DSA-65),PCR_READ,2938,0x0000017e,0x00000000,20,62,1002638
92,Full PQ (ML-KEM-768 / ML-DSA-65),PCR_READ,2939,0x0000017e,0x00000000,20,62,977931
92,Full PQ (ML-KEM-768 / ML-DSA-65),NONCE_RANDOM,2940,0x0000017b,0x00000000,12,44,968835
92,Full PQ (ML-KEM-768 / ML-DSA-65),QUOTE,2941,0x00000158,0x00000000,105,3479,1540599
93,Full PQ (ML-KEM-768 / ML-DSA-65),EK_CREATE,2949,0x00000131,0x00000000,89,1392,1065635
93,Full PQ (ML-KEM-768 / ML-DSA-65),AK_CREATE,2950,0x00000131,0x00000000,88,2127,1060586
93,Full PQ (ML-KEM-768 / ML-DSA-65),CREDENTIAL_RANDOM,2951,0x0000017b,0x00000000,12,44,1034968
93,Full PQ (ML-KEM-768 / ML-DSA-65),MAKE_CREDENTIAL,2952,0x00000168,0x00000000,84,1170,1157576
93,Full PQ (ML-KEM-768 / ML-DSA-65),ACTIVATE_AUTH,2953,0x00000176,0x00000000,59,48,1113784
93,Full PQ (ML-KEM-768 / ML-DSA-65),ACTIVATE_AUTH,2954,0x00000151,0x00000000,41,29,1047191
93,Full PQ (ML-KEM-768 / ML-DSA-65),ACTIVATE_CREDENTIAL,2955,0x00000147,0x00000000,1296,122,1175490
93,Full PQ (ML-KEM-768 / ML-DSA-65),PCR_READ,2956,0x0000017e,0x00000000,20,62,1046309
93,Full PQ (ML-KEM-768 / ML-DSA-65),PCR_READ,2957,0x0000017e,0x00000000,20,62,1091072
93,Full PQ (ML-KEM-768 / ML-DSA-65),PCR_READ,2958,0x0000017e,0x00000000,20,62,1025721
93,Full PQ (ML-KEM-768 / ML-DSA-65),PCR_READ,2959,0x0000017e,0x00000000,20,62,1075152
93,Full PQ (ML-KEM-768 / ML-DSA-65),PCR_READ,2960,0x0000017e,0x00000000,20,62,1027775
93,Full PQ (ML-KEM-768 / ML-DSA-65),PCR_READ,2961,0x0000017e,0x00000000,20,62,1065104
93,Full PQ (ML-KEM-768 / ML-DSA-65),PCR_READ,2962,0x0000017e,0x00000000,20,62,1066510
93,Full PQ (ML-KEM-768 / ML-DSA-65),PCR_READ,2963,0x0000017e,0x00000000,20,62,1009898
93,Full PQ (ML-KEM-768 / ML-DSA-65),PCR_READ,2964,0x0000017e,0x00000000,20,62,1027945
93,Full PQ (ML-KEM-768 / ML-DSA-65),PCR_READ,2965,0x0000017e,0x00000000,20,62,1058662
93,Full PQ (ML-KEM-768 / ML-DSA-65),PCR_READ,2966,0x0000017e,0x00000000,20,62,1021863
93,Full PQ (ML-KEM-768 / ML-DSA-65),PCR_READ,2967,0x0000017e,0x00000000,20,62,1011905
93,Full PQ (ML-KEM-768 / ML-DSA-65),PCR_READ,2968,0x0000017e,0x00000000,20,62,1008709
93,Full PQ (ML-KEM-768 / ML-DSA-65),PCR_READ,2969,0x0000017e,0x00000000,20,62,977902
93,Full PQ (ML-KEM-768 / ML-DSA-65),PCR_READ,2970,0x0000017e,0x00000000,20,62,935512
93,Full PQ (ML-KEM-768 / ML-DSA-65),PCR_READ,2971,0x0000017e,0x00000000,20,62,1027725
93,Full PQ (ML-KEM-768 / ML-DSA-65),NONCE_RANDOM,2972,0x0000017b,0x00000000,12,44,1049305
93,Full PQ (ML-KEM-768 / ML-DSA-65),QUOTE,2973,0x00000158,0x00000000,105,3479,1299150
94,Full PQ (ML-KEM-768 / ML-DSA-65),EK_CREATE,2981,0x00000131,0x00000000,89,1392,1055987
94,Full PQ (ML-KEM-768 / ML-DSA-65),AK_CREATE,2982,0x00000131,0x00000000,88,2127,1073309
94,Full PQ (ML-KEM-768 / ML-DSA-65),CREDENTIAL_RANDOM,2983,0x0000017b,0x00000000,12,44,1014640
94,Full PQ (ML-KEM-768 / ML-DSA-65),MAKE_CREDENTIAL,2984,0x00000168,0x00000000,84,1170,1120237
94,Full PQ (ML-KEM-768 / ML-DSA-65),ACTIVATE_AUTH,2985,0x00000176,0x00000000,59,48,972521
94,Full PQ (ML-KEM-768 / ML-DSA-65),ACTIVATE_AUTH,2986,0x00000151,0x00000000,41,29,1000803
94,Full PQ (ML-KEM-768 / ML-DSA-65),ACTIVATE_CREDENTIAL,2987,0x00000147,0x00000000,1296,122,1131668
94,Full PQ (ML-KEM-768 / ML-DSA-65),PCR_READ,2988,0x0000017e,0x00000000,20,62,994693
94,Full PQ (ML-KEM-768 / ML-DSA-65),PCR_READ,2989,0x0000017e,0x00000000,20,62,1006255
94,Full PQ (ML-KEM-768 / ML-DSA-65),PCR_READ,2990,0x0000017e,0x00000000,20,62,959597
94,Full PQ (ML-KEM-768 / ML-DSA-65),PCR_READ,2991,0x0000017e,0x00000000,20,62,1058482
94,Full PQ (ML-KEM-768 / ML-DSA-65),PCR_READ,2992,0x0000017e,0x00000000,20,62,1048683
94,Full PQ (ML-KEM-768 / ML-DSA-65),PCR_READ,2993,0x0000017e,0x00000000,20,62,996967
94,Full PQ (ML-KEM-768 / ML-DSA-65),PCR_READ,2994,0x0000017e,0x00000000,20,62,1075022
94,Full PQ (ML-KEM-768 / ML-DSA-65),PCR_READ,2995,0x0000017e,0x00000000,20,62,1445824
94,Full PQ (ML-KEM-768 / ML-DSA-65),PCR_READ,2996,0x0000017e,0x00000000,20,62,1021332
94,Full PQ (ML-KEM-768 / ML-DSA-65),PCR_READ,2997,0x0000017e,0x00000000,20,62,946803
94,Full PQ (ML-KEM-768 / ML-DSA-65),PCR_READ,2998,0x0000017e,0x00000000,20,62,963906
94,Full PQ (ML-KEM-768 / ML-DSA-65),PCR_READ,2999,0x0000017e,0x00000000,20,62,1013287
94,Full PQ (ML-KEM-768 / ML-DSA-65),PCR_READ,3000,0x0000017e,0x00000000,20,62,1025931
94,Full PQ (ML-KEM-768 / ML-DSA-65),PCR_READ,3001,0x0000017e,0x00000000,20,62,981468
94,Full PQ (ML-KEM-768 / ML-DSA-65),PCR_READ,3002,0x0000017e,0x00000000,20,62,1019249
94,Full PQ (ML-KEM-768 / ML-DSA-65),PCR_READ,3003,0x0000017e,0x00000000,20,62,1014018
94,Full PQ (ML-KEM-768 / ML-DSA-65),NONCE_RANDOM,3004,0x0000017b,0x00000000,12,44,1056478
94,Full PQ (ML-KEM-768 / ML-DSA-65),QUOTE,3005,0x00000158,0x00000000,105,3479,1260578
95,Full PQ (ML-KEM-768 / ML-DSA-65),EK_CREATE,3013,0x00000131,0x00000000,89,1392,1123969
95,Full PQ (ML-KEM-768 / ML-DSA-65),AK_CREATE,3014,0x00000131,0x00000000,88,2127,1173048
95,Full PQ (ML-KEM-768 / ML-DSA-65),CREDENTIAL_RANDOM,3015,0x0000017b,0x00000000,12,44,1124382
95,Full PQ (ML-KEM-768 / ML-DSA-65),MAKE_CREDENTIAL,3016,0x00000168,0x00000000,84,1170,1130516
95,Full PQ (ML-KEM-768 / ML-DSA-65),ACTIVATE_AUTH,3017,0x00000176,0x00000000,59,48,1037332
95,Full PQ (ML-KEM-768 / ML-DSA-65),ACTIVATE_AUTH,3018,0x00000151,0x00000000,41,29,1168416
95,Full PQ (ML-KEM-768 / ML-DSA-65),ACTIVATE_CREDENTIAL,3019,0x00000147,0x00000000,1296,122,1211998
95,Full PQ (ML-KEM-768 / ML-DSA-65),PCR_READ,3020,0x0000017e,0x00000000,20,62,1130236
95,Full PQ (ML-KEM-768 / ML-DSA-65),PCR_READ,3021,0x0000017e,0x00000000,20,62,1133531
95,Full PQ (ML-KEM-768 / ML-DSA-65),PCR_READ,3022,0x0000017e,0x00000000,20,62,1056287
95,Full PQ (ML-KEM-768 / ML-DSA-65),PCR_READ,3023,0x0000017e,0x00000000,20,62,1052631
95,Full PQ (ML-KEM-768 / ML-DSA-65),PCR_READ,3024,0x0000017e,0x00000000,20,62,1229851
95,Full PQ (ML-KEM-768 / ML-DSA-65),PCR_READ,3025,0x0000017e,0x00000000,20,62,1149501
95,Full PQ (ML-KEM-768 / ML-DSA-65),PCR_READ,3026,0x0000017e,0x00000000,20,62,1044195
95,Full PQ (ML-KEM-768 / ML-DSA-65),PCR_READ,3027,0x0000017e,0x00000000,20,62,1178205
95,Full PQ (ML-KEM-768 / ML-DSA-65),PCR_READ,3028,0x0000017e,0x00000000,20,62,1198262
95,Full PQ (ML-KEM-768 / ML-DSA-65),PCR_READ,3029,0x0000017e,0x00000000,20,62,1130716
95,Full PQ (ML-KEM-768 / ML-DSA-65),PCR_READ,3030,0x0000017e,0x00000000,20,62,1071045
95,Full PQ (ML-KEM-768 / ML-DSA-65),PCR_READ,3031,0x0000017e,0x00000000,20,62,1286827
95,Full PQ (ML-KEM-768 / ML-DSA-65),PCR_READ,3032,0x0000017e,0x00000000,20,62,1106330
95,Full PQ (ML-KEM-768 / ML-DSA-65),PCR_READ,3033,0x0000017e,0x00000000,20,62,1077568
95,Full PQ (ML-KEM-768 / ML-DSA-65),PCR_READ,3034,0x0000017e,0x00000000,20,62,1126187
95,Full PQ (ML-KEM-768 / ML-DSA-65),PCR_READ,3035,0x0000017e,0x00000000,20,62,1133461
95,Full PQ (ML-KEM-768 / ML-DSA-65),NONCE_RANDOM,3036,0x0000017b,0x00000000,12,44,1205576
95,Full PQ (ML-KEM-768 / ML-DSA-65),QUOTE,3037,0x00000158,0x00000000,105,3479,1686441
96,Full PQ (ML-KEM-768 / ML-DSA-65),EK_CREATE,3045,0x00000131,0x00000000,89,1392,1038184
96,Full PQ (ML-KEM-768 / ML-DSA-65),AK_CREATE,3046,0x00000131,0x00000000,88,2127,1148900
96,Full PQ (ML-KEM-768 / ML-DSA-65),CREDENTIAL_RANDOM,3047,0x0000017b,0x00000000,12,44,1226565
96,Full PQ (ML-KEM-768 / ML-DSA-65),MAKE_CREDENTIAL,3048,0x00000168,0x00000000,84,1170,1126017
96,Full PQ (ML-KEM-768 / ML-DSA-65),ACTIVATE_AUTH,3049,0x00000176,0x00000000,59,48,1035479
96,Full PQ (ML-KEM-768 / ML-DSA-65),ACTIVATE_AUTH,3050,0x00000151,0x00000000,41,29,1132630
96,Full PQ (ML-KEM-768 / ML-DSA-65),ACTIVATE_CREDENTIAL,3051,0x00000147,0x00000000,1296,122,1130346
96,Full PQ (ML-KEM-768 / ML-DSA-65),PCR_READ,3052,0x0000017e,0x00000000,20,62,1031431
96,Full PQ (ML-KEM-768 / ML-DSA-65),PCR_READ,3053,0x0000017e,0x00000000,20,62,1407231
96,Full PQ (ML-KEM-768 / ML-DSA-65),PCR_READ,3054,0x0000017e,0x00000000,20,62,1140534
96,Full PQ (ML-KEM-768 / ML-DSA-65),PCR_READ,3055,0x0000017e,0x00000000,20,62,1078950
96,Full PQ (ML-KEM-768 / ML-DSA-65),PCR_READ,3056,0x0000017e,0x00000000,20,62,1012787
96,Full PQ (ML-KEM-768 / ML-DSA-65),PCR_READ,3057,0x0000017e,0x00000000,20,62,1104948
96,Full PQ (ML-KEM-768 / ML-DSA-65),PCR_READ,3058,0x0000017e,0x00000000,20,62,1068620
96,Full PQ (ML-KEM-768 / ML-DSA-65),PCR_READ,3059,0x0000017e,0x00000000,20,62,1056909
96,Full PQ (ML-KEM-768 / ML-DSA-65),PCR_READ,3060,0x0000017e,0x00000000,20,62,1091092
96,Full PQ (ML-KEM-768 / ML-DSA-65),PCR_READ,3061,0x0000017e,0x00000000,20,62,1186501
96,Full PQ (ML-KEM-768 / ML-DSA-65),PCR_READ,3062,0x0000017e,0x00000000,20,62,1070494
96,Full PQ (ML-KEM-768 / ML-DSA-65),PCR_READ,3063,0x0000017e,0x00000000,20,62,1108104
96,Full PQ (ML-KEM-768 / ML-DSA-65),PCR_READ,3064,0x0000017e,0x00000000,20,62,1086844
96,Full PQ (ML-KEM-768 / ML-DSA-65),PCR_READ,3065,0x0000017e,0x00000000,20,62,1034697
96,Full PQ (ML-KEM-768 / ML-DSA-65),PCR_READ,3066,0x0000017e,0x00000000,20,62,1010783
96,Full PQ (ML-KEM-768 / ML-DSA-65),PCR_READ,3067,0x0000017e,0x00000000,20,62,1116359
96,Full PQ (ML-KEM-768 / ML-DSA-65),NONCE_RANDOM,3068,0x0000017b,0x00000000,12,44,1177717
96,Full PQ (ML-KEM-768 / ML-DSA-65),QUOTE,3069,0x00000158,0x00000000,105,3479,1710313
97,Full PQ (ML-KEM-768 / ML-DSA-65),EK_CREATE,3077,0x00000131,0x00000000,89,1392,1135325
97,Full PQ (ML-KEM-768 / ML-DSA-65),AK_CREATE,3078,0x00000131,0x00000000,88,2127,1165300
97,Full PQ (ML-KEM-768 / ML-DSA-65),CREDENTIAL_RANDOM,3079,0x0000017b,0x00000000,12,44,1060575
97,Full PQ (ML-KEM-768 / ML-DSA-65),MAKE_CREDENTIAL,3080,0x00000168,0x00000000,84,1170,1101302
97,Full PQ (ML-KEM-768 / ML-DSA-65),ACTIVATE_AUTH,3081,0x00000176,0x00000000,59,48,1035770
97,Full PQ (ML-KEM-768 / ML-DSA-65),ACTIVATE_AUTH,3082,0x00000151,0x00000000,41,29,981579
97,Full PQ (ML-KEM-768 / ML-DSA-65),ACTIVATE_CREDENTIAL,3083,0x00000147,0x00000000,1296,122,1161293
97,Full PQ (ML-KEM-768 / ML-DSA-65),PCR_READ,3084,0x0000017e,0x00000000,20,62,1090631
97,Full PQ (ML-KEM-768 / ML-DSA-65),PCR_READ,3085,0x0000017e,0x00000000,20,62,1122031
97,Full PQ (ML-KEM-768 / ML-DSA-65),PCR_READ,3086,0x0000017e,0x00000000,20,62,1052990
97,Full PQ (ML-KEM-768 / ML-DSA-65),PCR_READ,3087,0x0000017e,0x00000000,20,62,1000633
97,Full PQ (ML-KEM-768 / ML-DSA-65),PCR_READ,3088,0x0000017e,0x00000000,20,62,1069712
97,Full PQ (ML-KEM-768 / ML-DSA-65),PCR_READ,3089,0x0000017e,0x00000000,20,62,984624
97,Full PQ (ML-KEM-768 / ML-DSA-65),PCR_READ,3090,0x0000017e,0x00000000,20,62,1030359
97,Full PQ (ML-KEM-768 / ML-DSA-65),PCR_READ,3091,0x0000017e,0x00000000,20,62,988892
97,Full PQ (ML-KEM-768 / ML-DSA-65),PCR_READ,3092,0x0000017e,0x00000000,20,62,1067248
97,Full PQ (ML-KEM-768 / ML-DSA-65),PCR_READ,3093,0x0000017e,0x00000000,20,62,996155
97,Full PQ (ML-KEM-768 / ML-DSA-65),PCR_READ,3094,0x0000017e,0x00000000,20,62,1032418
97,Full PQ (ML-KEM-768 / ML-DSA-65),PCR_READ,3095,0x0000017e,0x00000000,20,62,1334411
97,Full PQ (ML-KEM-768 / ML-DSA-65),PCR_READ,3096,0x0000017e,0x00000000,20,62,1082035
97,Full PQ (ML-KEM-768 / ML-DSA-65),PCR_READ,3097,0x0000017e,0x00000000,20,62,1034347
97,Full PQ (ML-KEM-768 / ML-DSA-65),PCR_READ,3098,0x0000017e,0x00000000,20,62,1031291
97,Full PQ (ML-KEM-768 / ML-DSA-65),PCR_READ,3099,0x0000017e,0x00000000,20,62,1041039
97,Full PQ (ML-KEM-768 / ML-DSA-65),NONCE_RANDOM,3100,0x0000017b,0x00000000,12,44,1088888
97,Full PQ (ML-KEM-768 / ML-DSA-65),QUOTE,3101,0x00000158,0x00000000,105,3479,1786989
98,Full PQ (ML-KEM-768 / ML-DSA-65),EK_CREATE,3109,0x00000131,0x00000000,89,1392,1148442
98,Full PQ (ML-KEM-768 / ML-DSA-65),AK_CREATE,3110,0x00000131,0x00000000,88,2127,1083906
98,Full PQ (ML-KEM-768 / ML-DSA-65),CREDENTIAL_RANDOM,3111,0x0000017b,0x00000000,12,44,1030900
98,Full PQ (ML-KEM-768 / ML-DSA-65),MAKE_CREDENTIAL,3112,0x00000168,0x00000000,84,1170,1200897
98,Full PQ (ML-KEM-768 / ML-DSA-65),ACTIVATE_AUTH,3113,0x00000176,0x00000000,59,48,1043754
98,Full PQ (ML-KEM-768 / ML-DSA-65),ACTIVATE_AUTH,3114,0x00000151,0x00000000,41,29,1049034
98,Full PQ (ML-KEM-768 / ML-DSA-65),ACTIVATE_CREDENTIAL,3115,0x00000147,0x00000000,1296,122,1084069
98,Full PQ (ML-KEM-768 / ML-DSA-65),PCR_READ,3116,0x0000017e,0x00000000,20,62,1248145
98,Full PQ (ML-KEM-768 / ML-DSA-65),PCR_READ,3117,0x0000017e,0x00000000,20,62,1326400
98,Full PQ (ML-KEM-768 / ML-DSA-65),PCR_READ,3118,0x0000017e,0x00000000,20,62,1187271
98,Full PQ (ML-KEM-768 / ML-DSA-65),PCR_READ,3119,0x0000017e,0x00000000,20,62,1183047
98,Full PQ (ML-KEM-768 / ML-DSA-65),PCR_READ,3120,0x0000017e,0x00000000,20,62,1246910
98,Full PQ (ML-KEM-768 / ML-DSA-65),PCR_READ,3121,0x0000017e,0x00000000,20,62,1387848
98,Full PQ (ML-KEM-768 / ML-DSA-65),PCR_READ,3122,0x0000017e,0x00000000,20,62,1224618
98,Full PQ (ML-KEM-768 / ML-DSA-65),PCR_READ,3123,0x0000017e,0x00000000,20,62,1055836
98,Full PQ (ML-KEM-768 / ML-DSA-65),PCR_READ,3124,0x0000017e,0x00000000,20,62,1109587
98,Full PQ (ML-KEM-768 / ML-DSA-65),PCR_READ,3125,0x0000017e,0x00000000,20,62,1098726
98,Full PQ (ML-KEM-768 / ML-DSA-65),PCR_READ,3126,0x0000017e,0x00000000,20,62,1066056
98,Full PQ (ML-KEM-768 / ML-DSA-65),PCR_READ,3127,0x0000017e,0x00000000,20,62,1020641
98,Full PQ (ML-KEM-768 / ML-DSA-65),PCR_READ,3128,0x0000017e,0x00000000,20,62,1041310
98,Full PQ (ML-KEM-768 / ML-DSA-65),PCR_READ,3129,0x0000017e,0x00000000,20,62,1116039
98,Full PQ (ML-KEM-768 / ML-DSA-65),PCR_READ,3130,0x0000017e,0x00000000,20,62,1049965
98,Full PQ (ML-KEM-768 / ML-DSA-65),PCR_READ,3131,0x0000017e,0x00000000,20,62,993972
98,Full PQ (ML-KEM-768 / ML-DSA-65),NONCE_RANDOM,3132,0x0000017b,0x00000000,12,44,1073199
98,Full PQ (ML-KEM-768 / ML-DSA-65),QUOTE,3133,0x00000158,0x00000000,105,3479,1379270
99,Full PQ (ML-KEM-768 / ML-DSA-65),EK_CREATE,3141,0x00000131,0x00000000,89,1392,1055086
99,Full PQ (ML-KEM-768 / ML-DSA-65),AK_CREATE,3142,0x00000131,0x00000000,88,2127,1089349
99,Full PQ (ML-KEM-768 / ML-DSA-65),CREDENTIAL_RANDOM,3143,0x0000017b,0x00000000,12,44,1107433
99,Full PQ (ML-KEM-768 / ML-DSA-65),MAKE_CREDENTIAL,3144,0x00000168,0x00000000,84,1170,1065214
99,Full PQ (ML-KEM-768 / ML-DSA-65),ACTIVATE_AUTH,3145,0x00000176,0x00000000,59,48,934370
99,Full PQ (ML-KEM-768 / ML-DSA-65),ACTIVATE_AUTH,3146,0x00000151,0x00000000,41,29,965048
99,Full PQ (ML-KEM-768 / ML-DSA-65),ACTIVATE_CREDENTIAL,3147,0x00000147,0x00000000,1296,122,1106321
99,Full PQ (ML-KEM-768 / ML-DSA-65),PCR_READ,3148,0x0000017e,0x00000000,20,62,903834
99,Full PQ (ML-KEM-768 / ML-DSA-65),PCR_READ,3149,0x0000017e,0x00000000,20,62,996406
99,Full PQ (ML-KEM-768 / ML-DSA-65),PCR_READ,3150,0x0000017e,0x00000000,20,62,1033305
99,Full PQ (ML-KEM-768 / ML-DSA-65),PCR_READ,3151,0x0000017e,0x00000000,20,62,1025170
99,Full PQ (ML-KEM-768 / ML-DSA-65),PCR_READ,3152,0x0000017e,0x00000000,20,62,983321
99,Full PQ (ML-KEM-768 / ML-DSA-65),PCR_READ,3153,0x0000017e,0x00000000,20,62,1018027
99,Full PQ (ML-KEM-768 / ML-DSA-65),PCR_READ,3154,0x0000017e,0x00000000,20,62,1020831
99,Full PQ (ML-KEM-768 / ML-DSA-65),PCR_READ,3155,0x0000017e,0x00000000,20,62,1060646
99,Full PQ (ML-KEM-768 / ML-DSA-65),PCR_READ,3156,0x0000017e,0x00000000,20,62,980626
99,Full PQ (ML-KEM-768 / ML-DSA-65),PCR_READ,3157,0x0000017e,0x00000000,20,62,1003720
99,Full PQ (ML-KEM-768 / ML-DSA-65),PCR_READ,3158,0x0000017e,0x00000000,20,62,1026562
99,Full PQ (ML-KEM-768 / ML-DSA-65),PCR_READ,3159,0x0000017e,0x00000000,20,62,1051830
99,Full PQ (ML-KEM-768 / ML-DSA-65),PCR_READ,3160,0x0000017e,0x00000000,20,62,990284
99,Full PQ (ML-KEM-768 / ML-DSA-65),PCR_READ,3161,0x0000017e,0x00000000,20,62,1019128
99,Full PQ (ML-KEM-768 / ML-DSA-65),PCR_READ,3162,0x0000017e,0x00000000,20,62,1033835
99,Full PQ (ML-KEM-768 / ML-DSA-65),PCR_READ,3163,0x0000017e,0x00000000,20,62,1120077
99,Full PQ (ML-KEM-768 / ML-DSA-65),NONCE_RANDOM,3164,0x0000017b,0x00000000,12,44,995955
99,Full PQ (ML-KEM-768 / ML-DSA-65),QUOTE,3165,0x00000158,0x00000000,105,3479,1466081
100,Full PQ (ML-KEM-768 / ML-DSA-65),EK_CREATE,3173,0x00000131,0x00000000,89,1392,1126809
100,Full PQ (ML-KEM-768 / ML-DSA-65),AK_CREATE,3174,0x00000131,0x00000000,88,2127,1079331
100,Full PQ (ML-KEM-768 / ML-DSA-65),CREDENTIAL_RANDOM,3175,0x0000017b,0x00000000,12,44,1031882
100,Full PQ (ML-KEM-768 / ML-DSA-65),MAKE_CREDENTIAL,3176,0x00000168,0x00000000,84,1170,1082817
100,Full PQ (ML-KEM-768 / ML-DSA-65),ACTIVATE_AUTH,3177,0x00000176,0x00000000,59,48,976800
100,Full PQ (ML-KEM-768 / ML-DSA-65),ACTIVATE_AUTH,3178,0x00000151,0x00000000,41,29,1004711
100,Full PQ (ML-KEM-768 / ML-DSA-65),ACTIVATE_CREDENTIAL,3179,0x00000147,0x00000000,1296,122,1022084
100,Full PQ (ML-KEM-768 / ML-DSA-65),PCR_READ,3180,0x0000017e,0x00000000,20,62,1085913
100,Full PQ (ML-KEM-768 / ML-DSA-65),PCR_READ,3181,0x0000017e,0x00000000,20,62,1033799
100,Full PQ (ML-KEM-768 / ML-DSA-65),PCR_READ,3182,0x0000017e,0x00000000,20,62,1039222
100,Full PQ (ML-KEM-768 / ML-DSA-65),PCR_READ,3183,0x0000017e,0x00000000,20,62,999021
100,Full PQ (ML-KEM-768 / ML-DSA-65),PCR_READ,3184,0x0000017e,0x00000000,20,62,1064814
100,Full PQ (ML-KEM-768 / ML-DSA-65),PCR_READ,3185,0x0000017e,0x00000000,20,62,978032
100,Full PQ (ML-KEM-768 / ML-DSA-65),PCR_READ,3186,0x0000017e,0x00000000,20,62,995795
100,Full PQ (ML-KEM-768 / ML-DSA-65),PCR_READ,3187,0x0000017e,0x00000000,20,62,1044546
100,Full PQ (ML-KEM-768 / ML-DSA-65),PCR_READ,3188,0x0000017e,0x00000000,20,62,1195397
100,Full PQ (ML-KEM-768 / ML-DSA-65),PCR_READ,3189,0x0000017e,0x00000000,20,62,1233077
100,Full PQ (ML-KEM-768 / ML-DSA-65),PCR_READ,3190,0x0000017e,0x00000000,20,62,1104747
100,Full PQ (ML-KEM-768 / ML-DSA-65),PCR_READ,3191,0x0000017e,0x00000000,20,62,998320
100,Full PQ (ML-KEM-768 / ML-DSA-65),PCR_READ,3192,0x0000017e,0x00000000,20,62,1097694
100,Full PQ (ML-KEM-768 / ML-DSA-65),PCR_READ,3193,0x0000017e,0x00000000,20,62,1015882
100,Full PQ (ML-KEM-768 / ML-DSA-65),PCR_READ,3194,0x0000017e,0x00000000,20,62,973604
100,Full PQ (ML-KEM-768 / ML-DSA-65),PCR_READ,3195,0x0000017e,0x00000000,20,62,1037172
100,Full PQ (ML-KEM-768 / ML-DSA-65),NONCE_RANDOM,3196,0x0000017b,0x00000000,12,44,1038244
100,Full PQ (ML-KEM-768 / ML-DSA-65),QUOTE,3197,0x00000158,0x00000000,105,3479,1780176
101,Full PQ (ML-KEM-768 / ML-DSA-65),EK_CREATE,3205,0x00000131,0x00000000,89,1392,1119535
101,Full PQ (ML-KEM-768 / ML-DSA-65),AK_CREATE,3206,0x00000131,0x00000000,88,2127,1024468
101,Full PQ (ML-KEM-768 / ML-DSA-65),CREDENTIAL_RANDOM,3207,0x0000017b,0x00000000,12,44,1072808
101,Full PQ (ML-KEM-768 / ML-DSA-65),MAKE_CREDENTIAL,3208,0x00000168,0x00000000,84,1170,1127440
101,Full PQ (ML-KEM-768 / ML-DSA-65),ACTIVATE_AUTH,3209,0x00000176,0x00000000,59,48,966651
101,Full PQ (ML-KEM-768 / ML-DSA-65),ACTIVATE_AUTH,3210,0x00000151,0x00000000,41,29,991157
101,Full PQ (ML-KEM-768 / ML-DSA-65),ACTIVATE_CREDENTIAL,3211,0x00000147,0x00000000,1296,122,1404957
101,Full PQ (ML-KEM-768 / ML-DSA-65),PCR_READ,3212,0x0000017e,0x00000000,20,62,1396471
101,Full PQ (ML-KEM-768 / ML-DSA-65),PCR_READ,3213,0x0000017e,0x00000000,20,62,1265517
101,Full PQ (ML-KEM-768 / ML-DSA-65),PCR_READ,3214,0x0000017e,0x00000000,20,62,1084730
101,Full PQ (ML-KEM-768 / ML-DSA-65),PCR_READ,3215,0x0000017e,0x00000000,20,62,1124314
101,Full PQ (ML-KEM-768 / ML-DSA-65),PCR_READ,3216,0x0000017e,0x00000000,20,62,1109437
101,Full PQ (ML-KEM-768 / ML-DSA-65),PCR_READ,3217,0x0000017e,0x00000000,20,62,1150974
101,Full PQ (ML-KEM-768 / ML-DSA-65),PCR_READ,3218,0x0000017e,0x00000000,20,62,1187853
101,Full PQ (ML-KEM-768 / ML-DSA-65),PCR_READ,3219,0x0000017e,0x00000000,20,62,1057279
101,Full PQ (ML-KEM-768 / ML-DSA-65),PCR_READ,3220,0x0000017e,0x00000000,20,62,1156748
101,Full PQ (ML-KEM-768 / ML-DSA-65),PCR_READ,3221,0x0000017e,0x00000000,20,62,1173482
101,Full PQ (ML-KEM-768 / ML-DSA-65),PCR_READ,3222,0x0000017e,0x00000000,20,62,1288269
101,Full PQ (ML-KEM-768 / ML-DSA-65),PCR_READ,3223,0x0000017e,0x00000000,20,62,1196949
101,Full PQ (ML-KEM-768 / ML-DSA-65),PCR_READ,3224,0x0000017e,0x00000000,20,62,1127781
101,Full PQ (ML-KEM-768 / ML-DSA-65),PCR_READ,3225,0x0000017e,0x00000000,20,62,1077037
101,Full PQ (ML-KEM-768 / ML-DSA-65),PCR_READ,3226,0x0000017e,0x00000000,20,62,964086
101,Full PQ (ML-KEM-768 / ML-DSA-65),PCR_READ,3227,0x0000017e,0x00000000,20,62,995915
101,Full PQ (ML-KEM-768 / ML-DSA-65),NONCE_RANDOM,3228,0x0000017b,0x00000000,12,44,1048433
101,Full PQ (ML-KEM-768 / ML-DSA-65),QUOTE,3229,0x00000158,0x00000000,105,3479,1355275
102,Full PQ (ML-KEM-768 / ML-DSA-65),EK_CREATE,3237,0x00000131,0x00000000,89,1392,1054735
102,Full PQ (ML-KEM-768 / ML-DSA-65),AK_CREATE,3238,0x00000131,0x00000000,88,2127,1002217
102,Full PQ (ML-KEM-768 / ML-DSA-65),CREDENTIAL_RANDOM,3239,0x0000017b,0x00000000,12,44,989072
102,Full PQ (ML-KEM-768 / ML-DSA-65),MAKE_CREDENTIAL,3240,0x00000168,0x00000000,84,1170,1103937
102,Full PQ (ML-KEM-768 / ML-DSA-65),ACTIVATE_AUTH,3241,0x00000176,0x00000000,59,48,968014
102,Full PQ (ML-KEM-768 / ML-DSA-65),ACTIVATE_AUTH,3242,0x00000151,0x00000000,41,29,1004410
102,Full PQ (ML-KEM-768 / ML-DSA-65),ACTIVATE_CREDENTIAL,3243,0x00000147,0x00000000,1296,122,995724
102,Full PQ (ML-KEM-768 / ML-DSA-65),PCR_READ,3244,0x0000017e,0x00000000,20,62,1067639
102,Full PQ (ML-KEM-768 / ML-DSA-65),PCR_READ,3245,0x0000017e,0x00000000,20,62,1092485
102,Full PQ (ML-KEM-768 / ML-DSA-65),PCR_READ,3246,0x0000017e,0x00000000,20,62,1000113
102,Full PQ (ML-KEM-768 / ML-DSA-65),PCR_READ,3247,0x0000017e,0x00000000,20,62,1080292
102,Full PQ (ML-KEM-768 / ML-DSA-65),PCR_READ,3248,0x0000017e,0x00000000,20,62,1064603
102,Full PQ (ML-KEM-768 / ML-DSA-65),PCR_READ,3249,0x0000017e,0x00000000,20,62,1018618
102,Full PQ (ML-KEM-768 / ML-DSA-65),PCR_READ,3250,0x0000017e,0x00000000,20,62,1041430
102,Full PQ (ML-KEM-768 / ML-DSA-65),PCR_READ,3251,0x0000017e,0x00000000,20,62,977090
102,Full PQ (ML-KEM-768 / ML-DSA-65),PCR_READ,3252,0x0000017e,0x00000000,20,62,981157
102,Full PQ (ML-KEM-768 / ML-DSA-65),PCR_READ,3253,0x0000017e,0x00000000,20,62,960098
102,Full PQ (ML-KEM-768 / ML-DSA-65),PCR_READ,3254,0x0000017e,0x00000000,20,62,1007287
102,Full PQ (ML-KEM-768 / ML-DSA-65),PCR_READ,3255,0x0000017e,0x00000000,20,62,977570
102,Full PQ (ML-KEM-768 / ML-DSA-65),PCR_READ,3256,0x0000017e,0x00000000,20,62,1041390
102,Full PQ (ML-KEM-768 / ML-DSA-65),PCR_READ,3257,0x0000017e,0x00000000,20,62,1010592
102,Full PQ (ML-KEM-768 / ML-DSA-65),PCR_READ,3258,0x0000017e,0x00000000,20,62,995404
102,Full PQ (ML-KEM-768 / ML-DSA-65),PCR_READ,3259,0x0000017e,0x00000000,20,62,976148
102,Full PQ (ML-KEM-768 / ML-DSA-65),NONCE_RANDOM,3260,0x0000017b,0x00000000,12,44,1053422
102,Full PQ (ML-KEM-768 / ML-DSA-65),QUOTE,3261,0x00000158,0x00000000,105,3479,1501967
103,Full PQ (ML-KEM-768 / ML-DSA-65),EK_CREATE,3269,0x00000131,0x00000000,89,1392,1047511
103,Full PQ (ML-KEM-768 / ML-DSA-65),AK_CREATE,3270,0x00000131,0x00000000,88,2127,1042772
103,Full PQ (ML-KEM-768 / ML-DSA-65),CREDENTIAL_RANDOM,3271,0x0000017b,0x00000000,12,44,1006785
103,Full PQ (ML-KEM-768 / ML-DSA-65),MAKE_CREDENTIAL,3272,0x00000168,0x00000000,84,1170,1076936
103,Full PQ (ML-KEM-768 / ML-DSA-65),ACTIVATE_AUTH,3273,0x00000176,0x00000000,59,48,895167
103,Full PQ (ML-KEM-768 / ML-DSA-65),ACTIVATE_AUTH,3274,0x00000151,0x00000000,41,29,1012225
103,Full PQ (ML-KEM-768 / ML-DSA-65),ACTIVATE_CREDENTIAL,3275,0x00000147,0x00000000,1296,122,1090201
103,Full PQ (ML-KEM-768 / ML-DSA-65),PCR_READ,3276,0x0000017e,0x00000000,20,62,994162
103,Full PQ (ML-KEM-768 / ML-DSA-65),PCR_READ,3277,0x0000017e,0x00000000,20,62,988801
103,Full PQ (ML-KEM-768 / ML-DSA-65),PCR_READ,3278,0x0000017e,0x00000000,20,62,971740
103,Full PQ (ML-KEM-768 / ML-DSA-65),PCR_READ,3279,0x0000017e,0x00000000,20,62,1007397
103,Full PQ (ML-KEM-768 / ML-DSA-65),PCR_READ,3280,0x0000017e,0x00000000,20,62,980927
103,Full PQ (ML-KEM-768 / ML-DSA-65),PCR_READ,3281,0x0000017e,0x00000000,20,62,991457
103,Full PQ (ML-KEM-768 / ML-DSA-65),PCR_READ,3282,0x0000017e,0x00000000,20,62,1169879
103,Full PQ (ML-KEM-768 / ML-DSA-65),PCR_READ,3283,0x0000017e,0x00000000,20,62,932136
103,Full PQ (ML-KEM-768 / ML-DSA-65),PCR_READ,3284,0x0000017e,0x00000000,20,62,1009120
103,Full PQ (ML-KEM-768 / ML-DSA-65),PCR_READ,3285,0x0000017e,0x00000000,20,62,1150012
103,Full PQ (ML-KEM-768 / ML-DSA-65),PCR_READ,3286,0x0000017e,0x00000000,20,62,971430
103,Full PQ (ML-KEM-768 / ML-DSA-65),PCR_READ,3287,0x0000017e,0x00000000,20,62,1063300
103,Full PQ (ML-KEM-768 / ML-DSA-65),PCR_READ,3288,0x0000017e,0x00000000,20,62,1045949
103,Full PQ (ML-KEM-768 / ML-DSA-65),PCR_READ,3289,0x0000017e,0x00000000,20,62,1030599
103,Full PQ (ML-KEM-768 / ML-DSA-65),PCR_READ,3290,0x0000017e,0x00000000,20,62,991888
103,Full PQ (ML-KEM-768 / ML-DSA-65),PCR_READ,3291,0x0000017e,0x00000000,20,62,968133
103,Full PQ (ML-KEM-768 / ML-DSA-65),NONCE_RANDOM,3292,0x0000017b,0x00000000,12,44,982359
103,Full PQ (ML-KEM-768 / ML-DSA-65),QUOTE,3293,0x00000158,0x00000000,105,3479,1229050
104,Full PQ (ML-KEM-768 / ML-DSA-65),EK_CREATE,3301,0x00000131,0x00000000,89,1392,1027343
104,Full PQ (ML-KEM-768 / ML-DSA-65),AK_CREATE,3302,0x00000131,0x00000000,88,2127,1016373
104,Full PQ (ML-KEM-768 / ML-DSA-65),CREDENTIAL_RANDOM,3303,0x0000017b,0x00000000,12,44,1012215
104,Full PQ (ML-KEM-768 / ML-DSA-65),MAKE_CREDENTIAL,3304,0x00000168,0x00000000,84,1170,1069021
104,Full PQ (ML-KEM-768 / ML-DSA-65),ACTIVATE_AUTH,3305,0x00000176,0x00000000,59,48,977641
104,Full PQ (ML-KEM-768 / ML-DSA-65),ACTIVATE_AUTH,3306,0x00000151,0x00000000,41,29,1024438
104,Full PQ (ML-KEM-768 / ML-DSA-65),ACTIVATE_CREDENTIAL,3307,0x00000147,0x00000000,1296,122,1151315
104,Full PQ (ML-KEM-768 / ML-DSA-65),PCR_READ,3308,0x0000017e,0x00000000,20,62,996767
104,Full PQ (ML-KEM-768 / ML-DSA-65),PCR_READ,3309,0x0000017e,0x00000000,20,62,1012265
104,Full PQ (ML-KEM-768 / ML-DSA-65),PCR_READ,3310,0x0000017e,0x00000000,20,62,992338
104,Full PQ (ML-KEM-768 / ML-DSA-65),PCR_READ,3311,0x0000017e,0x00000000,20,62,978403
104,Full PQ (ML-KEM-768 / ML-DSA-65),PCR_READ,3312,0x0000017e,0x00000000,20,62,970137
104,Full PQ (ML-KEM-768 / ML-DSA-65),PCR_READ,3313,0x0000017e,0x00000000,20,62,991406
104,Full PQ (ML-KEM-768 / ML-DSA-65),PCR_READ,3314,0x0000017e,0x00000000,20,62,997338
104,Full PQ (ML-KEM-768 / ML-DSA-65),PCR_READ,3315,0x0000017e,0x00000000,20,62,957784
104,Full PQ (ML-KEM-768 / ML-DSA-65),PCR_READ,3316,0x0000017e,0x00000000,20,62,1015181
104,Full PQ (ML-KEM-768 / ML-DSA-65),PCR_READ,3317,0x0000017e,0x00000000,20,62,1013057
104,Full PQ (ML-KEM-768 / ML-DSA-65),PCR_READ,3318,0x0000017e,0x00000000,20,62,994552
104,Full PQ (ML-KEM-768 / ML-DSA-65),PCR_READ,3319,0x0000017e,0x00000000,20,62,1002718
104,Full PQ (ML-KEM-768 / ML-DSA-65),PCR_READ,3320,0x0000017e,0x00000000,20,62,951914
104,Full PQ (ML-KEM-768 / ML-DSA-65),PCR_READ,3321,0x0000017e,0x00000000,20,62,1003589
104,Full PQ (ML-KEM-768 / ML-DSA-65),PCR_READ,3322,0x0000017e,0x00000000,20,62,1061708
104,Full PQ (ML-KEM-768 / ML-DSA-65),PCR_READ,3323,0x0000017e,0x00000000,20,62,941193
104,Full PQ (ML-KEM-768 / ML-DSA-65),NONCE_RANDOM,3324,0x0000017b,0x00000000,12,44,950200
104,Full PQ (ML-KEM-768 / ML-DSA-65),QUOTE,3325,0x00000158,0x00000000,105,3479,1380201
105,Full PQ (ML-KEM-768 / ML-DSA-65),EK_CREATE,3333,0x00000131,0x00000000,89,1392,1080343
105,Full PQ (ML-KEM-768 / ML-DSA-65),AK_CREATE,3334,0x00000131,0x00000000,88,2127,1172303
105,Full PQ (ML-KEM-768 / ML-DSA-65),CREDENTIAL_RANDOM,3335,0x0000017b,0x00000000,12,44,1165551
105,Full PQ (ML-KEM-768 / ML-DSA-65),MAKE_CREDENTIAL,3336,0x00000168,0x00000000,84,1170,1030589
105,Full PQ (ML-KEM-768 / ML-DSA-65),ACTIVATE_AUTH,3337,0x00000176,0x00000000,59,48,1058792
105,Full PQ (ML-KEM-768 / ML-DSA-65),ACTIVATE_AUTH,3338,0x00000151,0x00000000,41,29,998219
105,Full PQ (ML-KEM-768 / ML-DSA-65),ACTIVATE_CREDENTIAL,3339,0x00000147,0x00000000,1296,122,1008879
105,Full PQ (ML-KEM-768 / ML-DSA-65),PCR_READ,3340,0x0000017e,0x00000000,20,62,942616
105,Full PQ (ML-KEM-768 / ML-DSA-65),PCR_READ,3341,0x0000017e,0x00000000,20,62,1029237
105,Full PQ (ML-KEM-768 / ML-DSA-65),PCR_READ,3342,0x0000017e,0x00000000,20,62,961632
105,Full PQ (ML-KEM-768 / ML-DSA-65),PCR_READ,3343,0x0000017e,0x00000000,20,62,956251
105,Full PQ (ML-KEM-768 / ML-DSA-65),PCR_READ,3344,0x0000017e,0x00000000,20,62,1030319
105,Full PQ (ML-KEM-768 / ML-DSA-65),PCR_READ,3345,0x0000017e,0x00000000,20,62,1037272
105,Full PQ (ML-KEM-768 / ML-DSA-65),PCR_READ,3346,0x0000017e,0x00000000,20,62,993461
105,Full PQ (ML-KEM-768 / ML-DSA-65),PCR_READ,3347,0x0000017e,0x00000000,20,62,975206
105,Full PQ (ML-KEM-768 / ML-DSA-65),PCR_READ,3348,0x0000017e,0x00000000,20,62,1002337
105,Full PQ (ML-KEM-768 / ML-DSA-65),PCR_READ,3349,0x0000017e,0x00000000,20,62,1008238
105,Full PQ (ML-KEM-768 / ML-DSA-65),PCR_READ,3350,0x0000017e,0x00000000,20,62,982951
105,Full PQ (ML-KEM-768 / ML-DSA-65),PCR_READ,3351,0x0000017e,0x00000000,20,62,993009
105,Full PQ (ML-KEM-768 / ML-DSA-65),PCR_READ,3352,0x0000017e,0x00000000,20,62,991718
105,Full PQ (ML-KEM-768 / ML-DSA-65),PCR_READ,3353,0x0000017e,0x00000000,20,62,1050517
105,Full PQ (ML-KEM-768 / ML-DSA-65),PCR_READ,3354,0x0000017e,0x00000000,20,62,969045
105,Full PQ (ML-KEM-768 / ML-DSA-65),PCR_READ,3355,0x0000017e,0x00000000,20,62,1003349
105,Full PQ (ML-KEM-768 / ML-DSA-65),NONCE_RANDOM,3356,0x0000017b,0x00000000,12,44,1000474
105,Full PQ (ML-KEM-768 / ML-DSA-65),QUOTE,3357,0x00000158,0x00000000,105,3479,1512297
106,Full PQ (ML-KEM-768 / ML-DSA-65),EK_CREATE,3365,0x00000131,0x00000000,89,1392,1039085
106,Full PQ (ML-KEM-768 / ML-DSA-65),AK_CREATE,3366,0x00000131,0x00000000,88,2127,1216626
106,Full PQ (ML-KEM-768 / ML-DSA-65),CREDENTIAL_RANDOM,3367,0x0000017b,0x00000000,12,44,1079420
106,Full PQ (ML-KEM-768 / ML-DSA-65),MAKE_CREDENTIAL,3368,0x00000168,0x00000000,84,1170,1098126
106,Full PQ (ML-KEM-768 / ML-DSA-65),ACTIVATE_AUTH,3369,0x00000176,0x00000000,59,48,997468
106,Full PQ (ML-KEM-768 / ML-DSA-65),ACTIVATE_AUTH,3370,0x00000151,0x00000000,41,29,1027263
106,Full PQ (ML-KEM-768 / ML-DSA-65),ACTIVATE_CREDENTIAL,3371,0x00000147,0x00000000,1296,122,1100349
106,Full PQ (ML-KEM-768 / ML-DSA-65),PCR_READ,3372,0x0000017e,0x00000000,20,62,1099438
106,Full PQ (ML-KEM-768 / ML-DSA-65),PCR_READ,3373,0x0000017e,0x00000000,20,62,1477082
106,Full PQ (ML-KEM-768 / ML-DSA-65),PCR_READ,3374,0x0000017e,0x00000000,20,62,1713351
106,Full PQ (ML-KEM-768 / ML-DSA-65),PCR_READ,3375,0x0000017e,0x00000000,20,62,1110719
106,Full PQ (ML-KEM-768 / ML-DSA-65),PCR_READ,3376,0x0000017e,0x00000000,20,62,1051619
106,Full PQ (ML-KEM-768 / ML-DSA-65),PCR_READ,3377,0x0000017e,0x00000000,20,62,1028306
106,Full PQ (ML-KEM-768 / ML-DSA-65),PCR_READ,3378,0x0000017e,0x00000000,20,62,1000884
106,Full PQ (ML-KEM-768 / ML-DSA-65),PCR_READ,3379,0x0000017e,0x00000000,20,62,1051879
106,Full PQ (ML-KEM-768 / ML-DSA-65),PCR_READ,3380,0x0000017e,0x00000000,20,62,1048102
106,Full PQ (ML-KEM-768 / ML-DSA-65),PCR_READ,3381,0x0000017e,0x00000000,20,62,985836
106,Full PQ (ML-KEM-768 / ML-DSA-65),PCR_READ,3382,0x0000017e,0x00000000,20,62,983482
106,Full PQ (ML-KEM-768 / ML-DSA-65),PCR_READ,3383,0x0000017e,0x00000000,20,62,1016754
106,Full PQ (ML-KEM-768 / ML-DSA-65),PCR_READ,3384,0x0000017e,0x00000000,20,62,1105609
106,Full PQ (ML-KEM-768 / ML-DSA-65),PCR_READ,3385,0x0000017e,0x00000000,20,62,1035970
106,Full PQ (ML-KEM-768 / ML-DSA-65),PCR_READ,3386,0x0000017e,0x00000000,20,62,1048343
106,Full PQ (ML-KEM-768 / ML-DSA-65),PCR_READ,3387,0x0000017e,0x00000000,20,62,1017515
106,Full PQ (ML-KEM-768 / ML-DSA-65),NONCE_RANDOM,3388,0x0000017b,0x00000000,12,44,1126919
106,Full PQ (ML-KEM-768 / ML-DSA-65),QUOTE,3389,0x00000158,0x00000000,105,3479,1263132
107,Full PQ (ML-KEM-768 / ML-DSA-65),EK_CREATE,3397,0x00000131,0x00000000,89,1392,1103916
107,Full PQ (ML-KEM-768 / ML-DSA-65),AK_CREATE,3398,0x00000131,0x00000000,88,2127,1042131
107,Full PQ (ML-KEM-768 / ML-DSA-65),CREDENTIAL_RANDOM,3399,0x0000017b,0x00000000,12,44,1027214
107,Full PQ (ML-KEM-768 / ML-DSA-65),MAKE_CREDENTIAL,3400,0x00000168,0x00000000,84,1170,1082947
107,Full PQ (ML-KEM-768 / ML-DSA-65),ACTIVATE_AUTH,3401,0x00000176,0x00000000,59,48,1021573
107,Full PQ (ML-KEM-768 / ML-DSA-65),ACTIVATE_AUTH,3402,0x00000151,0x00000000,41,29,986747
107,Full PQ (ML-KEM-768 / ML-DSA-65),ACTIVATE_CREDENTIAL,3403,0x00000147,0x00000000,1296,122,1007787
107,Full PQ (ML-KEM-768 / ML-DSA-65),PCR_READ,3404,0x0000017e,0x00000000,20,62,973543
107,Full PQ (ML-KEM-768 / ML-DSA-65),PCR_READ,3405,0x0000017e,0x00000000,20,62,946904
107,Full PQ (ML-KEM-768 / ML-DSA-65),PCR_READ,3406,0x0000017e,0x00000000,20,62,987169
107,Full PQ (ML-KEM-768 / ML-DSA-65),PCR_READ,3407,0x0000017e,0x00000000,20,62,1096993
107,Full PQ (ML-KEM-768 / ML-DSA-65),PCR_READ,3408,0x0000017e,0x00000000,20,62,953356
107,Full PQ (ML-KEM-768 / ML-DSA-65),PCR_READ,3409,0x0000017e,0x00000000,20,62,962382
107,Full PQ (ML-KEM-768 / ML-DSA-65),PCR_READ,3410,0x0000017e,0x00000000,20,62,919293
107,Full PQ (ML-KEM-768 / ML-DSA-65),PCR_READ,3411,0x0000017e,0x00000000,20,62,1026512
107,Full PQ (ML-KEM-768 / ML-DSA-65),PCR_READ,3412,0x0000017e,0x00000000,20,62,978683
107,Full PQ (ML-KEM-768 / ML-DSA-65),PCR_READ,3413,0x0000017e,0x00000000,20,62,971529
107,Full PQ (ML-KEM-768 / ML-DSA-65),PCR_READ,3414,0x0000017e,0x00000000,20,62,964086
107,Full PQ (ML-KEM-768 / ML-DSA-65),PCR_READ,3415,0x0000017e,0x00000000,20,62,1141987
107,Full PQ (ML-KEM-768 / ML-DSA-65),PCR_READ,3416,0x0000017e,0x00000000,20,62,1124254
107,Full PQ (ML-KEM-768 / ML-DSA-65),PCR_READ,3417,0x0000017e,0x00000000,20,62,1430935
107,Full PQ (ML-KEM-768 / ML-DSA-65),PCR_READ,3418,0x0000017e,0x00000000,20,62,1070163
107,Full PQ (ML-KEM-768 / ML-DSA-65),PCR_READ,3419,0x0000017e,0x00000000,20,62,1273311
107,Full PQ (ML-KEM-768 / ML-DSA-65),NONCE_RANDOM,3420,0x0000017b,0x00000000,12,44,1047952
107,Full PQ (ML-KEM-768 / ML-DSA-65),QUOTE,3421,0x00000158,0x00000000,105,3479,1487791
108,Full PQ (ML-KEM-768 / ML-DSA-65),EK_CREATE,3429,0x00000131,0x00000000,89,1392,1067579
108,Full PQ (ML-KEM-768 / ML-DSA-65),AK_CREATE,3430,0x00000131,0x00000000,88,2127,1268193
108,Full PQ (ML-KEM-768 / ML-DSA-65),CREDENTIAL_RANDOM,3431,0x0000017b,0x00000000,12,44,961812
108,Full PQ (ML-KEM-768 / ML-DSA-65),MAKE_CREDENTIAL,3432,0x00000168,0x00000000,84,1170,1106701
108,Full PQ (ML-KEM-768 / ML-DSA-65),ACTIVATE_AUTH,3433,0x00000176,0x00000000,59,48,964948
108,Full PQ (ML-KEM-768 / ML-DSA-65),ACTIVATE_AUTH,3434,0x00000151,0x00000000,41,29,1120667
108,Full PQ (ML-KEM-768 / ML-DSA-65),ACTIVATE_CREDENTIAL,3435,0x00000147,0x00000000,1296,122,1149400
108,Full PQ (ML-KEM-768 / ML-DSA-65),PCR_READ,3436,0x0000017e,0x00000000,20,62,1378678
108,Full PQ (ML-KEM-768 / ML-DSA-65),PCR_READ,3437,0x0000017e,0x00000000,20,62,1210955
108,Full PQ (ML-KEM-768 / ML-DSA-65),PCR_READ,3438,0x0000017e,0x00000000,20,62,1051328
108,Full PQ (ML-KEM-768 / ML-DSA-65),PCR_READ,3439,0x0000017e,0x00000000,20,62,1082477
108,Full PQ (ML-KEM-768 / ML-DSA-65),PCR_READ,3440,0x0000017e,0x00000000,20,62,1023867
108,Full PQ (ML-KEM-768 / ML-DSA-65),PCR_READ,3441,0x0000017e,0x00000000,20,62,1003028
108,Full PQ (ML-KEM-768 / ML-DSA-65),PCR_READ,3442,0x0000017e,0x00000000,20,62,1024048
108,Full PQ (ML-KEM-768 / ML-DSA-65),PCR_READ,3443,0x0000017e,0x00000000,20,62,995284
108,Full PQ (ML-KEM-768 / ML-DSA-65),PCR_READ,3444,0x0000017e,0x00000000,20,62,977621
108,Full PQ (ML-KEM-768 / ML-DSA-65),PCR_READ,3445,0x0000017e,0x00000000,20,62,1015181
108,Full PQ (ML-KEM-768 / ML-DSA-65),PCR_READ,3446,0x0000017e,0x00000000,20,62,978593
108,Full PQ (ML-KEM-768 / ML-DSA-65),PCR_READ,3447,0x0000017e,0x00000000,20,62,1054136
108,Full PQ (ML-KEM-768 / ML-DSA-65),PCR_READ,3448,0x0000017e,0x00000000,20,62,998466
108,Full PQ (ML-KEM-768 / ML-DSA-65),PCR_READ,3449,0x0000017e,0x00000000,20,62,1062549
108,Full PQ (ML-KEM-768 / ML-DSA-65),PCR_READ,3450,0x0000017e,0x00000000,20,62,1050046
108,Full PQ (ML-KEM-768 / ML-DSA-65),PCR_READ,3451,0x0000017e,0x00000000,20,62,1054514
108,Full PQ (ML-KEM-768 / ML-DSA-65),NONCE_RANDOM,3452,0x0000017b,0x00000000,12,44,974364
108,Full PQ (ML-KEM-768 / ML-DSA-65),QUOTE,3453,0x00000158,0x00000000,105,3479,1250489
109,Full PQ (ML-KEM-768 / ML-DSA-65),EK_CREATE,3461,0x00000131,0x00000000,89,1392,1092165
109,Full PQ (ML-KEM-768 / ML-DSA-65),AK_CREATE,3462,0x00000131,0x00000000,88,2127,979134
109,Full PQ (ML-KEM-768 / ML-DSA-65),CREDENTIAL_RANDOM,3463,0x0000017b,0x00000000,12,44,1437968
109,Full PQ (ML-KEM-768 / ML-DSA-65),MAKE_CREDENTIAL,3464,0x00000168,0x00000000,84,1170,1131370
109,Full PQ (ML-KEM-768 / ML-DSA-65),ACTIVATE_AUTH,3465,0x00000176,0x00000000,59,48,974111
109,Full PQ (ML-KEM-768 / ML-DSA-65),ACTIVATE_AUTH,3466,0x00000151,0x00000000,41,29,1013708
109,Full PQ (ML-KEM-768 / ML-DSA-65),ACTIVATE_CREDENTIAL,3467,0x00000147,0x00000000,1296,122,1100540
109,Full PQ (ML-KEM-768 / ML-DSA-65),PCR_READ,3468,0x0000017e,0x00000000,20,62,1041460
109,Full PQ (ML-KEM-768 / ML-DSA-65),PCR_READ,3469,0x0000017e,0x00000000,20,62,1037593
109,Full PQ (ML-KEM-768 / ML-DSA-65),PCR_READ,3470,0x0000017e,0x00000000,20,62,1002687
109,Full PQ (ML-KEM-768 / ML-DSA-65),PCR_READ,3471,0x0000017e,0x00000000,20,62,1040909
109,Full PQ (ML-KEM-768 / ML-DSA-65),PCR_READ,3472,0x0000017e,0x00000000,20,62,998089
109,Full PQ (ML-KEM-768 / ML-DSA-65),PCR_READ,3473,0x0000017e,0x00000000,20,62,1053703
109,Full PQ (ML-KEM-768 / ML-DSA-65),PCR_READ,3474,0x0000017e,0x00000000,20,62,1065415
109,Full PQ (ML-KEM-768 / ML-DSA-65),PCR_READ,3475,0x0000017e,0x00000000,20,62,1029698
109,Full PQ (ML-KEM-768 / ML-DSA-65),PCR_READ,3476,0x0000017e,0x00000000,20,62,987459
109,Full PQ (ML-KEM-768 / ML-DSA-65),PCR_READ,3477,0x0000017e,0x00000000,20,62,1013689
109,Full PQ (ML-KEM-768 / ML-DSA-65),PCR_READ,3478,0x0000017e,0x00000000,20,62,993891
109,Full PQ (ML-KEM-768 / ML-DSA-65),PCR_READ,3479,0x0000017e,0x00000000,20,62,1135365
109,Full PQ (ML-KEM-768 / ML-DSA-65),PCR_READ,3480,0x0000017e,0x00000000,20,62,1070934
109,Full PQ (ML-KEM-768 / ML-DSA-65),PCR_READ,3481,0x0000017e,0x00000000,20,62,1039256
109,Full PQ (ML-KEM-768 / ML-DSA-65),PCR_READ,3482,0x0000017e,0x00000000,20,62,1061507
109,Full PQ (ML-KEM-768 / ML-DSA-65),PCR_READ,3483,0x0000017e,0x00000000,20,62,1024178
109,Full PQ (ML-KEM-768 / ML-DSA-65),NONCE_RANDOM,3484,0x0000017b,0x00000000,12,44,1013148
109,Full PQ (ML-KEM-768 / ML-DSA-65),QUOTE,3485,0x00000158,0x00000000,105,3479,1552633
110,Full PQ (ML-KEM-768 / ML-DSA-65),EK_CREATE,3493,0x00000131,0x00000000,89,1392,1054464
110,Full PQ (ML-KEM-768 / ML-DSA-65),AK_CREATE,3494,0x00000131,0x00000000,88,2127,995455
110,Full PQ (ML-KEM-768 / ML-DSA-65),CREDENTIAL_RANDOM,3495,0x0000017b,0x00000000,12,44,1095009
110,Full PQ (ML-KEM-768 / ML-DSA-65),MAKE_CREDENTIAL,3496,0x00000168,0x00000000,84,1170,1085872
110,Full PQ (ML-KEM-768 / ML-DSA-65),ACTIVATE_AUTH,3497,0x00000176,0x00000000,59,48,1028816
110,Full PQ (ML-KEM-768 / ML-DSA-65),ACTIVATE_AUTH,3498,0x00000151,0x00000000,41,29,931295
110,Full PQ (ML-KEM-768 / ML-DSA-65),ACTIVATE_CREDENTIAL,3499,0x00000147,0x00000000,1296,122,1134082
110,Full PQ (ML-KEM-768 / ML-DSA-65),PCR_READ,3500,0x0000017e,0x00000000,20,62,1022575
110,Full PQ (ML-KEM-768 / ML-DSA-65),PCR_READ,3501,0x0000017e,0x00000000,20,62,1005172
110,Full PQ (ML-KEM-768 / ML-DSA-65),PCR_READ,3502,0x0000017e,0x00000000,20,62,971249
110,Full PQ (ML-KEM-768 / ML-DSA-65),PCR_READ,3503,0x0000017e,0x00000000,20,62,1094849
110,Full PQ (ML-KEM-768 / ML-DSA-65),PCR_READ,3504,0x0000017e,0x00000000,20,62,993511
110,Full PQ (ML-KEM-768 / ML-DSA-65),PCR_READ,3505,0x0000017e,0x00000000,20,62,1020734
110,Full PQ (ML-KEM-768 / ML-DSA-65),PCR_READ,3506,0x0000017e,0x00000000,20,62,1118841
110,Full PQ (ML-KEM-768 / ML-DSA-65),PCR_READ,3507,0x0000017e,0x00000000,20,62,1128542
110,Full PQ (ML-KEM-768 / ML-DSA-65),PCR_READ,3508,0x0000017e,0x00000000,20,62,1110819
110,Full PQ (ML-KEM-768 / ML-DSA-65),PCR_READ,3509,0x0000017e,0x00000000,20,62,1033795
110,Full PQ (ML-KEM-768 / ML-DSA-65),PCR_READ,3510,0x0000017e,0x00000000,20,62,999933
110,Full PQ (ML-KEM-768 / ML-DSA-65),PCR_READ,3511,0x0000017e,0x00000000,20,62,1059193
110,Full PQ (ML-KEM-768 / ML-DSA-65),PCR_READ,3512,0x0000017e,0x00000000,20,62,1002136
110,Full PQ (ML-KEM-768 / ML-DSA-65),PCR_READ,3513,0x0000017e,0x00000000,20,62,1062479
110,Full PQ (ML-KEM-768 / ML-DSA-65),PCR_READ,3514,0x0000017e,0x00000000,20,62,1395419
110,Full PQ (ML-KEM-768 / ML-DSA-65),PCR_READ,3515,0x0000017e,0x00000000,20,62,1113847
110,Full PQ (ML-KEM-768 / ML-DSA-65),NONCE_RANDOM,3516,0x0000017b,0x00000000,12,44,1180917
110,Full PQ (ML-KEM-768 / ML-DSA-65),QUOTE,3517,0x00000158,0x00000000,105,3479,1507709
111,Full PQ (ML-KEM-768 / ML-DSA-65),EK_CREATE,3525,0x00000131,0x00000000,89,1392,1071926
111,Full PQ (ML-KEM-768 / ML-DSA-65),AK_CREATE,3526,0x00000131,0x00000000,88,2127,1109618
111,Full PQ (ML-KEM-768 / ML-DSA-65),CREDENTIAL_RANDOM,3527,0x0000017b,0x00000000,12,44,1049093
111,Full PQ (ML-KEM-768 / ML-DSA-65),MAKE_CREDENTIAL,3528,0x00000168,0x00000000,84,1170,1043674
111,Full PQ (ML-KEM-768 / ML-DSA-65),ACTIVATE_AUTH,3529,0x00000176,0x00000000,59,48,959658
111,Full PQ (ML-KEM-768 / ML-DSA-65),ACTIVATE_AUTH,3530,0x00000151,0x00000000,41,29,1054664
111,Full PQ (ML-KEM-768 / ML-DSA-65),ACTIVATE_CREDENTIAL,3531,0x00000147,0x00000000,1296,122,1063461
111,Full PQ (ML-KEM-768 / ML-DSA-65),PCR_READ,3532,0x0000017e,0x00000000,20,62,1001115
111,Full PQ (ML-KEM-768 / ML-DSA-65),PCR_READ,3533,0x0000017e,0x00000000,20,62,985786
111,Full PQ (ML-KEM-768 / ML-DSA-65),PCR_READ,3534,0x0000017e,0x00000000,20,62,961110
111,Full PQ (ML-KEM-768 / ML-DSA-65),PCR_READ,3535,0x0000017e,0x00000000,20,62,1008519
111,Full PQ (ML-KEM-768 / ML-DSA-65),PCR_READ,3536,0x0000017e,0x00000000,20,62,1049525
111,Full PQ (ML-KEM-768 / ML-DSA-65),PCR_READ,3537,0x0000017e,0x00000000,20,62,1196780
111,Full PQ (ML-KEM-768 / ML-DSA-65),PCR_READ,3538,0x0000017e,0x00000000,20,62,989954
111,Full PQ (ML-KEM-768 / ML-DSA-65),PCR_READ,3539,0x0000017e,0x00000000,20,62,1008789
111,Full PQ (ML-KEM-768 / ML-DSA-65),PCR_READ,3540,0x0000017e,0x00000000,20,62,988651
111,Full PQ (ML-KEM-768 / ML-DSA-65),PCR_READ,3541,0x0000017e,0x00000000,20,62,1115928
111,Full PQ (ML-KEM-768 / ML-DSA-65),PCR_READ,3542,0x0000017e,0x00000000,20,62,1050366
111,Full PQ (ML-KEM-768 / ML-DSA-65),PCR_READ,3543,0x0000017e,0x00000000,20,62,1052180
111,Full PQ (ML-KEM-768 / ML-DSA-65),PCR_READ,3544,0x0000017e,0x00000000,20,62,980206
111,Full PQ (ML-KEM-768 / ML-DSA-65),PCR_READ,3545,0x0000017e,0x00000000,20,62,1279203
111,Full PQ (ML-KEM-768 / ML-DSA-65),PCR_READ,3546,0x0000017e,0x00000000,20,62,1077056
111,Full PQ (ML-KEM-768 / ML-DSA-65),PCR_READ,3547,0x0000017e,0x00000000,20,62,1009821
111,Full PQ (ML-KEM-768 / ML-DSA-65),NONCE_RANDOM,3548,0x0000017b,0x00000000,12,44,1075242
111,Full PQ (ML-KEM-768 / ML-DSA-65),QUOTE,3549,0x00000158,0x00000000,105,3479,1593669
112,Full PQ (ML-KEM-768 / ML-DSA-65),EK_CREATE,3557,0x00000131,0x00000000,89,1392,1038224
112,Full PQ (ML-KEM-768 / ML-DSA-65),AK_CREATE,3558,0x00000131,0x00000000,88,2127,1177324
112,Full PQ (ML-KEM-768 / ML-DSA-65),CREDENTIAL_RANDOM,3559,0x0000017b,0x00000000,12,44,1054965
112,Full PQ (ML-KEM-768 / ML-DSA-65),MAKE_CREDENTIAL,3560,0x00000168,0x00000000,84,1170,1043624
112,Full PQ (ML-KEM-768 / ML-DSA-65),ACTIVATE_AUTH,3561,0x00000176,0x00000000,59,48,997989
112,Full PQ (ML-KEM-768 / ML-DSA-65),ACTIVATE_AUTH,3562,0x00000151,0x00000000,41,29,999783
112,Full PQ (ML-KEM-768 / ML-DSA-65),ACTIVATE_CREDENTIAL,3563,0x00000147,0x00000000,1296,122,1091213
112,Full PQ (ML-KEM-768 / ML-DSA-65),PCR_READ,3564,0x0000017e,0x00000000,20,62,980787
112,Full PQ (ML-KEM-768 / ML-DSA-65),PCR_READ,3565,0x0000017e,0x00000000,20,62,983522
112,Full PQ (ML-KEM-768 / ML-DSA-65),PCR_READ,3566,0x0000017e,0x00000000,20,62,1015362
112,Full PQ (ML-KEM-768 / ML-DSA-65),PCR_READ,3567,0x0000017e,0x00000000,20,62,985115
112,Full PQ (ML-KEM-768 / ML-DSA-65),PCR_READ,3568,0x0000017e,0x00000000,20,62,996596
112,Full PQ (ML-KEM-768 / ML-DSA-65),PCR_READ,3569,0x0000017e,0x00000000,20,62,954328
112,Full PQ (ML-KEM-768 / ML-DSA-65),PCR_READ,3570,0x0000017e,0x00000000,20,62,1061857
112,Full PQ (ML-KEM-768 / ML-DSA-65),PCR_READ,3571,0x0000017e,0x00000000,20,62,1021613
112,Full PQ (ML-KEM-768 / ML-DSA-65),PCR_READ,3572,0x0000017e,0x00000000,20,62,1007447
112,Full PQ (ML-KEM-768 / ML-DSA-65),PCR_READ,3573,0x0000017e,0x00000000,20,62,973132
112,Full PQ (ML-KEM-768 / ML-DSA-65),PCR_READ,3574,0x0000017e,0x00000000,20,62,986488
112,Full PQ (ML-KEM-768 / ML-DSA-65),PCR_READ,3575,0x0000017e,0x00000000,20,62,953747
112,Full PQ (ML-KEM-768 / ML-DSA-65),PCR_READ,3576,0x0000017e,0x00000000,20,62,983842
112,Full PQ (ML-KEM-768 / ML-DSA-65),PCR_READ,3577,0x0000017e,0x00000000,20,62,980566
112,Full PQ (ML-KEM-768 / ML-DSA-65),PCR_READ,3578,0x0000017e,0x00000000,20,62,1027083
112,Full PQ (ML-KEM-768 / ML-DSA-65),PCR_READ,3579,0x0000017e,0x00000000,20,62,1033906
112,Full PQ (ML-KEM-768 / ML-DSA-65),NONCE_RANDOM,3580,0x0000017b,0x00000000,12,44,1041961
112,Full PQ (ML-KEM-768 / ML-DSA-65),QUOTE,3581,0x00000158,0x00000000,105,3479,1623034
113,Full PQ (ML-KEM-768 / ML-DSA-65),EK_CREATE,3589,0x00000131,0x00000000,89,1392,1124625
113,Full PQ (ML-KEM-768 / ML-DSA-65),AK_CREATE,3590,0x00000131,0x00000000,88,2127,1070945
113,Full PQ (ML-KEM-768 / ML-DSA-65),CREDENTIAL_RANDOM,3591,0x0000017b,0x00000000,12,44,1144682
113,Full PQ (ML-KEM-768 / ML-DSA-65),MAKE_CREDENTIAL,3592,0x00000168,0x00000000,84,1170,1164609
113,Full PQ (ML-KEM-768 / ML-DSA-65),ACTIVATE_AUTH,3593,0x00000176,0x00000000,59,48,1357608
113,Full PQ (ML-KEM-768 / ML-DSA-65),ACTIVATE_AUTH,3594,0x00000151,0x00000000,41,29,1140885
113,Full PQ (ML-KEM-768 / ML-DSA-65),ACTIVATE_CREDENTIAL,3595,0x00000147,0x00000000,1296,122,1541001
113,Full PQ (ML-KEM-768 / ML-DSA-65),PCR_READ,3596,0x0000017e,0x00000000,20,62,1189996
113,Full PQ (ML-KEM-768 / ML-DSA-65),PCR_READ,3597,0x0000017e,0x00000000,20,62,1117472
113,Full PQ (ML-KEM-768 / ML-DSA-65),PCR_READ,3598,0x0000017e,0x00000000,20,62,1119975
113,Full PQ (ML-KEM-768 / ML-DSA-65),PCR_READ,3599,0x0000017e,0x00000000,20,62,1083110
113,Full PQ (ML-KEM-768 / ML-DSA-65),PCR_READ,3600,0x0000017e,0x00000000,20,62,1169065
113,Full PQ (ML-KEM-768 / ML-DSA-65),PCR_READ,3601,0x0000017e,0x00000000,20,62,1054515
113,Full PQ (ML-KEM-768 / ML-DSA-65),PCR_READ,3602,0x0000017e,0x00000000,20,62,1120928
113,Full PQ (ML-KEM-768 / ML-DSA-65),PCR_READ,3603,0x0000017e,0x00000000,20,62,1055536
113,Full PQ (ML-KEM-768 / ML-DSA-65),PCR_READ,3604,0x0000017e,0x00000000,20,62,1099728
113,Full PQ (ML-KEM-768 / ML-DSA-65),PCR_READ,3605,0x0000017e,0x00000000,20,62,1149070
113,Full PQ (ML-KEM-768 / ML-DSA-65),PCR_READ,3606,0x0000017e,0x00000000,20,62,1193002
113,Full PQ (ML-KEM-768 / ML-DSA-65),PCR_READ,3607,0x0000017e,0x00000000,20,62,1141788
113,Full PQ (ML-KEM-768 / ML-DSA-65),PCR_READ,3608,0x0000017e,0x00000000,20,62,1138430
113,Full PQ (ML-KEM-768 / ML-DSA-65),PCR_READ,3609,0x0000017e,0x00000000,20,62,1046279
113,Full PQ (ML-KEM-768 / ML-DSA-65),PCR_READ,3610,0x0000017e,0x00000000,20,62,1062790
113,Full PQ (ML-KEM-768 / ML-DSA-65),PCR_READ,3611,0x0000017e,0x00000000,20,62,1115928
113,Full PQ (ML-KEM-768 / ML-DSA-65),NONCE_RANDOM,3612,0x0000017b,0x00000000,12,44,1059393
113,Full PQ (ML-KEM-768 / ML-DSA-65),QUOTE,3613,0x00000158,0x00000000,105,3479,1448829
114,Full PQ (ML-KEM-768 / ML-DSA-65),EK_CREATE,3621,0x00000131,0x00000000,89,1392,1101172
114,Full PQ (ML-KEM-768 / ML-DSA-65),AK_CREATE,3622,0x00000131,0x00000000,88,2127,1036070
114,Full PQ (ML-KEM-768 / ML-DSA-65),CREDENTIAL_RANDOM,3623,0x0000017b,0x00000000,12,44,1145383
114,Full PQ (ML-KEM-768 / ML-DSA-65),MAKE_CREDENTIAL,3624,0x00000168,0x00000000,84,1170,1474336
114,Full PQ (ML-KEM-768 / ML-DSA-65),ACTIVATE_AUTH,3625,0x00000176,0x00000000,59,48,1087717
114,Full PQ (ML-KEM-768 / ML-DSA-65),ACTIVATE_AUTH,3626,0x00000151,0x00000000,41,29,1106741
114,Full PQ (ML-KEM-768 / ML-DSA-65),ACTIVATE_CREDENTIAL,3627,0x00000147,0x00000000,1296,122,1206157
114,Full PQ (ML-KEM-768 / ML-DSA-65),PCR_READ,3628,0x0000017e,0x00000000,20,62,995835
114,Full PQ (ML-KEM-768 / ML-DSA-65),PCR_READ,3629,0x0000017e,0x00000000,20,62,1106100
114,Full PQ (ML-KEM-768 / ML-DSA-65),PCR_READ,3630,0x0000017e,0x00000000,20,62,1024802
114,Full PQ (ML-KEM-768 / ML-DSA-65),PCR_READ,3631,0x0000017e,0x00000000,20,62,1123219
114,Full PQ (ML-KEM-768 / ML-DSA-65),PCR_READ,3632,0x0000017e,0x00000000,20,62,958916
114,Full PQ (ML-KEM-768 / ML-DSA-65),PCR_READ,3633,0x0000017e,0x00000000,20,62,1080818
114,Full PQ (ML-KEM-768 / ML-DSA-65),PCR_READ,3634,0x0000017e,0x00000000,20,62,1135570
114,Full PQ (ML-KEM-768 / ML-DSA-65),PCR_READ,3635,0x0000017e,0x00000000,20,62,1062880
114,Full PQ (ML-KEM-768 / ML-DSA-65),PCR_READ,3636,0x0000017e,0x00000000,20,62,1286216
114,Full PQ (ML-KEM-768 / ML-DSA-65),PCR_READ,3637,0x0000017e,0x00000000,20,62,1067939
114,Full PQ (ML-KEM-768 / ML-DSA-65),PCR_READ,3638,0x0000017e,0x00000000,20,62,1143314
114,Full PQ (ML-KEM-768 / ML-DSA-65),PCR_READ,3639,0x0000017e,0x00000000,20,62,1349599
114,Full PQ (ML-KEM-768 / ML-DSA-65),PCR_READ,3640,0x0000017e,0x00000000,20,62,1177724
114,Full PQ (ML-KEM-768 / ML-DSA-65),PCR_READ,3641,0x0000017e,0x00000000,20,62,1147897
114,Full PQ (ML-KEM-768 / ML-DSA-65),PCR_READ,3642,0x0000017e,0x00000000,20,62,1163497
114,Full PQ (ML-KEM-768 / ML-DSA-65),PCR_READ,3643,0x0000017e,0x00000000,20,62,1091494
114,Full PQ (ML-KEM-768 / ML-DSA-65),NONCE_RANDOM,3644,0x0000017b,0x00000000,12,44,1288661
114,Full PQ (ML-KEM-768 / ML-DSA-65),QUOTE,3645,0x00000158,0x00000000,105,3479,1422399
115,Full PQ (ML-KEM-768 / ML-DSA-65),EK_CREATE,3653,0x00000131,0x00000000,89,1392,1156594
115,Full PQ (ML-KEM-768 / ML-DSA-65),AK_CREATE,3654,0x00000131,0x00000000,88,2127,1087335
115,Full PQ (ML-KEM-768 / ML-DSA-65),CREDENTIAL_RANDOM,3655,0x0000017b,0x00000000,12,44,1011093
115,Full PQ (ML-KEM-768 / ML-DSA-65),MAKE_CREDENTIAL,3656,0x00000168,0x00000000,84,1170,1183154
115,Full PQ (ML-KEM-768 / ML-DSA-65),ACTIVATE_AUTH,3657,0x00000176,0x00000000,59,48,1087786
115,Full PQ (ML-KEM-768 / ML-DSA-65),ACTIVATE_AUTH,3658,0x00000151,0x00000000,41,29,1083879
115,Full PQ (ML-KEM-768 / ML-DSA-65),ACTIVATE_CREDENTIAL,3659,0x00000147,0x00000000,1296,122,1130085
115,Full PQ (ML-KEM-768 / ML-DSA-65),PCR_READ,3660,0x0000017e,0x00000000,20,62,1117602
115,Full PQ (ML-KEM-768 / ML-DSA-65),PCR_READ,3661,0x0000017e,0x00000000,20,62,993110
115,Full PQ (ML-KEM-768 / ML-DSA-65),PCR_READ,3662,0x0000017e,0x00000000,20,62,1006335
115,Full PQ (ML-KEM-768 / ML-DSA-65),PCR_READ,3663,0x0000017e,0x00000000,20,62,981027
115,Full PQ (ML-KEM-768 / ML-DSA-65),PCR_READ,3664,0x0000017e,0x00000000,20,62,1172805
115,Full PQ (ML-KEM-768 / ML-DSA-65),PCR_READ,3665,0x0000017e,0x00000000,20,62,1027434
115,Full PQ (ML-KEM-768 / ML-DSA-65),PCR_READ,3666,0x0000017e,0x00000000,20,62,939650
115,Full PQ (ML-KEM-768 / ML-DSA-65),PCR_READ,3667,0x0000017e,0x00000000,20,62,1014930
115,Full PQ (ML-KEM-768 / ML-DSA-65),PCR_READ,3668,0x0000017e,0x00000000,20,62,1012627
115,Full PQ (ML-KEM-768 / ML-DSA-65),PCR_READ,3669,0x0000017e,0x00000000,20,62,990966
115,Full PQ (ML-KEM-768 / ML-DSA-65),PCR_READ,3670,0x0000017e,0x00000000,20,62,1044576
115,Full PQ (ML-KEM-768 / ML-DSA-65),PCR_READ,3671,0x0000017e,0x00000000,20,62,1064242
115,Full PQ (ML-KEM-768 / ML-DSA-65),PCR_READ,3672,0x0000017e,0x00000000,20,62,1013318
115,Full PQ (ML-KEM-768 / ML-DSA-65),PCR_READ,3673,0x0000017e,0x00000000,20,62,984193
115,Full PQ (ML-KEM-768 / ML-DSA-65),PCR_READ,3674,0x0000017e,0x00000000,20,62,968855
115,Full PQ (ML-KEM-768 / ML-DSA-65),PCR_READ,3675,0x0000017e,0x00000000,20,62,1238410
115,Full PQ (ML-KEM-768 / ML-DSA-65),NONCE_RANDOM,3676,0x0000017b,0x00000000,12,44,1101910
115,Full PQ (ML-KEM-768 / ML-DSA-65),QUOTE,3677,0x00000158,0x00000000,105,3479,1788922
116,Full PQ (ML-KEM-768 / ML-DSA-65),EK_CREATE,3685,0x00000131,0x00000000,89,1392,1187673
116,Full PQ (ML-KEM-768 / ML-DSA-65),AK_CREATE,3686,0x00000131,0x00000000,88,2127,1140795
116,Full PQ (ML-KEM-768 / ML-DSA-65),CREDENTIAL_RANDOM,3687,0x0000017b,0x00000000,12,44,982440
116,Full PQ (ML-KEM-768 / ML-DSA-65),MAKE_CREDENTIAL,3688,0x00000168,0x00000000,84,1170,1155032
116,Full PQ (ML-KEM-768 / ML-DSA-65),ACTIVATE_AUTH,3689,0x00000176,0x00000000,59,48,1018277
116,Full PQ (ML-KEM-768 / ML-DSA-65),ACTIVATE_AUTH,3690,0x00000151,0x00000000,41,29,1018056
116,Full PQ (ML-KEM-768 / ML-DSA-65),ACTIVATE_CREDENTIAL,3691,0x00000147,0x00000000,1296,122,1136136
116,Full PQ (ML-KEM-768 / ML-DSA-65),PCR_READ,3692,0x0000017e,0x00000000,20,62,1071967
116,Full PQ (ML-KEM-768 / ML-DSA-65),PCR_READ,3693,0x0000017e,0x00000000,20,62,1012135
116,Full PQ (ML-KEM-768 / ML-DSA-65),PCR_READ,3694,0x0000017e,0x00000000,20,62,1016995
116,Full PQ (ML-KEM-768 / ML-DSA-65),PCR_READ,3695,0x0000017e,0x00000000,20,62,968304
116,Full PQ (ML-KEM-768 / ML-DSA-65),PCR_READ,3696,0x0000017e,0x00000000,20,62,999291
116,Full PQ (ML-KEM-768 / ML-DSA-65),PCR_READ,3697,0x0000017e,0x00000000,20,62,986497
116,Full PQ (ML-KEM-768 / ML-DSA-65),PCR_READ,3698,0x0000017e,0x00000000,20,62,1016123
116,Full PQ (ML-KEM-768 / ML-DSA-65),PCR_READ,3699,0x0000017e,0x00000000,20,62,1019719
116,Full PQ (ML-KEM-768 / ML-DSA-65),PCR_READ,3700,0x0000017e,0x00000000,20,62,1058322
116,Full PQ (ML-KEM-768 / ML-DSA-65),PCR_READ,3701,0x0000017e,0x00000000,20,62,1005202
116,Full PQ (ML-KEM-768 / ML-DSA-65),PCR_READ,3702,0x0000017e,0x00000000,20,62,1013127
116,Full PQ (ML-KEM-768 / ML-DSA-65),PCR_READ,3703,0x0000017e,0x00000000,20,62,998781
116,Full PQ (ML-KEM-768 / ML-DSA-65),PCR_READ,3704,0x0000017e,0x00000000,20,62,1122120
116,Full PQ (ML-KEM-768 / ML-DSA-65),PCR_READ,3705,0x0000017e,0x00000000,20,62,1066129
116,Full PQ (ML-KEM-768 / ML-DSA-65),PCR_READ,3706,0x0000017e,0x00000000,20,62,1169075
116,Full PQ (ML-KEM-768 / ML-DSA-65),PCR_READ,3707,0x0000017e,0x00000000,20,62,1031431
116,Full PQ (ML-KEM-768 / ML-DSA-65),NONCE_RANDOM,3708,0x0000017b,0x00000000,12,44,1086888
116,Full PQ (ML-KEM-768 / ML-DSA-65),QUOTE,3709,0x00000158,0x00000000,105,3479,1408571
117,Full PQ (ML-KEM-768 / ML-DSA-65),EK_CREATE,3717,0x00000131,0x00000000,89,1392,1031421
117,Full PQ (ML-KEM-768 / ML-DSA-65),AK_CREATE,3718,0x00000131,0x00000000,88,2127,985987
117,Full PQ (ML-KEM-768 / ML-DSA-65),CREDENTIAL_RANDOM,3719,0x0000017b,0x00000000,12,44,1014840
117,Full PQ (ML-KEM-768 / ML-DSA-65),MAKE_CREDENTIAL,3720,0x00000168,0x00000000,84,1170,990796
117,Full PQ (ML-KEM-768 / ML-DSA-65),ACTIVATE_AUTH,3721,0x00000176,0x00000000,59,48,985776
117,Full PQ (ML-KEM-768 / ML-DSA-65),ACTIVATE_AUTH,3722,0x00000151,0x00000000,41,29,1034567
117,Full PQ (ML-KEM-768 / ML-DSA-65),ACTIVATE_CREDENTIAL,3723,0x00000147,0x00000000,1296,122,1081414
117,Full PQ (ML-KEM-768 / ML-DSA-65),PCR_READ,3724,0x0000017e,0x00000000,20,62,1016122
117,Full PQ (ML-KEM-768 / ML-DSA-65),PCR_READ,3725,0x0000017e,0x00000000,20,62,1045508
117,Full PQ (ML-KEM-768 / ML-DSA-65),PCR_READ,3726,0x0000017e,0x00000000,20,62,1073219
117,Full PQ (ML-KEM-768 / ML-DSA-65),PCR_READ,3727,0x0000017e,0x00000000,20,62,1020791
117,Full PQ (ML-KEM-768 / ML-DSA-65),PCR_READ,3728,0x0000017e,0x00000000,20,62,1013688
117,Full PQ (ML-KEM-768 / ML-DSA-65),PCR_READ,3729,0x0000017e,0x00000000,20,62,1005213
117,Full PQ (ML-KEM-768 / ML-DSA-65),PCR_READ,3730,0x0000017e,0x00000000,20,62,1035408
117,Full PQ (ML-KEM-768 / ML-DSA-65),PCR_READ,3731,0x0000017e,0x00000000,20,62,1024101
117,Full PQ (ML-KEM-768 / ML-DSA-65),PCR_READ,3732,0x0000017e,0x00000000,20,62,1112278
117,Full PQ (ML-KEM-768 / ML-DSA-65),PCR_READ,3733,0x0000017e,0x00000000,20,62,1233508
117,Full PQ (ML-KEM-768 / ML-DSA-65),PCR_READ,3734,0x0000017e,0x00000000,20,62,1091914
117,Full PQ (ML-KEM-768 / ML-DSA-65),PCR_READ,3735,0x0000017e,0x00000000,20,62,1104658
117,Full PQ (ML-KEM-768 / ML-DSA-65),PCR_READ,3736,0x0000017e,0x00000000,20,62,1052129
117,Full PQ (ML-KEM-768 / ML-DSA-65),PCR_READ,3737,0x0000017e,0x00000000,20,62,1137740
117,Full PQ (ML-KEM-768 / ML-DSA-65),PCR_READ,3738,0x0000017e,0x00000000,20,62,1000974
117,Full PQ (ML-KEM-768 / ML-DSA-65),PCR_READ,3739,0x0000017e,0x00000000,20,62,1077106
117,Full PQ (ML-KEM-768 / ML-DSA-65),NONCE_RANDOM,3740,0x0000017b,0x00000000,12,44,1057189
117,Full PQ (ML-KEM-768 / ML-DSA-65),QUOTE,3741,0x00000158,0x00000000,105,3479,1355414
118,Full PQ (ML-KEM-768 / ML-DSA-65),EK_CREATE,3749,0x00000131,0x00000000,89,1392,1050135
118,Full PQ (ML-KEM-768 / ML-DSA-65),AK_CREATE,3750,0x00000131,0x00000000,88,2127,1044747
118,Full PQ (ML-KEM-768 / ML-DSA-65),CREDENTIAL_RANDOM,3751,0x0000017b,0x00000000,12,44,1129344
118,Full PQ (ML-KEM-768 / ML-DSA-65),MAKE_CREDENTIAL,3752,0x00000168,0x00000000,84,1170,1053422
118,Full PQ (ML-KEM-768 / ML-DSA-65),ACTIVATE_AUTH,3753,0x00000176,0x00000000,59,48,982561
118,Full PQ (ML-KEM-768 / ML-DSA-65),ACTIVATE_AUTH,3754,0x00000151,0x00000000,41,29,967973
118,Full PQ (ML-KEM-768 / ML-DSA-65),ACTIVATE_CREDENTIAL,3755,0x00000147,0x00000000,1296,122,1068390
118,Full PQ (ML-KEM-768 / ML-DSA-65),PCR_READ,3756,0x0000017e,0x00000000,20,62,975787
118,Full PQ (ML-KEM-768 / ML-DSA-65),PCR_READ,3757,0x0000017e,0x00000000,20,62,1017385
118,Full PQ (ML-KEM-768 / ML-DSA-65),PCR_READ,3758,0x0000017e,0x00000000,20,62,1133051
118,Full PQ (ML-KEM-768 / ML-DSA-65),PCR_READ,3759,0x0000017e,0x00000000,20,62,946743
118,Full PQ (ML-KEM-768 / ML-DSA-65),PCR_READ,3760,0x0000017e,0x00000000,20,62,999231
118,Full PQ (ML-KEM-768 / ML-DSA-65),PCR_READ,3761,0x0000017e,0x00000000,20,62,1038905
118,Full PQ (ML-KEM-768 / ML-DSA-65),PCR_READ,3762,0x0000017e,0x00000000,20,62,1004781
118,Full PQ (ML-KEM-768 / ML-DSA-65),PCR_READ,3763,0x0000017e,0x00000000,20,62,1021473
118,Full PQ (ML-KEM-768 / ML-DSA-65),PCR_READ,3764,0x0000017e,0x00000000,20,62,934821
118,Full PQ (ML-KEM-768 / ML-DSA-65),PCR_READ,3765,0x0000017e,0x00000000,20,62,942155
118,Full PQ (ML-KEM-768 / ML-DSA-65),PCR_READ,3766,0x0000017e,0x00000000,20,62,887493
118,Full PQ (ML-KEM-768 / ML-DSA-65),PCR_READ,3767,0x0000017e,0x00000000,20,62,1049876
118,Full PQ (ML-KEM-768 / ML-DSA-65),PCR_READ,3768,0x0000017e,0x00000000,20,62,985496
118,Full PQ (ML-KEM-768 / ML-DSA-65),PCR_READ,3769,0x0000017e,0x00000000,20,62,969395
118,Full PQ (ML-KEM-768 / ML-DSA-65),PCR_READ,3770,0x0000017e,0x00000000,20,62,1062208
118,Full PQ (ML-KEM-768 / ML-DSA-65),PCR_READ,3771,0x0000017e,0x00000000,20,62,1061408
118,Full PQ (ML-KEM-768 / ML-DSA-65),NONCE_RANDOM,3772,0x0000017b,0x00000000,12,44,1014360
118,Full PQ (ML-KEM-768 / ML-DSA-65),QUOTE,3773,0x00000158,0x00000000,105,3479,1215413
119,Full PQ (ML-KEM-768 / ML-DSA-65),EK_CREATE,3781,0x00000131,0x00000000,89,1392,1062606
119,Full PQ (ML-KEM-768 / ML-DSA-65),AK_CREATE,3782,0x00000131,0x00000000,88,2127,963945
119,Full PQ (ML-KEM-768 / ML-DSA-65),CREDENTIAL_RANDOM,3783,0x0000017b,0x00000000,12,44,1042201
119,Full PQ (ML-KEM-768 / ML-DSA-65),MAKE_CREDENTIAL,3784,0x00000168,0x00000000,84,1170,1221976
119,Full PQ (ML-KEM-768 / ML-DSA-65),ACTIVATE_AUTH,3785,0x00000176,0x00000000,59,48,947174
119,Full PQ (ML-KEM-768 / ML-DSA-65),ACTIVATE_AUTH,3786,0x00000151,0x00000000,41,29,1079831
119,Full PQ (ML-KEM-768 / ML-DSA-65),ACTIVATE_CREDENTIAL,3787,0x00000147,0x00000000,1296,122,1099017
119,Full PQ (ML-KEM-768 / ML-DSA-65),PCR_READ,3788,0x0000017e,0x00000000,20,62,1001806
119,Full PQ (ML-KEM-768 / ML-DSA-65),PCR_READ,3789,0x0000017e,0x00000000,20,62,1030630
119,Full PQ (ML-KEM-768 / ML-DSA-65),PCR_READ,3790,0x0000017e,0x00000000,20,62,1075063
119,Full PQ (ML-KEM-768 / ML-DSA-65),PCR_READ,3791,0x0000017e,0x00000000,20,62,1003759
119,Full PQ (ML-KEM-768 / ML-DSA-65),PCR_READ,3792,0x0000017e,0x00000000,20,62,1062199
119,Full PQ (ML-KEM-768 / ML-DSA-65),PCR_READ,3793,0x0000017e,0x00000000,20,62,994502
119,Full PQ (ML-KEM-768 / ML-DSA-65),PCR_READ,3794,0x0000017e,0x00000000,20,62,1008939
119,Full PQ (ML-KEM-768 / ML-DSA-65),PCR_READ,3795,0x0000017e,0x00000000,20,62,949628
119,Full PQ (ML-KEM-768 / ML-DSA-65),PCR_READ,3796,0x0000017e,0x00000000,20,62,993520
119,Full PQ (ML-KEM-768 / ML-DSA-65),PCR_READ,3797,0x0000017e,0x00000000,20,62,1029378
119,Full PQ (ML-KEM-768 / ML-DSA-65),PCR_READ,3798,0x0000017e,0x00000000,20,62,1011003
119,Full PQ (ML-KEM-768 / ML-DSA-65),PCR_READ,3799,0x0000017e,0x00000000,20,62,1017916
119,Full PQ (ML-KEM-768 / ML-DSA-65),PCR_READ,3800,0x0000017e,0x00000000,20,62,1046700
119,Full PQ (ML-KEM-768 / ML-DSA-65),PCR_READ,3801,0x0000017e,0x00000000,20,62,984114
119,Full PQ (ML-KEM-768 / ML-DSA-65),PCR_READ,3802,0x0000017e,0x00000000,20,62,1016884
119,Full PQ (ML-KEM-768 / ML-DSA-65),PCR_READ,3803,0x0000017e,0x00000000,20,62,1027814
119,Full PQ (ML-KEM-768 / ML-DSA-65),NONCE_RANDOM,3804,0x0000017b,0x00000000,12,44,965308
119,Full PQ (ML-KEM-768 / ML-DSA-65),QUOTE,3805,0x00000158,0x00000000,105,3479,1509201
120,Full PQ (ML-KEM-768 / ML-DSA-65),EK_CREATE,3813,0x00000131,0x00000000,89,1392,1079200
120,Full PQ (ML-KEM-768 / ML-DSA-65),AK_CREATE,3814,0x00000131,0x00000000,88,2127,1058261
120,Full PQ (ML-KEM-768 / ML-DSA-65),CREDENTIAL_RANDOM,3815,0x0000017b,0x00000000,12,44,1019730
120,Full PQ (ML-KEM-768 / ML-DSA-65),MAKE_CREDENTIAL,3816,0x00000168,0x00000000,84,1170,1060405
120,Full PQ (ML-KEM-768 / ML-DSA-65),ACTIVATE_AUTH,3817,0x00000176,0x00000000,59,48,1067207
120,Full PQ (ML-KEM-768 / ML-DSA-65),ACTIVATE_AUTH,3818,0x00000151,0x00000000,41,29,995304
120,Full PQ (ML-KEM-768 / ML-DSA-65),ACTIVATE_CREDENTIAL,3819,0x00000147,0x00000000,1296,122,1089730
120,Full PQ (ML-KEM-768 / ML-DSA-65),PCR_READ,3820,0x0000017e,0x00000000,20,62,951081
120,Full PQ (ML-KEM-768 / ML-DSA-65),PCR_READ,3821,0x0000017e,0x00000000,20,62,1078228
120,Full PQ (ML-KEM-768 / ML-DSA-65),PCR_READ,3822,0x0000017e,0x00000000,20,62,989834
120,Full PQ (ML-KEM-768 / ML-DSA-65),PCR_READ,3823,0x0000017e,0x00000000,20,62,965078
120,Full PQ (ML-KEM-768 / ML-DSA-65),PCR_READ,3824,0x0000017e,0x00000000,20,62,979495
120,Full PQ (ML-KEM-768 / ML-DSA-65),PCR_READ,3825,0x0000017e,0x00000000,20,62,1054093
120,Full PQ (ML-KEM-768 / ML-DSA-65),PCR_READ,3826,0x0000017e,0x00000000,20,62,1051088
120,Full PQ (ML-KEM-768 / ML-DSA-65),PCR_READ,3827,0x0000017e,0x00000000,20,62,959698
120,Full PQ (ML-KEM-768 / ML-DSA-65),PCR_READ,3828,0x0000017e,0x00000000,20,62,974745
120,Full PQ (ML-KEM-768 / ML-DSA-65),PCR_READ,3829,0x0000017e,0x00000000,20,62,1043905
120,Full PQ (ML-KEM-768 / ML-DSA-65),PCR_READ,3830,0x0000017e,0x00000000,20,62,966821
120,Full PQ (ML-KEM-768 / ML-DSA-65),PCR_READ,3831,0x0000017e,0x00000000,20,62,965348
120,Full PQ (ML-KEM-768 / ML-DSA-65),PCR_READ,3832,0x0000017e,0x00000000,20,62,1042952
120,Full PQ (ML-KEM-768 / ML-DSA-65),PCR_READ,3833,0x0000017e,0x00000000,20,62,1018427
120,Full PQ (ML-KEM-768 / ML-DSA-65),PCR_READ,3834,0x0000017e,0x00000000,20,62,1009530
120,Full PQ (ML-KEM-768 / ML-DSA-65),PCR_READ,3835,0x0000017e,0x00000000,20,62,1011454
120,Full PQ (ML-KEM-768 / ML-DSA-65),NONCE_RANDOM,3836,0x0000017b,0x00000000,12,44,1072087
120,Full PQ (ML-KEM-768 / ML-DSA-65),QUOTE,3837,0x00000158,0x00000000,105,3479,1271929
121,Full PQ (ML-KEM-768 / ML-DSA-65),EK_CREATE,3845,0x00000131,0x00000000,89,1392,1139403
121,Full PQ (ML-KEM-768 / ML-DSA-65),AK_CREATE,3846,0x00000131,0x00000000,88,2127,1032764
121,Full PQ (ML-KEM-768 / ML-DSA-65),CREDENTIAL_RANDOM,3847,0x0000017b,0x00000000,12,44,1023266
121,Full PQ (ML-KEM-768 / ML-DSA-65),MAKE_CREDENTIAL,3848,0x00000168,0x00000000,84,1170,1092795
121,Full PQ (ML-KEM-768 / ML-DSA-65),ACTIVATE_AUTH,3849,0x00000176,0x00000000,59,48,1075744
121,Full PQ (ML-KEM-768 / ML-DSA-65),ACTIVATE_AUTH,3850,0x00000151,0x00000000,41,29,1054815
121,Full PQ (ML-KEM-768 / ML-DSA-65),ACTIVATE_CREDENTIAL,3851,0x00000147,0x00000000,1296,122,1155843
121,Full PQ (ML-KEM-768 / ML-DSA-65),PCR_READ,3852,0x0000017e,0x00000000,20,62,1102493
121,Full PQ (ML-KEM-768 / ML-DSA-65),PCR_READ,3853,0x0000017e,0x00000000,20,62,1023957
121,Full PQ (ML-KEM-768 / ML-DSA-65),PCR_READ,3854,0x0000017e,0x00000000,20,62,993240
121,Full PQ (ML-KEM-768 / ML-DSA-65),PCR_READ,3855,0x0000017e,0x00000000,20,62,1034517
121,Full PQ (ML-KEM-768 / ML-DSA-65),PCR_READ,3856,0x0000017e,0x00000000,20,62,1124435
121,Full PQ (ML-KEM-768 / ML-DSA-65),PCR_READ,3857,0x0000017e,0x00000000,20,62,1018076
121,Full PQ (ML-KEM-768 / ML-DSA-65),PCR_READ,3858,0x0000017e,0x00000000,20,62,1010272
121,Full PQ (ML-KEM-768 / ML-DSA-65),PCR_READ,3859,0x0000017e,0x00000000,20,62,1024448
121,Full PQ (ML-KEM-768 / ML-DSA-65),PCR_READ,3860,0x0000017e,0x00000000,20,62,967422
121,Full PQ (ML-KEM-768 / ML-DSA-65),PCR_READ,3861,0x0000017e,0x00000000,20,62,1008579
121,Full PQ (ML-KEM-768 / ML-DSA-65),PCR_READ,3862,0x0000017e,0x00000000,20,62,948546
121,Full PQ (ML-KEM-768 / ML-DSA-65),PCR_READ,3863,0x0000017e,0x00000000,20,62,985426
121,Full PQ (ML-KEM-768 / ML-DSA-65),PCR_READ,3864,0x0000017e,0x00000000,20,62,1034276
121,Full PQ (ML-KEM-768 / ML-DSA-65),PCR_READ,3865,0x0000017e,0x00000000,20,62,976309
121,Full PQ (ML-KEM-768 / ML-DSA-65),PCR_READ,3866,0x0000017e,0x00000000,20,62,1013347
121,Full PQ (ML-KEM-768 / ML-DSA-65),PCR_READ,3867,0x0000017e,0x00000000,20,62,1300683
121,Full PQ (ML-KEM-768 / ML-DSA-65),NONCE_RANDOM,3868,0x0000017b,0x00000000,12,44,1027904
121,Full PQ (ML-KEM-768 / ML-DSA-65),QUOTE,3869,0x00000158,0x00000000,105,3479,1317665
122,Full PQ (ML-KEM-768 / ML-DSA-65),EK_CREATE,3877,0x00000131,0x00000000,89,1392,1304089
122,Full PQ (ML-KEM-768 / ML-DSA-65),AK_CREATE,3878,0x00000131,0x00000000,88,2127,1105149
122,Full PQ (ML-KEM-768 / ML-DSA-65),CREDENTIAL_RANDOM,3879,0x0000017b,0x00000000,12,44,1093366
122,Full PQ (ML-KEM-768 / ML-DSA-65),MAKE_CREDENTIAL,3880,0x00000168,0x00000000,84,1170,1221545
122,Full PQ (ML-KEM-768 / ML-DSA-65),ACTIVATE_AUTH,3881,0x00000176,0x00000000,59,48,1063621
122,Full PQ (ML-KEM-768 / ML-DSA-65),ACTIVATE_AUTH,3882,0x00000151,0x00000000,41,29,1002286
122,Full PQ (ML-KEM-768 / ML-DSA-65),ACTIVATE_CREDENTIAL,3883,0x00000147,0x00000000,1296,122,1135645
122,Full PQ (ML-KEM-768 / ML-DSA-65),PCR_READ,3884,0x0000017e,0x00000000,20,62,1044887
122,Full PQ (ML-KEM-768 / ML-DSA-65),PCR_READ,3885,0x0000017e,0x00000000,20,62,1116780
122,Full PQ (ML-KEM-768 / ML-DSA-65),PCR_READ,3886,0x0000017e,0x00000000,20,62,1072467
122,Full PQ (ML-KEM-768 / ML-DSA-65),PCR_READ,3887,0x0000017e,0x00000000,20,62,1018487
122,Full PQ (ML-KEM-768 / ML-DSA-65),PCR_READ,3888,0x0000017e,0x00000000,20,62,1066667
122,Full PQ (ML-KEM-768 / ML-DSA-65),PCR_READ,3889,0x0000017e,0x00000000,20,62,1049745
122,Full PQ (ML-KEM-768 / ML-DSA-65),PCR_READ,3890,0x0000017e,0x00000000,20,62,1105940
122,Full PQ (ML-KEM-768 / ML-DSA-65),PCR_READ,3891,0x0000017e,0x00000000,20,62,1176632
122,Full PQ (ML-KEM-768 / ML-DSA-65),PCR_READ,3892,0x0000017e,0x00000000,20,62,1088718
122,Full PQ (ML-KEM-768 / ML-DSA-65),PCR_READ,3893,0x0000017e,0x00000000,20,62,1075383
122,Full PQ (ML-KEM-768 / ML-DSA-65),PCR_READ,3894,0x0000017e,0x00000000,20,62,1003950
122,Full PQ (ML-KEM-768 / ML-DSA-65),PCR_READ,3895,0x0000017e,0x00000000,20,62,1116030
122,Full PQ (ML-KEM-768 / ML-DSA-65),PCR_READ,3896,0x0000017e,0x00000000,20,62,1103555
122,Full PQ (ML-KEM-768 / ML-DSA-65),PCR_READ,3897,0x0000017e,0x00000000,20,62,1126739
122,Full PQ (ML-KEM-768 / ML-DSA-65),PCR_READ,3898,0x0000017e,0x00000000,20,62,1036411
122,Full PQ (ML-KEM-768 / ML-DSA-65),PCR_READ,3899,0x0000017e,0x00000000,20,62,1187381
122,Full PQ (ML-KEM-768 / ML-DSA-65),NONCE_RANDOM,3900,0x0000017b,0x00000000,12,44,1177843
122,Full PQ (ML-KEM-768 / ML-DSA-65),QUOTE,3901,0x00000158,0x00000000,105,3479,1640636
123,Full PQ (ML-KEM-768 / ML-DSA-65),EK_CREATE,3909,0x00000131,0x00000000,89,1392,1115748
123,Full PQ (ML-KEM-768 / ML-DSA-65),AK_CREATE,3910,0x00000131,0x00000000,88,2127,1072377
123,Full PQ (ML-KEM-768 / ML-DSA-65),CREDENTIAL_RANDOM,3911,0x0000017b,0x00000000,12,44,1261189
123,Full PQ (ML-KEM-768 / ML-DSA-65),MAKE_CREDENTIAL,3912,0x00000168,0x00000000,84,1170,1289485
123,Full PQ (ML-KEM-768 / ML-DSA-65),ACTIVATE_AUTH,3913,0x00000176,0x00000000,59,48,1237425
123,Full PQ (ML-KEM-768 / ML-DSA-65),ACTIVATE_AUTH,3914,0x00000151,0x00000000,41,29,1198119
123,Full PQ (ML-KEM-768 / ML-DSA-65),ACTIVATE_CREDENTIAL,3915,0x00000147,0x00000000,1296,122,1416118
123,Full PQ (ML-KEM-768 / ML-DSA-65),PCR_READ,3916,0x0000017e,0x00000000,20,62,1293780
123,Full PQ (ML-KEM-768 / ML-DSA-65),PCR_READ,3917,0x0000017e,0x00000000,20,62,1176070
123,Full PQ (ML-KEM-768 / ML-DSA-65),PCR_READ,3918,0x0000017e,0x00000000,20,62,1040127
123,Full PQ (ML-KEM-768 / ML-DSA-65),PCR_READ,3919,0x0000017e,0x00000000,20,62,1009230
123,Full PQ (ML-KEM-768 / ML-DSA-65),PCR_READ,3920,0x0000017e,0x00000000,20,62,1193516
123,Full PQ (ML-KEM-768 / ML-DSA-65),PCR_READ,3921,0x0000017e,0x00000000,20,62,1250526
123,Full PQ (ML-KEM-768 / ML-DSA-65),PCR_READ,3922,0x0000017e,0x00000000,20,62,1135986
123,Full PQ (ML-KEM-768 / ML-DSA-65),PCR_READ,3923,0x0000017e,0x00000000,20,62,1141095
123,Full PQ (ML-KEM-768 / ML-DSA-65),PCR_READ,3924,0x0000017e,0x00000000,20,62,1054454
123,Full PQ (ML-KEM-768 / ML-DSA-65),PCR_READ,3925,0x0000017e,0x00000000,20,62,1042241
123,Full PQ (ML-KEM-768 / ML-DSA-65),PCR_READ,3926,0x0000017e,0x00000000,20,62,1212859
123,Full PQ (ML-KEM-768 / ML-DSA-65),PCR_READ,3927,0x0000017e,0x00000000,20,62,1377365
123,Full PQ (ML-KEM-768 / ML-DSA-65),PCR_READ,3928,0x0000017e,0x00000000,20,62,1211618
123,Full PQ (ML-KEM-768 / ML-DSA-65),PCR_READ,3929,0x0000017e,0x00000000,20,62,1245229
123,Full PQ (ML-KEM-768 / ML-DSA-65),PCR_READ,3930,0x0000017e,0x00000000,20,62,1597597
123,Full PQ (ML-KEM-768 / ML-DSA-65),PCR_READ,3931,0x0000017e,0x00000000,20,62,1377756
123,Full PQ (ML-KEM-768 / ML-DSA-65),NONCE_RANDOM,3932,0x0000017b,0x00000000,12,44,1389699
123,Full PQ (ML-KEM-768 / ML-DSA-65),QUOTE,3933,0x00000158,0x00000000,105,3479,1553784
124,Full PQ (ML-KEM-768 / ML-DSA-65),EK_CREATE,3941,0x00000131,0x00000000,89,1392,1295994
124,Full PQ (ML-KEM-768 / ML-DSA-65),AK_CREATE,3942,0x00000131,0x00000000,88,2127,1105900
124,Full PQ (ML-KEM-768 / ML-DSA-65),CREDENTIAL_RANDOM,3943,0x0000017b,0x00000000,12,44,1017776
124,Full PQ (ML-KEM-768 / ML-DSA-65),MAKE_CREDENTIAL,3944,0x00000168,0x00000000,84,1170,1087936
124,Full PQ (ML-KEM-768 / ML-DSA-65),ACTIVATE_AUTH,3945,0x00000176,0x00000000,59,48,1040348
124,Full PQ (ML-KEM-768 / ML-DSA-65),ACTIVATE_AUTH,3946,0x00000151,0x00000000,41,29,1128352
124,Full PQ (ML-KEM-768 / ML-DSA-65),ACTIVATE_CREDENTIAL,3947,0x00000147,0x00000000,1296,122,1172534
124,Full PQ (ML-KEM-768 / ML-DSA-65),PCR_READ,3948,0x0000017e,0x00000000,20,62,1099087
124,Full PQ (ML-KEM-768 / ML-DSA-65),PCR_READ,3949,0x0000017e,0x00000000,20,62,1019178
124,Full PQ (ML-KEM-768 / ML-DSA-65),PCR_READ,3950,0x0000017e,0x00000000,20,62,989934
124,Full PQ (ML-KEM-768 / ML-DSA-65),PCR_READ,3951,0x0000017e,0x00000000,20,62,991547
124,Full PQ (ML-KEM-768 / ML-DSA-65),PCR_READ,3952,0x0000017e,0x00000000,20,62,1292097
124,Full PQ (ML-KEM-768 / ML-DSA-65),PCR_READ,3953,0x0000017e,0x00000000,20,62,993200
124,Full PQ (ML-KEM-768 / ML-DSA-65),PCR_READ,3954,0x0000017e,0x00000000,20,62,974014
124,Full PQ (ML-KEM-768 / ML-DSA-65),PCR_READ,3955,0x0000017e,0x00000000,20,62,974245
124,Full PQ (ML-KEM-768 / ML-DSA-65),PCR_READ,3956,0x0000017e,0x00000000,20,62,1083007
124,Full PQ (ML-KEM-768 / ML-DSA-65),PCR_READ,3957,0x0000017e,0x00000000,20,62,1127289
124,Full PQ (ML-KEM-768 / ML-DSA-65),PCR_READ,3958,0x0000017e,0x00000000,20,62,1046790
124,Full PQ (ML-KEM-768 / ML-DSA-65),PCR_READ,3959,0x0000017e,0x00000000,20,62,995865
124,Full PQ (ML-KEM-768 / ML-DSA-65),PCR_READ,3960,0x0000017e,0x00000000,20,62,1034447
124,Full PQ (ML-KEM-768 / ML-DSA-65),PCR_READ,3961,0x0000017e,0x00000000,20,62,987139
124,Full PQ (ML-KEM-768 / ML-DSA-65),PCR_READ,3962,0x0000017e,0x00000000,20,62,962025
124,Full PQ (ML-KEM-768 / ML-DSA-65),PCR_READ,3963,0x0000017e,0x00000000,20,62,1198028
124,Full PQ (ML-KEM-768 / ML-DSA-65),NONCE_RANDOM,3964,0x0000017b,0x00000000,12,44,1060766
124,Full PQ (ML-KEM-768 / ML-DSA-65),QUOTE,3965,0x00000158,0x00000000,105,3479,1250068
125,Full PQ (ML-KEM-768 / ML-DSA-65),EK_CREATE,3973,0x00000131,0x00000000,89,1392,1144121
125,Full PQ (ML-KEM-768 / ML-DSA-65),AK_CREATE,3974,0x00000131,0x00000000,88,2127,1275215
125,Full PQ (ML-KEM-768 / ML-DSA-65),CREDENTIAL_RANDOM,3975,0x0000017b,0x00000000,12,44,1044435
125,Full PQ (ML-KEM-768 / ML-DSA-65),MAKE_CREDENTIAL,3976,0x00000168,0x00000000,84,1170,1073410
125,Full PQ (ML-KEM-768 / ML-DSA-65),ACTIVATE_AUTH,3977,0x00000176,0x00000000,59,48,955079
125,Full PQ (ML-KEM-768 / ML-DSA-65),ACTIVATE_AUTH,3978,0x00000151,0x00000000,41,29,1051859
125,Full PQ (ML-KEM-768 / ML-DSA-65),ACTIVATE_CREDENTIAL,3979,0x00000147,0x00000000,1296,122,1055786
125,Full PQ (ML-KEM-768 / ML-DSA-65),PCR_READ,3980,0x0000017e,0x00000000,20,62,1338373
125,Full PQ (ML-KEM-768 / ML-DSA-65),PCR_READ,3981,0x0000017e,0x00000000,20,62,1025363
125,Full PQ (ML-KEM-768 / ML-DSA-65),PCR_READ,3982,0x0000017e,0x00000000,20,62,967339
125,Full PQ (ML-KEM-768 / ML-DSA-65),PCR_READ,3983,0x0000017e,0x00000000,20,62,962453
125,Full PQ (ML-KEM-768 / ML-DSA-65),PCR_READ,3984,0x0000017e,0x00000000,20,62,1022905
125,Full PQ (ML-KEM-768 / ML-DSA-65),PCR_READ,3985,0x0000017e,0x00000000,20,62,1261650
125,Full PQ (ML-KEM-768 / ML-DSA-65),PCR_READ,3986,0x0000017e,0x00000000,20,62,1143591
125,Full PQ (ML-KEM-768 / ML-DSA-65),PCR_READ,3987,0x0000017e,0x00000000,20,62,956472
125,Full PQ (ML-KEM-768 / ML-DSA-65),PCR_READ,3988,0x0000017e,0x00000000,20,62,931715
125,Full PQ (ML-KEM-768 / ML-DSA-65),PCR_READ,3989,0x0000017e,0x00000000,20,62,974556
125,Full PQ (ML-KEM-768 / ML-DSA-65),PCR_READ,3990,0x0000017e,0x00000000,20,62,1039806
125,Full PQ (ML-KEM-768 / ML-DSA-65),PCR_READ,3991,0x0000017e,0x00000000,20,62,1084800
125,Full PQ (ML-KEM-768 / ML-DSA-65),PCR_READ,3992,0x0000017e,0x00000000,20,62,1114847
125,Full PQ (ML-KEM-768 / ML-DSA-65),PCR_READ,3993,0x0000017e,0x00000000,20,62,1042812
125,Full PQ (ML-KEM-768 / ML-DSA-65),PCR_READ,3994,0x0000017e,0x00000000,20,62,987449
125,Full PQ (ML-KEM-768 / ML-DSA-65),PCR_READ,3995,0x0000017e,0x00000000,20,62,978613
125,Full PQ (ML-KEM-768 / ML-DSA-65),NONCE_RANDOM,3996,0x0000017b,0x00000000,12,44,1037864
125,Full PQ (ML-KEM-768 / ML-DSA-65),QUOTE,3997,0x00000158,0x00000000,105,3479,1453407
126,Full PQ (ML-KEM-768 / ML-DSA-65),EK_CREATE,4005,0x00000131,0x00000000,89,1392,994252
126,Full PQ (ML-KEM-768 / ML-DSA-65),AK_CREATE,4006,0x00000131,0x00000000,88,2127,1149064
126,Full PQ (ML-KEM-768 / ML-DSA-65),CREDENTIAL_RANDOM,4007,0x0000017b,0x00000000,12,44,1099475
126,Full PQ (ML-KEM-768 / ML-DSA-65),MAKE_CREDENTIAL,4008,0x00000168,0x00000000,84,1170,1083158
126,Full PQ (ML-KEM-768 / ML-DSA-65),ACTIVATE_AUTH,4009,0x00000176,0x00000000,59,48,929862
126,Full PQ (ML-KEM-768 / ML-DSA-65),ACTIVATE_AUTH,4010,0x00000151,0x00000000,41,29,968545
126,Full PQ (ML-KEM-768 / ML-DSA-65),ACTIVATE_CREDENTIAL,4011,0x00000147,0x00000000,1296,122,1074992
126,Full PQ (ML-KEM-768 / ML-DSA-65),PCR_READ,4012,0x0000017e,0x00000000,20,62,1054664
126,Full PQ (ML-KEM-768 / ML-DSA-65),PCR_READ,4013,0x0000017e,0x00000000,20,62,1075473
126,Full PQ (ML-KEM-768 / ML-DSA-65),PCR_READ,4014,0x0000017e,0x00000000,20,62,1016013
126,Full PQ (ML-KEM-768 / ML-DSA-65),PCR_READ,4015,0x0000017e,0x00000000,20,62,1092434
126,Full PQ (ML-KEM-768 / ML-DSA-65),PCR_READ,4016,0x0000017e,0x00000000,20,62,1091544
126,Full PQ (ML-KEM-768 / ML-DSA-65),PCR_READ,4017,0x0000017e,0x00000000,20,62,1064533
126,Full PQ (ML-KEM-768 / ML-DSA-65),PCR_READ,4018,0x0000017e,0x00000000,20,62,1007317
126,Full PQ (ML-KEM-768 / ML-DSA-65),PCR_READ,4019,0x0000017e,0x00000000,20,62,1083769
126,Full PQ (ML-KEM-768 / ML-DSA-65),PCR_READ,4020,0x0000017e,0x00000000,20,62,1076625
126,Full PQ (ML-KEM-768 / ML-DSA-65),PCR_READ,4021,0x0000017e,0x00000000,20,62,968795
126,Full PQ (ML-KEM-768 / ML-DSA-65),PCR_READ,4022,0x0000017e,0x00000000,20,62,1020621
126,Full PQ (ML-KEM-768 / ML-DSA-65),PCR_READ,4023,0x0000017e,0x00000000,20,62,991877
126,Full PQ (ML-KEM-768 / ML-DSA-65),PCR_READ,4024,0x0000017e,0x00000000,20,62,1041249
126,Full PQ (ML-KEM-768 / ML-DSA-65),PCR_READ,4025,0x0000017e,0x00000000,20,62,1026482
126,Full PQ (ML-KEM-768 / ML-DSA-65),PCR_READ,4026,0x0000017e,0x00000000,20,62,990164
126,Full PQ (ML-KEM-768 / ML-DSA-65),PCR_READ,4027,0x0000017e,0x00000000,20,62,996476
126,Full PQ (ML-KEM-768 / ML-DSA-65),NONCE_RANDOM,4028,0x0000017b,0x00000000,12,44,1107573
126,Full PQ (ML-KEM-768 / ML-DSA-65),QUOTE,4029,0x00000158,0x00000000,105,3479,1539201
127,Full PQ (ML-KEM-768 / ML-DSA-65),EK_CREATE,4037,0x00000131,0x00000000,89,1392,1137324
127,Full PQ (ML-KEM-768 / ML-DSA-65),AK_CREATE,4038,0x00000131,0x00000000,88,2127,1455311
127,Full PQ (ML-KEM-768 / ML-DSA-65),CREDENTIAL_RANDOM,4039,0x0000017b,0x00000000,12,44,1271067
127,Full PQ (ML-KEM-768 / ML-DSA-65),MAKE_CREDENTIAL,4040,0x00000168,0x00000000,84,1170,1358110
127,Full PQ (ML-KEM-768 / ML-DSA-65),ACTIVATE_AUTH,4041,0x00000176,0x00000000,59,48,1129544
127,Full PQ (ML-KEM-768 / ML-DSA-65),ACTIVATE_AUTH,4042,0x00000151,0x00000000,41,29,1290649
127,Full PQ (ML-KEM-768 / ML-DSA-65),ACTIVATE_CREDENTIAL,4043,0x00000147,0x00000000,1296,122,1343961
127,Full PQ (ML-KEM-768 / ML-DSA-65),PCR_READ,4044,0x0000017e,0x00000000,20,62,1209741
127,Full PQ (ML-KEM-768 / ML-DSA-65),PCR_READ,4045,0x0000017e,0x00000000,20,62,1139984
127,Full PQ (ML-KEM-768 / ML-DSA-65),PCR_READ,4046,0x0000017e,0x00000000,20,62,1327075
127,Full PQ (ML-KEM-768 / ML-DSA-65),PCR_READ,4047,0x0000017e,0x00000000,20,62,1225560
127,Full PQ (ML-KEM-768 / ML-DSA-65),PCR_READ,4048,0x0000017e,0x00000000,20,62,1257332
127,Full PQ (ML-KEM-768 / ML-DSA-65),PCR_READ,4049,0x0000017e,0x00000000,20,62,1101821
127,Full PQ (ML-KEM-768 / ML-DSA-65),PCR_READ,4050,0x0000017e,0x00000000,20,62,1094338
127,Full PQ (ML-KEM-768 / ML-DSA-65),PCR_READ,4051,0x0000017e,0x00000000,20,62,1409616
127,Full PQ (ML-KEM-768 / ML-DSA-65),PCR_READ,4052,0x0000017e,0x00000000,20,62,1289752
127,Full PQ (ML-KEM-768 / ML-DSA-65),PCR_READ,4053,0x0000017e,0x00000000,20,62,1241712
127,Full PQ (ML-KEM-768 / ML-DSA-65),PCR_READ,4054,0x0000017e,0x00000000,20,62,1144181
127,Full PQ (ML-KEM-768 / ML-DSA-65),PCR_READ,4055,0x0000017e,0x00000000,20,62,1161253
127,Full PQ (ML-KEM-768 / ML-DSA-65),PCR_READ,4056,0x0000017e,0x00000000,20,62,1232125
127,Full PQ (ML-KEM-768 / ML-DSA-65),PCR_READ,4057,0x0000017e,0x00000000,20,62,1335809
127,Full PQ (ML-KEM-768 / ML-DSA-65),PCR_READ,4058,0x0000017e,0x00000000,20,62,1203892
127,Full PQ (ML-KEM-768 / ML-DSA-65),PCR_READ,4059,0x0000017e,0x00000000,20,62,1100500
127,Full PQ (ML-KEM-768 / ML-DSA-65),NONCE_RANDOM,4060,0x0000017b,0x00000000,12,44,1118894
127,Full PQ (ML-KEM-768 / ML-DSA-65),QUOTE,4061,0x00000158,0x00000000,105,3479,1645505
128,Full PQ (ML-KEM-768 / ML-DSA-65),EK_CREATE,4069,0x00000131,0x00000000,89,1392,1099829
128,Full PQ (ML-KEM-768 / ML-DSA-65),AK_CREATE,4070,0x00000131,0x00000000,88,2127,1079230
128,Full PQ (ML-KEM-768 / ML-DSA-65),CREDENTIAL_RANDOM,4071,0x0000017b,0x00000000,12,44,1062299
128,Full PQ (ML-KEM-768 / ML-DSA-65),MAKE_CREDENTIAL,4072,0x00000168,0x00000000,84,1170,1243196
128,Full PQ (ML-KEM-768 / ML-DSA-65),ACTIVATE_AUTH,4073,0x00000176,0x00000000,59,48,1175008
128,Full PQ (ML-KEM-768 / ML-DSA-65),ACTIVATE_AUTH,4074,0x00000151,0x00000000,41,29,1074211
128,Full PQ (ML-KEM-768 / ML-DSA-65),ACTIVATE_CREDENTIAL,4075,0x00000147,0x00000000,1296,122,1177714
128,Full PQ (ML-KEM-768 / ML-DSA-65),PCR_READ,4076,0x0000017e,0x00000000,20,62,1061417
128,Full PQ (ML-KEM-768 / ML-DSA-65),PCR_READ,4077,0x0000017e,0x00000000,20,62,1111951
128,Full PQ (ML-KEM-768 / ML-DSA-65),PCR_READ,4078,0x0000017e,0x00000000,20,62,1198072
128,Full PQ (ML-KEM-768 / ML-DSA-65),PCR_READ,4079,0x0000017e,0x00000000,20,62,996646
128,Full PQ (ML-KEM-768 / ML-DSA-65),PCR_READ,4080,0x0000017e,0x00000000,20,62,1123052
128,Full PQ (ML-KEM-768 / ML-DSA-65),PCR_READ,4081,0x0000017e,0x00000000,20,62,1180329
128,Full PQ (ML-KEM-768 / ML-DSA-65),PCR_READ,4082,0x0000017e,0x00000000,20,62,1044505
128,Full PQ (ML-KEM-768 / ML-DSA-65),PCR_READ,4083,0x0000017e,0x00000000,20,62,1121960
128,Full PQ (ML-KEM-768 / ML-DSA-65),PCR_READ,4084,0x0000017e,0x00000000,20,62,1113213
128,Full PQ (ML-KEM-768 / ML-DSA-65),PCR_READ,4085,0x0000017e,0x00000000,20,62,1132640
128,Full PQ (ML-KEM-768 / ML-DSA-65),PCR_READ,4086,0x0000017e,0x00000000,20,62,1112422
128,Full PQ (ML-KEM-768 / ML-DSA-65),PCR_READ,4087,0x0000017e,0x00000000,20,62,1072928
128,Full PQ (ML-KEM-768 / ML-DSA-65),PCR_READ,4088,0x0000017e,0x00000000,20,62,1157877
128,Full PQ (ML-KEM-768 / ML-DSA-65),PCR_READ,4089,0x0000017e,0x00000000,20,62,1418172
128,Full PQ (ML-KEM-768 / ML-DSA-65),PCR_READ,4090,0x0000017e,0x00000000,20,62,1134193
128,Full PQ (ML-KEM-768 / ML-DSA-65),PCR_READ,4091,0x0000017e,0x00000000,20,62,1027724
128,Full PQ (ML-KEM-768 / ML-DSA-65),NONCE_RANDOM,4092,0x0000017b,0x00000000,12,44,1068621
128,Full PQ (ML-KEM-768 / ML-DSA-65),QUOTE,4093,0x00000158,0x00000000,105,3479,1468205
129,Full PQ (ML-KEM-768 / ML-DSA-65),EK_CREATE,4101,0x00000131,0x00000000,89,1392,1198171
129,Full PQ (ML-KEM-768 / ML-DSA-65),AK_CREATE,4102,0x00000131,0x00000000,88,2127,1286126
129,Full PQ (ML-KEM-768 / ML-DSA-65),CREDENTIAL_RANDOM,4103,0x0000017b,0x00000000,12,44,1318407
129,Full PQ (ML-KEM-768 / ML-DSA-65),MAKE_CREDENTIAL,4104,0x00000168,0x00000000,84,1170,1185809
129,Full PQ (ML-KEM-768 / ML-DSA-65),ACTIVATE_AUTH,4105,0x00000176,0x00000000,59,48,1055306
129,Full PQ (ML-KEM-768 / ML-DSA-65),ACTIVATE_AUTH,4106,0x00000151,0x00000000,41,29,1045717
129,Full PQ (ML-KEM-768 / ML-DSA-65),ACTIVATE_CREDENTIAL,4107,0x00000147,0x00000000,1296,122,1632761
129,Full PQ (ML-KEM-768 / ML-DSA-65),PCR_READ,4108,0x0000017e,0x00000000,20,62,1174227
129,Full PQ (ML-KEM-768 / ML-DSA-65),PCR_READ,4109,0x0000017e,0x00000000,20,62,1103836
129,Full PQ (ML-KEM-768 / ML-DSA-65),PCR_READ,4110,0x0000017e,0x00000000,20,62,1022725
129,Full PQ (ML-KEM-768 / ML-DSA-65),PCR_READ,4111,0x0000017e,0x00000000,20,62,1043304
129,Full PQ (ML-KEM-768 / ML-DSA-65),PCR_READ,4112,0x0000017e,0x00000000,20,62,1190257
129,Full PQ (ML-KEM-768 / ML-DSA-65),PCR_READ,4113,0x0000017e,0x00000000,20,62,1054204
129,Full PQ (ML-KEM-768 / ML-DSA-65),PCR_READ,4114,0x0000017e,0x00000000,20,62,968013
129,Full PQ (ML-KEM-768 / ML-DSA-65),PCR_READ,4115,0x0000017e,0x00000000,20,62,1010863
129,Full PQ (ML-KEM-768 / ML-DSA-65),PCR_READ,4116,0x0000017e,0x00000000,20,62,1070854
129,Full PQ (ML-KEM-768 / ML-DSA-65),PCR_READ,4117,0x0000017e,0x00000000,20,62,1034137
129,Full PQ (ML-KEM-768 / ML-DSA-65),PCR_READ,4118,0x0000017e,0x00000000,20,62,1146746
129,Full PQ (ML-KEM-768 / ML-DSA-65),PCR_READ,4119,0x0000017e,0x00000000,20,62,993861
129,Full PQ (ML-KEM-768 / ML-DSA-65),PCR_READ,4120,0x0000017e,0x00000000,20,62,1077948
129,Full PQ (ML-KEM-768 / ML-DSA-65),PCR_READ,4121,0x0000017e,0x00000000,20,62,980085
129,Full PQ (ML-KEM-768 / ML-DSA-65),PCR_READ,4122,0x0000017e,0x00000000,20,62,929492
129,Full PQ (ML-KEM-768 / ML-DSA-65),PCR_READ,4123,0x0000017e,0x00000000,20,62,1073309
129,Full PQ (ML-KEM-768 / ML-DSA-65),NONCE_RANDOM,4124,0x0000017b,0x00000000,12,44,1028125
129,Full PQ (ML-KEM-768 / ML-DSA-65),QUOTE,4125,0x00000158,0x00000000,105,3479,1631759
130,Full PQ (ML-KEM-768 / ML-DSA-65),EK_CREATE,4133,0x00000131,0x00000000,89,1392,1031271
130,Full PQ (ML-KEM-768 / ML-DSA-65),AK_CREATE,4134,0x00000131,0x00000000,88,2127,1044085
130,Full PQ (ML-KEM-768 / ML-DSA-65),CREDENTIAL_RANDOM,4135,0x0000017b,0x00000000,12,44,988050
130,Full PQ (ML-KEM-768 / ML-DSA-65),MAKE_CREDENTIAL,4136,0x00000168,0x00000000,84,1170,1057129
130,Full PQ (ML-KEM-768 / ML-DSA-65),ACTIVATE_AUTH,4137,0x00000176,0x00000000,59,48,960228
130,Full PQ (ML-KEM-768 / ML-DSA-65),ACTIVATE_AUTH,4138,0x00000151,0x00000000,41,29,1039186
130,Full PQ (ML-KEM-768 / ML-DSA-65),ACTIVATE_CREDENTIAL,4139,0x00000147,0x00000000,1296,122,1061738
130,Full PQ (ML-KEM-768 / ML-DSA-65),PCR_READ,4140,0x0000017e,0x00000000,20,62,1068252
130,Full PQ (ML-KEM-768 / ML-DSA-65),PCR_READ,4141,0x0000017e,0x00000000,20,62,1044031
130,Full PQ (ML-KEM-768 / ML-DSA-65),PCR_READ,4142,0x0000017e,0x00000000,20,62,1053221
130,Full PQ (ML-KEM-768 / ML-DSA-65),PCR_READ,4143,0x0000017e,0x00000000,20,62,1007678
130,Full PQ (ML-KEM-768 / ML-DSA-65),PCR_READ,4144,0x0000017e,0x00000000,20,62,1011104
130,Full PQ (ML-KEM-768 / ML-DSA-65),PCR_READ,4145,0x0000017e,0x00000000,20,62,1029136
130,Full PQ (ML-KEM-768 / ML-DSA-65),PCR_READ,4146,0x0000017e,0x00000000,20,62,1026813
130,Full PQ (ML-KEM-768 / ML-DSA-65),PCR_READ,4147,0x0000017e,0x00000000,20,62,955019
130,Full PQ (ML-KEM-768 / ML-DSA-65),PCR_READ,4148,0x0000017e,0x00000000,20,62,975297
130,Full PQ (ML-KEM-768 / ML-DSA-65),PCR_READ,4149,0x0000017e,0x00000000,20,62,977240
130,Full PQ (ML-KEM-768 / ML-DSA-65),PCR_READ,4150,0x0000017e,0x00000000,20,62,994913
130,Full PQ (ML-KEM-768 / ML-DSA-65),PCR_READ,4151,0x0000017e,0x00000000,20,62,974886
130,Full PQ (ML-KEM-768 / ML-DSA-65),PCR_READ,4152,0x0000017e,0x00000000,20,62,980797
130,Full PQ (ML-KEM-768 / ML-DSA-65),PCR_READ,4153,0x0000017e,0x00000000,20,62,986598
130,Full PQ (ML-KEM-768 / ML-DSA-65),PCR_READ,4154,0x0000017e,0x00000000,20,62,1052901
130,Full PQ (ML-KEM-768 / ML-DSA-65),PCR_READ,4155,0x0000017e,0x00000000,20,62,1040197
130,Full PQ (ML-KEM-768 / ML-DSA-65),NONCE_RANDOM,4156,0x0000017b,0x00000000,12,44,1030539
130,Full PQ (ML-KEM-768 / ML-DSA-65),QUOTE,4157,0x00000158,0x00000000,105,3479,1300853
131,Full PQ (ML-KEM-768 / ML-DSA-65),EK_CREATE,4165,0x00000131,0x00000000,89,1392,1126478
131,Full PQ (ML-KEM-768 / ML-DSA-65),AK_CREATE,4166,0x00000131,0x00000000,88,2127,1097193
131,Full PQ (ML-KEM-768 / ML-DSA-65),CREDENTIAL_RANDOM,4167,0x0000017b,0x00000000,12,44,1079641
131,Full PQ (ML-KEM-768 / ML-DSA-65),MAKE_CREDENTIAL,4168,0x00000168,0x00000000,84,1170,1063721
131,Full PQ (ML-KEM-768 / ML-DSA-65),ACTIVATE_AUTH,4169,0x00000176,0x00000000,59,48,1053863
131,Full PQ (ML-KEM-768 / ML-DSA-65),ACTIVATE_AUTH,4170,0x00000151,0x00000000,41,29,981779
131,Full PQ (ML-KEM-768 / ML-DSA-65),ACTIVATE_CREDENTIAL,4171,0x00000147,0x00000000,1296,122,1203962
131,Full PQ (ML-KEM-768 / ML-DSA-65),PCR_READ,4172,0x0000017e,0x00000000,20,62,1103476
131,Full PQ (ML-KEM-768 / ML-DSA-65),PCR_READ,4173,0x0000017e,0x00000000,20,62,1086574
131,Full PQ (ML-KEM-768 / ML-DSA-65),PCR_READ,4174,0x0000017e,0x00000000,20,62,1024759
131,Full PQ (ML-KEM-768 / ML-DSA-65),PCR_READ,4175,0x0000017e,0x00000000,20,62,1044034
131,Full PQ (ML-KEM-768 / ML-DSA-65),PCR_READ,4176,0x0000017e,0x00000000,20,62,1246322
131,Full PQ (ML-KEM-768 / ML-DSA-65),PCR_READ,4177,0x0000017e,0x00000000,20,62,1089299
131,Full PQ (ML-KEM-768 / ML-DSA-65),PCR_READ,4178,0x0000017e,0x00000000,20,62,1156565
131,Full PQ (ML-KEM-768 / ML-DSA-65),PCR_READ,4179,0x0000017e,0x00000000,20,62,1262812
131,Full PQ (ML-KEM-768 / ML-DSA-65),PCR_READ,4180,0x0000017e,0x00000000,20,62,1217959
131,Full PQ (ML-KEM-768 / ML-DSA-65),PCR_READ,4181,0x0000017e,0x00000000,20,62,1107132
131,Full PQ (ML-KEM-768 / ML-DSA-65),PCR_READ,4182,0x0000017e,0x00000000,20,62,1095180
131,Full PQ (ML-KEM-768 / ML-DSA-65),PCR_READ,4183,0x0000017e,0x00000000,20,62,1050206
131,Full PQ (ML-KEM-768 / ML-DSA-65),PCR_READ,4184,0x0000017e,0x00000000,20,62,1019459
131,Full PQ (ML-KEM-768 / ML-DSA-65),PCR_READ,4185,0x0000017e,0x00000000,20,62,1044917
131,Full PQ (ML-KEM-768 / ML-DSA-65),PCR_READ,4186,0x0000017e,0x00000000,20,62,1072047
131,Full PQ (ML-KEM-768 / ML-DSA-65),PCR_READ,4187,0x0000017e,0x00000000,20,62,1250960
131,Full PQ (ML-KEM-768 / ML-DSA-65),NONCE_RANDOM,4188,0x0000017b,0x00000000,12,44,1045471
131,Full PQ (ML-KEM-768 / ML-DSA-65),QUOTE,4189,0x00000158,0x00000000,105,3479,1355936
132,Full PQ (ML-KEM-768 / ML-DSA-65),EK_CREATE,4197,0x00000131,0x00000000,89,1392,1003549
132,Full PQ (ML-KEM-768 / ML-DSA-65),AK_CREATE,4198,0x00000131,0x00000000,88,2127,1081027
132,Full PQ (ML-KEM-768 / ML-DSA-65),CREDENTIAL_RANDOM,4199,0x0000017b,0x00000000,12,44,1073887
132,Full PQ (ML-KEM-768 / ML-DSA-65),MAKE_CREDENTIAL,4200,0x00000168,0x00000000,84,1170,1045126
132,Full PQ (ML-KEM-768 / ML-DSA-65),ACTIVATE_AUTH,4201,0x00000176,0x00000000,59,48,1158538
132,Full PQ (ML-KEM-768 / ML-DSA-65),ACTIVATE_AUTH,4202,0x00000151,0x00000000,41,29,1080743
132,Full PQ (ML-KEM-768 / ML-DSA-65),ACTIVATE_CREDENTIAL,4203,0x00000147,0x00000000,1296,122,1149681
132,Full PQ (ML-KEM-768 / ML-DSA-65),PCR_READ,4204,0x0000017e,0x00000000,20,62,1137739
132,Full PQ (ML-KEM-768 / ML-DSA-65),PCR_READ,4205,0x0000017e,0x00000000,20,62,1032573
132,Full PQ (ML-KEM-768 / ML-DSA-65),PCR_READ,4206,0x0000017e,0x00000000,20,62,1117992
132,Full PQ (ML-KEM-768 / ML-DSA-65),PCR_READ,4207,0x0000017e,0x00000000,20,62,1036441
132,Full PQ (ML-KEM-768 / ML-DSA-65),PCR_READ,4208,0x0000017e,0x00000000,20,62,1029608
132,Full PQ (ML-KEM-768 / ML-DSA-65),PCR_READ,4209,0x0000017e,0x00000000,20,62,1034958
132,Full PQ (ML-KEM-768 / ML-DSA-65),PCR_READ,4210,0x0000017e,0x00000000,20,62,1120817
132,Full PQ (ML-KEM-768 / ML-DSA-65),PCR_READ,4211,0x0000017e,0x00000000,20,62,1051939
132,Full PQ (ML-KEM-768 / ML-DSA-65),PCR_READ,4212,0x0000017e,0x00000000,20,62,1086164
132,Full PQ (ML-KEM-768 / ML-DSA-65),PCR_READ,4213,0x0000017e,0x00000000,20,62,1153569
132,Full PQ (ML-KEM-768 / ML-DSA-65),PCR_READ,4214,0x0000017e,0x00000000,20,62,986378
132,Full PQ (ML-KEM-768 / ML-DSA-65),PCR_READ,4215,0x0000017e,0x00000000,20,62,1060956
132,Full PQ (ML-KEM-768 / ML-DSA-65),PCR_READ,4216,0x0000017e,0x00000000,20,62,1136808
132,Full PQ (ML-KEM-768 / ML-DSA-65),PCR_READ,4217,0x0000017e,0x00000000,20,62,1028456
132,Full PQ (ML-KEM-768 / ML-DSA-65),PCR_READ,4218,0x0000017e,0x00000000,20,62,1146476
132,Full PQ (ML-KEM-768 / ML-DSA-65),PCR_READ,4219,0x0000017e,0x00000000,20,62,1037994
132,Full PQ (ML-KEM-768 / ML-DSA-65),NONCE_RANDOM,4220,0x0000017b,0x00000000,12,44,1044625
132,Full PQ (ML-KEM-768 / ML-DSA-65),QUOTE,4221,0x00000158,0x00000000,105,3479,1705006
133,Full PQ (ML-KEM-768 / ML-DSA-65),EK_CREATE,4229,0x00000131,0x00000000,89,1392,1048022
133,Full PQ (ML-KEM-768 / ML-DSA-65),AK_CREATE,4230,0x00000131,0x00000000,88,2127,1058502
133,Full PQ (ML-KEM-768 / ML-DSA-65),CREDENTIAL_RANDOM,4231,0x0000017b,0x00000000,12,44,1048624
133,Full PQ (ML-KEM-768 / ML-DSA-65),MAKE_CREDENTIAL,4232,0x00000168,0x00000000,84,1170,1047380
133,Full PQ (ML-KEM-768 / ML-DSA-65),ACTIVATE_AUTH,4233,0x00000176,0x00000000,59,48,990294
133,Full PQ (ML-KEM-768 / ML-DSA-65),ACTIVATE_AUTH,4234,0x00000151,0x00000000,41,29,977842
133,Full PQ (ML-KEM-768 / ML-DSA-65),ACTIVATE_CREDENTIAL,4235,0x00000147,0x00000000,1296,122,1184826
133,Full PQ (ML-KEM-768 / ML-DSA-65),PCR_READ,4236,0x0000017e,0x00000000,20,62,988321
133,Full PQ (ML-KEM-768 / ML-DSA-65),PCR_READ,4237,0x0000017e,0x00000000,20,62,1056638
133,Full PQ (ML-KEM-768 / ML-DSA-65),PCR_READ,4238,0x0000017e,0x00000000,20,62,992890
133,Full PQ (ML-KEM-768 / ML-DSA-65),PCR_READ,4239,0x0000017e,0x00000000,20,62,1022334
133,Full PQ (ML-KEM-768 / ML-DSA-65),PCR_READ,4240,0x0000017e,0x00000000,20,62,998450
133,Full PQ (ML-KEM-768 / ML-DSA-65),PCR_READ,4241,0x0000017e,0x00000000,20,62,1013367
133,Full PQ (ML-KEM-768 / ML-DSA-65),PCR_READ,4242,0x0000017e,0x00000000,20,62,1011113
133,Full PQ (ML-KEM-768 / ML-DSA-65),PCR_READ,4243,0x0000017e,0x00000000,20,62,1023987
133,Full PQ (ML-KEM-768 / ML-DSA-65),PCR_READ,4244,0x0000017e,0x00000000,20,62,961622
133,Full PQ (ML-KEM-768 / ML-DSA-65),PCR_READ,4245,0x0000017e,0x00000000,20,62,998084
133,Full PQ (ML-KEM-768 / ML-DSA-65),PCR_READ,4246,0x0000017e,0x00000000,20,62,966745
133,Full PQ (ML-KEM-768 / ML-DSA-65),PCR_READ,4247,0x0000017e,0x00000000,20,62,1051688
133,Full PQ (ML-KEM-768 / ML-DSA-65),PCR_READ,4248,0x0000017e,0x00000000,20,62,1019720
133,Full PQ (ML-KEM-768 / ML-DSA-65),PCR_READ,4249,0x0000017e,0x00000000,20,62,947545
133,Full PQ (ML-KEM-768 / ML-DSA-65),PCR_READ,4250,0x0000017e,0x00000000,20,62,989944
133,Full PQ (ML-KEM-768 / ML-DSA-65),PCR_READ,4251,0x0000017e,0x00000000,20,62,1080062
133,Full PQ (ML-KEM-768 / ML-DSA-65),NONCE_RANDOM,4252,0x0000017b,0x00000000,12,44,986037
133,Full PQ (ML-KEM-768 / ML-DSA-65),QUOTE,4253,0x00000158,0x00000000,105,3479,1386733
134,Full PQ (ML-KEM-768 / ML-DSA-65),EK_CREATE,4261,0x00000131,0x00000000,89,1392,1138410
134,Full PQ (ML-KEM-768 / ML-DSA-65),AK_CREATE,4262,0x00000131,0x00000000,88,2127,1083468
134,Full PQ (ML-KEM-768 / ML-DSA-65),CREDENTIAL_RANDOM,4263,0x0000017b,0x00000000,12,44,975657
134,Full PQ (ML-KEM-768 / ML-DSA-65),MAKE_CREDENTIAL,4264,0x00000168,0x00000000,84,1170,1144212
134,Full PQ (ML-KEM-768 / ML-DSA-65),ACTIVATE_AUTH,4265,0x00000176,0x00000000,59,48,957073
134,Full PQ (ML-KEM-768 / ML-DSA-65),ACTIVATE_AUTH,4266,0x00000151,0x00000000,41,29,991637
134,Full PQ (ML-KEM-768 / ML-DSA-65),ACTIVATE_CREDENTIAL,4267,0x00000147,0x00000000,1296,122,1134022
134,Full PQ (ML-KEM-768 / ML-DSA-65),PCR_READ,4268,0x0000017e,0x00000000,20,62,1189796
134,Full PQ (ML-KEM-768 / ML-DSA-65),PCR_READ,4269,0x0000017e,0x00000000,20,62,1073289
134,Full PQ (ML-KEM-768 / ML-DSA-65),PCR_READ,4270,0x0000017e,0x00000000,20,62,1063010
134,Full PQ (ML-KEM-768 / ML-DSA-65),PCR_READ,4271,0x0000017e,0x00000000,20,62,1066016
134,Full PQ (ML-KEM-768 / ML-DSA-65),PCR_READ,4272,0x0000017e,0x00000000,20,62,1198763
134,Full PQ (ML-KEM-768 / ML-DSA-65),PCR_READ,4273,0x0000017e,0x00000000,20,62,1035228
134,Full PQ (ML-KEM-768 / ML-DSA-65),PCR_READ,4274,0x0000017e,0x00000000,20,62,1129354
134,Full PQ (ML-KEM-768 / ML-DSA-65),PCR_READ,4275,0x0000017e,0x00000000,20,62,1169258
134,Full PQ (ML-KEM-768 / ML-DSA-65),PCR_READ,4276,0x0000017e,0x00000000,20,62,1140470
134,Full PQ (ML-KEM-768 / ML-DSA-65),PCR_READ,4277,0x0000017e,0x00000000,20,62,1090346
134,Full PQ (ML-KEM-768 / ML-DSA-65),PCR_READ,4278,0x0000017e,0x00000000,20,62,1070204
134,Full PQ (ML-KEM-768 / ML-DSA-65),PCR_READ,4279,0x0000017e,0x00000000,20,62,1099918
134,Full PQ (ML-KEM-768 / ML-DSA-65),PCR_READ,4280,0x0000017e,0x00000000,20,62,1113394
134,Full PQ (ML-KEM-768 / ML-DSA-65),PCR_READ,4281,0x0000017e,0x00000000,20,62,1260919
134,Full PQ (ML-KEM-768 / ML-DSA-65),PCR_READ,4282,0x0000017e,0x00000000,20,62,1189075
134,Full PQ (ML-KEM-768 / ML-DSA-65),PCR_READ,4283,0x0000017e,0x00000000,20,62,1106611
134,Full PQ (ML-KEM-768 / ML-DSA-65),NONCE_RANDOM,4284,0x0000017b,0x00000000,12,44,1126879
134,Full PQ (ML-KEM-768 / ML-DSA-65),QUOTE,4285,0x00000158,0x00000000,105,3479,1729041
135,Full PQ (ML-KEM-768 / ML-DSA-65),EK_CREATE,4293,0x00000131,0x00000000,89,1392,1008358
135,Full PQ (ML-KEM-768 / ML-DSA-65),AK_CREATE,4294,0x00000131,0x00000000,88,2127,1099648
135,Full PQ (ML-KEM-768 / ML-DSA-65),CREDENTIAL_RANDOM,4295,0x0000017b,0x00000000,12,44,987769
135,Full PQ (ML-KEM-768 / ML-DSA-65),MAKE_CREDENTIAL,4296,0x00000168,0x00000000,84,1170,1129754
135,Full PQ (ML-KEM-768 / ML-DSA-65),ACTIVATE_AUTH,4297,0x00000176,0x00000000,59,48,1068641
135,Full PQ (ML-KEM-768 / ML-DSA-65),ACTIVATE_AUTH,4298,0x00000151,0x00000000,41,29,1022555
135,Full PQ (ML-KEM-768 / ML-DSA-65),ACTIVATE_CREDENTIAL,4299,0x00000147,0x00000000,1296,122,1194124
135,Full PQ (ML-KEM-768 / ML-DSA-65),PCR_READ,4300,0x0000017e,0x00000000,20,62,1115648
135,Full PQ (ML-KEM-768 / ML-DSA-65),PCR_READ,4301,0x0000017e,0x00000000,20,62,1033575
135,Full PQ (ML-KEM-768 / ML-DSA-65),PCR_READ,4302,0x0000017e,0x00000000,20,62,1021072
135,Full PQ (ML-KEM-768 / ML-DSA-65),PCR_READ,4303,0x0000017e,0x00000000,20,62,1019369
135,Full PQ (ML-KEM-768 / ML-DSA-65),PCR_READ,4304,0x0000017e,0x00000000,20,62,998760
135,Full PQ (ML-KEM-768 / ML-DSA-65),PCR_READ,4305,0x0000017e,0x00000000,20,62,1126678
135,Full PQ (ML-KEM-768 / ML-DSA-65),PCR_READ,4306,0x0000017e,0x00000000,20,62,1114228
135,Full PQ (ML-KEM-768 / ML-DSA-65),PCR_READ,4307,0x0000017e,0x00000000,20,62,1041236
135,Full PQ (ML-KEM-768 / ML-DSA-65),PCR_READ,4308,0x0000017e,0x00000000,20,62,966270
135,Full PQ (ML-KEM-768 / ML-DSA-65),PCR_READ,4309,0x0000017e,0x00000000,20,62,1001405
135,Full PQ (ML-KEM-768 / ML-DSA-65),PCR_READ,4310,0x0000017e,0x00000000,20,62,956451
135,Full PQ (ML-KEM-768 / ML-DSA-65),PCR_READ,4311,0x0000017e,0x00000000,20,62,1036882
135,Full PQ (ML-KEM-768 / ML-DSA-65),PCR_READ,4312,0x0000017e,0x00000000,20,62,1048012
135,Full PQ (ML-KEM-768 / ML-DSA-65),PCR_READ,4313,0x0000017e,0x00000000,20,62,1001585
135,Full PQ (ML-KEM-768 / ML-DSA-65),PCR_READ,4314,0x0000017e,0x00000000,20,62,1020962
135,Full PQ (ML-KEM-768 / ML-DSA-65),PCR_READ,4315,0x0000017e,0x00000000,20,62,1120417
135,Full PQ (ML-KEM-768 / ML-DSA-65),NONCE_RANDOM,4316,0x0000017b,0x00000000,12,44,1055275
135,Full PQ (ML-KEM-768 / ML-DSA-65),QUOTE,4317,0x00000158,0x00000000,105,3479,1582839
136,Full PQ (ML-KEM-768 / ML-DSA-65),EK_CREATE,4325,0x00000131,0x00000000,89,1392,1573100
136,Full PQ (ML-KEM-768 / ML-DSA-65),AK_CREATE,4326,0x00000131,0x00000000,88,2127,1582828
136,Full PQ (ML-KEM-768 / ML-DSA-65),CREDENTIAL_RANDOM,4327,0x0000017b,0x00000000,12,44,1438479
136,Full PQ (ML-KEM-768 / ML-DSA-65),MAKE_CREDENTIAL,4328,0x00000168,0x00000000,84,1170,1300983
136,Full PQ (ML-KEM-768 / ML-DSA-65),ACTIVATE_AUTH,4329,0x00000176,0x00000000,59,48,1230562
136,Full PQ (ML-KEM-768 / ML-DSA-65),ACTIVATE_AUTH,4330,0x00000151,0x00000000,41,29,1250891
136,Full PQ (ML-KEM-768 / ML-DSA-65),ACTIVATE_CREDENTIAL,4331,0x00000147,0x00000000,1296,122,1296604
136,Full PQ (ML-KEM-768 / ML-DSA-65),PCR_READ,4332,0x0000017e,0x00000000,20,62,1058562
136,Full PQ (ML-KEM-768 / ML-DSA-65),PCR_READ,4333,0x0000017e,0x00000000,20,62,1118133
136,Full PQ (ML-KEM-768 / ML-DSA-65),PCR_READ,4334,0x0000017e,0x00000000,20,62,1702291
136,Full PQ (ML-KEM-768 / ML-DSA-65),PCR_READ,4335,0x0000017e,0x00000000,20,62,1178535
136,Full PQ (ML-KEM-768 / ML-DSA-65),PCR_READ,4336,0x0000017e,0x00000000,20,62,1074442
136,Full PQ (ML-KEM-768 / ML-DSA-65),PCR_READ,4337,0x0000017e,0x00000000,20,62,994112
136,Full PQ (ML-KEM-768 / ML-DSA-65),PCR_READ,4338,0x0000017e,0x00000000,20,62,1016614
136,Full PQ (ML-KEM-768 / ML-DSA-65),PCR_READ,4339,0x0000017e,0x00000000,20,62,1053402
136,Full PQ (ML-KEM-768 / ML-DSA-65),PCR_READ,4340,0x0000017e,0x00000000,20,62,1021322
136,Full PQ (ML-KEM-768 / ML-DSA-65),PCR_READ,4341,0x0000017e,0x00000000,20,62,971322
136,Full PQ (ML-KEM-768 / ML-DSA-65),PCR_READ,4342,0x0000017e,0x00000000,20,62,996923
136,Full PQ (ML-KEM-768 / ML-DSA-65),PCR_READ,4343,0x0000017e,0x00000000,20,62,1038234
136,Full PQ (ML-KEM-768 / ML-DSA-65),PCR_READ,4344,0x0000017e,0x00000000,20,62,1073109
136,Full PQ (ML-KEM-768 / ML-DSA-65),PCR_READ,4345,0x0000017e,0x00000000,20,62,1024388
136,Full PQ (ML-KEM-768 / ML-DSA-65),PCR_READ,4346,0x0000017e,0x00000000,20,62,1003138
136,Full PQ (ML-KEM-768 / ML-DSA-65),PCR_READ,4347,0x0000017e,0x00000000,20,62,999822
136,Full PQ (ML-KEM-768 / ML-DSA-65),NONCE_RANDOM,4348,0x0000017b,0x00000000,12,44,971780
136,Full PQ (ML-KEM-768 / ML-DSA-65),QUOTE,4349,0x00000158,0x00000000,105,3479,1359102
137,Full PQ (ML-KEM-768 / ML-DSA-65),EK_CREATE,4357,0x00000131,0x00000000,89,1392,1180238
137,Full PQ (ML-KEM-768 / ML-DSA-65),AK_CREATE,4358,0x00000131,0x00000000,88,2127,1187906
137,Full PQ (ML-KEM-768 / ML-DSA-65),CREDENTIAL_RANDOM,4359,0x0000017b,0x00000000,12,44,1084978
137,Full PQ (ML-KEM-768 / ML-DSA-65),MAKE_CREDENTIAL,4360,0x00000168,0x00000000,84,1170,1754859
137,Full PQ (ML-KEM-768 / ML-DSA-65),ACTIVATE_AUTH,4361,0x00000176,0x00000000,59,48,1122130
137,Full PQ (ML-KEM-768 / ML-DSA-65),ACTIVATE_AUTH,4362,0x00000151,0x00000000,41,29,1147597
137,Full PQ (ML-KEM-768 / ML-DSA-65),ACTIVATE_CREDENTIAL,4363,0x00000147,0x00000000,1296,122,1161534
137,Full PQ (ML-KEM-768 / ML-DSA-65),PCR_READ,4364,0x0000017e,0x00000000,20,62,1024448
137,Full PQ (ML-KEM-768 / ML-DSA-65),PCR_READ,4365,0x0000017e,0x00000000,20,62,1247534
137,Full PQ (ML-KEM-768 / ML-DSA-65),PCR_READ,4366,0x0000017e,0x00000000,20,62,989272
137,Full PQ (ML-KEM-768 / ML-DSA-65),PCR_READ,4367,0x0000017e,0x00000000,20,62,1013328
137,Full PQ (ML-KEM-768 / ML-DSA-65),PCR_READ,4368,0x0000017e,0x00000000,20,62,1093757
137,Full PQ (ML-KEM-768 / ML-DSA-65),PCR_READ,4369,0x0000017e,0x00000000,20,62,972030
137,Full PQ (ML-KEM-768 / ML-DSA-65),PCR_READ,4370,0x0000017e,0x00000000,20,62,1086574
137,Full PQ (ML-KEM-768 / ML-DSA-65),PCR_READ,4371,0x0000017e,0x00000000,20,62,983331
137,Full PQ (ML-KEM-768 / ML-DSA-65),PCR_READ,4372,0x0000017e,0x00000000,20,62,1117843
137,Full PQ (ML-KEM-768 / ML-DSA-65),PCR_READ,4373,0x0000017e,0x00000000,20,62,1007196
137,Full PQ (ML-KEM-768 / ML-DSA-65),PCR_READ,4374,0x0000017e,0x00000000,20,62,992799
137,Full PQ (ML-KEM-768 / ML-DSA-65),PCR_READ,4375,0x0000017e,0x00000000,20,62,997438
137,Full PQ (ML-KEM-768 / ML-DSA-65),PCR_READ,4376,0x0000017e,0x00000000,20,62,994723
137,Full PQ (ML-KEM-768 / ML-DSA-65),PCR_READ,4377,0x0000017e,0x00000000,20,62,1037503
137,Full PQ (ML-KEM-768 / ML-DSA-65),PCR_READ,4378,0x0000017e,0x00000000,20,62,1033337
137,Full PQ (ML-KEM-768 / ML-DSA-65),PCR_READ,4379,0x0000017e,0x00000000,20,62,1062516
137,Full PQ (ML-KEM-768 / ML-DSA-65),NONCE_RANDOM,4380,0x0000017b,0x00000000,12,44,1104748
137,Full PQ (ML-KEM-768 / ML-DSA-65),QUOTE,4381,0x00000158,0x00000000,105,3479,1369271
138,Full PQ (ML-KEM-768 / ML-DSA-65),EK_CREATE,4389,0x00000131,0x00000000,89,1392,1050757
138,Full PQ (ML-KEM-768 / ML-DSA-65),AK_CREATE,4390,0x00000131,0x00000000,88,2127,920905
138,Full PQ (ML-KEM-768 / ML-DSA-65),CREDENTIAL_RANDOM,4391,0x0000017b,0x00000000,12,44,950220
138,Full PQ (ML-KEM-768 / ML-DSA-65),MAKE_CREDENTIAL,4392,0x00000168,0x00000000,84,1170,1095742
138,Full PQ (ML-KEM-768 / ML-DSA-65),ACTIVATE_AUTH,4393,0x00000176,0x00000000,59,48,996196
138,Full PQ (ML-KEM-768 / ML-DSA-65),ACTIVATE_AUTH,4394,0x00000151,0x00000000,41,29,967161
138,Full PQ (ML-KEM-768 / ML-DSA-65),ACTIVATE_CREDENTIAL,4395,0x00000147,0x00000000,1296,122,1060686
138,Full PQ (ML-KEM-768 / ML-DSA-65),PCR_READ,4396,0x0000017e,0x00000000,20,62,924883
138,Full PQ (ML-KEM-768 / ML-DSA-65),PCR_READ,4397,0x0000017e,0x00000000,20,62,1074151
138,Full PQ (ML-KEM-768 / ML-DSA-65),PCR_READ,4398,0x0000017e,0x00000000,20,62,955640
138,Full PQ (ML-KEM-768 / ML-DSA-65),PCR_READ,4399,0x0000017e,0x00000000,20,62,944599
138,Full PQ (ML-KEM-768 / ML-DSA-65),PCR_READ,4400,0x0000017e,0x00000000,20,62,1048633
138,Full PQ (ML-KEM-768 / ML-DSA-65),PCR_READ,4401,0x0000017e,0x00000000,20,62,1076105
138,Full PQ (ML-KEM-768 / ML-DSA-65),PCR_READ,4402,0x0000017e,0x00000000,20,62,983673
138,Full PQ (ML-KEM-768 / ML-DSA-65),PCR_READ,4403,0x0000017e,0x00000000,20,62,923049
138,Full PQ (ML-KEM-768 / ML-DSA-65),PCR_READ,4404,0x0000017e,0x00000000,20,62,931155
138,Full PQ (ML-KEM-768 / ML-DSA-65),PCR_READ,4405,0x0000017e,0x00000000,20,62,1024809
138,Full PQ (ML-KEM-768 / ML-DSA-65),PCR_READ,4406,0x0000017e,0x00000000,20,62,1028585
138,Full PQ (ML-KEM-768 / ML-DSA-65),PCR_READ,4407,0x0000017e,0x00000000,20,62,1031742
138,Full PQ (ML-KEM-768 / ML-DSA-65),PCR_READ,4408,0x0000017e,0x00000000,20,62,1023657
138,Full PQ (ML-KEM-768 / ML-DSA-65),PCR_READ,4409,0x0000017e,0x00000000,20,62,1144061
138,Full PQ (ML-KEM-768 / ML-DSA-65),PCR_READ,4410,0x0000017e,0x00000000,20,62,1037252
138,Full PQ (ML-KEM-768 / ML-DSA-65),PCR_READ,4411,0x0000017e,0x00000000,20,62,1017796
138,Full PQ (ML-KEM-768 / ML-DSA-65),NONCE_RANDOM,4412,0x0000017b,0x00000000,12,44,1054374
138,Full PQ (ML-KEM-768 / ML-DSA-65),QUOTE,4413,0x00000158,0x00000000,105,3479,1317434
139,Full PQ (ML-KEM-768 / ML-DSA-65),EK_CREATE,4421,0x00000131,0x00000000,89,1392,1024449
139,Full PQ (ML-KEM-768 / ML-DSA-65),AK_CREATE,4422,0x00000131,0x00000000,88,2127,1075914
139,Full PQ (ML-KEM-768 / ML-DSA-65),CREDENTIAL_RANDOM,4423,0x0000017b,0x00000000,12,44,986288
139,Full PQ (ML-KEM-768 / ML-DSA-65),MAKE_CREDENTIAL,4424,0x00000168,0x00000000,84,1170,1217458
139,Full PQ (ML-KEM-768 / ML-DSA-65),ACTIVATE_AUTH,4425,0x00000176,0x00000000,59,48,1023176
139,Full PQ (ML-KEM-768 / ML-DSA-65),ACTIVATE_AUTH,4426,0x00000151,0x00000000,41,29,1072478
139,Full PQ (ML-KEM-768 / ML-DSA-65),ACTIVATE_CREDENTIAL,4427,0x00000147,0x00000000,1296,122,1110909
139,Full PQ (ML-KEM-768 / ML-DSA-65),PCR_READ,4428,0x0000017e,0x00000000,20,62,936003
139,Full PQ (ML-KEM-768 / ML-DSA-65),PCR_READ,4429,0x0000017e,0x00000000,20,62,958515
139,Full PQ (ML-KEM-768 / ML-DSA-65),PCR_READ,4430,0x0000017e,0x00000000,20,62,992339
139,Full PQ (ML-KEM-768 / ML-DSA-65),PCR_READ,4431,0x0000017e,0x00000000,20,62,1003198
139,Full PQ (ML-KEM-768 / ML-DSA-65),PCR_READ,4432,0x0000017e,0x00000000,20,62,1008589
139,Full PQ (ML-KEM-768 / ML-DSA-65),PCR_READ,4433,0x0000017e,0x00000000,20,62,979625
139,Full PQ (ML-KEM-768 / ML-DSA-65),PCR_READ,4434,0x0000017e,0x00000000,20,62,1023597
139,Full PQ (ML-KEM-768 / ML-DSA-65),PCR_READ,4435,0x0000017e,0x00000000,20,62,955390
139,Full PQ (ML-KEM-768 / ML-DSA-65),PCR_READ,4436,0x0000017e,0x00000000,20,62,1015532
139,Full PQ (ML-KEM-768 / ML-DSA-65),PCR_READ,4437,0x0000017e,0x00000000,20,62,961160
139,Full PQ (ML-KEM-768 / ML-DSA-65),PCR_READ,4438,0x0000017e,0x00000000,20,62,996206
139,Full PQ (ML-KEM-768 / ML-DSA-65),PCR_READ,4439,0x0000017e,0x00000000,20,62,974204
139,Full PQ (ML-KEM-768 / ML-DSA-65),PCR_READ,4440,0x0000017e,0x00000000,20,62,1016514
139,Full PQ (ML-KEM-768 / ML-DSA-65),PCR_READ,4441,0x0000017e,0x00000000,20,62,984264
139,Full PQ (ML-KEM-768 / ML-DSA-65),PCR_READ,4442,0x0000017e,0x00000000,20,62,1051409
139,Full PQ (ML-KEM-768 / ML-DSA-65),PCR_READ,4443,0x0000017e,0x00000000,20,62,958886
139,Full PQ (ML-KEM-768 / ML-DSA-65),NONCE_RANDOM,4444,0x0000017b,0x00000000,12,44,933579
139,Full PQ (ML-KEM-768 / ML-DSA-65),QUOTE,4445,0x00000158,0x00000000,105,3479,1359673
140,Full PQ (ML-KEM-768 / ML-DSA-65),EK_CREATE,4453,0x00000131,0x00000000,89,1392,1263444
140,Full PQ (ML-KEM-768 / ML-DSA-65),AK_CREATE,4454,0x00000131,0x00000000,88,2127,1194886
140,Full PQ (ML-KEM-768 / ML-DSA-65),CREDENTIAL_RANDOM,4455,0x0000017b,0x00000000,12,44,992990
140,Full PQ (ML-KEM-768 / ML-DSA-65),MAKE_CREDENTIAL,4456,0x00000168,0x00000000,84,1170,1104537
140,Full PQ (ML-KEM-768 / ML-DSA-65),ACTIVATE_AUTH,4457,0x00000176,0x00000000,59,48,948938
140,Full PQ (ML-KEM-768 / ML-DSA-65),ACTIVATE_AUTH,4458,0x00000151,0x00000000,41,29,966710
140,Full PQ (ML-KEM-768 / ML-DSA-65),ACTIVATE_CREDENTIAL,4459,0x00000147,0x00000000,1296,122,1066857
140,Full PQ (ML-KEM-768 / ML-DSA-65),PCR_READ,4460,0x0000017e,0x00000000,20,62,954898
140,Full PQ (ML-KEM-768 / ML-DSA-65),PCR_READ,4461,0x0000017e,0x00000000,20,62,1007987
140,Full PQ (ML-KEM-768 / ML-DSA-65),PCR_READ,4462,0x0000017e,0x00000000,20,62,1002568
140,Full PQ (ML-KEM-768 / ML-DSA-65),PCR_READ,4463,0x0000017e,0x00000000,20,62,1016113
140,Full PQ (ML-KEM-768 / ML-DSA-65),PCR_READ,4464,0x0000017e,0x00000000,20,62,991256
140,Full PQ (ML-KEM-768 / ML-DSA-65),PCR_READ,4465,0x0000017e,0x00000000,20,62,1038604
140,Full PQ (ML-KEM-768 / ML-DSA-65),PCR_READ,4466,0x0000017e,0x00000000,20,62,1023697
140,Full PQ (ML-KEM-768 / ML-DSA-65),PCR_READ,4467,0x0000017e,0x00000000,20,62,1007827
140,Full PQ (ML-KEM-768 / ML-DSA-65),PCR_READ,4468,0x0000017e,0x00000000,20,62,1054995
140,Full PQ (ML-KEM-768 / ML-DSA-65),PCR_READ,4469,0x0000017e,0x00000000,20,62,1030048
140,Full PQ (ML-KEM-768 / ML-DSA-65),PCR_READ,4470,0x0000017e,0x00000000,20,62,996085
140,Full PQ (ML-KEM-768 / ML-DSA-65),PCR_READ,4471,0x0000017e,0x00000000,20,62,967512
140,Full PQ (ML-KEM-768 / ML-DSA-65),PCR_READ,4472,0x0000017e,0x00000000,20,62,1087686
140,Full PQ (ML-KEM-768 / ML-DSA-65),PCR_READ,4473,0x0000017e,0x00000000,20,62,1194375
140,Full PQ (ML-KEM-768 / ML-DSA-65),PCR_READ,4474,0x0000017e,0x00000000,20,62,981889
140,Full PQ (ML-KEM-768 / ML-DSA-65),PCR_READ,4475,0x0000017e,0x00000000,20,62,1016724
140,Full PQ (ML-KEM-768 / ML-DSA-65),NONCE_RANDOM,4476,0x0000017b,0x00000000,12,44,990094
140,Full PQ (ML-KEM-768 / ML-DSA-65),QUOTE,4477,0x00000158,0x00000000,105,3479,1272250
141,Full PQ (ML-KEM-768 / ML-DSA-65),EK_CREATE,4485,0x00000131,0x00000000,89,1392,1051329
141,Full PQ (ML-KEM-768 / ML-DSA-65),AK_CREATE,4486,0x00000131,0x00000000,88,2127,1095230
141,Full PQ (ML-KEM-768 / ML-DSA-65),CREDENTIAL_RANDOM,4487,0x0000017b,0x00000000,12,44,1002938
141,Full PQ (ML-KEM-768 / ML-DSA-65),MAKE_CREDENTIAL,4488,0x00000168,0x00000000,84,1170,1102715
141,Full PQ (ML-KEM-768 / ML-DSA-65),ACTIVATE_AUTH,4489,0x00000176,0x00000000,59,48,994472
141,Full PQ (ML-KEM-768 / ML-DSA-65),ACTIVATE_AUTH,4490,0x00000151,0x00000000,41,29,1034718
141,Full PQ (ML-KEM-768 / ML-DSA-65),ACTIVATE_CREDENTIAL,4491,0x00000147,0x00000000,1296,122,1094468
141,Full PQ (ML-KEM-768 / ML-DSA-65),PCR_READ,4492,0x0000017e,0x00000000,20,62,1025541
141,Full PQ (ML-KEM-768 / ML-DSA-65),PCR_READ,4493,0x0000017e,0x00000000,20,62,959738
141,Full PQ (ML-KEM-768 / ML-DSA-65),PCR_READ,4494,0x0000017e,0x00000000,20,62,962102
141,Full PQ (ML-KEM-768 / ML-DSA-65),PCR_READ,4495,0x0000017e,0x00000000,20,62,1013668
141,Full PQ (ML-KEM-768 / ML-DSA-65),PCR_READ,4496,0x0000017e,0x00000000,20,62,1063160
141,Full PQ (ML-KEM-768 / ML-DSA-65),PCR_READ,4497,0x0000017e,0x00000000,20,62,941013
141,Full PQ (ML-KEM-768 / ML-DSA-65),PCR_READ,4498,0x0000017e,0x00000000,20,62,1016243
141,Full PQ (ML-KEM-768 / ML-DSA-65),PCR_READ,4499,0x0000017e,0x00000000,20,62,1000373
141,Full PQ (ML-KEM-768 / ML-DSA-65),PCR_READ,4500,0x0000017e,0x00000000,20,62,1095261
141,Full PQ (ML-KEM-768 / ML-DSA-65),PCR_READ,4501,0x0000017e,0x00000000,20,62,951152
141,Full PQ (ML-KEM-768 / ML-DSA-65),PCR_READ,4502,0x0000017e,0x00000000,20,62,974235
141,Full PQ (ML-KEM-768 / ML-DSA-65),PCR_READ,4503,0x0000017e,0x00000000,20,62,989032
141,Full PQ (ML-KEM-768 / ML-DSA-65),PCR_READ,4504,0x0000017e,0x00000000,20,62,959988
141,Full PQ (ML-KEM-768 / ML-DSA-65),PCR_READ,4505,0x0000017e,0x00000000,20,62,1003700
141,Full PQ (ML-KEM-768 / ML-DSA-65),PCR_READ,4506,0x0000017e,0x00000000,20,62,1052350
141,Full PQ (ML-KEM-768 / ML-DSA-65),PCR_READ,4507,0x0000017e,0x00000000,20,62,1016002
141,Full PQ (ML-KEM-768 / ML-DSA-65),NONCE_RANDOM,4508,0x0000017b,0x00000000,12,44,1129564
141,Full PQ (ML-KEM-768 / ML-DSA-65),QUOTE,4509,0x00000158,0x00000000,105,3479,1501196
142,Full PQ (ML-KEM-768 / ML-DSA-65),EK_CREATE,4517,0x00000131,0x00000000,89,1392,983912
142,Full PQ (ML-KEM-768 / ML-DSA-65),AK_CREATE,4518,0x00000131,0x00000000,88,2127,1077738
142,Full PQ (ML-KEM-768 / ML-DSA-65),CREDENTIAL_RANDOM,4519,0x0000017b,0x00000000,12,44,1033795
142,Full PQ (ML-KEM-768 / ML-DSA-65),MAKE_CREDENTIAL,4520,0x00000168,0x00000000,84,1170,1069272
142,Full PQ (ML-KEM-768 / ML-DSA-65),ACTIVATE_AUTH,4521,0x00000176,0x00000000,59,48,1028967
142,Full PQ (ML-KEM-768 / ML-DSA-65),ACTIVATE_AUTH,4522,0x00000151,0x00000000,41,29,1011814
142,Full PQ (ML-KEM-768 / ML-DSA-65),ACTIVATE_CREDENTIAL,4523,0x00000147,0x00000000,1296,122,1068430
142,Full PQ (ML-KEM-768 / ML-DSA-65),PCR_READ,4524,0x0000017e,0x00000000,20,62,999722
142,Full PQ (ML-KEM-768 / ML-DSA-65),PCR_READ,4525,0x0000017e,0x00000000,20,62,1024428
142,Full PQ (ML-KEM-768 / ML-DSA-65),PCR_READ,4526,0x0000017e,0x00000000,20,62,963304
142,Full PQ (ML-KEM-768 / ML-DSA-65),PCR_READ,4527,0x0000017e,0x00000000,20,62,964677
142,Full PQ (ML-KEM-768 / ML-DSA-65),PCR_READ,4528,0x0000017e,0x00000000,20,62,986277
142,Full PQ (ML-KEM-768 / ML-DSA-65),PCR_READ,4529,0x0000017e,0x00000000,20,62,1052070
142,Full PQ (ML-KEM-768 / ML-DSA-65),PCR_READ,4530,0x0000017e,0x00000000,20,62,1068100
142,Full PQ (ML-KEM-768 / ML-DSA-65),PCR_READ,4531,0x0000017e,0x00000000,20,62,992338
142,Full PQ (ML-KEM-768 / ML-DSA-65),PCR_READ,4532,0x0000017e,0x00000000,20,62,990004
142,Full PQ (ML-KEM-768 / ML-DSA-65),PCR_READ,4533,0x0000017e,0x00000000,20,62,1010953
142,Full PQ (ML-KEM-768 / ML-DSA-65),PCR_READ,4534,0x0000017e,0x00000000,20,62,977541
142,Full PQ (ML-KEM-768 / ML-DSA-65),PCR_READ,4535,0x0000017e,0x00000000,20,62,1007420
142,Full PQ (ML-KEM-768 / ML-DSA-65),PCR_READ,4536,0x0000017e,0x00000000,20,62,951630
142,Full PQ (ML-KEM-768 / ML-DSA-65),PCR_READ,4537,0x0000017e,0x00000000,20,62,1220203
142,Full PQ (ML-KEM-768 / ML-DSA-65),PCR_READ,4538,0x0000017e,0x00000000,20,62,1181040
142,Full PQ (ML-KEM-768 / ML-DSA-65),PCR_READ,4539,0x0000017e,0x00000000,20,62,1634698
142,Full PQ (ML-KEM-768 / ML-DSA-65),NONCE_RANDOM,4540,0x0000017b,0x00000000,12,44,1199892
142,Full PQ (ML-KEM-768 / ML-DSA-65),QUOTE,4541,0x00000158,0x00000000,105,3479,1301274
143,Full PQ (ML-KEM-768 / ML-DSA-65),EK_CREATE,4549,0x00000131,0x00000000,89,1392,1026382
143,Full PQ (ML-KEM-768 / ML-DSA-65),AK_CREATE,4550,0x00000131,0x00000000,88,2127,1012506
143,Full PQ (ML-KEM-768 / ML-DSA-65),CREDENTIAL_RANDOM,4551,0x0000017b,0x00000000,12,44,972571
143,Full PQ (ML-KEM-768 / ML-DSA-65),MAKE_CREDENTIAL,4552,0x00000168,0x00000000,84,1170,1092605
143,Full PQ (ML-KEM-768 / ML-DSA-65),ACTIVATE_AUTH,4553,0x00000176,0x00000000,59,48,1138561
143,Full PQ (ML-KEM-768 / ML-DSA-65),ACTIVATE_AUTH,4554,0x00000151,0x00000000,41,29,1085703
143,Full PQ (ML-KEM-768 / ML-DSA-65),ACTIVATE_CREDENTIAL,4555,0x00000147,0x00000000,1296,122,1198041
143,Full PQ (ML-KEM-768 / ML-DSA-65),PCR_READ,4556,0x0000017e,0x00000000,20,62,1105409
143,Full PQ (ML-KEM-768 / ML-DSA-65),PCR_READ,4557,0x0000017e,0x00000000,20,62,1022555
143,Full PQ (ML-KEM-768 / ML-DSA-65),PCR_READ,4558,0x0000017e,0x00000000,20,62,1036480
143,Full PQ (ML-KEM-768 / ML-DSA-65),PCR_READ,4559,0x0000017e,0x00000000,20,62,981638
143,Full PQ (ML-KEM-768 / ML-DSA-65),PCR_READ,4560,0x0000017e,0x00000000,20,62,1047532
143,Full PQ (ML-KEM-768 / ML-DSA-65),PCR_READ,4561,0x0000017e,0x00000000,20,62,973483
143,Full PQ (ML-KEM-768 / ML-DSA-65),PCR_READ,4562,0x0000017e,0x00000000,20,62,971830
143,Full PQ (ML-KEM-768 / ML-DSA-65),PCR_READ,4563,0x0000017e,0x00000000,20,62,986768
143,Full PQ (ML-KEM-768 / ML-DSA-65),PCR_READ,4564,0x0000017e,0x00000000,20,62,1082787
143,Full PQ (ML-KEM-768 / ML-DSA-65),PCR_READ,4565,0x0000017e,0x00000000,20,62,1036250
143,Full PQ (ML-KEM-768 / ML-DSA-65),PCR_READ,4566,0x0000017e,0x00000000,20,62,1009250
143,Full PQ (ML-KEM-768 / ML-DSA-65),PCR_READ,4567,0x0000017e,0x00000000,20,62,996487
143,Full PQ (ML-KEM-768 / ML-DSA-65),PCR_READ,4568,0x0000017e,0x00000000,20,62,954608
143,Full PQ (ML-KEM-768 / ML-DSA-65),PCR_READ,4569,0x0000017e,0x00000000,20,62,996115
143,Full PQ (ML-KEM-768 / ML-DSA-65),PCR_READ,4570,0x0000017e,0x00000000,20,62,952825
143,Full PQ (ML-KEM-768 / ML-DSA-65),PCR_READ,4571,0x0000017e,0x00000000,20,62,996396
143,Full PQ (ML-KEM-768 / ML-DSA-65),NONCE_RANDOM,4572,0x0000017b,0x00000000,12,44,1018327
143,Full PQ (ML-KEM-768 / ML-DSA-65),QUOTE,4573,0x00000158,0x00000000,105,3479,1402963
144,Full PQ (ML-KEM-768 / ML-DSA-65),EK_CREATE,4581,0x00000131,0x00000000,89,1392,1083798
144,Full PQ (ML-KEM-768 / ML-DSA-65),AK_CREATE,4582,0x00000131,0x00000000,88,2127,1092926
144,Full PQ (ML-KEM-768 / ML-DSA-65),CREDENTIAL_RANDOM,4583,0x0000017b,0x00000000,12,44,1005764
144,Full PQ (ML-KEM-768 / ML-DSA-65),MAKE_CREDENTIAL,4584,0x00000168,0x00000000,84,1170,1115458
144,Full PQ (ML-KEM-768 / ML-DSA-65),ACTIVATE_AUTH,4585,0x00000176,0x00000000,59,48,1101552
144,Full PQ (ML-KEM-768 / ML-DSA-65),ACTIVATE_AUTH,4586,0x00000151,0x00000000,41,29,1071145
144,Full PQ (ML-KEM-768 / ML-DSA-65),ACTIVATE_CREDENTIAL,4587,0x00000147,0x00000000,1296,122,1109366
144,Full PQ (ML-KEM-768 / ML-DSA-65),PCR_READ,4588,0x0000017e,0x00000000,20,62,1102323
144,Full PQ (ML-KEM-768 / ML-DSA-65),PCR_READ,4589,0x0000017e,0x00000000,20,62,1065495
144,Full PQ (ML-KEM-768 / ML-DSA-65),PCR_READ,4590,0x0000017e,0x00000000,20,62,1008478
144,Full PQ (ML-KEM-768 / ML-DSA-65),PCR_READ,4591,0x0000017e,0x00000000,20,62,1005263
144,Full PQ (ML-KEM-768 / ML-DSA-65),PCR_READ,4592,0x0000017e,0x00000000,20,62,950380
144,Full PQ (ML-KEM-768 / ML-DSA-65),PCR_READ,4593,0x0000017e,0x00000000,20,62,1018738
144,Full PQ (ML-KEM-768 / ML-DSA-65),PCR_READ,4594,0x0000017e,0x00000000,20,62,1115759
144,Full PQ (ML-KEM-768 / ML-DSA-65),PCR_READ,4595,0x0000017e,0x00000000,20,62,993301
144,Full PQ (ML-KEM-768 / ML-DSA-65),PCR_READ,4596,0x0000017e,0x00000000,20,62,987919
144,Full PQ (ML-KEM-768 / ML-DSA-65),PCR_READ,4597,0x0000017e,0x00000000,20,62,1053672
144,Full PQ (ML-KEM-768 / ML-DSA-65),PCR_READ,4598,0x0000017e,0x00000000,20,62,1029007
144,Full PQ (ML-KEM-768 / ML-DSA-65),PCR_READ,4599,0x0000017e,0x00000000,20,62,984223
144,Full PQ (ML-KEM-768 / ML-DSA-65),PCR_READ,4600,0x0000017e,0x00000000,20,62,974746
144,Full PQ (ML-KEM-768 / ML-DSA-65),PCR_READ,4601,0x0000017e,0x00000000,20,62,1059564
144,Full PQ (ML-KEM-768 / ML-DSA-65),PCR_READ,4602,0x0000017e,0x00000000,20,62,1004281
144,Full PQ (ML-KEM-768 / ML-DSA-65),PCR_READ,4603,0x0000017e,0x00000000,20,62,1028846
144,Full PQ (ML-KEM-768 / ML-DSA-65),NONCE_RANDOM,4604,0x0000017b,0x00000000,12,44,1055185
144,Full PQ (ML-KEM-768 / ML-DSA-65),QUOTE,4605,0x00000158,0x00000000,105,3479,1466441
145,Full PQ (ML-KEM-768 / ML-DSA-65),EK_CREATE,4613,0x00000131,0x00000000,89,1392,1099558
145,Full PQ (ML-KEM-768 / ML-DSA-65),AK_CREATE,4614,0x00000131,0x00000000,88,2127,997789
145,Full PQ (ML-KEM-768 / ML-DSA-65),CREDENTIAL_RANDOM,4615,0x0000017b,0x00000000,12,44,1039597
145,Full PQ (ML-KEM-768 / ML-DSA-65),MAKE_CREDENTIAL,4616,0x00000168,0x00000000,84,1170,1127250
145,Full PQ (ML-KEM-768 / ML-DSA-65),ACTIVATE_AUTH,4617,0x00000176,0x00000000,59,48,982100
145,Full PQ (ML-KEM-768 / ML-DSA-65),ACTIVATE_AUTH,4618,0x00000151,0x00000000,41,29,1018898
145,Full PQ (ML-KEM-768 / ML-DSA-65),ACTIVATE_CREDENTIAL,4619,0x00000147,0x00000000,1296,122,1049455
145,Full PQ (ML-KEM-768 / ML-DSA-65),PCR_READ,4620,0x0000017e,0x00000000,20,62,1047121
145,Full PQ (ML-KEM-768 / ML-DSA-65),PCR_READ,4621,0x0000017e,0x00000000,20,62,1059584
145,Full PQ (ML-KEM-768 / ML-DSA-65),PCR_READ,4622,0x0000017e,0x00000000,20,62,999171
145,Full PQ (ML-KEM-768 / ML-DSA-65),PCR_READ,4623,0x0000017e,0x00000000,20,62,1006007
145,Full PQ (ML-KEM-768 / ML-DSA-65),PCR_READ,4624,0x0000017e,0x00000000,20,62,1124883
145,Full PQ (ML-KEM-768 / ML-DSA-65),PCR_READ,4625,0x0000017e,0x00000000,20,62,975828
145,Full PQ (ML-KEM-768 / ML-DSA-65),PCR_READ,4626,0x0000017e,0x00000000,20,62,1059724
145,Full PQ (ML-KEM-768 / ML-DSA-65),PCR_READ,4627,0x0000017e,0x00000000,20,62,1054495
145,Full PQ (ML-KEM-768 / ML-DSA-65),PCR_READ,4628,0x0000017e,0x00000000,20,62,1082687
145,Full PQ (ML-KEM-768 / ML-DSA-65),PCR_READ,4629,0x0000017e,0x00000000,20,62,982520
145,Full PQ (ML-KEM-768 / ML-DSA-65),PCR_READ,4630,0x0000017e,0x00000000,20,62,994943
145,Full PQ (ML-KEM-768 / ML-DSA-65),PCR_READ,4631,0x0000017e,0x00000000,20,62,1097424
145,Full PQ (ML-KEM-768 / ML-DSA-65),PCR_READ,4632,0x0000017e,0x00000000,20,62,996657
145,Full PQ (ML-KEM-768 / ML-DSA-65),PCR_READ,4633,0x0000017e,0x00000000,20,62,961902
145,Full PQ (ML-KEM-768 / ML-DSA-65),PCR_READ,4634,0x0000017e,0x00000000,20,62,1008588
145,Full PQ (ML-KEM-768 / ML-DSA-65),PCR_READ,4635,0x0000017e,0x00000000,20,62,1069643
145,Full PQ (ML-KEM-768 / ML-DSA-65),NONCE_RANDOM,4636,0x0000017b,0x00000000,12,44,982860
145,Full PQ (ML-KEM-768 / ML-DSA-65),QUOTE,4637,0x00000158,0x00000000,105,3479,1323736
146,Full PQ (ML-KEM-768 / ML-DSA-65),EK_CREATE,4645,0x00000131,0x00000000,89,1392,1094629
146,Full PQ (ML-KEM-768 / ML-DSA-65),AK_CREATE,4646,0x00000131,0x00000000,88,2127,1091803
146,Full PQ (ML-KEM-768 / ML-DSA-65),CREDENTIAL_RANDOM,4647,0x0000017b,0x00000000,12,44,1050216
146,Full PQ (ML-KEM-768 / ML-DSA-65),MAKE_CREDENTIAL,4648,0x00000168,0x00000000,84,1170,1144265
146,Full PQ (ML-KEM-768 / ML-DSA-65),ACTIVATE_AUTH,4649,0x00000176,0x00000000,59,48,1032350
146,Full PQ (ML-KEM-768 / ML-DSA-65),ACTIVATE_AUTH,4650,0x00000151,0x00000000,41,29,1030449
146,Full PQ (ML-KEM-768 / ML-DSA-65),ACTIVATE_CREDENTIAL,4651,0x00000147,0x00000000,1296,122,1115668
146,Full PQ (ML-KEM-768 / ML-DSA-65),PCR_READ,4652,0x0000017e,0x00000000,20,62,1041530
146,Full PQ (ML-KEM-768 / ML-DSA-65),PCR_READ,4653,0x0000017e,0x00000000,20,62,1025981
146,Full PQ (ML-KEM-768 / ML-DSA-65),PCR_READ,4654,0x0000017e,0x00000000,20,62,1021573
146,Full PQ (ML-KEM-768 / ML-DSA-65),PCR_READ,4655,0x0000017e,0x00000000,20,62,1030078
146,Full PQ (ML-KEM-768 / ML-DSA-65),PCR_READ,4656,0x0000017e,0x00000000,20,62,1084440
146,Full PQ (ML-KEM-768 / ML-DSA-65),PCR_READ,4657,0x0000017e,0x00000000,20,62,1154774
146,Full PQ (ML-KEM-768 / ML-DSA-65),PCR_READ,4658,0x0000017e,0x00000000,20,62,1127999
146,Full PQ (ML-KEM-768 / ML-DSA-65),PCR_READ,4659,0x0000017e,0x00000000,20,62,1211686
146,Full PQ (ML-KEM-768 / ML-DSA-65),PCR_READ,4660,0x0000017e,0x00000000,20,62,1107864
146,Full PQ (ML-KEM-768 / ML-DSA-65),PCR_READ,4661,0x0000017e,0x00000000,20,62,1094078
146,Full PQ (ML-KEM-768 / ML-DSA-65),PCR_READ,4662,0x0000017e,0x00000000,20,62,1046248
146,Full PQ (ML-KEM-768 / ML-DSA-65),PCR_READ,4663,0x0000017e,0x00000000,20,62,1021693
146,Full PQ (ML-KEM-768 / ML-DSA-65),PCR_READ,4664,0x0000017e,0x00000000,20,62,1038756
146,Full PQ (ML-KEM-768 / ML-DSA-65),PCR_READ,4665,0x0000017e,0x00000000,20,62,1153388
146,Full PQ (ML-KEM-768 / ML-DSA-65),PCR_READ,4666,0x0000017e,0x00000000,20,62,1133571
146,Full PQ (ML-KEM-768 / ML-DSA-65),PCR_READ,4667,0x0000017e,0x00000000,20,62,1203171
146,Full PQ (ML-KEM-768 / ML-DSA-65),NONCE_RANDOM,4668,0x0000017b,0x00000000,12,44,1069843
146,Full PQ (ML-KEM-768 / ML-DSA-65),QUOTE,4669,0x00000158,0x00000000,105,3479,1322534
147,Full PQ (ML-KEM-768 / ML-DSA-65),EK_CREATE,4677,0x00000131,0x00000000,89,1392,1083237
147,Full PQ (ML-KEM-768 / ML-DSA-65),AK_CREATE,4678,0x00000131,0x00000000,88,2127,1089329
147,Full PQ (ML-KEM-768 / ML-DSA-65),CREDENTIAL_RANDOM,4679,0x0000017b,0x00000000,12,44,1105469
147,Full PQ (ML-KEM-768 / ML-DSA-65),MAKE_CREDENTIAL,4680,0x00000168,0x00000000,84,1170,1041370
147,Full PQ (ML-KEM-768 / ML-DSA-65),ACTIVATE_AUTH,4681,0x00000176,0x00000000,59,48,999422
147,Full PQ (ML-KEM-768 / ML-DSA-65),ACTIVATE_AUTH,4682,0x00000151,0x00000000,41,29,990505
147,Full PQ (ML-KEM-768 / ML-DSA-65),ACTIVATE_CREDENTIAL,4683,0x00000147,0x00000000,1296,122,1070865
147,Full PQ (ML-KEM-768 / ML-DSA-65),PCR_READ,4684,0x0000017e,0x00000000,20,62,1014861
147,Full PQ (ML-KEM-768 / ML-DSA-65),PCR_READ,4685,0x0000017e,0x00000000,20,62,994242
147,Full PQ (ML-KEM-768 / ML-DSA-65),PCR_READ,4686,0x0000017e,0x00000000,20,62,987188
147,Full PQ (ML-KEM-768 / ML-DSA-65),PCR_READ,4687,0x0000017e,0x00000000,20,62,1058282
147,Full PQ (ML-KEM-768 / ML-DSA-65),PCR_READ,4688,0x0000017e,0x00000000,20,62,1012796
147,Full PQ (ML-KEM-768 / ML-DSA-65),PCR_READ,4689,0x0000017e,0x00000000,20,62,994032
147,Full PQ (ML-KEM-768 / ML-DSA-65),PCR_READ,4690,0x0000017e,0x00000000,20,62,1031411
147,Full PQ (ML-KEM-768 / ML-DSA-65),PCR_READ,4691,0x0000017e,0x00000000,20,62,1028225
147,Full PQ (ML-KEM-768 / ML-DSA-65),PCR_READ,4692,0x0000017e,0x00000000,20,62,1040058
147,Full PQ (ML-KEM-768 / ML-DSA-65),PCR_READ,4693,0x0000017e,0x00000000,20,62,945391
147,Full PQ (ML-KEM-768 / ML-DSA-65),PCR_READ,4694,0x0000017e,0x00000000,20,62,987931
147,Full PQ (ML-KEM-768 / ML-DSA-65),PCR_READ,4695,0x0000017e,0x00000000,20,62,1075934
147,Full PQ (ML-KEM-768 / ML-DSA-65),PCR_READ,4696,0x0000017e,0x00000000,20,62,1064813
147,Full PQ (ML-KEM-768 / ML-DSA-65),PCR_READ,4697,0x0000017e,0x00000000,20,62,1012917
147,Full PQ (ML-KEM-768 / ML-DSA-65),PCR_READ,4698,0x0000017e,0x00000000,20,62,1061608
147,Full PQ (ML-KEM-768 / ML-DSA-65),PCR_READ,4699,0x0000017e,0x00000000,20,62,1077377
147,Full PQ (ML-KEM-768 / ML-DSA-65),NONCE_RANDOM,4700,0x0000017b,0x00000000,12,44,1028355
147,Full PQ (ML-KEM-768 / ML-DSA-65),QUOTE,4701,0x00000158,0x00000000,105,3479,1385230
148,Full PQ (ML-KEM-768 / ML-DSA-65),EK_CREATE,4709,0x00000131,0x00000000,89,1392,1163166
148,Full PQ (ML-KEM-768 / ML-DSA-65),AK_CREATE,4710,0x00000131,0x00000000,88,2127,1083782
148,Full PQ (ML-KEM-768 / ML-DSA-65),CREDENTIAL_RANDOM,4711,0x0000017b,0x00000000,12,44,960005
148,Full PQ (ML-KEM-768 / ML-DSA-65),MAKE_CREDENTIAL,4712,0x00000168,0x00000000,84,1170,1113814
148,Full PQ (ML-KEM-768 / ML-DSA-65),ACTIVATE_AUTH,4713,0x00000176,0x00000000,59,48,999482
148,Full PQ (ML-KEM-768 / ML-DSA-65),ACTIVATE_AUTH,4714,0x00000151,0x00000000,41,29,980436
148,Full PQ (ML-KEM-768 / ML-DSA-65),ACTIVATE_CREDENTIAL,4715,0x00000147,0x00000000,1296,122,1078779
148,Full PQ (ML-KEM-768 / ML-DSA-65),PCR_READ,4716,0x0000017e,0x00000000,20,62,1029107
148,Full PQ (ML-KEM-768 / ML-DSA-65),PCR_READ,4717,0x0000017e,0x00000000,20,62,1010251
148,Full PQ (ML-KEM-768 / ML-DSA-65),PCR_READ,4718,0x0000017e,0x00000000,20,62,967883
148,Full PQ (ML-KEM-768 / ML-DSA-65),PCR_READ,4719,0x0000017e,0x00000000,20,62,994974
148,Full PQ (ML-KEM-768 / ML-DSA-65),PCR_READ,4720,0x0000017e,0x00000000,20,62,988431
148,Full PQ (ML-KEM-768 / ML-DSA-65),PCR_READ,4721,0x0000017e,0x00000000,20,62,938949
148,Full PQ (ML-KEM-768 / ML-DSA-65),PCR_READ,4722,0x0000017e,0x00000000,20,62,1029457
148,Full PQ (ML-KEM-768 / ML-DSA-65),PCR_READ,4723,0x0000017e,0x00000000,20,62,1062570
148,Full PQ (ML-KEM-768 / ML-DSA-65),PCR_READ,4724,0x0000017e,0x00000000,20,62,1039716
148,Full PQ (ML-KEM-768 / ML-DSA-65),PCR_READ,4725,0x0000017e,0x00000000,20,62,987880
148,Full PQ (ML-KEM-768 / ML-DSA-65),PCR_READ,4726,0x0000017e,0x00000000,20,62,1019850
148,Full PQ (ML-KEM-768 / ML-DSA-65),PCR_READ,4727,0x0000017e,0x00000000,20,62,1099418
148,Full PQ (ML-KEM-768 / ML-DSA-65),PCR_READ,4728,0x0000017e,0x00000000,20,62,1079144
148,Full PQ (ML-KEM-768 / ML-DSA-65),PCR_READ,4729,0x0000017e,0x00000000,20,62,1040839
148,Full PQ (ML-KEM-768 / ML-DSA-65),PCR_READ,4730,0x0000017e,0x00000000,20,62,1052658
148,Full PQ (ML-KEM-768 / ML-DSA-65),PCR_READ,4731,0x0000017e,0x00000000,20,62,1041390
148,Full PQ (ML-KEM-768 / ML-DSA-65),NONCE_RANDOM,4732,0x0000017b,0x00000000,12,44,1001145
148,Full PQ (ML-KEM-768 / ML-DSA-65),QUOTE,4733,0x00000158,0x00000000,105,3479,1333614
149,Full PQ (ML-KEM-768 / ML-DSA-65),EK_CREATE,4741,0x00000131,0x00000000,89,1392,1172263
149,Full PQ (ML-KEM-768 / ML-DSA-65),AK_CREATE,4742,0x00000131,0x00000000,88,2127,1068881
149,Full PQ (ML-KEM-768 / ML-DSA-65),CREDENTIAL_RANDOM,4743,0x0000017b,0x00000000,12,44,1023156
149,Full PQ (ML-KEM-768 / ML-DSA-65),MAKE_CREDENTIAL,4744,0x00000168,0x00000000,84,1170,1107562
149,Full PQ (ML-KEM-768 / ML-DSA-65),ACTIVATE_AUTH,4745,0x00000176,0x00000000,59,48,1052851
149,Full PQ (ML-KEM-768 / ML-DSA-65),ACTIVATE_AUTH,4746,0x00000151,0x00000000,41,29,1047231
149,Full PQ (ML-KEM-768 / ML-DSA-65),ACTIVATE_CREDENTIAL,4747,0x00000147,0x00000000,1296,122,1151225
149,Full PQ (ML-KEM-768 / ML-DSA-65),PCR_READ,4748,0x0000017e,0x00000000,20,62,1290494
149,Full PQ (ML-KEM-768 / ML-DSA-65),PCR_READ,4749,0x0000017e,0x00000000,20,62,1113304
149,Full PQ (ML-KEM-768 / ML-DSA-65),PCR_READ,4750,0x0000017e,0x00000000,20,62,1045010
149,Full PQ (ML-KEM-768 / ML-DSA-65),PCR_READ,4751,0x0000017e,0x00000000,20,62,1085459
149,Full PQ (ML-KEM-768 / ML-DSA-65),PCR_READ,4752,0x0000017e,0x00000000,20,62,1254777
149,Full PQ (ML-KEM-768 / ML-DSA-65),PCR_READ,4753,0x0000017e,0x00000000,20,62,1378958
149,Full PQ (ML-KEM-768 / ML-DSA-65),PCR_READ,4754,0x0000017e,0x00000000,20,62,1216807
149,Full PQ (ML-KEM-768 / ML-DSA-65),PCR_READ,4755,0x0000017e,0x00000000,20,62,1209052
149,Full PQ (ML-KEM-768 / ML-DSA-65),PCR_READ,4756,0x0000017e,0x00000000,20,62,1111240
149,Full PQ (ML-KEM-768 / ML-DSA-65),PCR_READ,4757,0x0000017e,0x00000000,20,62,1108655
149,Full PQ (ML-KEM-768 / ML-DSA-65),PCR_READ,4758,0x0000017e,0x00000000,20,62,1120997
149,Full PQ (ML-KEM-768 / ML-DSA-65),PCR_READ,4759,0x0000017e,0x00000000,20,62,993029
149,Full PQ (ML-KEM-768 / ML-DSA-65),PCR_READ,4760,0x0000017e,0x00000000,20,62,1121429
149,Full PQ (ML-KEM-768 / ML-DSA-65),PCR_READ,4761,0x0000017e,0x00000000,20,62,1094855
149,Full PQ (ML-KEM-768 / ML-DSA-65),PCR_READ,4762,0x0000017e,0x00000000,20,62,1175023
149,Full PQ (ML-KEM-768 / ML-DSA-65),PCR_READ,4763,0x0000017e,0x00000000,20,62,1052631
149,Full PQ (ML-KEM-768 / ML-DSA-65),NONCE_RANDOM,4764,0x0000017b,0x00000000,12,44,1199477
149,Full PQ (ML-KEM-768 / ML-DSA-65),QUOTE,4765,0x00000158,0x00000000,105,3479,1517777
150,Full PQ (ML-KEM-768 / ML-DSA-65),EK_CREATE,4773,0x00000131,0x00000000,89,1392,1151686
150,Full PQ (ML-KEM-768 / ML-DSA-65),AK_CREATE,4774,0x00000131,0x00000000,88,2127,1270446
150,Full PQ (ML-KEM-768 / ML-DSA-65),CREDENTIAL_RANDOM,4775,0x0000017b,0x00000000,12,44,1107893
150,Full PQ (ML-KEM-768 / ML-DSA-65),MAKE_CREDENTIAL,4776,0x00000168,0x00000000,84,1170,1251561
150,Full PQ (ML-KEM-768 / ML-DSA-65),ACTIVATE_AUTH,4777,0x00000176,0x00000000,59,48,1054475
150,Full PQ (ML-KEM-768 / ML-DSA-65),ACTIVATE_AUTH,4778,0x00000151,0x00000000,41,29,1000914
150,Full PQ (ML-KEM-768 / ML-DSA-65),ACTIVATE_CREDENTIAL,4779,0x00000147,0x00000000,1296,122,1162055
150,Full PQ (ML-KEM-768 / ML-DSA-65),PCR_READ,4780,0x0000017e,0x00000000,20,62,1299900
150,Full PQ (ML-KEM-768 / ML-DSA-65),PCR_READ,4781,0x0000017e,0x00000000,20,62,1047211
150,Full PQ (ML-KEM-768 / ML-DSA-65),PCR_READ,4782,0x0000017e,0x00000000,20,62,1051268
150,Full PQ (ML-KEM-768 / ML-DSA-65),PCR_READ,4783,0x0000017e,0x00000000,20,62,1040468
150,Full PQ (ML-KEM-768 / ML-DSA-65),PCR_READ,4784,0x0000017e,0x00000000,20,62,1083248
150,Full PQ (ML-KEM-768 / ML-DSA-65),PCR_READ,4785,0x0000017e,0x00000000,20,62,1134674
150,Full PQ (ML-KEM-768 / ML-DSA-65),PCR_READ,4786,0x0000017e,0x00000000,20,62,983812
150,Full PQ (ML-KEM-768 / ML-DSA-65),PCR_READ,4787,0x0000017e,0x00000000,20,62,1104918
150,Full PQ (ML-KEM-768 / ML-DSA-65),PCR_READ,4788,0x0000017e,0x00000000,20,62,1064863
150,Full PQ (ML-KEM-768 / ML-DSA-65),PCR_READ,4789,0x0000017e,0x00000000,20,62,1119576
150,Full PQ (ML-KEM-768 / ML-DSA-65),PCR_READ,4790,0x0000017e,0x00000000,20,62,1101852
150,Full PQ (ML-KEM-768 / ML-DSA-65),PCR_READ,4791,0x0000017e,0x00000000,20,62,1148502
150,Full PQ (ML-KEM-768 / ML-DSA-65),PCR_READ,4792,0x0000017e,0x00000000,20,62,1203378
150,Full PQ (ML-KEM-768 / ML-DSA-65),PCR_READ,4793,0x0000017e,0x00000000,20,62,1050837
150,Full PQ (ML-KEM-768 / ML-DSA-65),PCR_READ,4794,0x0000017e,0x00000000,20,62,1076947
150,Full PQ (ML-KEM-768 / ML-DSA-65),PCR_READ,4795,0x0000017e,0x00000000,20,62,1080913
150,Full PQ (ML-KEM-768 / ML-DSA-65),NONCE_RANDOM,4796,0x0000017b,0x00000000,12,44,1041991
150,Full PQ (ML-KEM-768 / ML-DSA-65),QUOTE,4797,0x00000158,0x00000000,105,3479,1579212
151,Full PQ (ML-KEM-768 / ML-DSA-65),EK_CREATE,4805,0x00000131,0x00000000,89,1392,1058622
151,Full PQ (ML-KEM-768 / ML-DSA-65),AK_CREATE,4806,0x00000131,0x00000000,88,2127,994743
151,Full PQ (ML-KEM-768 / ML-DSA-65),CREDENTIAL_RANDOM,4807,0x0000017b,0x00000000,12,44,1020972
151,Full PQ (ML-KEM-768 / ML-DSA-65),MAKE_CREDENTIAL,4808,0x00000168,0x00000000,84,1170,1076044
151,Full PQ (ML-KEM-768 / ML-DSA-65),ACTIVATE_AUTH,4809,0x00000176,0x00000000,59,48,1086263
151,Full PQ (ML-KEM-768 / ML-DSA-65),ACTIVATE_AUTH,4810,0x00000151,0x00000000,41,29,1022565
151,Full PQ (ML-KEM-768 / ML-DSA-65),ACTIVATE_CREDENTIAL,4811,0x00000147,0x00000000,1296,122,1116400
151,Full PQ (ML-KEM-768 / ML-DSA-65),PCR_READ,4812,0x0000017e,0x00000000,20,62,1060145
151,Full PQ (ML-KEM-768 / ML-DSA-65),PCR_READ,4813,0x0000017e,0x00000000,20,62,988671
151,Full PQ (ML-KEM-768 / ML-DSA-65),PCR_READ,4814,0x0000017e,0x00000000,20,62,1182182
151,Full PQ (ML-KEM-768 / ML-DSA-65),PCR_READ,4815,0x0000017e,0x00000000,20,62,1004330
151,Full PQ (ML-KEM-768 / ML-DSA-65),PCR_READ,4816,0x0000017e,0x00000000,20,62,1059063
151,Full PQ (ML-KEM-768 / ML-DSA-65),PCR_READ,4817,0x0000017e,0x00000000,20,62,986297
151,Full PQ (ML-KEM-768 / ML-DSA-65),PCR_READ,4818,0x0000017e,0x00000000,20,62,1008448
151,Full PQ (ML-KEM-768 / ML-DSA-65),PCR_READ,4819,0x0000017e,0x00000000,20,62,999492
151,Full PQ (ML-KEM-768 / ML-DSA-65),PCR_READ,4820,0x0000017e,0x00000000,20,62,995915
151,Full PQ (ML-KEM-768 / ML-DSA-65),PCR_READ,4821,0x0000017e,0x00000000,20,62,1012806
151,Full PQ (ML-KEM-768 / ML-DSA-65),PCR_READ,4822,0x0000017e,0x00000000,20,62,991928
151,Full PQ (ML-KEM-768 / ML-DSA-65),PCR_READ,4823,0x0000017e,0x00000000,20,62,1067599
151,Full PQ (ML-KEM-768 / ML-DSA-65),PCR_READ,4824,0x0000017e,0x00000000,20,62,1052941
151,Full PQ (ML-KEM-768 / ML-DSA-65),PCR_READ,4825,0x0000017e,0x00000000,20,62,994532
151,Full PQ (ML-KEM-768 / ML-DSA-65),PCR_READ,4826,0x0000017e,0x00000000,20,62,1057441
151,Full PQ (ML-KEM-768 / ML-DSA-65),PCR_READ,4827,0x0000017e,0x00000000,20,62,1123462
151,Full PQ (ML-KEM-768 / ML-DSA-65),NONCE_RANDOM,4828,0x0000017b,0x00000000,12,44,1053803
151,Full PQ (ML-KEM-768 / ML-DSA-65),QUOTE,4829,0x00000158,0x00000000,105,3479,1213781
152,Full PQ (ML-KEM-768 / ML-DSA-65),EK_CREATE,4837,0x00000131,0x00000000,89,1392,1120548
152,Full PQ (ML-KEM-768 / ML-DSA-65),AK_CREATE,4838,0x00000131,0x00000000,88,2127,1042412
152,Full PQ (ML-KEM-768 / ML-DSA-65),CREDENTIAL_RANDOM,4839,0x0000017b,0x00000000,12,44,961090
152,Full PQ (ML-KEM-768 / ML-DSA-65),MAKE_CREDENTIAL,4840,0x00000168,0x00000000,84,1170,1024488
152,Full PQ (ML-KEM-768 / ML-DSA-65),ACTIVATE_AUTH,4841,0x00000176,0x00000000,59,48,1019980
152,Full PQ (ML-KEM-768 / ML-DSA-65),ACTIVATE_AUTH,4842,0x00000151,0x00000000,41,29,1088868
152,Full PQ (ML-KEM-768 / ML-DSA-65),ACTIVATE_CREDENTIAL,4843,0x00000147,0x00000000,1296,122,1222187
152,Full PQ (ML-KEM-768 / ML-DSA-65),PCR_READ,4844,0x0000017e,0x00000000,20,62,1112956
152,Full PQ (ML-KEM-768 / ML-DSA-65),PCR_READ,4845,0x0000017e,0x00000000,20,62,1138678
152,Full PQ (ML-KEM-768 / ML-DSA-65),PCR_READ,4846,0x0000017e,0x00000000,20,62,1049775
152,Full PQ (ML-KEM-768 / ML-DSA-65),PCR_READ,4847,0x0000017e,0x00000000,20,62,1087335
152,Full PQ (ML-KEM-768 / ML-DSA-65),PCR_READ,4848,0x0000017e,0x00000000,20,62,1144011
152,Full PQ (ML-KEM-768 / ML-DSA-65),PCR_READ,4849,0x0000017e,0x00000000,20,62,1007537
152,Full PQ (ML-KEM-768 / ML-DSA-65),PCR_READ,4850,0x0000017e,0x00000000,20,62,1002137
152,Full PQ (ML-KEM-768 / ML-DSA-65),PCR_READ,4851,0x0000017e,0x00000000,20,62,1016994
152,Full PQ (ML-KEM-768 / ML-DSA-65),PCR_READ,4852,0x0000017e,0x00000000,20,62,966150
152,Full PQ (ML-KEM-768 / ML-DSA-65),PCR_READ,4853,0x0000017e,0x00000000,20,62,1008308
152,Full PQ (ML-KEM-768 / ML-DSA-65),PCR_READ,4854,0x0000017e,0x00000000,20,62,1002958
152,Full PQ (ML-KEM-768 / ML-DSA-65),PCR_READ,4855,0x0000017e,0x00000000,20,62,1078228
152,Full PQ (ML-KEM-768 / ML-DSA-65),PCR_READ,4856,0x0000017e,0x00000000,20,62,1099508
152,Full PQ (ML-KEM-768 / ML-DSA-65),PCR_READ,4857,0x0000017e,0x00000000,20,62,1088909
152,Full PQ (ML-KEM-768 / ML-DSA-65),PCR_READ,4858,0x0000017e,0x00000000,20,62,1119765
152,Full PQ (ML-KEM-768 / ML-DSA-65),PCR_READ,4859,0x0000017e,0x00000000,20,62,1032725
152,Full PQ (ML-KEM-768 / ML-DSA-65),NONCE_RANDOM,4860,0x0000017b,0x00000000,12,44,1191149
152,Full PQ (ML-KEM-768 / ML-DSA-65),QUOTE,4861,0x00000158,0x00000000,105,3479,1771099
153,Full PQ (ML-KEM-768 / ML-DSA-65),EK_CREATE,4869,0x00000131,0x00000000,89,1392,1189334
153,Full PQ (ML-KEM-768 / ML-DSA-65),AK_CREATE,4870,0x00000131,0x00000000,88,2127,1083287
153,Full PQ (ML-KEM-768 / ML-DSA-65),CREDENTIAL_RANDOM,4871,0x0000017b,0x00000000,12,44,1026702
153,Full PQ (ML-KEM-768 / ML-DSA-65),MAKE_CREDENTIAL,4872,0x00000168,0x00000000,84,1170,1104828
153,Full PQ (ML-KEM-768 / ML-DSA-65),ACTIVATE_AUTH,4873,0x00000176,0x00000000,59,48,1035900
153,Full PQ (ML-KEM-768 / ML-DSA-65),ACTIVATE_AUTH,4874,0x00000151,0x00000000,41,29,1026973
153,Full PQ (ML-KEM-768 / ML-DSA-65),ACTIVATE_CREDENTIAL,4875,0x00000147,0x00000000,1296,122,1093808
153,Full PQ (ML-KEM-768 / ML-DSA-65),PCR_READ,4876,0x0000017e,0x00000000,20,62,1016764
153,Full PQ (ML-KEM-768 / ML-DSA-65),PCR_READ,4877,0x0000017e,0x00000000,20,62,1082106
153,Full PQ (ML-KEM-768 / ML-DSA-65),PCR_READ,4878,0x0000017e,0x00000000,20,62,1070614
153,Full PQ (ML-KEM-768 / ML-DSA-65),PCR_READ,4879,0x0000017e,0x00000000,20,62,1013999
153,Full PQ (ML-KEM-768 / ML-DSA-65),PCR_READ,4880,0x0000017e,0x00000000,20,62,1056247
153,Full PQ (ML-KEM-768 / ML-DSA-65),PCR_READ,4881,0x0000017e,0x00000000,20,62,1007467
153,Full PQ (ML-KEM-768 / ML-DSA-65),PCR_READ,4882,0x0000017e,0x00000000,20,62,1035909
153,Full PQ (ML-KEM-768 / ML-DSA-65),PCR_READ,4883,0x0000017e,0x00000000,20,62,972542
153,Full PQ (ML-KEM-768 / ML-DSA-65),PCR_READ,4884,0x0000017e,0x00000000,20,62,1070935
153,Full PQ (ML-KEM-768 / ML-DSA-65),PCR_READ,4885,0x0000017e,0x00000000,20,62,992078
153,Full PQ (ML-KEM-768 / ML-DSA-65),PCR_READ,4886,0x0000017e,0x00000000,20,62,971880
153,Full PQ (ML-KEM-768 / ML-DSA-65),PCR_READ,4887,0x0000017e,0x00000000,20,62,1017756
153,Full PQ (ML-KEM-768 / ML-DSA-65),PCR_READ,4888,0x0000017e,0x00000000,20,62,1029567
153,Full PQ (ML-KEM-768 / ML-DSA-65),PCR_READ,4889,0x0000017e,0x00000000,20,62,1041100
153,Full PQ (ML-KEM-768 / ML-DSA-65),PCR_READ,4890,0x0000017e,0x00000000,20,62,1030208
153,Full PQ (ML-KEM-768 / ML-DSA-65),PCR_READ,4891,0x0000017e,0x00000000,20,62,995064
153,Full PQ (ML-KEM-768 / ML-DSA-65),NONCE_RANDOM,4892,0x0000017b,0x00000000,12,44,1034878
153,Full PQ (ML-KEM-768 / ML-DSA-65),QUOTE,4893,0x00000158,0x00000000,105,3479,1458146
154,Full PQ (ML-KEM-768 / ML-DSA-65),EK_CREATE,4901,0x00000131,0x00000000,89,1392,1087816
154,Full PQ (ML-KEM-768 / ML-DSA-65),AK_CREATE,4902,0x00000131,0x00000000,88,2127,991878
154,Full PQ (ML-KEM-768 / ML-DSA-65),CREDENTIAL_RANDOM,4903,0x0000017b,0x00000000,12,44,1055436
154,Full PQ (ML-KEM-768 / ML-DSA-65),MAKE_CREDENTIAL,4904,0x00000168,0x00000000,84,1170,1052761
154,Full PQ (ML-KEM-768 / ML-DSA-65),ACTIVATE_AUTH,4905,0x00000176,0x00000000,59,48,2017082
154,Full PQ (ML-KEM-768 / ML-DSA-65),ACTIVATE_AUTH,4906,0x00000151,0x00000000,41,29,1338538
154,Full PQ (ML-KEM-768 / ML-DSA-65),ACTIVATE_CREDENTIAL,4907,0x00000147,0x00000000,1296,122,1294651
154,Full PQ (ML-KEM-768 / ML-DSA-65),PCR_READ,4908,0x0000017e,0x00000000,20,62,1132329
154,Full PQ (ML-KEM-768 / ML-DSA-65),PCR_READ,4909,0x0000017e,0x00000000,20,62,979895
154,Full PQ (ML-KEM-768 / ML-DSA-65),PCR_READ,4910,0x0000017e,0x00000000,20,62,1016895
154,Full PQ (ML-KEM-768 / ML-DSA-65),PCR_READ,4911,0x0000017e,0x00000000,20,62,1126137
154,Full PQ (ML-KEM-768 / ML-DSA-65),PCR_READ,4912,0x0000017e,0x00000000,20,62,1033546
154,Full PQ (ML-KEM-768 / ML-DSA-65),PCR_READ,4913,0x0000017e,0x00000000,20,62,1030028
154,Full PQ (ML-KEM-768 / ML-DSA-65),PCR_READ,4914,0x0000017e,0x00000000,20,62,1024809
154,Full PQ (ML-KEM-768 / ML-DSA-65),PCR_READ,4915,0x0000017e,0x00000000,20,62,1071636
154,Full PQ (ML-KEM-768 / ML-DSA-65),PCR_READ,4916,0x0000017e,0x00000000,20,62,1006895
154,Full PQ (ML-KEM-768 / ML-DSA-65),PCR_READ,4917,0x0000017e,0x00000000,20,62,981519
154,Full PQ (ML-KEM-768 / ML-DSA-65),PCR_READ,4918,0x0000017e,0x00000000,20,62,1028165
154,Full PQ (ML-KEM-768 / ML-DSA-65),PCR_READ,4919,0x0000017e,0x00000000,20,62,1069532
154,Full PQ (ML-KEM-768 / ML-DSA-65),PCR_READ,4920,0x0000017e,0x00000000,20,62,1049725
154,Full PQ (ML-KEM-768 / ML-DSA-65),PCR_READ,4921,0x0000017e,0x00000000,20,62,995725
154,Full PQ (ML-KEM-768 / ML-DSA-65),PCR_READ,4922,0x0000017e,0x00000000,20,62,1041009
154,Full PQ (ML-KEM-768 / ML-DSA-65),PCR_READ,4923,0x0000017e,0x00000000,20,62,1035870
154,Full PQ (ML-KEM-768 / ML-DSA-65),NONCE_RANDOM,4924,0x0000017b,0x00000000,12,44,1031983
154,Full PQ (ML-KEM-768 / ML-DSA-65),QUOTE,4925,0x00000158,0x00000000,105,3479,1346388
155,Full PQ (ML-KEM-768 / ML-DSA-65),EK_CREATE,4933,0x00000131,0x00000000,89,1392,1081494
155,Full PQ (ML-KEM-768 / ML-DSA-65),AK_CREATE,4934,0x00000131,0x00000000,88,2127,1074031
155,Full PQ (ML-KEM-768 / ML-DSA-65),CREDENTIAL_RANDOM,4935,0x0000017b,0x00000000,12,44,952454
155,Full PQ (ML-KEM-768 / ML-DSA-65),MAKE_CREDENTIAL,4936,0x00000168,0x00000000,84,1170,1035669
155,Full PQ (ML-KEM-768 / ML-DSA-65),ACTIVATE_AUTH,4937,0x00000176,0x00000000,59,48,918390
155,Full PQ (ML-KEM-768 / ML-DSA-65),ACTIVATE_AUTH,4938,0x00000151,0x00000000,41,29,1045117
155,Full PQ (ML-KEM-768 / ML-DSA-65),ACTIVATE_CREDENTIAL,4939,0x00000147,0x00000000,1296,122,1109266
155,Full PQ (ML-KEM-768 / ML-DSA-65),PCR_READ,4940,0x0000017e,0x00000000,20,62,997959
155,Full PQ (ML-KEM-768 / ML-DSA-65),PCR_READ,4941,0x0000017e,0x00000000,20,62,987349
155,Full PQ (ML-KEM-768 / ML-DSA-65),PCR_READ,4942,0x0000017e,0x00000000,20,62,1082487
155,Full PQ (ML-KEM-768 / ML-DSA-65),PCR_READ,4943,0x0000017e,0x00000000,20,62,1010532
155,Full PQ (ML-KEM-768 / ML-DSA-65),PCR_READ,4944,0x0000017e,0x00000000,20,62,994883
155,Full PQ (ML-KEM-768 / ML-DSA-65),PCR_READ,4945,0x0000017e,0x00000000,20,62,959587
155,Full PQ (ML-KEM-768 / ML-DSA-65),PCR_READ,4946,0x0000017e,0x00000000,20,62,1053553
155,Full PQ (ML-KEM-768 / ML-DSA-65),PCR_READ,4947,0x0000017e,0x00000000,20,62,1053813
155,Full PQ (ML-KEM-768 / ML-DSA-65),PCR_READ,4948,0x0000017e,0x00000000,20,62,1100961
155,Full PQ (ML-KEM-768 / ML-DSA-65),PCR_READ,4949,0x0000017e,0x00000000,20,62,1085986
155,Full PQ (ML-KEM-768 / ML-DSA-65),PCR_READ,4950,0x0000017e,0x00000000,20,62,1244074
155,Full PQ (ML-KEM-768 / ML-DSA-65),PCR_READ,4951,0x0000017e,0x00000000,20,62,1007938
155,Full PQ (ML-KEM-768 / ML-DSA-65),PCR_READ,4952,0x0000017e,0x00000000,20,62,1119705
155,Full PQ (ML-KEM-768 / ML-DSA-65),PCR_READ,4953,0x0000017e,0x00000000,20,62,1122701
155,Full PQ (ML-KEM-768 / ML-DSA-65),PCR_READ,4954,0x0000017e,0x00000000,20,62,1045818
155,Full PQ (ML-KEM-768 / ML-DSA-65),PCR_READ,4955,0x0000017e,0x00000000,20,62,1008178
155,Full PQ (ML-KEM-768 / ML-DSA-65),NONCE_RANDOM,4956,0x0000017b,0x00000000,12,44,996566
155,Full PQ (ML-KEM-768 / ML-DSA-65),QUOTE,4957,0x00000158,0x00000000,105,3479,1284683
156,Full PQ (ML-KEM-768 / ML-DSA-65),EK_CREATE,4965,0x00000131,0x00000000,89,1392,1180579
156,Full PQ (ML-KEM-768 / ML-DSA-65),AK_CREATE,4966,0x00000131,0x00000000,88,2127,1052721
156,Full PQ (ML-KEM-768 / ML-DSA-65),CREDENTIAL_RANDOM,4967,0x0000017b,0x00000000,12,44,1028499
156,Full PQ (ML-KEM-768 / ML-DSA-65),MAKE_CREDENTIAL,4968,0x00000168,0x00000000,84,1170,1063568
156,Full PQ (ML-KEM-768 / ML-DSA-65),ACTIVATE_AUTH,4969,0x00000176,0x00000000,59,48,1109547
156,Full PQ (ML-KEM-768 / ML-DSA-65),ACTIVATE_AUTH,4970,0x00000151,0x00000000,41,29,1167976
156,Full PQ (ML-KEM-768 / ML-DSA-65),ACTIVATE_CREDENTIAL,4971,0x00000147,0x00000000,1296,122,1207028
156,Full PQ (ML-KEM-768 / ML-DSA-65),PCR_READ,4972,0x0000017e,0x00000000,20,62,1157630
156,Full PQ (ML-KEM-768 / ML-DSA-65),PCR_READ,4973,0x0000017e,0x00000000,20,62,1317191
156,Full PQ (ML-KEM-768 / ML-DSA-65),PCR_READ,4974,0x0000017e,0x00000000,20,62,1125757
156,Full PQ (ML-KEM-768 / ML-DSA-65),PCR_READ,4975,0x0000017e,0x00000000,20,62,1155342
156,Full PQ (ML-KEM-768 / ML-DSA-65),PCR_READ,4976,0x0000017e,0x00000000,20,62,1088408
156,Full PQ (ML-KEM-768 / ML-DSA-65),PCR_READ,4977,0x0000017e,0x00000000,20,62,1018927
156,Full PQ (ML-KEM-768 / ML-DSA-65),PCR_READ,4978,0x0000017e,0x00000000,20,62,1005273
156,Full PQ (ML-KEM-768 / ML-DSA-65),PCR_READ,4979,0x0000017e,0x00000000,20,62,1008849
156,Full PQ (ML-KEM-768 / ML-DSA-65),PCR_READ,4980,0x0000017e,0x00000000,20,62,981108
156,Full PQ (ML-KEM-768 / ML-DSA-65),PCR_READ,4981,0x0000017e,0x00000000,20,62,1008598
156,Full PQ (ML-KEM-768 / ML-DSA-65),PCR_READ,4982,0x0000017e,0x00000000,20,62,1037272
156,Full PQ (ML-KEM-768 / ML-DSA-65),PCR_READ,4983,0x0000017e,0x00000000,20,62,996447
156,Full PQ (ML-KEM-768 / ML-DSA-65),PCR_READ,4984,0x0000017e,0x00000000,20,62,1031411
156,Full PQ (ML-KEM-768 / ML-DSA-65),PCR_READ,4985,0x0000017e,0x00000000,20,62,994513
156,Full PQ (ML-KEM-768 / ML-DSA-65),PCR_READ,4986,0x0000017e,0x00000000,20,62,957784
156,Full PQ (ML-KEM-768 / ML-DSA-65),PCR_READ,4987,0x0000017e,0x00000000,20,62,1065715
156,Full PQ (ML-KEM-768 / ML-DSA-65),NONCE_RANDOM,4988,0x0000017b,0x00000000,12,44,1014440
156,Full PQ (ML-KEM-768 / ML-DSA-65),QUOTE,4989,0x00000158,0x00000000,105,3479,1359983
157,Full PQ (ML-KEM-768 / ML-DSA-65),EK_CREATE,4997,0x00000131,0x00000000,89,1392,1216306
157,Full PQ (ML-KEM-768 / ML-DSA-65),AK_CREATE,4998,0x00000131,0x00000000,88,2127,1098186
157,Full PQ (ML-KEM-768 / ML-DSA-65),CREDENTIAL_RANDOM,4999,0x0000017b,0x00000000,12,44,1181100
157,Full PQ (ML-KEM-768 / ML-DSA-65),MAKE_CREDENTIAL,5000,0x00000168,0x00000000,84,1170,1154471
157,Full PQ (ML-KEM-768 / ML-DSA-65),ACTIVATE_AUTH,5001,0x00000176,0x00000000,59,48,1071847
157,Full PQ (ML-KEM-768 / ML-DSA-65),ACTIVATE_AUTH,5002,0x00000151,0x00000000,41,29,1107503
157,Full PQ (ML-KEM-768 / ML-DSA-65),ACTIVATE_CREDENTIAL,5003,0x00000147,0x00000000,1296,122,1284884
157,Full PQ (ML-KEM-768 / ML-DSA-65),PCR_READ,5004,0x0000017e,0x00000000,20,62,1013127
157,Full PQ (ML-KEM-768 / ML-DSA-65),PCR_READ,5005,0x0000017e,0x00000000,20,62,982090
157,Full PQ (ML-KEM-768 / ML-DSA-65),PCR_READ,5006,0x0000017e,0x00000000,20,62,989844
157,Full PQ (ML-KEM-768 / ML-DSA-65),PCR_READ,5007,0x0000017e,0x00000000,20,62,1078148
157,Full PQ (ML-KEM-768 / ML-DSA-65),PCR_READ,5008,0x0000017e,0x00000000,20,62,1106892
157,Full PQ (ML-KEM-768 / ML-DSA-65),PCR_READ,5009,0x0000017e,0x00000000,20,62,998730
157,Full PQ (ML-KEM-768 / ML-DSA-65),PCR_READ,5010,0x0000017e,0x00000000,20,62,1176031
157,Full PQ (ML-KEM-768 / ML-DSA-65),PCR_READ,5011,0x0000017e,0x00000000,20,62,1043714
157,Full PQ (ML-KEM-768 / ML-DSA-65),PCR_READ,5012,0x0000017e,0x00000000,20,62,1058371
157,Full PQ (ML-KEM-768 / ML-DSA-65),PCR_READ,5013,0x0000017e,0x00000000,20,62,1087355
157,Full PQ (ML-KEM-768 / ML-DSA-65),PCR_READ,5014,0x0000017e,0x00000000,20,62,964517
157,Full PQ (ML-KEM-768 / ML-DSA-65),PCR_READ,5015,0x0000017e,0x00000000,20,62,1056999
157,Full PQ (ML-KEM-768 / ML-DSA-65),PCR_READ,5016,0x0000017e,0x00000000,20,62,1003490
157,Full PQ (ML-KEM-768 / ML-DSA-65),PCR_READ,5017,0x0000017e,0x00000000,20,62,1045226
157,Full PQ (ML-KEM-768 / ML-DSA-65),PCR_READ,5018,0x0000017e,0x00000000,20,62,1084380
157,Full PQ (ML-KEM-768 / ML-DSA-65),PCR_READ,5019,0x0000017e,0x00000000,20,62,1110709
157,Full PQ (ML-KEM-768 / ML-DSA-65),NONCE_RANDOM,5020,0x0000017b,0x00000000,12,44,1040909
157,Full PQ (ML-KEM-768 / ML-DSA-65),QUOTE,5021,0x00000158,0x00000000,105,3479,1481620
158,Full PQ (ML-KEM-768 / ML-DSA-65),EK_CREATE,5029,0x00000131,0x00000000,89,1392,1061968
158,Full PQ (ML-KEM-768 / ML-DSA-65),AK_CREATE,5030,0x00000131,0x00000000,88,2127,971250
158,Full PQ (ML-KEM-768 / ML-DSA-65),CREDENTIAL_RANDOM,5031,0x0000017b,0x00000000,12,44,989282
158,Full PQ (ML-KEM-768 / ML-DSA-65),MAKE_CREDENTIAL,5032,0x00000168,0x00000000,84,1170,1040699
158,Full PQ (ML-KEM-768 / ML-DSA-65),ACTIVATE_AUTH,5033,0x00000176,0x00000000,59,48,1081665
158,Full PQ (ML-KEM-768 / ML-DSA-65),ACTIVATE_AUTH,5034,0x00000151,0x00000000,41,29,1048423
158,Full PQ (ML-KEM-768 / ML-DSA-65),ACTIVATE_CREDENTIAL,5035,0x00000147,0x00000000,1296,122,1092996
158,Full PQ (ML-KEM-768 / ML-DSA-65),PCR_READ,5036,0x0000017e,0x00000000,20,62,981378
158,Full PQ (ML-KEM-768 / ML-DSA-65),PCR_READ,5037,0x0000017e,0x00000000,20,62,1024388
158,Full PQ (ML-KEM-768 / ML-DSA-65),PCR_READ,5038,0x0000017e,0x00000000,20,62,985586
158,Full PQ (ML-KEM-768 / ML-DSA-65),PCR_READ,5039,0x0000017e,0x00000000,20,62,968284
158,Full PQ (ML-KEM-768 / ML-DSA-65),PCR_READ,5040,0x0000017e,0x00000000,20,62,1026552
158,Full PQ (ML-KEM-768 / ML-DSA-65),PCR_READ,5041,0x0000017e,0x00000000,20,62,1007516
158,Full PQ (ML-KEM-768 / ML-DSA-65),PCR_READ,5042,0x0000017e,0x00000000,20,62,928640
158,Full PQ (ML-KEM-768 / ML-DSA-65),PCR_READ,5043,0x0000017e,0x00000000,20,62,1069576
158,Full PQ (ML-KEM-768 / ML-DSA-65),PCR_READ,5044,0x0000017e,0x00000000,20,62,1047148
158,Full PQ (ML-KEM-768 / ML-DSA-65),PCR_READ,5045,0x0000017e,0x00000000,20,62,1015551
158,Full PQ (ML-KEM-768 / ML-DSA-65),PCR_READ,5046,0x0000017e,0x00000000,20,62,1031983
158,Full PQ (ML-KEM-768 / ML-DSA-65),PCR_READ,5047,0x0000017e,0x00000000,20,62,1034676
158,Full PQ (ML-KEM-768 / ML-DSA-65),PCR_READ,5048,0x0000017e,0x00000000,20,62,1142478
158,Full PQ (ML-KEM-768 / ML-DSA-65),PCR_READ,5049,0x0000017e,0x00000000,20,62,1197200
158,Full PQ (ML-KEM-768 / ML-DSA-65),PCR_READ,5050,0x0000017e,0x00000000,20,62,1173316
158,Full PQ (ML-KEM-768 / ML-DSA-65),PCR_READ,5051,0x0000017e,0x00000000,20,62,1105209
158,Full PQ (ML-KEM-768 / ML-DSA-65),NONCE_RANDOM,5052,0x0000017b,0x00000000,12,44,1190908
158,Full PQ (ML-KEM-768 / ML-DSA-65),QUOTE,5053,0x00000158,0x00000000,105,3479,1890532
159,Full PQ (ML-KEM-768 / ML-DSA-65),EK_CREATE,5061,0x00000131,0x00000000,89,1392,1203853
159,Full PQ (ML-KEM-768 / ML-DSA-65),AK_CREATE,5062,0x00000131,0x00000000,88,2127,1118914
159,Full PQ (ML-KEM-768 / ML-DSA-65),CREDENTIAL_RANDOM,5063,0x0000017b,0x00000000,12,44,1057721
159,Full PQ (ML-KEM-768 / ML-DSA-65),MAKE_CREDENTIAL,5064,0x00000168,0x00000000,84,1170,1133381
159,Full PQ (ML-KEM-768 / ML-DSA-65),ACTIVATE_AUTH,5065,0x00000176,0x00000000,59,48,978433
159,Full PQ (ML-KEM-768 / ML-DSA-65),ACTIVATE_AUTH,5066,0x00000151,0x00000000,41,29,1002437
159,Full PQ (ML-KEM-768 / ML-DSA-65),ACTIVATE_CREDENTIAL,5067,0x00000147,0x00000000,1296,122,1073159
159,Full PQ (ML-KEM-768 / ML-DSA-65),PCR_READ,5068,0x0000017e,0x00000000,20,62,1031712
159,Full PQ (ML-KEM-768 / ML-DSA-65),PCR_READ,5069,0x0000017e,0x00000000,20,62,1086754
159,Full PQ (ML-KEM-768 / ML-DSA-65),PCR_READ,5070,0x0000017e,0x00000000,20,62,1077988
159,Full PQ (ML-KEM-768 / ML-DSA-65),PCR_READ,5071,0x0000017e,0x00000000,20,62,1038555
159,Full PQ (ML-KEM-768 / ML-DSA-65),PCR_READ,5072,0x0000017e,0x00000000,20,62,1101271
159,Full PQ (ML-KEM-768 / ML-DSA-65),PCR_READ,5073,0x0000017e,0x00000000,20,62,1075594
159,Full PQ (ML-KEM-768 / ML-DSA-65),PCR_READ,5074,0x0000017e,0x00000000,20,62,1037592
159,Full PQ (ML-KEM-768 / ML-DSA-65),PCR_READ,5075,0x0000017e,0x00000000,20,62,1026693
159,Full PQ (ML-KEM-768 / ML-DSA-65),PCR_READ,5076,0x0000017e,0x00000000,20,62,1023837
159,Full PQ (ML-KEM-768 / ML-DSA-65),PCR_READ,5077,0x0000017e,0x00000000,20,62,1043463
159,Full PQ (ML-KEM-768 / ML-DSA-65),PCR_READ,5078,0x0000017e,0x00000000,20,62,1009801
159,Full PQ (ML-KEM-768 / ML-DSA-65),PCR_READ,5079,0x0000017e,0x00000000,20,62,1025129
159,Full PQ (ML-KEM-768 / ML-DSA-65),PCR_READ,5080,0x0000017e,0x00000000,20,62,1015081
159,Full PQ (ML-KEM-768 / ML-DSA-65),PCR_READ,5081,0x0000017e,0x00000000,20,62,1070634
159,Full PQ (ML-KEM-768 / ML-DSA-65),PCR_READ,5082,0x0000017e,0x00000000,20,62,1028426
159,Full PQ (ML-KEM-768 / ML-DSA-65),PCR_READ,5083,0x0000017e,0x00000000,20,62,1084159
159,Full PQ (ML-KEM-768 / ML-DSA-65),NONCE_RANDOM,5084,0x0000017b,0x00000000,12,44,995043
159,Full PQ (ML-KEM-768 / ML-DSA-65),QUOTE,5085,0x00000158,0x00000000,105,3479,1376574
160,Full PQ (ML-KEM-768 / ML-DSA-65),EK_CREATE,5093,0x00000131,0x00000000,89,1392,1125326
160,Full PQ (ML-KEM-768 / ML-DSA-65),AK_CREATE,5094,0x00000131,0x00000000,88,2127,978613
160,Full PQ (ML-KEM-768 / ML-DSA-65),CREDENTIAL_RANDOM,5095,0x0000017b,0x00000000,12,44,1114757
160,Full PQ (ML-KEM-768 / ML-DSA-65),MAKE_CREDENTIAL,5096,0x00000168,0x00000000,84,1170,1172684
160,Full PQ (ML-KEM-768 / ML-DSA-65),ACTIVATE_AUTH,5097,0x00000176,0x00000000,59,48,1024368
160,Full PQ (ML-KEM-768 / ML-DSA-65),ACTIVATE_AUTH,5098,0x00000151,0x00000000,41,29,1036561
160,Full PQ (ML-KEM-768 / ML-DSA-65),ACTIVATE_CREDENTIAL,5099,0x00000147,0x00000000,1296,122,1171172
160,Full PQ (ML-KEM-768 / ML-DSA-65),PCR_READ,5100,0x0000017e,0x00000000,20,62,1034918
160,Full PQ (ML-KEM-768 / ML-DSA-65),PCR_READ,5101,0x0000017e,0x00000000,20,62,1041369
160,Full PQ (ML-KEM-768 / ML-DSA-65),PCR_READ,5102,0x0000017e,0x00000000,20,62,1015612
160,Full PQ (ML-KEM-768 / ML-DSA-65),PCR_READ,5103,0x0000017e,0x00000000,20,62,991116
160,Full PQ (ML-KEM-768 / ML-DSA-65),PCR_READ,5104,0x0000017e,0x00000000,20,62,1132199
160,Full PQ (ML-KEM-768 / ML-DSA-65),PCR_READ,5105,0x0000017e,0x00000000,20,62,1066757
160,Full PQ (ML-KEM-768 / ML-DSA-65),PCR_READ,5106,0x0000017e,0x00000000,20,62,1099408
160,Full PQ (ML-KEM-768 / ML-DSA-65),PCR_READ,5107,0x0000017e,0x00000000,20,62,948857
160,Full PQ (ML-KEM-768 / ML-DSA-65),PCR_READ,5108,0x0000017e,0x00000000,20,62,986427
160,Full PQ (ML-KEM-768 / ML-DSA-65),PCR_READ,5109,0x0000017e,0x00000000,20,62,1011835
160,Full PQ (ML-KEM-768 / ML-DSA-65),PCR_READ,5110,0x0000017e,0x00000000,20,62,1041861
160,Full PQ (ML-KEM-768 / ML-DSA-65),PCR_READ,5111,0x0000017e,0x00000000,20,62,1037081
160,Full PQ (ML-KEM-768 / ML-DSA-65),PCR_READ,5112,0x0000017e,0x00000000,20,62,973333
160,Full PQ (ML-KEM-768 / ML-DSA-65),PCR_READ,5113,0x0000017e,0x00000000,20,62,970268
160,Full PQ (ML-KEM-768 / ML-DSA-65),PCR_READ,5114,0x0000017e,0x00000000,20,62,1000733
160,Full PQ (ML-KEM-768 / ML-DSA-65),PCR_READ,5115,0x0000017e,0x00000000,20,62,1012166
160,Full PQ (ML-KEM-768 / ML-DSA-65),NONCE_RANDOM,5116,0x0000017b,0x00000000,12,44,997238
160,Full PQ (ML-KEM-768 / ML-DSA-65),QUOTE,5117,0x00000158,0x00000000,105,3479,1212337
161,Full PQ (ML-KEM-768 / ML-DSA-65),EK_CREATE,5125,0x00000131,0x00000000,89,1392,1035699
161,Full PQ (ML-KEM-768 / ML-DSA-65),AK_CREATE,5126,0x00000131,0x00000000,88,2127,1032072
161,Full PQ (ML-KEM-768 / ML-DSA-65),CREDENTIAL_RANDOM,5127,0x0000017b,0x00000000,12,44,1174849
161,Full PQ (ML-KEM-768 / ML-DSA-65),MAKE_CREDENTIAL,5128,0x00000168,0x00000000,84,1170,1126328
161,Full PQ (ML-KEM-768 / ML-DSA-65),ACTIVATE_AUTH,5129,0x00000176,0x00000000,59,48,1036160
161,Full PQ (ML-KEM-768 / ML-DSA-65),ACTIVATE_AUTH,5130,0x00000151,0x00000000,41,29,1062228
161,Full PQ (ML-KEM-768 / ML-DSA-65),ACTIVATE_CREDENTIAL,5131,0x00000147,0x00000000,1296,122,1221164
161,Full PQ (ML-KEM-768 / ML-DSA-65),PCR_READ,5132,0x0000017e,0x00000000,20,62,973834
161,Full PQ (ML-KEM-768 / ML-DSA-65),PCR_READ,5133,0x0000017e,0x00000000,20,62,1014159
161,Full PQ (ML-KEM-768 / ML-DSA-65),PCR_READ,5134,0x0000017e,0x00000000,20,62,950060
161,Full PQ (ML-KEM-768 / ML-DSA-65),PCR_READ,5135,0x0000017e,0x00000000,20,62,1045057
161,Full PQ (ML-KEM-768 / ML-DSA-65),PCR_READ,5136,0x0000017e,0x00000000,20,62,944329
161,Full PQ (ML-KEM-768 / ML-DSA-65),PCR_READ,5137,0x0000017e,0x00000000,20,62,1017355
161,Full PQ (ML-KEM-768 / ML-DSA-65),PCR_READ,5138,0x0000017e,0x00000000,20,62,1033736
161,Full PQ (ML-KEM-768 / ML-DSA-65),PCR_READ,5139,0x0000017e,0x00000000,20,62,1021212
161,Full PQ (ML-KEM-768 / ML-DSA-65),PCR_READ,5140,0x0000017e,0x00000000,20,62,1005293
161,Full PQ (ML-KEM-768 / ML-DSA-65),PCR_READ,5141,0x0000017e,0x00000000,20,62,1071776
161,Full PQ (ML-KEM-768 / ML-DSA-65),PCR_READ,5142,0x0000017e,0x00000000,20,62,1102123
161,Full PQ (ML-KEM-768 / ML-DSA-65),PCR_READ,5143,0x0000017e,0x00000000,20,62,1149912
161,Full PQ (ML-KEM-768 / ML-DSA-65),PCR_READ,5144,0x0000017e,0x00000000,20,62,1053453
161,Full PQ (ML-KEM-768 / ML-DSA-65),PCR_READ,5145,0x0000017e,0x00000000,20,62,1083008
161,Full PQ (ML-KEM-768 / ML-DSA-65),PCR_READ,5146,0x0000017e,0x00000000,20,62,1075964
161,Full PQ (ML-KEM-768 / ML-DSA-65),PCR_READ,5147,0x0000017e,0x00000000,20,62,1041229
161,Full PQ (ML-KEM-768 / ML-DSA-65),NONCE_RANDOM,5148,0x0000017b,0x00000000,12,44,1048173
161,Full PQ (ML-KEM-768 / ML-DSA-65),QUOTE,5149,0x00000158,0x00000000,105,3479,1420309
162,Full PQ (ML-KEM-768 / ML-DSA-65),EK_CREATE,5157,0x00000131,0x00000000,89,1392,1080923
162,Full PQ (ML-KEM-768 / ML-DSA-65),AK_CREATE,5158,0x00000131,0x00000000,88,2127,1084330
162,Full PQ (ML-KEM-768 / ML-DSA-65),CREDENTIAL_RANDOM,5159,0x0000017b,0x00000000,12,44,1114937
162,Full PQ (ML-KEM-768 / ML-DSA-65),MAKE_CREDENTIAL,5160,0x00000168,0x00000000,84,1170,1076856
162,Full PQ (ML-KEM-768 / ML-DSA-65),ACTIVATE_AUTH,5161,0x00000176,0x00000000,59,48,1271028
162,Full PQ (ML-KEM-768 / ML-DSA-65),ACTIVATE_AUTH,5162,0x00000151,0x00000000,41,29,1057820
162,Full PQ (ML-KEM-768 / ML-DSA-65),ACTIVATE_CREDENTIAL,5163,0x00000147,0x00000000,1296,122,1129303
162,Full PQ (ML-KEM-768 / ML-DSA-65),PCR_READ,5164,0x0000017e,0x00000000,20,62,1048984
162,Full PQ (ML-KEM-768 / ML-DSA-65),PCR_READ,5165,0x0000017e,0x00000000,20,62,1018577
162,Full PQ (ML-KEM-768 / ML-DSA-65),PCR_READ,5166,0x0000017e,0x00000000,20,62,1071395
162,Full PQ (ML-KEM-768 / ML-DSA-65),PCR_READ,5167,0x0000017e,0x00000000,20,62,1030580
162,Full PQ (ML-KEM-768 / ML-DSA-65),PCR_READ,5168,0x0000017e,0x00000000,20,62,1016667
162,Full PQ (ML-KEM-768 / ML-DSA-65),PCR_READ,5169,0x0000017e,0x00000000,20,62,1239721
162,Full PQ (ML-KEM-768 / ML-DSA-65),PCR_READ,5170,0x0000017e,0x00000000,20,62,1156038
162,Full PQ (ML-KEM-768 / ML-DSA-65),PCR_READ,5171,0x0000017e,0x00000000,20,62,1118954
162,Full PQ (ML-KEM-768 / ML-DSA-65),PCR_READ,5172,0x0000017e,0x00000000,20,62,1018707
162,Full PQ (ML-KEM-768 / ML-DSA-65),PCR_READ,5173,0x0000017e,0x00000000,20,62,1129184
162,Full PQ (ML-KEM-768 / ML-DSA-65),PCR_READ,5174,0x0000017e,0x00000000,20,62,1090100
162,Full PQ (ML-KEM-768 / ML-DSA-65),PCR_READ,5175,0x0000017e,0x00000000,20,62,1041600
162,Full PQ (ML-KEM-768 / ML-DSA-65),PCR_READ,5176,0x0000017e,0x00000000,20,62,1014350
162,Full PQ (ML-KEM-768 / ML-DSA-65),PCR_READ,5177,0x0000017e,0x00000000,20,62,1072578
162,Full PQ (ML-KEM-768 / ML-DSA-65),PCR_READ,5178,0x0000017e,0x00000000,20,62,1120627
162,Full PQ (ML-KEM-768 / ML-DSA-65),PCR_READ,5179,0x0000017e,0x00000000,20,62,1040117
162,Full PQ (ML-KEM-768 / ML-DSA-65),NONCE_RANDOM,5180,0x0000017b,0x00000000,12,44,1053813
162,Full PQ (ML-KEM-768 / ML-DSA-65),QUOTE,5181,0x00000158,0x00000000,105,3479,1288570
163,Full PQ (ML-KEM-768 / ML-DSA-65),EK_CREATE,5189,0x00000131,0x00000000,89,1392,1040638
163,Full PQ (ML-KEM-768 / ML-DSA-65),AK_CREATE,5190,0x00000131,0x00000000,88,2127,1011184
163,Full PQ (ML-KEM-768 / ML-DSA-65),CREDENTIAL_RANDOM,5191,0x0000017b,0x00000000,12,44,973823
163,Full PQ (ML-KEM-768 / ML-DSA-65),MAKE_CREDENTIAL,5192,0x00000168,0x00000000,84,1170,1002988
163,Full PQ (ML-KEM-768 / ML-DSA-65),ACTIVATE_AUTH,5193,0x00000176,0x00000000,59,48,1096412
163,Full PQ (ML-KEM-768 / ML-DSA-65),ACTIVATE_AUTH,5194,0x00000151,0x00000000,41,29,1141276
163,Full PQ (ML-KEM-768 / ML-DSA-65),ACTIVATE_CREDENTIAL,5195,0x00000147,0x00000000,1296,122,1107483
163,Full PQ (ML-KEM-768 / ML-DSA-65),PCR_READ,5196,0x0000017e,0x00000000,20,62,965428
163,Full PQ (ML-KEM-768 / ML-DSA-65),PCR_READ,5197,0x0000017e,0x00000000,20,62,1066507
163,Full PQ (ML-KEM-768 / ML-DSA-65),PCR_READ,5198,0x0000017e,0x00000000,20,62,1141235
163,Full PQ (ML-KEM-768 / ML-DSA-65),PCR_READ,5199,0x0000017e,0x00000000,20,62,992669
163,Full PQ (ML-KEM-768 / ML-DSA-65),PCR_READ,5200,0x0000017e,0x00000000,20,62,982160
163,Full PQ (ML-KEM-768 / ML-DSA-65),PCR_READ,5201,0x0000017e,0x00000000,20,62,987269
163,Full PQ (ML-KEM-768 / ML-DSA-65),PCR_READ,5202,0x0000017e,0x00000000,20,62,1025329
163,Full PQ (ML-KEM-768 / ML-DSA-65),PCR_READ,5203,0x0000017e,0x00000000,20,62,957774
163,Full PQ (ML-KEM-768 / ML-DSA-65),PCR_READ,5204,0x0000017e,0x00000000,20,62,969877
163,Full PQ (ML-KEM-768 / ML-DSA-65),PCR_READ,5205,0x0000017e,0x00000000,20,62,958205
163,Full PQ (ML-KEM-768 / ML-DSA-65),PCR_READ,5206,0x0000017e,0x00000000,20,62,1007797
163,Full PQ (ML-KEM-768 / ML-DSA-65),PCR_READ,5207,0x0000017e,0x00000000,20,62,932807
163,Full PQ (ML-KEM-768 / ML-DSA-65),PCR_READ,5208,0x0000017e,0x00000000,20,62,1064523
163,Full PQ (ML-KEM-768 / ML-DSA-65),PCR_READ,5209,0x0000017e,0x00000000,20,62,1215203
163,Full PQ (ML-KEM-768 / ML-DSA-65),PCR_READ,5210,0x0000017e,0x00000000,20,62,1100681
163,Full PQ (ML-KEM-768 / ML-DSA-65),PCR_READ,5211,0x0000017e,0x00000000,20,62,965298
163,Full PQ (ML-KEM-768 / ML-DSA-65),NONCE_RANDOM,5212,0x0000017b,0x00000000,12,44,998620
163,Full PQ (ML-KEM-768 / ML-DSA-65),QUOTE,5213,0x00000158,0x00000000,105,3479,1214813
164,Full PQ (ML-KEM-768 / ML-DSA-65),EK_CREATE,5221,0x00000131,0x00000000,89,1392,1073459
164,Full PQ (ML-KEM-768 / ML-DSA-65),AK_CREATE,5222,0x00000131,0x00000000,88,2127,1006213
164,Full PQ (ML-KEM-768 / ML-DSA-65),CREDENTIAL_RANDOM,5223,0x0000017b,0x00000000,12,44,991397
164,Full PQ (ML-KEM-768 / ML-DSA-65),MAKE_CREDENTIAL,5224,0x00000168,0x00000000,84,1170,1085442
164,Full PQ (ML-KEM-768 / ML-DSA-65),ACTIVATE_AUTH,5225,0x00000176,0x00000000,59,48,1017284
164,Full PQ (ML-KEM-768 / ML-DSA-65),ACTIVATE_AUTH,5226,0x00000151,0x00000000,41,29,987669
164,Full PQ (ML-KEM-768 / ML-DSA-65),ACTIVATE_CREDENTIAL,5227,0x00000147,0x00000000,1296,122,1079952
164,Full PQ (ML-KEM-768 / ML-DSA-65),PCR_READ,5228,0x0000017e,0x00000000,20,62,987089
164,Full PQ (ML-KEM-768 / ML-DSA-65),PCR_READ,5229,0x0000017e,0x00000000,20,62,1043294
164,Full PQ (ML-KEM-768 / ML-DSA-65),PCR_READ,5230,0x0000017e,0x00000000,20,62,1010301
164,Full PQ (ML-KEM-768 / ML-DSA-65),PCR_READ,5231,0x0000017e,0x00000000,20,62,1030580
164,Full PQ (ML-KEM-768 / ML-DSA-65),PCR_READ,5232,0x0000017e,0x00000000,20,62,963114
164,Full PQ (ML-KEM-768 / ML-DSA-65),PCR_READ,5233,0x0000017e,0x00000000,20,62,1030229
164,Full PQ (ML-KEM-768 / ML-DSA-65),PCR_READ,5234,0x0000017e,0x00000000,20,62,957173
164,Full PQ (ML-KEM-768 / ML-DSA-65),PCR_READ,5235,0x0000017e,0x00000000,20,62,1012366
164,Full PQ (ML-KEM-768 / ML-DSA-65),PCR_READ,5236,0x0000017e,0x00000000,20,62,1010262
164,Full PQ (ML-KEM-768 / ML-DSA-65),PCR_READ,5237,0x0000017e,0x00000000,20,62,1062770
164,Full PQ (ML-KEM-768 / ML-DSA-65),PCR_READ,5238,0x0000017e,0x00000000,20,62,999151
164,Full PQ (ML-KEM-768 / ML-DSA-65),PCR_READ,5239,0x0000017e,0x00000000,20,62,986808
164,Full PQ (ML-KEM-768 / ML-DSA-65),PCR_READ,5240,0x0000017e,0x00000000,20,62,1126087
164,Full PQ (ML-KEM-768 / ML-DSA-65),PCR_READ,5241,0x0000017e,0x00000000,20,62,1006475
164,Full PQ (ML-KEM-768 / ML-DSA-65),PCR_READ,5242,0x0000017e,0x00000000,20,62,1203795
164,Full PQ (ML-KEM-768 / ML-DSA-65),PCR_READ,5243,0x0000017e,0x00000000,20,62,1497546
164,Full PQ (ML-KEM-768 / ML-DSA-65),NONCE_RANDOM,5244,0x0000017b,0x00000000,12,44,1188123
164,Full PQ (ML-KEM-768 / ML-DSA-65),QUOTE,5245,0x00000158,0x00000000,105,3479,1292037
165,Full PQ (ML-KEM-768 / ML-DSA-65),EK_CREATE,5253,0x00000131,0x00000000,89,1392,1098957
165,Full PQ (ML-KEM-768 / ML-DSA-65),AK_CREATE,5254,0x00000131,0x00000000,88,2127,1047621
165,Full PQ (ML-KEM-768 / ML-DSA-65),CREDENTIAL_RANDOM,5255,0x0000017b,0x00000000,12,44,1051869
165,Full PQ (ML-KEM-768 / ML-DSA-65),MAKE_CREDENTIAL,5256,0x00000168,0x00000000,84,1170,1071777
165,Full PQ (ML-KEM-768 / ML-DSA-65),ACTIVATE_AUTH,5257,0x00000176,0x00000000,59,48,1207579
165,Full PQ (ML-KEM-768 / ML-DSA-65),ACTIVATE_AUTH,5258,0x00000151,0x00000000,41,29,1030079
165,Full PQ (ML-KEM-768 / ML-DSA-65),ACTIVATE_CREDENTIAL,5259,0x00000147,0x00000000,1296,122,1112022
165,Full PQ (ML-KEM-768 / ML-DSA-65),PCR_READ,5260,0x0000017e,0x00000000,20,62,1022224
165,Full PQ (ML-KEM-768 / ML-DSA-65),PCR_READ,5261,0x0000017e,0x00000000,20,62,1081624
165,Full PQ (ML-KEM-768 / ML-DSA-65),PCR_READ,5262,0x0000017e,0x00000000,20,62,1025130
165,Full PQ (ML-KEM-768 / ML-DSA-65),PCR_READ,5263,0x0000017e,0x00000000,20,62,1019659
165,Full PQ (ML-KEM-768 / ML-DSA-65),PCR_READ,5264,0x0000017e,0x00000000,20,62,1143373
165,Full PQ (ML-KEM-768 / ML-DSA-65),PCR_READ,5265,0x0000017e,0x00000000,20,62,1168253
165,Full PQ (ML-KEM-768 / ML-DSA-65),PCR_READ,5266,0x0000017e,0x00000000,20,62,1017946
165,Full PQ (ML-KEM-768 / ML-DSA-65),PCR_READ,5267,0x0000017e,0x00000000,20,62,1060035
165,Full PQ (ML-KEM-768 / ML-DSA-65),PCR_READ,5268,0x0000017e,0x00000000,20,62,1083728
165,Full PQ (ML-KEM-768 / ML-DSA-65),PCR_READ,5269,0x0000017e,0x00000000,20,62,1073620
165,Full PQ (ML-KEM-768 / ML-DSA-65),PCR_READ,5270,0x0000017e,0x00000000,20,62,973684
165,Full PQ (ML-KEM-768 / ML-DSA-65),PCR_READ,5271,0x0000017e,0x00000000,20,62,1203632
165,Full PQ (ML-KEM-768 / ML-DSA-65),PCR_READ,5272,0x0000017e,0x00000000,20,62,1125016
165,Full PQ (ML-KEM-768 / ML-DSA-65),PCR_READ,5273,0x0000017e,0x00000000,20,62,1125377
165,Full PQ (ML-KEM-768 / ML-DSA-65),PCR_READ,5274,0x0000017e,0x00000000,20,62,1154079
165,Full PQ (ML-KEM-768 / ML-DSA-65),PCR_READ,5275,0x0000017e,0x00000000,20,62,997789
165,Full PQ (ML-KEM-768 / ML-DSA-65),NONCE_RANDOM,5276,0x0000017b,0x00000000,12,44,1105429
165,Full PQ (ML-KEM-768 / ML-DSA-65),QUOTE,5277,0x00000158,0x00000000,105,3479,1850797
166,Full PQ (ML-KEM-768 / ML-DSA-65),EK_CREATE,5285,0x00000131,0x00000000,89,1392,1164222
166,Full PQ (ML-KEM-768 / ML-DSA-65),AK_CREATE,5286,0x00000131,0x00000000,88,2127,1079427
166,Full PQ (ML-KEM-768 / ML-DSA-65),CREDENTIAL_RANDOM,5287,0x0000017b,0x00000000,12,44,1018206
166,Full PQ (ML-KEM-768 / ML-DSA-65),MAKE_CREDENTIAL,5288,0x00000168,0x00000000,84,1170,1124515
166,Full PQ (ML-KEM-768 / ML-DSA-65),ACTIVATE_AUTH,5289,0x00000176,0x00000000,59,48,1124588
166,Full PQ (ML-KEM-768 / ML-DSA-65),ACTIVATE_AUTH,5290,0x00000151,0x00000000,41,29,1087082
166,Full PQ (ML-KEM-768 / ML-DSA-65),ACTIVATE_CREDENTIAL,5291,0x00000147,0x00000000,1296,122,1222748
166,Full PQ (ML-KEM-768 / ML-DSA-65),PCR_READ,5292,0x0000017e,0x00000000,20,62,1101231
166,Full PQ (ML-KEM-768 / ML-DSA-65),PCR_READ,5293,0x0000017e,0x00000000,20,62,1156026
166,Full PQ (ML-KEM-768 / ML-DSA-65),PCR_READ,5294,0x0000017e,0x00000000,20,62,1134650
166,Full PQ (ML-KEM-768 / ML-DSA-65),PCR_READ,5295,0x0000017e,0x00000000,20,62,1079291
166,Full PQ (ML-KEM-768 / ML-DSA-65),PCR_READ,5296,0x0000017e,0x00000000,20,62,1085986
166,Full PQ (ML-KEM-768 / ML-DSA-65),PCR_READ,5297,0x0000017e,0x00000000,20,62,1164897
166,Full PQ (ML-KEM-768 / ML-DSA-65),PCR_READ,5298,0x0000017e,0x00000000,20,62,1127434
166,Full PQ (ML-KEM-768 / ML-DSA-65),PCR_READ,5299,0x0000017e,0x00000000,20,62,1079537
166,Full PQ (ML-KEM-768 / ML-DSA-65),PCR_READ,5300,0x0000017e,0x00000000,20,62,1055867
166,Full PQ (ML-KEM-768 / ML-DSA-65),PCR_READ,5301,0x0000017e,0x00000000,20,62,997518
166,Full PQ (ML-KEM-768 / ML-DSA-65),PCR_READ,5302,0x0000017e,0x00000000,20,62,1137299
166,Full PQ (ML-KEM-768 / ML-DSA-65),PCR_READ,5303,0x0000017e,0x00000000,20,62,1047000
166,Full PQ (ML-KEM-768 / ML-DSA-65),PCR_READ,5304,0x0000017e,0x00000000,20,62,1094829
166,Full PQ (ML-KEM-768 / ML-DSA-65),PCR_READ,5305,0x0000017e,0x00000000,20,62,1131528
166,Full PQ (ML-KEM-768 / ML-DSA-65),PCR_READ,5306,0x0000017e,0x00000000,20,62,1208231
166,Full PQ (ML-KEM-768 / ML-DSA-65),PCR_READ,5307,0x0000017e,0x00000000,20,62,1089118
166,Full PQ (ML-KEM-768 / ML-DSA-65),NONCE_RANDOM,5308,0x0000017b,0x00000000,12,44,1032854
166,Full PQ (ML-KEM-768 / ML-DSA-65),QUOTE,5309,0x00000158,0x00000000,105,3479,1464718
167,Full PQ (ML-KEM-768 / ML-DSA-65),EK_CREATE,5317,0x00000131,0x00000000,89,1392,1072437
167,Full PQ (ML-KEM-768 / ML-DSA-65),AK_CREATE,5318,0x00000131,0x00000000,88,2127,1091356
167,Full PQ (ML-KEM-768 / ML-DSA-65),CREDENTIAL_RANDOM,5319,0x0000017b,0x00000000,12,44,1126215
167,Full PQ (ML-KEM-768 / ML-DSA-65),MAKE_CREDENTIAL,5320,0x00000168,0x00000000,84,1170,1116571
167,Full PQ (ML-KEM-768 / ML-DSA-65),ACTIVATE_AUTH,5321,0x00000176,0x00000000,59,48,1216846
167,Full PQ (ML-KEM-768 / ML-DSA-65),ACTIVATE_AUTH,5322,0x00000151,0x00000000,41,29,1004532
167,Full PQ (ML-KEM-768 / ML-DSA-65),ACTIVATE_CREDENTIAL,5323,0x00000147,0x00000000,1296,122,1096212
167,Full PQ (ML-KEM-768 / ML-DSA-65),PCR_READ,5324,0x0000017e,0x00000000,20,62,1000914
167,Full PQ (ML-KEM-768 / ML-DSA-65),PCR_READ,5325,0x0000017e,0x00000000,20,62,1005663
167,Full PQ (ML-KEM-768 / ML-DSA-65),PCR_READ,5326,0x0000017e,0x00000000,20,62,1100951
167,Full PQ (ML-KEM-768 / ML-DSA-65),PCR_READ,5327,0x0000017e,0x00000000,20,62,1122691
167,Full PQ (ML-KEM-768 / ML-DSA-65),PCR_READ,5328,0x0000017e,0x00000000,20,62,1195617
167,Full PQ (ML-KEM-768 / ML-DSA-65),PCR_READ,5329,0x0000017e,0x00000000,20,62,980877
167,Full PQ (ML-KEM-768 / ML-DSA-65),PCR_READ,5330,0x0000017e,0x00000000,20,62,1100129
167,Full PQ (ML-KEM-768 / ML-DSA-65),PCR_READ,5331,0x0000017e,0x00000000,20,62,1095852
167,Full PQ (ML-KEM-768 / ML-DSA-65),PCR_READ,5332,0x0000017e,0x00000000,20,62,1082987
167,Full PQ (ML-KEM-768 / ML-DSA-65),PCR_READ,5333,0x0000017e,0x00000000,20,62,1079070
167,Full PQ (ML-KEM-768 / ML-DSA-65),PCR_READ,5334,0x0000017e,0x00000000,20,62,1105920
167,Full PQ (ML-KEM-768 / ML-DSA-65),PCR_READ,5335,0x0000017e,0x00000000,20,62,1023286
167,Full PQ (ML-KEM-768 / ML-DSA-65),PCR_READ,5336,0x0000017e,0x00000000,20,62,979194
167,Full PQ (ML-KEM-768 / ML-DSA-65),PCR_READ,5337,0x0000017e,0x00000000,20,62,1155482
167,Full PQ (ML-KEM-768 / ML-DSA-65),PCR_READ,5338,0x0000017e,0x00000000,20,62,1067889
167,Full PQ (ML-KEM-768 / ML-DSA-65),PCR_READ,5339,0x0000017e,0x00000000,20,62,1064142
167,Full PQ (ML-KEM-768 / ML-DSA-65),NONCE_RANDOM,5340,0x0000017b,0x00000000,12,44,1072138
167,Full PQ (ML-KEM-768 / ML-DSA-65),QUOTE,5341,0x00000158,0x00000000,105,3479,1334927
168,Full PQ (ML-KEM-768 / ML-DSA-65),EK_CREATE,5349,0x00000131,0x00000000,89,1392,1098847
168,Full PQ (ML-KEM-768 / ML-DSA-65),AK_CREATE,5350,0x00000131,0x00000000,88,2127,990324
168,Full PQ (ML-KEM-768 / ML-DSA-65),CREDENTIAL_RANDOM,5351,0x0000017b,0x00000000,12,44,983222
168,Full PQ (ML-KEM-768 / ML-DSA-65),MAKE_CREDENTIAL,5352,0x00000168,0x00000000,84,1170,1044916
168,Full PQ (ML-KEM-768 / ML-DSA-65),ACTIVATE_AUTH,5353,0x00000176,0x00000000,59,48,1014770
168,Full PQ (ML-KEM-768 / ML-DSA-65),ACTIVATE_AUTH,5354,0x00000151,0x00000000,41,29,967381
168,Full PQ (ML-KEM-768 / ML-DSA-65),ACTIVATE_CREDENTIAL,5355,0x00000147,0x00000000,1296,122,1046319
168,Full PQ (ML-KEM-768 / ML-DSA-65),PCR_READ,5356,0x0000017e,0x00000000,20,62,967432
168,Full PQ (ML-KEM-768 / ML-DSA-65),PCR_READ,5357,0x0000017e,0x00000000,20,62,1046329
168,Full PQ (ML-KEM-768 / ML-DSA-65),PCR_READ,5358,0x0000017e,0x00000000,20,62,970357
168,Full PQ (ML-KEM-768 / ML-DSA-65),PCR_READ,5359,0x0000017e,0x00000000,20,62,991437
168,Full PQ (ML-KEM-768 / ML-DSA-65),PCR_READ,5360,0x0000017e,0x00000000,20,62,992569
168,Full PQ (ML-KEM-768 / ML-DSA-65),PCR_READ,5361,0x0000017e,0x00000000,20,62,1031261
168,Full PQ (ML-KEM-768 / ML-DSA-65),PCR_READ,5362,0x0000017e,0x00000000,20,62,989794
168,Full PQ (ML-KEM-768 / ML-DSA-65),PCR_READ,5363,0x0000017e,0x00000000,20,62,1063531
168,Full PQ (ML-KEM-768 / ML-DSA-65),PCR_READ,5364,0x0000017e,0x00000000,20,62,987910
168,Full PQ (ML-KEM-768 / ML-DSA-65),PCR_READ,5365,0x0000017e,0x00000000,20,62,1025701
168,Full PQ (ML-KEM-768 / ML-DSA-65),PCR_READ,5366,0x0000017e,0x00000000,20,62,1013317
168,Full PQ (ML-KEM-768 / ML-DSA-65),PCR_READ,5367,0x0000017e,0x00000000,20,62,961321
168,Full PQ (ML-KEM-768 / ML-DSA-65),PCR_READ,5368,0x0000017e,0x00000000,20,62,1080773
168,Full PQ (ML-KEM-768 / ML-DSA-65),PCR_READ,5369,0x0000017e,0x00000000,20,62,1067488
168,Full PQ (ML-KEM-768 / ML-DSA-65),PCR_READ,5370,0x0000017e,0x00000000,20,62,994152
168,Full PQ (ML-KEM-768 / ML-DSA-65),PCR_READ,5371,0x0000017e,0x00000000,20,62,994503
168,Full PQ (ML-KEM-768 / ML-DSA-65),NONCE_RANDOM,5372,0x0000017b,0x00000000,12,44,1067187
168,Full PQ (ML-KEM-768 / ML-DSA-65),QUOTE,5373,0x00000158,0x00000000,105,3479,1508790
169,Full PQ (ML-KEM-768 / ML-DSA-65),EK_CREATE,5381,0x00000131,0x00000000,89,1392,1099859
169,Full PQ (ML-KEM-768 / ML-DSA-65),AK_CREATE,5382,0x00000131,0x00000000,88,2127,1106642
169,Full PQ (ML-KEM-768 / ML-DSA-65),CREDENTIAL_RANDOM,5383,0x0000017b,0x00000000,12,44,1053121
169,Full PQ (ML-KEM-768 / ML-DSA-65),MAKE_CREDENTIAL,5384,0x00000168,0x00000000,84,1170,1169319
169,Full PQ (ML-KEM-768 / ML-DSA-65),ACTIVATE_AUTH,5385,0x00000176,0x00000000,59,48,1136106
169,Full PQ (ML-KEM-768 / ML-DSA-65),ACTIVATE_AUTH,5386,0x00000151,0x00000000,41,29,1061707
169,Full PQ (ML-KEM-768 / ML-DSA-65),ACTIVATE_CREDENTIAL,5387,0x00000147,0x00000000,1296,122,1217458
169,Full PQ (ML-KEM-768 / ML-DSA-65),PCR_READ,5388,0x0000017e,0x00000000,20,62,1145444
169,Full PQ (ML-KEM-768 / ML-DSA-65),PCR_READ,5389,0x0000017e,0x00000000,20,62,1111992
169,Full PQ (ML-KEM-768 / ML-DSA-65),PCR_READ,5390,0x0000017e,0x00000000,20,62,1206297
169,Full PQ (ML-KEM-768 / ML-DSA-65),PCR_READ,5391,0x0000017e,0x00000000,20,62,1075263
169,Full PQ (ML-KEM-768 / ML-DSA-65),PCR_READ,5392,0x0000017e,0x00000000,20,62,1006836
169,Full PQ (ML-KEM-768 / ML-DSA-65),PCR_READ,5393,0x0000017e,0x00000000,20,62,1052050
169,Full PQ (ML-KEM-768 / ML-DSA-65),PCR_READ,5394,0x0000017e,0x00000000,20,62,1014289
169,Full PQ (ML-KEM-768 / ML-DSA-65),PCR_READ,5395,0x0000017e,0x00000000,20,62,1037927
169,Full PQ (ML-KEM-768 / ML-DSA-65),PCR_READ,5396,0x0000017e,0x00000000,20,62,1113441
169,Full PQ (ML-KEM-768 / ML-DSA-65),PCR_READ,5397,0x0000017e,0x00000000,20,62,994172
169,Full PQ (ML-KEM-768 / ML-DSA-65),PCR_READ,5398,0x0000017e,0x00000000,20,62,1026201
169,Full PQ (ML-KEM-768 / ML-DSA-65),PCR_READ,5399,0x0000017e,0x00000000,20,62,1010463
169,Full PQ (ML-KEM-768 / ML-DSA-65),PCR_READ,5400,0x0000017e,0x00000000,20,62,1006104
169,Full PQ (ML-KEM-768 / ML-DSA-65),PCR_READ,5401,0x0000017e,0x00000000,20,62,983755
169,Full PQ (ML-KEM-768 / ML-DSA-65),PCR_READ,5402,0x0000017e,0x00000000,20,62,1120263
169,Full PQ (ML-KEM-768 / ML-DSA-65),PCR_READ,5403,0x0000017e,0x00000000,20,62,1144432
169,Full PQ (ML-KEM-768 / ML-DSA-65),NONCE_RANDOM,5404,0x0000017b,0x00000000,12,44,1028816
169,Full PQ (ML-KEM-768 / ML-DSA-65),QUOTE,5405,0x00000158,0x00000000,105,3479,1527055
170,Full PQ (ML-KEM-768 / ML-DSA-65),EK_CREATE,5413,0x00000131,0x00000000,89,1392,1022915
170,Full PQ (ML-KEM-768 / ML-DSA-65),AK_CREATE,5414,0x00000131,0x00000000,88,2127,1130576
170,Full PQ (ML-KEM-768 / ML-DSA-65),CREDENTIAL_RANDOM,5415,0x0000017b,0x00000000,12,44,1064022
170,Full PQ (ML-KEM-768 / ML-DSA-65),MAKE_CREDENTIAL,5416,0x00000168,0x00000000,84,1170,1209383
170,Full PQ (ML-KEM-768 / ML-DSA-65),ACTIVATE_AUTH,5417,0x00000176,0x00000000,59,48,1214603
170,Full PQ (ML-KEM-768 / ML-DSA-65),ACTIVATE_AUTH,5418,0x00000151,0x00000000,41,29,1090190
170,Full PQ (ML-KEM-768 / ML-DSA-65),ACTIVATE_CREDENTIAL,5419,0x00000147,0x00000000,1296,122,1185338
170,Full PQ (ML-KEM-768 / ML-DSA-65),PCR_READ,5420,0x0000017e,0x00000000,20,62,1048994
170,Full PQ (ML-KEM-768 / ML-DSA-65),PCR_READ,5421,0x0000017e,0x00000000,20,62,1025921
170,Full PQ (ML-KEM-768 / ML-DSA-65),PCR_READ,5422,0x0000017e,0x00000000,20,62,1013908
170,Full PQ (ML-KEM-768 / ML-DSA-65),PCR_READ,5423,0x0000017e,0x00000000,20,62,1028336
170,Full PQ (ML-KEM-768 / ML-DSA-65),PCR_READ,5424,0x0000017e,0x00000000,20,62,996335
170,Full PQ (ML-KEM-768 / ML-DSA-65),PCR_READ,5425,0x0000017e,0x00000000,20,62,1008127
170,Full PQ (ML-KEM-768 / ML-DSA-65),PCR_READ,5426,0x0000017e,0x00000000,20,62,998170
170,Full PQ (ML-KEM-768 / ML-DSA-65),PCR_READ,5427,0x0000017e,0x00000000,20,62,1078719
170,Full PQ (ML-KEM-768 / ML-DSA-65),PCR_READ,5428,0x0000017e,0x00000000,20,62,1045087
170,Full PQ (ML-KEM-768 / ML-DSA-65),PCR_READ,5429,0x0000017e,0x00000000,20,62,1014068
170,Full PQ (ML-KEM-768 / ML-DSA-65),PCR_READ,5430,0x0000017e,0x00000000,20,62,995324
170,Full PQ (ML-KEM-768 / ML-DSA-65),PCR_READ,5431,0x0000017e,0x00000000,20,62,1064262
170,Full PQ (ML-KEM-768 / ML-DSA-65),PCR_READ,5432,0x0000017e,0x00000000,20,62,1024639
170,Full PQ (ML-KEM-768 / ML-DSA-65),PCR_READ,5433,0x0000017e,0x00000000,20,62,1085341
170,Full PQ (ML-KEM-768 / ML-DSA-65),PCR_READ,5434,0x0000017e,0x00000000,20,62,1035960
170,Full PQ (ML-KEM-768 / ML-DSA-65),PCR_READ,5435,0x0000017e,0x00000000,20,62,1031792
170,Full PQ (ML-KEM-768 / ML-DSA-65),NONCE_RANDOM,5436,0x0000017b,0x00000000,12,44,1000895
170,Full PQ (ML-KEM-768 / ML-DSA-65),QUOTE,5437,0x00000158,0x00000000,105,3479,1398394
171,Full PQ (ML-KEM-768 / ML-DSA-65),EK_CREATE,5445,0x00000131,0x00000000,89,1392,1078099
171,Full PQ (ML-KEM-768 / ML-DSA-65),AK_CREATE,5446,0x00000131,0x00000000,88,2127,1028716
171,Full PQ (ML-KEM-768 / ML-DSA-65),CREDENTIAL_RANDOM,5447,0x0000017b,0x00000000,12,44,1015130
171,Full PQ (ML-KEM-768 / ML-DSA-65),MAKE_CREDENTIAL,5448,0x00000168,0x00000000,84,1170,1110289
171,Full PQ (ML-KEM-768 / ML-DSA-65),ACTIVATE_AUTH,5449,0x00000176,0x00000000,59,48,1067007
171,Full PQ (ML-KEM-768 / ML-DSA-65),ACTIVATE_AUTH,5450,0x00000151,0x00000000,41,29,1016203
171,Full PQ (ML-KEM-768 / ML-DSA-65),ACTIVATE_CREDENTIAL,5451,0x00000147,0x00000000,1296,122,1052330
171,Full PQ (ML-KEM-768 / ML-DSA-65),PCR_READ,5452,0x0000017e,0x00000000,20,62,1024048
171,Full PQ (ML-KEM-768 / ML-DSA-65),PCR_READ,5453,0x0000017e,0x00000000,20,62,1018076
171,Full PQ (ML-KEM-768 / ML-DSA-65),PCR_READ,5454,0x0000017e,0x00000000,20,62,1001686
171,Full PQ (ML-KEM-768 / ML-DSA-65),PCR_READ,5455,0x0000017e,0x00000000,20,62,1133050
171,Full PQ (ML-KEM-768 / ML-DSA-65),PCR_READ,5456,0x0000017e,0x00000000,20,62,1023687
171,Full PQ (ML-KEM-768 / ML-DSA-65),PCR_READ,5457,0x0000017e,0x00000000,20,62,1069973
171,Full PQ (ML-KEM-768 / ML-DSA-65),PCR_READ,5458,0x0000017e,0x00000000,20,62,1059253
171,Full PQ (ML-KEM-768 / ML-DSA-65),PCR_READ,5459,0x0000017e,0x00000000,20,62,995134
171,Full PQ (ML-KEM-768 / ML-DSA-65),PCR_READ,5460,0x0000017e,0x00000000,20,62,1056388
171,Full PQ (ML-KEM-768 / ML-DSA-65),PCR_READ,5461,0x0000017e,0x00000000,20,62,1289341
171,Full PQ (ML-KEM-768 / ML-DSA-65),PCR_READ,5462,0x0000017e,0x00000000,20,62,1218409
171,Full PQ (ML-KEM-768 / ML-DSA-65),PCR_READ,5463,0x0000017e,0x00000000,20,62,1158718
171,Full PQ (ML-KEM-768 / ML-DSA-65),PCR_READ,5464,0x0000017e,0x00000000,20,62,1066075
171,Full PQ (ML-KEM-768 / ML-DSA-65),PCR_READ,5465,0x0000017e,0x00000000,20,62,1021994
171,Full PQ (ML-KEM-768 / ML-DSA-65),PCR_READ,5466,0x0000017e,0x00000000,20,62,983552
171,Full PQ (ML-KEM-768 / ML-DSA-65),PCR_READ,5467,0x0000017e,0x00000000,20,62,976910
171,Full PQ (ML-KEM-768 / ML-DSA-65),NONCE_RANDOM,5468,0x0000017b,0x00000000,12,44,1066046
171,Full PQ (ML-KEM-768 / ML-DSA-65),QUOTE,5469,0x00000158,0x00000000,105,3479,1384909
172,Full PQ (ML-KEM-768 / ML-DSA-65),EK_CREATE,5477,0x00000131,0x00000000,89,1392,1084190
172,Full PQ (ML-KEM-768 / ML-DSA-65),AK_CREATE,5478,0x00000131,0x00000000,88,2127,1068992
172,Full PQ (ML-KEM-768 / ML-DSA-65),CREDENTIAL_RANDOM,5479,0x0000017b,0x00000000,12,44,1034176
172,Full PQ (ML-KEM-768 / ML-DSA-65),MAKE_CREDENTIAL,5480,0x00000168,0x00000000,84,1170,1071916
172,Full PQ (ML-KEM-768 / ML-DSA-65),ACTIVATE_AUTH,5481,0x00000176,0x00000000,59,48,992259
172,Full PQ (ML-KEM-768 / ML-DSA-65),ACTIVATE_AUTH,5482,0x00000151,0x00000000,41,29,1011264
172,Full PQ (ML-KEM-768 / ML-DSA-65),ACTIVATE_CREDENTIAL,5483,0x00000147,0x00000000,1296,122,1174107
172,Full PQ (ML-KEM-768 / ML-DSA-65),PCR_READ,5484,0x0000017e,0x00000000,20,62,1050938
172,Full PQ (ML-KEM-768 / ML-DSA-65),PCR_READ,5485,0x0000017e,0x00000000,20,62,962101
172,Full PQ (ML-KEM-768 / ML-DSA-65),PCR_READ,5486,0x0000017e,0x00000000,20,62,1027564
172,Full PQ (ML-KEM-768 / ML-DSA-65),PCR_READ,5487,0x0000017e,0x00000000,20,62,948928
172,Full PQ (ML-KEM-768 / ML-DSA-65),PCR_READ,5488,0x0000017e,0x00000000,20,62,993240
172,Full PQ (ML-KEM-768 / ML-DSA-65),PCR_READ,5489,0x0000017e,0x00000000,20,62,1005132
172,Full PQ (ML-KEM-768 / ML-DSA-65),PCR_READ,5490,0x0000017e,0x00000000,20,62,1004351
172,Full PQ (ML-KEM-768 / ML-DSA-65),PCR_READ,5491,0x0000017e,0x00000000,20,62,1025540
172,Full PQ (ML-KEM-768 / ML-DSA-65),PCR_READ,5492,0x0000017e,0x00000000,20,62,1139082
172,Full PQ (ML-KEM-768 / ML-DSA-65),PCR_READ,5493,0x0000017e,0x00000000,20,62,1074491
172,Full PQ (ML-KEM-768 / ML-DSA-65),PCR_READ,5494,0x0000017e,0x00000000,20,62,1001256
172,Full PQ (ML-KEM-768 / ML-DSA-65),PCR_READ,5495,0x0000017e,0x00000000,20,62,1000623
172,Full PQ (ML-KEM-768 / ML-DSA-65),PCR_READ,5496,0x0000017e,0x00000000,20,62,1085763
172,Full PQ (ML-KEM-768 / ML-DSA-65),PCR_READ,5497,0x0000017e,0x00000000,20,62,973613
172,Full PQ (ML-KEM-768 / ML-DSA-65),PCR_READ,5498,0x0000017e,0x00000000,20,62,1024969
172,Full PQ (ML-KEM-768 / ML-DSA-65),PCR_READ,5499,0x0000017e,0x00000000,20,62,972712
172,Full PQ (ML-KEM-768 / ML-DSA-65),NONCE_RANDOM,5500,0x0000017b,0x00000000,12,44,1106851
172,Full PQ (ML-KEM-768 / ML-DSA-65),QUOTE,5501,0x00000158,0x00000000,105,3479,1333043
173,Full PQ (ML-KEM-768 / ML-DSA-65),EK_CREATE,5509,0x00000131,0x00000000,89,1392,1052621
173,Full PQ (ML-KEM-768 / ML-DSA-65),AK_CREATE,5510,0x00000131,0x00000000,88,2127,1146285
173,Full PQ (ML-KEM-768 / ML-DSA-65),CREDENTIAL_RANDOM,5511,0x0000017b,0x00000000,12,44,1218590
173,Full PQ (ML-KEM-768 / ML-DSA-65),MAKE_CREDENTIAL,5512,0x00000168,0x00000000,84,1170,1181511
173,Full PQ (ML-KEM-768 / ML-DSA-65),ACTIVATE_AUTH,5513,0x00000176,0x00000000,59,48,1321492
173,Full PQ (ML-KEM-768 / ML-DSA-65),ACTIVATE_AUTH,5514,0x00000151,0x00000000,41,29,1027744
173,Full PQ (ML-KEM-768 / ML-DSA-65),ACTIVATE_CREDENTIAL,5515,0x00000147,0x00000000,1296,122,1476240
173,Full PQ (ML-KEM-768 / ML-DSA-65),PCR_READ,5516,0x0000017e,0x00000000,20,62,991677
173,Full PQ (ML-KEM-768 / ML-DSA-65),PCR_READ,5517,0x0000017e,0x00000000,20,62,1011545
173,Full PQ (ML-KEM-768 / ML-DSA-65),PCR_READ,5518,0x0000017e,0x00000000,20,62,987279
173,Full PQ (ML-KEM-768 / ML-DSA-65),PCR_READ,5519,0x0000017e,0x00000000,20,62,1010772
173,Full PQ (ML-KEM-768 / ML-DSA-65),PCR_READ,5520,0x0000017e,0x00000000,20,62,959588
173,Full PQ (ML-KEM-768 / ML-DSA-65),PCR_READ,5521,0x0000017e,0x00000000,20,62,1115819
173,Full PQ (ML-KEM-768 / ML-DSA-65),PCR_READ,5522,0x0000017e,0x00000000,20,62,1021462
173,Full PQ (ML-KEM-768 / ML-DSA-65),PCR_READ,5523,0x0000017e,0x00000000,20,62,1005803
173,Full PQ (ML-KEM-768 / ML-DSA-65),PCR_READ,5524,0x0000017e,0x00000000,20,62,1086995
173,Full PQ (ML-KEM-768 / ML-DSA-65),PCR_READ,5525,0x0000017e,0x00000000,20,62,1121719
173,Full PQ (ML-KEM-768 / ML-DSA-65),PCR_READ,5526,0x0000017e,0x00000000,20,62,970298
173,Full PQ (ML-KEM-768 / ML-DSA-65),PCR_READ,5527,0x0000017e,0x00000000,20,62,1009069
173,Full PQ (ML-KEM-768 / ML-DSA-65),PCR_READ,5528,0x0000017e,0x00000000,20,62,1079430
173,Full PQ (ML-KEM-768 / ML-DSA-65),PCR_READ,5529,0x0000017e,0x00000000,20,62,955590
173,Full PQ (ML-KEM-768 / ML-DSA-65),PCR_READ,5530,0x0000017e,0x00000000,20,62,1042021
173,Full PQ (ML-KEM-768 / ML-DSA-65),PCR_READ,5531,0x0000017e,0x00000000,20,62,997408
173,Full PQ (ML-KEM-768 / ML-DSA-65),NONCE_RANDOM,5532,0x0000017b,0x00000000,12,44,1073279
173,Full PQ (ML-KEM-768 / ML-DSA-65),QUOTE,5533,0x00000158,0x00000000,105,3479,1285034
174,Full PQ (ML-KEM-768 / ML-DSA-65),EK_CREATE,5541,0x00000131,0x00000000,89,1392,1069562
174,Full PQ (ML-KEM-768 / ML-DSA-65),AK_CREATE,5542,0x00000131,0x00000000,88,2127,975336
174,Full PQ (ML-KEM-768 / ML-DSA-65),CREDENTIAL_RANDOM,5543,0x0000017b,0x00000000,12,44,986538
174,Full PQ (ML-KEM-768 / ML-DSA-65),MAKE_CREDENTIAL,5544,0x00000168,0x00000000,84,1170,1089079
174,Full PQ (ML-KEM-768 / ML-DSA-65),ACTIVATE_AUTH,5545,0x00000176,0x00000000,59,48,1036520
174,Full PQ (ML-KEM-768 / ML-DSA-65),ACTIVATE_AUTH,5546,0x00000151,0x00000000,41,29,979484
174,Full PQ (ML-KEM-768 / ML-DSA-65),ACTIVATE_CREDENTIAL,5547,0x00000147,0x00000000,1296,122,1099629
174,Full PQ (ML-KEM-768 / ML-DSA-65),PCR_READ,5548,0x0000017e,0x00000000,20,62,1033405
174,Full PQ (ML-KEM-768 / ML-DSA-65),PCR_READ,5549,0x0000017e,0x00000000,20,62,933038
174,Full PQ (ML-KEM-768 / ML-DSA-65),PCR_READ,5550,0x0000017e,0x00000000,20,62,1001546
174,Full PQ (ML-KEM-768 / ML-DSA-65),PCR_READ,5551,0x0000017e,0x00000000,20,62,1023837
174,Full PQ (ML-KEM-768 / ML-DSA-65),PCR_READ,5552,0x0000017e,0x00000000,20,62,1041861
174,Full PQ (ML-KEM-768 / ML-DSA-65),PCR_READ,5553,0x0000017e,0x00000000,20,62,1018057
174,Full PQ (ML-KEM-768 / ML-DSA-65),PCR_READ,5554,0x0000017e,0x00000000,20,62,997478
174,Full PQ (ML-KEM-768 / ML-DSA-65),PCR_READ,5555,0x0000017e,0x00000000,20,62,1035980
174,Full PQ (ML-KEM-768 / ML-DSA-65),PCR_READ,5556,0x0000017e,0x00000000,20,62,1093407
174,Full PQ (ML-KEM-768 / ML-DSA-65),PCR_READ,5557,0x0000017e,0x00000000,20,62,1108224
174,Full PQ (ML-KEM-768 / ML-DSA-65),PCR_READ,5558,0x0000017e,0x00000000,20,62,1067048
174,Full PQ (ML-KEM-768 / ML-DSA-65),PCR_READ,5559,0x0000017e,0x00000000,20,62,955950
174,Full PQ (ML-KEM-768 / ML-DSA-65),PCR_READ,5560,0x0000017e,0x00000000,20,62,1050778
174,Full PQ (ML-KEM-768 / ML-DSA-65),PCR_READ,5561,0x0000017e,0x00000000,20,62,965728
174,Full PQ (ML-KEM-768 / ML-DSA-65),PCR_READ,5562,0x0000017e,0x00000000,20,62,1041671
174,Full PQ (ML-KEM-768 / ML-DSA-65),PCR_READ,5563,0x0000017e,0x00000000,20,62,1039266
174,Full PQ (ML-KEM-768 / ML-DSA-65),NONCE_RANDOM,5564,0x0000017b,0x00000000,12,44,1065144
174,Full PQ (ML-KEM-768 / ML-DSA-65),QUOTE,5565,0x00000158,0x00000000,105,3479,1389699
175,Full PQ (ML-KEM-768 / ML-DSA-65),EK_CREATE,5573,0x00000131,0x00000000,89,1392,1000453
175,Full PQ (ML-KEM-768 / ML-DSA-65),AK_CREATE,5574,0x00000131,0x00000000,88,2127,1105619
175,Full PQ (ML-KEM-768 / ML-DSA-65),CREDENTIAL_RANDOM,5575,0x0000017b,0x00000000,12,44,1047003
175,Full PQ (ML-KEM-768 / ML-DSA-65),MAKE_CREDENTIAL,5576,0x00000168,0x00000000,84,1170,1047739
175,Full PQ (ML-KEM-768 / ML-DSA-65),ACTIVATE_AUTH,5577,0x00000176,0x00000000,59,48,1112392
175,Full PQ (ML-KEM-768 / ML-DSA-65),ACTIVATE_AUTH,5578,0x00000151,0x00000000,41,29,987349
175,Full PQ (ML-KEM-768 / ML-DSA-65),ACTIVATE_CREDENTIAL,5579,0x00000147,0x00000000,1296,122,1102654
175,Full PQ (ML-KEM-768 / ML-DSA-65),PCR_READ,5580,0x0000017e,0x00000000,20,62,979083
175,Full PQ (ML-KEM-768 / ML-DSA-65),PCR_READ,5581,0x0000017e,0x00000000,20,62,1210084
175,Full PQ (ML-KEM-768 / ML-DSA-65),PCR_READ,5582,0x0000017e,0x00000000,20,62,1016293
175,Full PQ (ML-KEM-768 / ML-DSA-65),PCR_READ,5583,0x0000017e,0x00000000,20,62,983832
175,Full PQ (ML-KEM-768 / ML-DSA-65),PCR_READ,5584,0x0000017e,0x00000000,20,62,954118
175,Full PQ (ML-KEM-768 / ML-DSA-65),PCR_READ,5585,0x0000017e,0x00000000,20,62,1023205
175,Full PQ (ML-KEM-768 / ML-DSA-65),PCR_READ,5586,0x0000017e,0x00000000,20,62,1046400
175,Full PQ (ML-KEM-768 / ML-DSA-65),PCR_READ,5587,0x0000017e,0x00000000,20,62,1038006
175,Full PQ (ML-KEM-768 / ML-DSA-65),PCR_READ,5588,0x0000017e,0x00000000,20,62,973149
175,Full PQ (ML-KEM-768 / ML-DSA-65),PCR_READ,5589,0x0000017e,0x00000000,20,62,1040378
175,Full PQ (ML-KEM-768 / ML-DSA-65),PCR_READ,5590,0x0000017e,0x00000000,20,62,990505
175,Full PQ (ML-KEM-768 / ML-DSA-65),PCR_READ,5591,0x0000017e,0x00000000,20,62,1032583
175,Full PQ (ML-KEM-768 / ML-DSA-65),PCR_READ,5592,0x0000017e,0x00000000,20,62,1014550
175,Full PQ (ML-KEM-768 / ML-DSA-65),PCR_READ,5593,0x0000017e,0x00000000,20,62,1081925
175,Full PQ (ML-KEM-768 / ML-DSA-65),PCR_READ,5594,0x0000017e,0x00000000,20,62,1010062
175,Full PQ (ML-KEM-768 / ML-DSA-65),PCR_READ,5595,0x0000017e,0x00000000,20,62,1062549
175,Full PQ (ML-KEM-768 / ML-DSA-65),NONCE_RANDOM,5596,0x0000017b,0x00000000,12,44,997679
175,Full PQ (ML-KEM-768 / ML-DSA-65),QUOTE,5597,0x00000158,0x00000000,105,3479,1328244
176,Full PQ (ML-KEM-768 / ML-DSA-65),EK_CREATE,5605,0x00000131,0x00000000,89,1392,1104347
176,Full PQ (ML-KEM-768 / ML-DSA-65),AK_CREATE,5606,0x00000131,0x00000000,88,2127,1037753
176,Full PQ (ML-KEM-768 / ML-DSA-65),CREDENTIAL_RANDOM,5607,0x0000017b,0x00000000,12,44,1005262
176,Full PQ (ML-KEM-768 / ML-DSA-65),MAKE_CREDENTIAL,5608,0x00000168,0x00000000,84,1170,1080051
176,Full PQ (ML-KEM-768 / ML-DSA-65),ACTIVATE_AUTH,5609,0x00000176,0x00000000,59,48,992338
176,Full PQ (ML-KEM-768 / ML-DSA-65),ACTIVATE_AUTH,5610,0x00000151,0x00000000,41,29,959537
176,Full PQ (ML-KEM-768 / ML-DSA-65),ACTIVATE_CREDENTIAL,5611,0x00000147,0x00000000,1296,122,1024097
176,Full PQ (ML-KEM-768 / ML-DSA-65),PCR_READ,5612,0x0000017e,0x00000000,20,62,1005623
176,Full PQ (ML-KEM-768 / ML-DSA-65),PCR_READ,5613,0x0000017e,0x00000000,20,62,1162295
176,Full PQ (ML-KEM-768 / ML-DSA-65),PCR_READ,5614,0x0000017e,0x00000000,20,62,978263
176,Full PQ (ML-KEM-768 / ML-DSA-65),PCR_READ,5615,0x0000017e,0x00000000,20,62,1022043
176,Full PQ (ML-KEM-768 / ML-DSA-65),PCR_READ,5616,0x0000017e,0x00000000,20,62,974536
176,Full PQ (ML-KEM-768 / ML-DSA-65),PCR_READ,5617,0x0000017e,0x00000000,20,62,1146686
176,Full PQ (ML-KEM-768 / ML-DSA-65),PCR_READ,5618,0x0000017e,0x00000000,20,62,1045748
176,Full PQ (ML-KEM-768 / ML-DSA-65),PCR_READ,5619,0x0000017e,0x00000000,20,62,1005433
176,Full PQ (ML-KEM-768 / ML-DSA-65),PCR_READ,5620,0x0000017e,0x00000000,20,62,1137779
176,Full PQ (ML-KEM-768 / ML-DSA-65),PCR_READ,5621,0x0000017e,0x00000000,20,62,982520
176,Full PQ (ML-KEM-768 / ML-DSA-65),PCR_READ,5622,0x0000017e,0x00000000,20,62,992188
176,Full PQ (ML-KEM-768 / ML-DSA-65),PCR_READ,5623,0x0000017e,0x00000000,20,62,1000537
176,Full PQ (ML-KEM-768 / ML-DSA-65),PCR_READ,5624,0x0000017e,0x00000000,20,62,1005920
176,Full PQ (ML-KEM-768 / ML-DSA-65),PCR_READ,5625,0x0000017e,0x00000000,20,62,1009861
176,Full PQ (ML-KEM-768 / ML-DSA-65),PCR_READ,5626,0x0000017e,0x00000000,20,62,1013708
176,Full PQ (ML-KEM-768 / ML-DSA-65),PCR_READ,5627,0x0000017e,0x00000000,20,62,1068601
176,Full PQ (ML-KEM-768 / ML-DSA-65),NONCE_RANDOM,5628,0x0000017b,0x00000000,12,44,1220904
176,Full PQ (ML-KEM-768 / ML-DSA-65),QUOTE,5629,0x00000158,0x00000000,105,3479,1308737
177,Full PQ (ML-KEM-768 / ML-DSA-65),EK_CREATE,5637,0x00000131,0x00000000,89,1392,1185678
177,Full PQ (ML-KEM-768 / ML-DSA-65),AK_CREATE,5638,0x00000131,0x00000000,88,2127,1076255
177,Full PQ (ML-KEM-768 / ML-DSA-65),CREDENTIAL_RANDOM,5639,0x0000017b,0x00000000,12,44,1078960
177,Full PQ (ML-KEM-768 / ML-DSA-65),MAKE_CREDENTIAL,5640,0x00000168,0x00000000,84,1170,1194124
177,Full PQ (ML-KEM-768 / ML-DSA-65),ACTIVATE_AUTH,5641,0x00000176,0x00000000,59,48,1082296
177,Full PQ (ML-KEM-768 / ML-DSA-65),ACTIVATE_AUTH,5642,0x00000151,0x00000000,41,29,1005483
177,Full PQ (ML-KEM-768 / ML-DSA-65),ACTIVATE_CREDENTIAL,5643,0x00000147,0x00000000,1296,122,1145174
177,Full PQ (ML-KEM-768 / ML-DSA-65),PCR_READ,5644,0x0000017e,0x00000000,20,62,1106125
177,Full PQ (ML-KEM-768 / ML-DSA-65),PCR_READ,5645,0x0000017e,0x00000000,20,62,1213666
177,Full PQ (ML-KEM-768 / ML-DSA-65),PCR_READ,5646,0x0000017e,0x00000000,20,62,1167374
177,Full PQ (ML-KEM-768 / ML-DSA-65),PCR_READ,5647,0x0000017e,0x00000000,20,62,1029498
177,Full PQ (ML-KEM-768 / ML-DSA-65),PCR_READ,5648,0x0000017e,0x00000000,20,62,1037051
177,Full PQ (ML-KEM-768 / ML-DSA-65),PCR_READ,5649,0x0000017e,0x00000000,20,62,965088
177,Full PQ (ML-KEM-768 / ML-DSA-65),PCR_READ,5650,0x0000017e,0x00000000,20,62,1020030
177,Full PQ (ML-KEM-768 / ML-DSA-65),PCR_READ,5651,0x0000017e,0x00000000,20,62,1061758
177,Full PQ (ML-KEM-768 / ML-DSA-65),PCR_READ,5652,0x0000017e,0x00000000,20,62,1067328
177,Full PQ (ML-KEM-768 / ML-DSA-65),PCR_READ,5653,0x0000017e,0x00000000,20,62,1023807
177,Full PQ (ML-KEM-768 / ML-DSA-65),PCR_READ,5654,0x0000017e,0x00000000,20,62,1099057
177,Full PQ (ML-KEM-768 / ML-DSA-65),PCR_READ,5655,0x0000017e,0x00000000,20,62,982500
177,Full PQ (ML-KEM-768 / ML-DSA-65),PCR_READ,5656,0x0000017e,0x00000000,20,62,1086203
177,Full PQ (ML-KEM-768 / ML-DSA-65),PCR_READ,5657,0x0000017e,0x00000000,20,62,995304
177,Full PQ (ML-KEM-768 / ML-DSA-65),PCR_READ,5658,0x0000017e,0x00000000,20,62,1015391
177,Full PQ (ML-KEM-768 / ML-DSA-65),PCR_READ,5659,0x0000017e,0x00000000,20,62,1016794
177,Full PQ (ML-KEM-768 / ML-DSA-65),NONCE_RANDOM,5660,0x0000017b,0x00000000,12,44,1028436
177,Full PQ (ML-KEM-768 / ML-DSA-65),QUOTE,5661,0x00000158,0x00000000,105,3479,1258164
178,Full PQ (ML-KEM-768 / ML-DSA-65),EK_CREATE,5669,0x00000131,0x00000000,89,1392,1059564
178,Full PQ (ML-KEM-768 / ML-DSA-65),AK_CREATE,5670,0x00000131,0x00000000,88,2127,1093877
178,Full PQ (ML-KEM-768 / ML-DSA-65),CREDENTIAL_RANDOM,5671,0x0000017b,0x00000000,12,44,1078259
178,Full PQ (ML-KEM-768 / ML-DSA-65),MAKE_CREDENTIAL,5672,0x00000168,0x00000000,84,1170,971119
178,Full PQ (ML-KEM-768 / ML-DSA-65),ACTIVATE_AUTH,5673,0x00000176,0x00000000,59,48,992930
178,Full PQ (ML-KEM-768 / ML-DSA-65),ACTIVATE_AUTH,5674,0x00000151,0x00000000,41,29,981308
178,Full PQ (ML-KEM-768 / ML-DSA-65),ACTIVATE_CREDENTIAL,5675,0x00000147,0x00000000,1296,122,1034688
178,Full PQ (ML-KEM-768 / ML-DSA-65),PCR_READ,5676,0x0000017e,0x00000000,20,62,970137
178,Full PQ (ML-KEM-768 / ML-DSA-65),PCR_READ,5677,0x0000017e,0x00000000,20,62,1018187
178,Full PQ (ML-KEM-768 / ML-DSA-65),PCR_READ,5678,0x0000017e,0x00000000,20,62,1006254
178,Full PQ (ML-KEM-768 / ML-DSA-65),PCR_READ,5679,0x0000017e,0x00000000,20,62,1048673
178,Full PQ (ML-KEM-768 / ML-DSA-65),PCR_READ,5680,0x0000017e,0x00000000,20,62,1041119
178,Full PQ (ML-KEM-768 / ML-DSA-65),PCR_READ,5681,0x0000017e,0x00000000,20,62,1051398
178,Full PQ (ML-KEM-768 / ML-DSA-65),PCR_READ,5682,0x0000017e,0x00000000,20,62,1111711
178,Full PQ (ML-KEM-768 / ML-DSA-65),PCR_READ,5683,0x0000017e,0x00000000,20,62,970728
178,Full PQ (ML-KEM-768 / ML-DSA-65),PCR_READ,5684,0x0000017e,0x00000000,20,62,982440
178,Full PQ (ML-KEM-768 / ML-DSA-65),PCR_READ,5685,0x0000017e,0x00000000,20,62,1033725
178,Full PQ (ML-KEM-768 / ML-DSA-65),PCR_READ,5686,0x0000017e,0x00000000,20,62,1089510
178,Full PQ (ML-KEM-768 / ML-DSA-65),PCR_READ,5687,0x0000017e,0x00000000,20,62,1033014
178,Full PQ (ML-KEM-768 / ML-DSA-65),PCR_READ,5688,0x0000017e,0x00000000,20,62,1042001
178,Full PQ (ML-KEM-768 / ML-DSA-65),PCR_READ,5689,0x0000017e,0x00000000,20,62,1142528
178,Full PQ (ML-KEM-768 / ML-DSA-65),PCR_READ,5690,0x0000017e,0x00000000,20,62,1057440
178,Full PQ (ML-KEM-768 / ML-DSA-65),PCR_READ,5691,0x0000017e,0x00000000,20,62,1115237
178,Full PQ (ML-KEM-768 / ML-DSA-65),NONCE_RANDOM,5692,0x0000017b,0x00000000,12,44,1061738
178,Full PQ (ML-KEM-768 / ML-DSA-65),QUOTE,5693,0x00000158,0x00000000,105,3479,1266679
179,Full PQ (ML-KEM-768 / ML-DSA-65),EK_CREATE,5701,0x00000131,0x00000000,89,1392,1151955
179,Full PQ (ML-KEM-768 / ML-DSA-65),AK_CREATE,5702,0x00000131,0x00000000,88,2127,1026392
179,Full PQ (ML-KEM-768 / ML-DSA-65),CREDENTIAL_RANDOM,5703,0x0000017b,0x00000000,12,44,1016383
179,Full PQ (ML-KEM-768 / ML-DSA-65),MAKE_CREDENTIAL,5704,0x00000168,0x00000000,84,1170,1104150
179,Full PQ (ML-KEM-768 / ML-DSA-65),ACTIVATE_AUTH,5705,0x00000176,0x00000000,59,48,1110165
179,Full PQ (ML-KEM-768 / ML-DSA-65),ACTIVATE_AUTH,5706,0x00000151,0x00000000,41,29,1030319
179,Full PQ (ML-KEM-768 / ML-DSA-65),ACTIVATE_CREDENTIAL,5707,0x00000147,0x00000000,1296,122,1121289
179,Full PQ (ML-KEM-768 / ML-DSA-65),PCR_READ,5708,0x0000017e,0x00000000,20,62,952184
179,Full PQ (ML-KEM-768 / ML-DSA-65),PCR_READ,5709,0x0000017e,0x00000000,20,62,1081754
179,Full PQ (ML-KEM-768 / ML-DSA-65),PCR_READ,5710,0x0000017e,0x00000000,20,62,1035770
179,Full PQ (ML-KEM-768 / ML-DSA-65),PCR_READ,5711,0x0000017e,0x00000000,20,62,1049645
179,Full PQ (ML-KEM-768 / ML-DSA-65),PCR_READ,5712,0x0000017e,0x00000000,20,62,1058381
179,Full PQ (ML-KEM-768 / ML-DSA-65),PCR_READ,5713,0x0000017e,0x00000000,20,62,1156664
179,Full PQ (ML-KEM-768 / ML-DSA-65),PCR_READ,5714,0x0000017e,0x00000000,20,62,1051719
179,Full PQ (ML-KEM-768 / ML-DSA-65),PCR_READ,5715,0x0000017e,0x00000000,20,62,1153669
179,Full PQ (ML-KEM-768 / ML-DSA-65),PCR_READ,5716,0x0000017e,0x00000000,20,62,1119796
179,Full PQ (ML-KEM-768 / ML-DSA-65),PCR_READ,5717,0x0000017e,0x00000000,20,62,1065898
179,Full PQ (ML-KEM-768 / ML-DSA-65),PCR_READ,5718,0x0000017e,0x00000000,20,62,1117879
179,Full PQ (ML-KEM-768 / ML-DSA-65),PCR_READ,5719,0x0000017e,0x00000000,20,62,1106400
179,Full PQ (ML-KEM-768 / ML-DSA-65),PCR_READ,5720,0x0000017e,0x00000000,20,62,1133903
179,Full PQ (ML-KEM-768 / ML-DSA-65),PCR_READ,5721,0x0000017e,0x00000000,20,62,1047661
179,Full PQ (ML-KEM-768 / ML-DSA-65),PCR_READ,5722,0x0000017e,0x00000000,20,62,994322
179,Full PQ (ML-KEM-768 / ML-DSA-65),PCR_READ,5723,0x0000017e,0x00000000,20,62,1191580
179,Full PQ (ML-KEM-768 / ML-DSA-65),NONCE_RANDOM,5724,0x0000017b,0x00000000,12,44,1043534
179,Full PQ (ML-KEM-768 / ML-DSA-65),QUOTE,5725,0x00000158,0x00000000,105,3479,1327302
180,Full PQ (ML-KEM-768 / ML-DSA-65),EK_CREATE,5733,0x00000131,0x00000000,89,1392,1061547
180,Full PQ (ML-KEM-768 / ML-DSA-65),AK_CREATE,5734,0x00000131,0x00000000,88,2127,1116469
180,Full PQ (ML-KEM-768 / ML-DSA-65),CREDENTIAL_RANDOM,5735,0x0000017b,0x00000000,12,44,973934
180,Full PQ (ML-KEM-768 / ML-DSA-65),MAKE_CREDENTIAL,5736,0x00000168,0x00000000,84,1170,1091153
180,Full PQ (ML-KEM-768 / ML-DSA-65),ACTIVATE_AUTH,5737,0x00000176,0x00000000,59,48,943771
180,Full PQ (ML-KEM-768 / ML-DSA-65),ACTIVATE_AUTH,5738,0x00000151,0x00000000,41,29,1135021
180,Full PQ (ML-KEM-768 / ML-DSA-65),ACTIVATE_CREDENTIAL,5739,0x00000147,0x00000000,1296,122,1065144
180,Full PQ (ML-KEM-768 / ML-DSA-65),PCR_READ,5740,0x0000017e,0x00000000,20,62,1059113
180,Full PQ (ML-KEM-768 / ML-DSA-65),PCR_READ,5741,0x0000017e,0x00000000,20,62,1117471
180,Full PQ (ML-KEM-768 / ML-DSA-65),PCR_READ,5742,0x0000017e,0x00000000,20,62,1065735
180,Full PQ (ML-KEM-768 / ML-DSA-65),PCR_READ,5743,0x0000017e,0x00000000,20,62,1022244
180,Full PQ (ML-KEM-768 / ML-DSA-65),PCR_READ,5744,0x0000017e,0x00000000,20,62,1013067
180,Full PQ (ML-KEM-768 / ML-DSA-65),PCR_READ,5745,0x0000017e,0x00000000,20,62,1007807
180,Full PQ (ML-KEM-768 / ML-DSA-65),PCR_READ,5746,0x0000017e,0x00000000,20,62,1040819
180,Full PQ (ML-KEM-768 / ML-DSA-65),PCR_READ,5747,0x0000017e,0x00000000,20,62,1041350
180,Full PQ (ML-KEM-768 / ML-DSA-65),PCR_READ,5748,0x0000017e,0x00000000,20,62,1023967
180,Full PQ (ML-KEM-768 / ML-DSA-65),PCR_READ,5749,0x0000017e,0x00000000,20,62,1051699
180,Full PQ (ML-KEM-768 / ML-DSA-65),PCR_READ,5750,0x0000017e,0x00000000,20,62,1075804
180,Full PQ (ML-KEM-768 / ML-DSA-65),PCR_READ,5751,0x0000017e,0x00000000,20,62,1027273
180,Full PQ (ML-KEM-768 / ML-DSA-65),PCR_READ,5752,0x0000017e,0x00000000,20,62,1013689
180,Full PQ (ML-KEM-768 / ML-DSA-65),PCR_READ,5753,0x0000017e,0x00000000,20,62,965939
180,Full PQ (ML-KEM-768 / ML-DSA-65),PCR_READ,5754,0x0000017e,0x00000000,20,62,1067959
180,Full PQ (ML-KEM-768 / ML-DSA-65),PCR_READ,5755,0x0000017e,0x00000000,20,62,1033275
180,Full PQ (ML-KEM-768 / ML-DSA-65),NONCE_RANDOM,5756,0x0000017b,0x00000000,12,44,1006655
180,Full PQ (ML-KEM-768 / ML-DSA-65),QUOTE,5757,0x00000158,0x00000000,105,3479,1409315
181,Full PQ (ML-KEM-768 / ML-DSA-65),EK_CREATE,5765,0x00000131,0x00000000,89,1392,1117081
181,Full PQ (ML-KEM-768 / ML-DSA-65),AK_CREATE,5766,0x00000131,0x00000000,88,2127,1146926
181,Full PQ (ML-KEM-768 / ML-DSA-65),CREDENTIAL_RANDOM,5767,0x0000017b,0x00000000,12,44,996256
181,Full PQ (ML-KEM-768 / ML-DSA-65),MAKE_CREDENTIAL,5768,0x00000168,0x00000000,84,1170,1062268
181,Full PQ (ML-KEM-768 / ML-DSA-65),ACTIVATE_AUTH,5769,0x00000176,0x00000000,59,48,1077847
181,Full PQ (ML-KEM-768 / ML-DSA-65),ACTIVATE_AUTH,5770,0x00000151,0x00000000,41,29,968023
181,Full PQ (ML-KEM-768 / ML-DSA-65),ACTIVATE_CREDENTIAL,5771,0x00000147,0x00000000,1296,122,1045026
181,Full PQ (ML-KEM-768 / ML-DSA-65),PCR_READ,5772,0x0000017e,0x00000000,20,62,969916
181,Full PQ (ML-KEM-768 / ML-DSA-65),PCR_READ,5773,0x0000017e,0x00000000,20,62,1005934
181,Full PQ (ML-KEM-768 / ML-DSA-65),PCR_READ,5774,0x0000017e,0x00000000,20,62,1020050
181,Full PQ (ML-KEM-768 / ML-DSA-65),PCR_READ,5775,0x0000017e,0x00000000,20,62,980977
181,Full PQ (ML-KEM-768 / ML-DSA-65),PCR_READ,5776,0x0000017e,0x00000000,20,62,1091924
181,Full PQ (ML-KEM-768 / ML-DSA-65),PCR_READ,5777,0x0000017e,0x00000000,20,62,1207379
181,Full PQ (ML-KEM-768 / ML-DSA-65),PCR_READ,5778,0x0000017e,0x00000000,20,62,1057690
181,Full PQ (ML-KEM-768 / ML-DSA-65),PCR_READ,5779,0x0000017e,0x00000000,20,62,1049615
181,Full PQ (ML-KEM-768 / ML-DSA-65),PCR_READ,5780,0x0000017e,0x00000000,20,62,980466
181,Full PQ (ML-KEM-768 / ML-DSA-65),PCR_READ,5781,0x0000017e,0x00000000,20,62,1023987
181,Full PQ (ML-KEM-768 / ML-DSA-65),PCR_READ,5782,0x0000017e,0x00000000,20,62,992329
181,Full PQ (ML-KEM-768 / ML-DSA-65),PCR_READ,5783,0x0000017e,0x00000000,20,62,1019118
181,Full PQ (ML-KEM-768 / ML-DSA-65),PCR_READ,5784,0x0000017e,0x00000000,20,62,1121509
181,Full PQ (ML-KEM-768 / ML-DSA-65),PCR_READ,5785,0x0000017e,0x00000000,20,62,1027775
181,Full PQ (ML-KEM-768 / ML-DSA-65),PCR_READ,5786,0x0000017e,0x00000000,20,62,1057731
181,Full PQ (ML-KEM-768 / ML-DSA-65),PCR_READ,5787,0x0000017e,0x00000000,20,62,1057349
181,Full PQ (ML-KEM-768 / ML-DSA-65),NONCE_RANDOM,5788,0x0000017b,0x00000000,12,44,1110087
181,Full PQ (ML-KEM-768 / ML-DSA-65),QUOTE,5789,0x00000158,0x00000000,105,3479,1249487
182,Full PQ (ML-KEM-768 / ML-DSA-65),EK_CREATE,5797,0x00000131,0x00000000,89,1392,1227226
182,Full PQ (ML-KEM-768 / ML-DSA-65),AK_CREATE,5798,0x00000131,0x00000000,88,2127,1191289
182,Full PQ (ML-KEM-768 / ML-DSA-65),CREDENTIAL_RANDOM,5799,0x0000017b,0x00000000,12,44,1025079
182,Full PQ (ML-KEM-768 / ML-DSA-65),MAKE_CREDENTIAL,5800,0x00000168,0x00000000,84,1170,1142218
182,Full PQ (ML-KEM-768 / ML-DSA-65),ACTIVATE_AUTH,5801,0x00000176,0x00000000,59,48,1237214
182,Full PQ (ML-KEM-768 / ML-DSA-65),ACTIVATE_AUTH,5802,0x00000151,0x00000000,41,29,1077087
182,Full PQ (ML-KEM-768 / ML-DSA-65),ACTIVATE_CREDENTIAL,5803,0x00000147,0x00000000,1296,122,1294201
182,Full PQ (ML-KEM-768 / ML-DSA-65),PCR_READ,5804,0x0000017e,0x00000000,20,62,1153619
182,Full PQ (ML-KEM-768 / ML-DSA-65),PCR_READ,5805,0x0000017e,0x00000000,20,62,1075153
182,Full PQ (ML-KEM-768 / ML-DSA-65),PCR_READ,5806,0x0000017e,0x00000000,20,62,1108806
182,Full PQ (ML-KEM-768 / ML-DSA-65),PCR_READ,5807,0x0000017e,0x00000000,20,62,1092735
182,Full PQ (ML-KEM-768 / ML-DSA-65),PCR_READ,5808,0x0000017e,0x00000000,20,62,1051249
182,Full PQ (ML-KEM-768 / ML-DSA-65),PCR_READ,5809,0x0000017e,0x00000000,20,62,933929
182,Full PQ (ML-KEM-768 / ML-DSA-65),PCR_READ,5810,0x0000017e,0x00000000,20,62,1076946
182,Full PQ (ML-KEM-768 / ML-DSA-65),PCR_READ,5811,0x0000017e,0x00000000,20,62,1071206
182,Full PQ (ML-KEM-768 / ML-DSA-65),PCR_READ,5812,0x0000017e,0x00000000,20,62,1006104
182,Full PQ (ML-KEM-768 / ML-DSA-65),PCR_READ,5813,0x0000017e,0x00000000,20,62,1003239
182,Full PQ (ML-KEM-768 / ML-DSA-65),PCR_READ,5814,0x0000017e,0x00000000,20,62,986707
182,Full PQ (ML-KEM-768 / ML-DSA-65),PCR_READ,5815,0x0000017e,0x00000000,20,62,1028145
182,Full PQ (ML-KEM-768 / ML-DSA-65),PCR_READ,5816,0x0000017e,0x00000000,20,62,1001756
182,Full PQ (ML-KEM-768 / ML-DSA-65),PCR_READ,5817,0x0000017e,0x00000000,20,62,1166533
182,Full PQ (ML-KEM-768 / ML-DSA-65),PCR_READ,5818,0x0000017e,0x00000000,20,62,1013919
182,Full PQ (ML-KEM-768 / ML-DSA-65),PCR_READ,5819,0x0000017e,0x00000000,20,62,1021623
182,Full PQ (ML-KEM-768 / ML-DSA-65),NONCE_RANDOM,5820,0x0000017b,0x00000000,12,44,1058482
182,Full PQ (ML-KEM-768 / ML-DSA-65),QUOTE,5821,0x00000158,0x00000000,105,3479,1342501
183,Full PQ (ML-KEM-768 / ML-DSA-65),EK_CREATE,5829,0x00000131,0x00000000,89,1392,997579
183,Full PQ (ML-KEM-768 / ML-DSA-65),AK_CREATE,5830,0x00000131,0x00000000,88,2127,1097555
183,Full PQ (ML-KEM-768 / ML-DSA-65),CREDENTIAL_RANDOM,5831,0x0000017b,0x00000000,12,44,997939
183,Full PQ (ML-KEM-768 / ML-DSA-65),MAKE_CREDENTIAL,5832,0x00000168,0x00000000,84,1170,1058812
183,Full PQ (ML-KEM-768 / ML-DSA-65),ACTIVATE_AUTH,5833,0x00000176,0x00000000,59,48,973152
183,Full PQ (ML-KEM-768 / ML-DSA-65),ACTIVATE_AUTH,5834,0x00000151,0x00000000,41,29,997769
183,Full PQ (ML-KEM-768 / ML-DSA-65),ACTIVATE_CREDENTIAL,5835,0x00000147,0x00000000,1296,122,1082777
183,Full PQ (ML-KEM-768 / ML-DSA-65),PCR_READ,5836,0x0000017e,0x00000000,20,62,1002718
183,Full PQ (ML-KEM-768 / ML-DSA-65),PCR_READ,5837,0x0000017e,0x00000000,20,62,1036100
183,Full PQ (ML-KEM-768 / ML-DSA-65),PCR_READ,5838,0x0000017e,0x00000000,20,62,1034918
183,Full PQ (ML-KEM-768 / ML-DSA-65),PCR_READ,5839,0x0000017e,0x00000000,20,62,968454
183,Full PQ (ML-KEM-768 / ML-DSA-65),PCR_READ,5840,0x0000017e,0x00000000,20,62,956171
183,Full PQ (ML-KEM-768 / ML-DSA-65),PCR_READ,5841,0x0000017e,0x00000000,20,62,1015712
183,Full PQ (ML-KEM-768 / ML-DSA-65),PCR_READ,5842,0x0000017e,0x00000000,20,62,1165171
183,Full PQ (ML-KEM-768 / ML-DSA-65),PCR_READ,5843,0x0000017e,0x00000000,20,62,1016633
183,Full PQ (ML-KEM-768 / ML-DSA-65),PCR_READ,5844,0x0000017e,0x00000000,20,62,1003399
183,Full PQ (ML-KEM-768 / ML-DSA-65),PCR_READ,5845,0x0000017e,0x00000000,20,62,1032093
183,Full PQ (ML-KEM-768 / ML-DSA-65),PCR_READ,5846,0x0000017e,0x00000000,20,62,1015371
183,Full PQ (ML-KEM-768 / ML-DSA-65),PCR_READ,5847,0x0000017e,0x00000000,20,62,985516
183,Full PQ (ML-KEM-768 / ML-DSA-65),PCR_READ,5848,0x0000017e,0x00000000,20,62,1042421
183,Full PQ (ML-KEM-768 / ML-DSA-65),PCR_READ,5849,0x0000017e,0x00000000,20,62,1028094
183,Full PQ (ML-KEM-768 / ML-DSA-65),PCR_READ,5850,0x0000017e,0x00000000,20,62,952334
183,Full PQ (ML-KEM-768 / ML-DSA-65),PCR_READ,5851,0x0000017e,0x00000000,20,62,1044295
183,Full PQ (ML-KEM-768 / ML-DSA-65),NONCE_RANDOM,5852,0x0000017b,0x00000000,12,44,1031031
183,Full PQ (ML-KEM-768 / ML-DSA-65),QUOTE,5853,0x00000158,0x00000000,105,3479,1389188
184,Full PQ (ML-KEM-768 / ML-DSA-65),EK_CREATE,5861,0x00000131,0x00000000,89,1392,1025620
184,Full PQ (ML-KEM-768 / ML-DSA-65),AK_CREATE,5862,0x00000131,0x00000000,88,2127,1069833
184,Full PQ (ML-KEM-768 / ML-DSA-65),CREDENTIAL_RANDOM,5863,0x0000017b,0x00000000,12,44,1029337
184,Full PQ (ML-KEM-768 / ML-DSA-65),MAKE_CREDENTIAL,5864,0x00000168,0x00000000,84,1170,1036050
184,Full PQ (ML-KEM-768 / ML-DSA-65),ACTIVATE_AUTH,5865,0x00000176,0x00000000,59,48,1021924
184,Full PQ (ML-KEM-768 / ML-DSA-65),ACTIVATE_AUTH,5866,0x00000151,0x00000000,41,29,1055626
184,Full PQ (ML-KEM-768 / ML-DSA-65),ACTIVATE_CREDENTIAL,5867,0x00000147,0x00000000,1296,122,1053893
184,Full PQ (ML-KEM-768 / ML-DSA-65),PCR_READ,5868,0x0000017e,0x00000000,20,62,1013177
184,Full PQ (ML-KEM-768 / ML-DSA-65),PCR_READ,5869,0x0000017e,0x00000000,20,62,1029348
184,Full PQ (ML-KEM-768 / ML-DSA-65),PCR_READ,5870,0x0000017e,0x00000000,20,62,994081
184,Full PQ (ML-KEM-768 / ML-DSA-65),PCR_READ,5871,0x0000017e,0x00000000,20,62,1021112
184,Full PQ (ML-KEM-768 / ML-DSA-65),PCR_READ,5872,0x0000017e,0x00000000,20,62,996196
184,Full PQ (ML-KEM-768 / ML-DSA-65),PCR_READ,5873,0x0000017e,0x00000000,20,62,970908
184,Full PQ (ML-KEM-768 / ML-DSA-65),PCR_READ,5874,0x0000017e,0x00000000,20,62,1024058
184,Full PQ (ML-KEM-768 / ML-DSA-65),PCR_READ,5875,0x0000017e,0x00000000,20,62,1053903
184,Full PQ (ML-KEM-768 / ML-DSA-65),PCR_READ,5876,0x0000017e,0x00000000,20,62,1023076
184,Full PQ (ML-KEM-768 / ML-DSA-65),PCR_READ,5877,0x0000017e,0x00000000,20,62,1024388
184,Full PQ (ML-KEM-768 / ML-DSA-65),PCR_READ,5878,0x0000017e,0x00000000,20,62,1112251
184,Full PQ (ML-KEM-768 / ML-DSA-65),PCR_READ,5879,0x0000017e,0x00000000,20,62,1049765
184,Full PQ (ML-KEM-768 / ML-DSA-65),PCR_READ,5880,0x0000017e,0x00000000,20,62,1022394
184,Full PQ (ML-KEM-768 / ML-DSA-65),PCR_READ,5881,0x0000017e,0x00000000,20,62,1126939
184,Full PQ (ML-KEM-768 / ML-DSA-65),PCR_READ,5882,0x0000017e,0x00000000,20,62,1133842
184,Full PQ (ML-KEM-768 / ML-DSA-65),PCR_READ,5883,0x0000017e,0x00000000,20,62,1104607
184,Full PQ (ML-KEM-768 / ML-DSA-65),NONCE_RANDOM,5884,0x0000017b,0x00000000,12,44,1079070
184,Full PQ (ML-KEM-768 / ML-DSA-65),QUOTE,5885,0x00000158,0x00000000,105,3479,1302356
185,Full PQ (ML-KEM-768 / ML-DSA-65),EK_CREATE,5893,0x00000131,0x00000000,89,1392,1108324
185,Full PQ (ML-KEM-768 / ML-DSA-65),AK_CREATE,5894,0x00000131,0x00000000,88,2127,1076255
185,Full PQ (ML-KEM-768 / ML-DSA-65),CREDENTIAL_RANDOM,5895,0x0000017b,0x00000000,12,44,978583
185,Full PQ (ML-KEM-768 / ML-DSA-65),MAKE_CREDENTIAL,5896,0x00000168,0x00000000,84,1170,1123282
185,Full PQ (ML-KEM-768 / ML-DSA-65),ACTIVATE_AUTH,5897,0x00000176,0x00000000,59,48,960379
185,Full PQ (ML-KEM-768 / ML-DSA-65),ACTIVATE_AUTH,5898,0x00000151,0x00000000,41,29,989864
185,Full PQ (ML-KEM-768 / ML-DSA-65),ACTIVATE_CREDENTIAL,5899,0x00000147,0x00000000,1296,122,1104066
185,Full PQ (ML-KEM-768 / ML-DSA-65),PCR_READ,5900,0x0000017e,0x00000000,20,62,1031651
185,Full PQ (ML-KEM-768 / ML-DSA-65),PCR_READ,5901,0x0000017e,0x00000000,20,62,1053142
185,Full PQ (ML-KEM-768 / ML-DSA-65),PCR_READ,5902,0x0000017e,0x00000000,20,62,997999
185,Full PQ (ML-KEM-768 / ML-DSA-65),PCR_READ,5903,0x0000017e,0x00000000,20,62,1054574
185,Full PQ (ML-KEM-768 / ML-DSA-65),PCR_READ,5904,0x0000017e,0x00000000,20,62,1058191
185,Full PQ (ML-KEM-768 / ML-DSA-65),PCR_READ,5905,0x0000017e,0x00000000,20,62,1076425
185,Full PQ (ML-KEM-768 / ML-DSA-65),PCR_READ,5906,0x0000017e,0x00000000,20,62,1043814
185,Full PQ (ML-KEM-768 / ML-DSA-65),PCR_READ,5907,0x0000017e,0x00000000,20,62,1075012
185,Full PQ (ML-KEM-768 / ML-DSA-65),PCR_READ,5908,0x0000017e,0x00000000,20,62,1052451
185,Full PQ (ML-KEM-768 / ML-DSA-65),PCR_READ,5909,0x0000017e,0x00000000,20,62,1017014
185,Full PQ (ML-KEM-768 / ML-DSA-65),PCR_READ,5910,0x0000017e,0x00000000,20,62,992689
185,Full PQ (ML-KEM-768 / ML-DSA-65),PCR_READ,5911,0x0000017e,0x00000000,20,62,1141076
185,Full PQ (ML-KEM-768 / ML-DSA-65),PCR_READ,5912,0x0000017e,0x00000000,20,62,1090070
185,Full PQ (ML-KEM-768 / ML-DSA-65),PCR_READ,5913,0x0000017e,0x00000000,20,62,1070054
185,Full PQ (ML-KEM-768 / ML-DSA-65),PCR_READ,5914,0x0000017e,0x00000000,20,62,1186670
185,Full PQ (ML-KEM-768 / ML-DSA-65),PCR_READ,5915,0x0000017e,0x00000000,20,62,1211467
185,Full PQ (ML-KEM-768 / ML-DSA-65),NONCE_RANDOM,5916,0x0000017b,0x00000000,12,44,1073559
185,Full PQ (ML-KEM-768 / ML-DSA-65),QUOTE,5917,0x00000158,0x00000000,105,3479,1414354
186,Full PQ (ML-KEM-768 / ML-DSA-65),EK_CREATE,5925,0x00000131,0x00000000,89,1392,1028716
186,Full PQ (ML-KEM-768 / ML-DSA-65),AK_CREATE,5926,0x00000131,0x00000000,88,2127,1090391
186,Full PQ (ML-KEM-768 / ML-DSA-65),CREDENTIAL_RANDOM,5927,0x0000017b,0x00000000,12,44,1117641
186,Full PQ (ML-KEM-768 / ML-DSA-65),MAKE_CREDENTIAL,5928,0x00000168,0x00000000,84,1170,1036401
186,Full PQ (ML-KEM-768 / ML-DSA-65),ACTIVATE_AUTH,5929,0x00000176,0x00000000,59,48,997669
186,Full PQ (ML-KEM-768 / ML-DSA-65),ACTIVATE_AUTH,5930,0x00000151,0x00000000,41,29,999632
186,Full PQ (ML-KEM-768 / ML-DSA-65),ACTIVATE_CREDENTIAL,5931,0x00000147,0x00000000,1296,122,1154260
186,Full PQ (ML-KEM-768 / ML-DSA-65),PCR_READ,5932,0x0000017e,0x00000000,20,62,980266
186,Full PQ (ML-KEM-768 / ML-DSA-65),PCR_READ,5933,0x0000017e,0x00000000,20,62,987399
186,Full PQ (ML-KEM-768 / ML-DSA-65),PCR_READ,5934,0x0000017e,0x00000000,20,62,1028806
186,Full PQ (ML-KEM-768 / ML-DSA-65),PCR_READ,5935,0x0000017e,0x00000000,20,62,1072748
186,Full PQ (ML-KEM-768 / ML-DSA-65),PCR_READ,5936,0x0000017e,0x00000000,20,62,985816
186,Full PQ (ML-KEM-768 / ML-DSA-65),PCR_READ,5937,0x0000017e,0x00000000,20,62,1006144
186,Full PQ (ML-KEM-768 / ML-DSA-65),PCR_READ,5938,0x0000017e,0x00000000,20,62,1032994
186,Full PQ (ML-KEM-768 / ML-DSA-65),PCR_READ,5939,0x0000017e,0x00000000,20,62,1060405
186,Full PQ (ML-KEM-768 / ML-DSA-65),PCR_READ,5940,0x0000017e,0x00000000,20,62,1026121
186,Full PQ (ML-KEM-768 / ML-DSA-65),PCR_READ,5941,0x0000017e,0x00000000,20,62,974566
186,Full PQ (ML-KEM-768 / ML-DSA-65),PCR_READ,5942,0x0000017e,0x00000000,20,62,1092475
186,Full PQ (ML-KEM-768 / ML-DSA-65),PCR_READ,5943,0x0000017e,0x00000000,20,62,1034406
186,Full PQ (ML-KEM-768 / ML-DSA-65),PCR_READ,5944,0x0000017e,0x00000000,20,62,981849
186,Full PQ (ML-KEM-768 / ML-DSA-65),PCR_READ,5945,0x0000017e,0x00000000,20,62,983242
186,Full PQ (ML-KEM-768 / ML-DSA-65),PCR_READ,5946,0x0000017e,0x00000000,20,62,1049455
186,Full PQ (ML-KEM-768 / ML-DSA-65),PCR_READ,5947,0x0000017e,0x00000000,20,62,1002767
186,Full PQ (ML-KEM-768 / ML-DSA-65),NONCE_RANDOM,5948,0x0000017b,0x00000000,12,44,1002337
186,Full PQ (ML-KEM-768 / ML-DSA-65),QUOTE,5949,0x00000158,0x00000000,105,3479,1287157
187,Full PQ (ML-KEM-768 / ML-DSA-65),EK_CREATE,5957,0x00000131,0x00000000,89,1392,1104267
187,Full PQ (ML-KEM-768 / ML-DSA-65),AK_CREATE,5958,0x00000131,0x00000000,88,2127,1079651
187,Full PQ (ML-KEM-768 / ML-DSA-65),CREDENTIAL_RANDOM,5959,0x0000017b,0x00000000,12,44,1097524
187,Full PQ (ML-KEM-768 / ML-DSA-65),MAKE_CREDENTIAL,5960,0x00000168,0x00000000,84,1170,1072979
187,Full PQ (ML-KEM-768 / ML-DSA-65),ACTIVATE_AUTH,5961,0x00000176,0x00000000,59,48,1036761
187,Full PQ (ML-KEM-768 / ML-DSA-65),ACTIVATE_AUTH,5962,0x00000151,0x00000000,41,29,1114216
187,Full PQ (ML-KEM-768 / ML-DSA-65),ACTIVATE_CREDENTIAL,5963,0x00000147,0x00000000,1296,122,1217891
187,Full PQ (ML-KEM-768 / ML-DSA-65),PCR_READ,5964,0x0000017e,0x00000000,20,62,1064861
187,Full PQ (ML-KEM-768 / ML-DSA-65),PCR_READ,5965,0x0000017e,0x00000000,20,62,1180588
187,Full PQ (ML-KEM-768 / ML-DSA-65),PCR_READ,5966,0x0000017e,0x00000000,20,62,1053884
187,Full PQ (ML-KEM-768 / ML-DSA-65),PCR_READ,5967,0x0000017e,0x00000000,20,62,1106822
187,Full PQ (ML-KEM-768 / ML-DSA-65),PCR_READ,5968,0x0000017e,0x00000000,20,62,1053642
187,Full PQ (ML-KEM-768 / ML-DSA-65),PCR_READ,5969,0x0000017e,0x00000000,20,62,1073008
187,Full PQ (ML-KEM-768 / ML-DSA-65),PCR_READ,5970,0x0000017e,0x00000000,20,62,1226325
187,Full PQ (ML-KEM-768 / ML-DSA-65),PCR_READ,5971,0x0000017e,0x00000000,20,62,994502
187,Full PQ (ML-KEM-768 / ML-DSA-65),PCR_READ,5972,0x0000017e,0x00000000,20,62,1104728
187,Full PQ (ML-KEM-768 / ML-DSA-65),PCR_READ,5973,0x0000017e,0x00000000,20,62,1051498
187,Full PQ (ML-KEM-768 / ML-DSA-65),PCR_READ,5974,0x0000017e,0x00000000,20,62,1096713
187,Full PQ (ML-KEM-768 / ML-DSA-65),PCR_READ,5975,0x0000017e,0x00000000,20,62,1060916
187,Full PQ (ML-KEM-768 / ML-DSA-65),PCR_READ,5976,0x0000017e,0x00000000,20,62,1072418
187,Full PQ (ML-KEM-768 / ML-DSA-65),PCR_READ,5977,0x0000017e,0x00000000,20,62,992198
187,Full PQ (ML-KEM-768 / ML-DSA-65),PCR_READ,5978,0x0000017e,0x00000000,20,62,1074011
187,Full PQ (ML-KEM-768 / ML-DSA-65),PCR_READ,5979,0x0000017e,0x00000000,20,62,1109657
187,Full PQ (ML-KEM-768 / ML-DSA-65),NONCE_RANDOM,5980,0x0000017b,0x00000000,12,44,1130024
187,Full PQ (ML-KEM-768 / ML-DSA-65),QUOTE,5981,0x00000158,0x00000000,105,3479,1591194
188,Full PQ (ML-KEM-768 / ML-DSA-65),EK_CREATE,5989,0x00000131,0x00000000,89,1392,1085191
188,Full PQ (ML-KEM-768 / ML-DSA-65),AK_CREATE,5990,0x00000131,0x00000000,88,2127,1051499
188,Full PQ (ML-KEM-768 / ML-DSA-65),CREDENTIAL_RANDOM,5991,0x0000017b,0x00000000,12,44,990505
188,Full PQ (ML-KEM-768 / ML-DSA-65),MAKE_CREDENTIAL,5992,0x00000168,0x00000000,84,1170,1088598
188,Full PQ (ML-KEM-768 / ML-DSA-65),ACTIVATE_AUTH,5993,0x00000176,0x00000000,59,48,976259
188,Full PQ (ML-KEM-768 / ML-DSA-65),ACTIVATE_AUTH,5994,0x00000151,0x00000000,41,29,1007466
188,Full PQ (ML-KEM-768 / ML-DSA-65),ACTIVATE_CREDENTIAL,5995,0x00000147,0x00000000,1296,122,1118193
188,Full PQ (ML-KEM-768 / ML-DSA-65),PCR_READ,5996,0x0000017e,0x00000000,20,62,967051
188,Full PQ (ML-KEM-768 / ML-DSA-65),PCR_READ,5997,0x0000017e,0x00000000,20,62,1024459
188,Full PQ (ML-KEM-768 / ML-DSA-65),PCR_READ,5998,0x0000017e,0x00000000,20,62,1017705
188,Full PQ (ML-KEM-768 / ML-DSA-65),PCR_READ,5999,0x0000017e,0x00000000,20,62,1028696
188,Full PQ (ML-KEM-768 / ML-DSA-65),PCR_READ,6000,0x0000017e,0x00000000,20,62,1024468
188,Full PQ (ML-KEM-768 / ML-DSA-65),PCR_READ,6001,0x0000017e,0x00000000,20,62,1008448
188,Full PQ (ML-KEM-768 / ML-DSA-65),PCR_READ,6002,0x0000017e,0x00000000,20,62,1014009
188,Full PQ (ML-KEM-768 / ML-DSA-65),PCR_READ,6003,0x0000017e,0x00000000,20,62,992839
188,Full PQ (ML-KEM-768 / ML-DSA-65),PCR_READ,6004,0x0000017e,0x00000000,20,62,1055296
188,Full PQ (ML-KEM-768 / ML-DSA-65),PCR_READ,6005,0x0000017e,0x00000000,20,62,1080212
188,Full PQ (ML-KEM-768 / ML-DSA-65),PCR_READ,6006,0x0000017e,0x00000000,20,62,1018337
188,Full PQ (ML-KEM-768 / ML-DSA-65),PCR_READ,6007,0x0000017e,0x00000000,20,62,1109136
188,Full PQ (ML-KEM-768 / ML-DSA-65),PCR_READ,6008,0x0000017e,0x00000000,20,62,1030419
188,Full PQ (ML-KEM-768 / ML-DSA-65),PCR_READ,6009,0x0000017e,0x00000000,20,62,1031672
188,Full PQ (ML-KEM-768 / ML-DSA-65),PCR_READ,6010,0x0000017e,0x00000000,20,62,1026352
188,Full PQ (ML-KEM-768 / ML-DSA-65),PCR_READ,6011,0x0000017e,0x00000000,20,62,1086073
188,Full PQ (ML-KEM-768 / ML-DSA-65),NONCE_RANDOM,6012,0x0000017b,0x00000000,12,44,1013739
188,Full PQ (ML-KEM-768 / ML-DSA-65),QUOTE,6013,0x00000158,0x00000000,105,3479,1459629
189,Full PQ (ML-KEM-768 / ML-DSA-65),EK_CREATE,6021,0x00000131,0x00000000,89,1392,1059874
189,Full PQ (ML-KEM-768 / ML-DSA-65),AK_CREATE,6022,0x00000131,0x00000000,88,2127,1065124
189,Full PQ (ML-KEM-768 / ML-DSA-65),CREDENTIAL_RANDOM,6023,0x0000017b,0x00000000,12,44,1067389
189,Full PQ (ML-KEM-768 / ML-DSA-65),MAKE_CREDENTIAL,6024,0x00000168,0x00000000,84,1170,1080652
189,Full PQ (ML-KEM-768 / ML-DSA-65),ACTIVATE_AUTH,6025,0x00000176,0x00000000,59,48,1019890
189,Full PQ (ML-KEM-768 / ML-DSA-65),ACTIVATE_AUTH,6026,0x00000151,0x00000000,41,29,999872
189,Full PQ (ML-KEM-768 / ML-DSA-65),ACTIVATE_CREDENTIAL,6027,0x00000147,0x00000000,1296,122,1060846
189,Full PQ (ML-KEM-768 / ML-DSA-65),PCR_READ,6028,0x0000017e,0x00000000,20,62,972381
189,Full PQ (ML-KEM-768 / ML-DSA-65),PCR_READ,6029,0x0000017e,0x00000000,20,62,915225
189,Full PQ (ML-KEM-768 / ML-DSA-65),PCR_READ,6030,0x0000017e,0x00000000,20,62,978673
189,Full PQ (ML-KEM-768 / ML-DSA-65),PCR_READ,6031,0x0000017e,0x00000000,20,62,1013177
189,Full PQ (ML-KEM-768 / ML-DSA-65),PCR_READ,6032,0x0000017e,0x00000000,20,62,956041
189,Full PQ (ML-KEM-768 / ML-DSA-65),PCR_READ,6033,0x0000017e,0x00000000,20,62,949138
189,Full PQ (ML-KEM-768 / ML-DSA-65),PCR_READ,6034,0x0000017e,0x00000000,20,62,921747
189,Full PQ (ML-KEM-768 / ML-DSA-65),PCR_READ,6035,0x0000017e,0x00000000,20,62,1094980
189,Full PQ (ML-KEM-768 / ML-DSA-65),PCR_READ,6036,0x0000017e,0x00000000,20,62,1000473
189,Full PQ (ML-KEM-768 / ML-DSA-65),PCR_READ,6037,0x0000017e,0x00000000,20,62,1007948
189,Full PQ (ML-KEM-768 / ML-DSA-65),PCR_READ,6038,0x0000017e,0x00000000,20,62,1010402
189,Full PQ (ML-KEM-768 / ML-DSA-65),PCR_READ,6039,0x0000017e,0x00000000,20,62,956261
189,Full PQ (ML-KEM-768 / ML-DSA-65),PCR_READ,6040,0x0000017e,0x00000000,20,62,982420
189,Full PQ (ML-KEM-768 / ML-DSA-65),PCR_READ,6041,0x0000017e,0x00000000,20,62,961190
189,Full PQ (ML-KEM-768 / ML-DSA-65),PCR_READ,6042,0x0000017e,0x00000000,20,62,998119
189,Full PQ (ML-KEM-768 / ML-DSA-65),PCR_READ,6043,0x0000017e,0x00000000,20,62,961471
189,Full PQ (ML-KEM-768 / ML-DSA-65),NONCE_RANDOM,6044,0x0000017b,0x00000000,12,44,964386
189,Full PQ (ML-KEM-768 / ML-DSA-65),QUOTE,6045,0x00000158,0x00000000,105,3479,1510213
190,Full PQ (ML-KEM-768 / ML-DSA-65),EK_CREATE,6053,0x00000131,0x00000000,89,1392,1108295
190,Full PQ (ML-KEM-768 / ML-DSA-65),AK_CREATE,6054,0x00000131,0x00000000,88,2127,1080523
190,Full PQ (ML-KEM-768 / ML-DSA-65),CREDENTIAL_RANDOM,6055,0x0000017b,0x00000000,12,44,1031712
190,Full PQ (ML-KEM-768 / ML-DSA-65),MAKE_CREDENTIAL,6056,0x00000168,0x00000000,84,1170,1094544
190,Full PQ (ML-KEM-768 / ML-DSA-65),ACTIVATE_AUTH,6057,0x00000176,0x00000000,59,48,1023942
190,Full PQ (ML-KEM-768 / ML-DSA-65),ACTIVATE_AUTH,6058,0x00000151,0x00000000,41,29,1108314
190,Full PQ (ML-KEM-768 / ML-DSA-65),ACTIVATE_CREDENTIAL,6059,0x00000147,0x00000000,1296,122,1073941
190,Full PQ (ML-KEM-768 / ML-DSA-65),PCR_READ,6060,0x0000017e,0x00000000,20,62,1012787
190,Full PQ (ML-KEM-768 / ML-DSA-65),PCR_READ,6061,0x0000017e,0x00000000,20,62,979846
190,Full PQ (ML-KEM-768 / ML-DSA-65),PCR_READ,6062,0x0000017e,0x00000000,20,62,1076034
190,Full PQ (ML-KEM-768 / ML-DSA-65),PCR_READ,6063,0x0000017e,0x00000000,20,62,1193553
190,Full PQ (ML-KEM-768 / ML-DSA-65),PCR_READ,6064,0x0000017e,0x00000000,20,62,1071195
190,Full PQ (ML-KEM-768 / ML-DSA-65),PCR_READ,6065,0x0000017e,0x00000000,20,62,1082326
190,Full PQ (ML-KEM-768 / ML-DSA-65),PCR_READ,6066,0x0000017e,0x00000000,20,62,1049064
190,Full PQ (ML-KEM-768 / ML-DSA-65),PCR_READ,6067,0x0000017e,0x00000000,20,62,1086294
190,Full PQ (ML-KEM-768 / ML-DSA-65),PCR_READ,6068,0x0000017e,0x00000000,20,62,1134543
190,Full PQ (ML-KEM-768 / ML-DSA-65),PCR_READ,6069,0x0000017e,0x00000000,20,62,1007938
190,Full PQ (ML-KEM-768 / ML-DSA-65),PCR_READ,6070,0x0000017e,0x00000000,20,62,976188
190,Full PQ (ML-KEM-768 / ML-DSA-65),PCR_READ,6071,0x0000017e,0x00000000,20,62,979805
190,Full PQ (ML-KEM-768 / ML-DSA-65),PCR_READ,6072,0x0000017e,0x00000000,20,62,1116840
190,Full PQ (ML-KEM-768 / ML-DSA-65),PCR_READ,6073,0x0000017e,0x00000000,20,62,1009040
190,Full PQ (ML-KEM-768 / ML-DSA-65),PCR_READ,6074,0x0000017e,0x00000000,20,62,956752
190,Full PQ (ML-KEM-768 / ML-DSA-65),PCR_READ,6075,0x0000017e,0x00000000,20,62,1067057
190,Full PQ (ML-KEM-768 / ML-DSA-65),NONCE_RANDOM,6076,0x0000017b,0x00000000,12,44,1017966
190,Full PQ (ML-KEM-768 / ML-DSA-65),QUOTE,6077,0x00000158,0x00000000,105,3479,1472402
191,Full PQ (ML-KEM-768 / ML-DSA-65),EK_CREATE,6085,0x00000131,0x00000000,89,1392,1129323
191,Full PQ (ML-KEM-768 / ML-DSA-65),AK_CREATE,6086,0x00000131,0x00000000,88,2127,1060696
191,Full PQ (ML-KEM-768 / ML-DSA-65),CREDENTIAL_RANDOM,6087,0x0000017b,0x00000000,12,44,1068520
191,Full PQ (ML-KEM-768 / ML-DSA-65),MAKE_CREDENTIAL,6088,0x00000168,0x00000000,84,1170,1023627
191,Full PQ (ML-KEM-768 / ML-DSA-65),ACTIVATE_AUTH,6089,0x00000176,0x00000000,59,48,991918
191,Full PQ (ML-KEM-768 / ML-DSA-65),ACTIVATE_AUTH,6090,0x00000151,0x00000000,41,29,976449
191,Full PQ (ML-KEM-768 / ML-DSA-65),ACTIVATE_CREDENTIAL,6091,0x00000147,0x00000000,1296,122,1098246
191,Full PQ (ML-KEM-768 / ML-DSA-65),PCR_READ,6092,0x0000017e,0x00000000,20,62,960028
191,Full PQ (ML-KEM-768 / ML-DSA-65),PCR_READ,6093,0x0000017e,0x00000000,20,62,996707
191,Full PQ (ML-KEM-768 / ML-DSA-65),PCR_READ,6094,0x0000017e,0x00000000,20,62,1053783
191,Full PQ (ML-KEM-768 / ML-DSA-65),PCR_READ,6095,0x0000017e,0x00000000,20,62,987740
191,Full PQ (ML-KEM-768 / ML-DSA-65),PCR_READ,6096,0x0000017e,0x00000000,20,62,960589
191,Full PQ (ML-KEM-768 / ML-DSA-65),PCR_READ,6097,0x0000017e,0x00000000,20,62,1011454
191,Full PQ (ML-KEM-768 / ML-DSA-65),PCR_READ,6098,0x0000017e,0x00000000,20,62,1011043
191,Full PQ (ML-KEM-768 / ML-DSA-65),PCR_READ,6099,0x0000017e,0x00000000,20,62,1002007
191,Full PQ (ML-KEM-768 / ML-DSA-65),PCR_READ,6100,0x0000017e,0x00000000,20,62,975948
191,Full PQ (ML-KEM-768 / ML-DSA-65),PCR_READ,6101,0x0000017e,0x00000000,20,62,1021242
191,Full PQ (ML-KEM-768 / ML-DSA-65),PCR_READ,6102,0x0000017e,0x00000000,20,62,1033224
191,Full PQ (ML-KEM-768 / ML-DSA-65),PCR_READ,6103,0x0000017e,0x00000000,20,62,1026582
191,Full PQ (ML-KEM-768 / ML-DSA-65),PCR_READ,6104,0x0000017e,0x00000000,20,62,1011134
191,Full PQ (ML-KEM-768 / ML-DSA-65),PCR_READ,6105,0x0000017e,0x00000000,20,62,1053472
191,Full PQ (ML-KEM-768 / ML-DSA-65),PCR_READ,6106,0x0000017e,0x00000000,20,62,1038123
191,Full PQ (ML-KEM-768 / ML-DSA-65),PCR_READ,6107,0x0000017e,0x00000000,20,62,1021854
191,Full PQ (ML-KEM-768 / ML-DSA-65),NONCE_RANDOM,6108,0x0000017b,0x00000000,12,44,1066065
191,Full PQ (ML-KEM-768 / ML-DSA-65),QUOTE,6109,0x00000158,0x00000000,105,3479,1374691
192,Full PQ (ML-KEM-768 / ML-DSA-65),EK_CREATE,6117,0x00000131,0x00000000,89,1392,1167404
192,Full PQ (ML-KEM-768 / ML-DSA-65),AK_CREATE,6118,0x00000131,0x00000000,88,2127,1092284
192,Full PQ (ML-KEM-768 / ML-DSA-65),CREDENTIAL_RANDOM,6119,0x0000017b,0x00000000,12,44,998339
192,Full PQ (ML-KEM-768 / ML-DSA-65),MAKE_CREDENTIAL,6120,0x00000168,0x00000000,84,1170,1040137
192,Full PQ (ML-KEM-768 / ML-DSA-65),ACTIVATE_AUTH,6121,0x00000176,0x00000000,59,48,997037
192,Full PQ (ML-KEM-768 / ML-DSA-65),ACTIVATE_AUTH,6122,0x00000151,0x00000000,41,29,1006615
192,Full PQ (ML-KEM-768 / ML-DSA-65),ACTIVATE_CREDENTIAL,6123,0x00000147,0x00000000,1296,122,1079010
192,Full PQ (ML-KEM-768 / ML-DSA-65),PCR_READ,6124,0x0000017e,0x00000000,20,62,1053853
192,Full PQ (ML-KEM-768 / ML-DSA-65),PCR_READ,6125,0x0000017e,0x00000000,20,62,1050396
192,Full PQ (ML-KEM-768 / ML-DSA-65),PCR_READ,6126,0x0000017e,0x00000000,20,62,968464
192,Full PQ (ML-KEM-768 / ML-DSA-65),PCR_READ,6127,0x0000017e,0x00000000,20,62,947325
192,Full PQ (ML-KEM-768 / ML-DSA-65),PCR_READ,6128,0x0000017e,0x00000000,20,62,991848
192,Full PQ (ML-KEM-768 / ML-DSA-65),PCR_READ,6129,0x0000017e,0x00000000,20,62,1049074
192,Full PQ (ML-KEM-768 / ML-DSA-65),PCR_READ,6130,0x0000017e,0x00000000,20,62,1019719
192,Full PQ (ML-KEM-768 / ML-DSA-65),PCR_READ,6131,0x0000017e,0x00000000,20,62,1042462
192,Full PQ (ML-KEM-768 / ML-DSA-65),PCR_READ,6132,0x0000017e,0x00000000,20,62,1050096
192,Full PQ (ML-KEM-768 / ML-DSA-65),PCR_READ,6133,0x0000017e,0x00000000,20,62,1195938
192,Full PQ (ML-KEM-768 / ML-DSA-65),PCR_READ,6134,0x0000017e,0x00000000,20,62,1044596
192,Full PQ (ML-KEM-768 / ML-DSA-65),PCR_READ,6135,0x0000017e,0x00000000,20,62,993631
192,Full PQ (ML-KEM-768 / ML-DSA-65),PCR_READ,6136,0x0000017e,0x00000000,20,62,1017646
192,Full PQ (ML-KEM-768 / ML-DSA-65),PCR_READ,6137,0x0000017e,0x00000000,20,62,995945
192,Full PQ (ML-KEM-768 / ML-DSA-65),PCR_READ,6138,0x0000017e,0x00000000,20,62,983241
192,Full PQ (ML-KEM-768 / ML-DSA-65),PCR_READ,6139,0x0000017e,0x00000000,20,62,1094329
192,Full PQ (ML-KEM-768 / ML-DSA-65),NONCE_RANDOM,6140,0x0000017b,0x00000000,12,44,1033414
192,Full PQ (ML-KEM-768 / ML-DSA-65),QUOTE,6141,0x00000158,0x00000000,105,3479,1395430
193,Full PQ (ML-KEM-768 / ML-DSA-65),EK_CREATE,6149,0x00000131,0x00000000,89,1392,1069853
193,Full PQ (ML-KEM-768 / ML-DSA-65),AK_CREATE,6150,0x00000131,0x00000000,88,2127,1024708
193,Full PQ (ML-KEM-768 / ML-DSA-65),CREDENTIAL_RANDOM,6151,0x0000017b,0x00000000,12,44,1106461
193,Full PQ (ML-KEM-768 / ML-DSA-65),MAKE_CREDENTIAL,6152,0x00000168,0x00000000,84,1170,1201398
193,Full PQ (ML-KEM-768 / ML-DSA-65),ACTIVATE_AUTH,6153,0x00000176,0x00000000,59,48,1118714
193,Full PQ (ML-KEM-768 / ML-DSA-65),ACTIVATE_AUTH,6154,0x00000151,0x00000000,41,29,1148359
193,Full PQ (ML-KEM-768 / ML-DSA-65),ACTIVATE_CREDENTIAL,6155,0x00000147,0x00000000,1296,122,1122180
193,Full PQ (ML-KEM-768 / ML-DSA-65),PCR_READ,6156,0x0000017e,0x00000000,20,62,1081705
193,Full PQ (ML-KEM-768 / ML-DSA-65),PCR_READ,6157,0x0000017e,0x00000000,20,62,1124895
193,Full PQ (ML-KEM-768 / ML-DSA-65),PCR_READ,6158,0x0000017e,0x00000000,20,62,1025971
193,Full PQ (ML-KEM-768 / ML-DSA-65),PCR_READ,6159,0x0000017e,0x00000000,20,62,977491
193,Full PQ (ML-KEM-768 / ML-DSA-65),PCR_READ,6160,0x0000017e,0x00000000,20,62,1107623
193,Full PQ (ML-KEM-768 / ML-DSA-65),PCR_READ,6161,0x0000017e,0x00000000,20,62,988862
193,Full PQ (ML-KEM-768 / ML-DSA-65),PCR_READ,6162,0x0000017e,0x00000000,20,62,1054204
193,Full PQ (ML-KEM-768 / ML-DSA-65),PCR_READ,6163,0x0000017e,0x00000000,20,62,1072370
193,Full PQ (ML-KEM-768 / ML-DSA-65),PCR_READ,6164,0x0000017e,0x00000000,20,62,1146783
193,Full PQ (ML-KEM-768 / ML-DSA-65),PCR_READ,6165,0x0000017e,0x00000000,20,62,1021803
193,Full PQ (ML-KEM-768 / ML-DSA-65),PCR_READ,6166,0x0000017e,0x00000000,20,62,969436
193,Full PQ (ML-KEM-768 / ML-DSA-65),PCR_READ,6167,0x0000017e,0x00000000,20,62,1059123
193,Full PQ (ML-KEM-768 / ML-DSA-65),PCR_READ,6168,0x0000017e,0x00000000,20,62,1060215
193,Full PQ (ML-KEM-768 / ML-DSA-65),PCR_READ,6169,0x0000017e,0x00000000,20,62,1151995
193,Full PQ (ML-KEM-768 / ML-DSA-65),PCR_READ,6170,0x0000017e,0x00000000,20,62,1344244
193,Full PQ (ML-KEM-768 / ML-DSA-65),PCR_READ,6171,0x0000017e,0x00000000,20,62,1377917
193,Full PQ (ML-KEM-768 / ML-DSA-65),NONCE_RANDOM,6172,0x0000017b,0x00000000,12,44,1119234
193,Full PQ (ML-KEM-768 / ML-DSA-65),QUOTE,6173,0x00000158,0x00000000,105,3479,1243136
194,Full PQ (ML-KEM-768 / ML-DSA-65),EK_CREATE,6181,0x00000131,0x00000000,89,1392,1036049
194,Full PQ (ML-KEM-768 / ML-DSA-65),AK_CREATE,6182,0x00000131,0x00000000,88,2127,1083499
194,Full PQ (ML-KEM-768 / ML-DSA-65),CREDENTIAL_RANDOM,6183,0x0000017b,0x00000000,12,44,1001666
194,Full PQ (ML-KEM-768 / ML-DSA-65),MAKE_CREDENTIAL,6184,0x00000168,0x00000000,84,1170,1090632
194,Full PQ (ML-KEM-768 / ML-DSA-65),ACTIVATE_AUTH,6185,0x00000176,0x00000000,59,48,1060787
194,Full PQ (ML-KEM-768 / ML-DSA-65),ACTIVATE_AUTH,6186,0x00000151,0x00000000,41,29,1088617
194,Full PQ (ML-KEM-768 / ML-DSA-65),ACTIVATE_CREDENTIAL,6187,0x00000147,0x00000000,1296,122,1097715
194,Full PQ (ML-KEM-768 / ML-DSA-65),PCR_READ,6188,0x0000017e,0x00000000,20,62,1066577
194,Full PQ (ML-KEM-768 / ML-DSA-65),PCR_READ,6189,0x0000017e,0x00000000,20,62,991628
194,Full PQ (ML-KEM-768 / ML-DSA-65),PCR_READ,6190,0x0000017e,0x00000000,20,62,1045487
194,Full PQ (ML-KEM-768 / ML-DSA-65),PCR_READ,6191,0x0000017e,0x00000000,20,62,1060426
194,Full PQ (ML-KEM-768 / ML-DSA-65),PCR_READ,6192,0x0000017e,0x00000000,20,62,964717
194,Full PQ (ML-KEM-768 / ML-DSA-65),PCR_READ,6193,0x0000017e,0x00000000,20,62,978332
194,Full PQ (ML-KEM-768 / ML-DSA-65),PCR_READ,6194,0x0000017e,0x00000000,20,62,1012696
194,Full PQ (ML-KEM-768 / ML-DSA-65),PCR_READ,6195,0x0000017e,0x00000000,20,62,1006756
194,Full PQ (ML-KEM-768 / ML-DSA-65),PCR_READ,6196,0x0000017e,0x00000000,20,62,1005382
194,Full PQ (ML-KEM-768 / ML-DSA-65),PCR_READ,6197,0x0000017e,0x00000000,20,62,986808
194,Full PQ (ML-KEM-768 / ML-DSA-65),PCR_READ,6198,0x0000017e,0x00000000,20,62,977731
194,Full PQ (ML-KEM-768 / ML-DSA-65),PCR_READ,6199,0x0000017e,0x00000000,20,62,1011033
194,Full PQ (ML-KEM-768 / ML-DSA-65),PCR_READ,6200,0x0000017e,0x00000000,20,62,975056
194,Full PQ (ML-KEM-768 / ML-DSA-65),PCR_READ,6201,0x0000017e,0x00000000,20,62,1071215
194,Full PQ (ML-KEM-768 / ML-DSA-65),PCR_READ,6202,0x0000017e,0x00000000,20,62,1061928
194,Full PQ (ML-KEM-768 / ML-DSA-65),PCR_READ,6203,0x0000017e,0x00000000,20,62,1093708
194,Full PQ (ML-KEM-768 / ML-DSA-65),NONCE_RANDOM,6204,0x0000017b,0x00000000,12,44,1017676
194,Full PQ (ML-KEM-768 / ML-DSA-65),QUOTE,6205,0x00000158,0x00000000,105,3479,1513379
195,Full PQ (ML-KEM-768 / ML-DSA-65),EK_CREATE,6213,0x00000131,0x00000000,89,1392,1061647
195,Full PQ (ML-KEM-768 / ML-DSA-65),AK_CREATE,6214,0x00000131,0x00000000,88,2127,1027875
195,Full PQ (ML-KEM-768 / ML-DSA-65),CREDENTIAL_RANDOM,6215,0x0000017b,0x00000000,12,44,1082737
195,Full PQ (ML-KEM-768 / ML-DSA-65),MAKE_CREDENTIAL,6216,0x00000168,0x00000000,84,1170,1189045
195,Full PQ (ML-KEM-768 / ML-DSA-65),ACTIVATE_AUTH,6217,0x00000176,0x00000000,59,48,1020030
195,Full PQ (ML-KEM-768 / ML-DSA-65),ACTIVATE_AUTH,6218,0x00000151,0x00000000,41,29,1011223
195,Full PQ (ML-KEM-768 / ML-DSA-65),ACTIVATE_CREDENTIAL,6219,0x00000147,0x00000000,1296,122,1123222
195,Full PQ (ML-KEM-768 / ML-DSA-65),PCR_READ,6220,0x0000017e,0x00000000,20,62,968183
195,Full PQ (ML-KEM-768 / ML-DSA-65),PCR_READ,6221,0x0000017e,0x00000000,20,62,980096
195,Full PQ (ML-KEM-768 / ML-DSA-65),PCR_READ,6222,0x0000017e,0x00000000,20,62,1051539
195,Full PQ (ML-KEM-768 / ML-DSA-65),PCR_READ,6223,0x0000017e,0x00000000,20,62,1019829
195,Full PQ (ML-KEM-768 / ML-DSA-65),PCR_READ,6224,0x0000017e,0x00000000,20,62,1000063
195,Full PQ (ML-KEM-768 / ML-DSA-65),PCR_READ,6225,0x0000017e,0x00000000,20,62,1021062
195,Full PQ (ML-KEM-768 / ML-DSA-65),PCR_READ,6226,0x0000017e,0x00000000,20,62,1046369
195,Full PQ (ML-KEM-768 / ML-DSA-65),PCR_READ,6227,0x0000017e,0x00000000,20,62,990164
195,Full PQ (ML-KEM-768 / ML-DSA-65),PCR_READ,6228,0x0000017e,0x00000000,20,62,999722
195,Full PQ (ML-KEM-768 / ML-DSA-65),PCR_READ,6229,0x0000017e,0x00000000,20,62,997087
195,Full PQ (ML-KEM-768 / ML-DSA-65),PCR_READ,6230,0x0000017e,0x00000000,20,62,1082046
195,Full PQ (ML-KEM-768 / ML-DSA-65),PCR_READ,6231,0x0000017e,0x00000000,20,62,986998
195,Full PQ (ML-KEM-768 / ML-DSA-65),PCR_READ,6232,0x0000017e,0x00000000,20,62,985947
195,Full PQ (ML-KEM-768 / ML-DSA-65),PCR_READ,6233,0x0000017e,0x00000000,20,62,994182
195,Full PQ (ML-KEM-768 / ML-DSA-65),PCR_READ,6234,0x0000017e,0x00000000,20,62,1043994
195,Full PQ (ML-KEM-768 / ML-DSA-65),PCR_READ,6235,0x0000017e,0x00000000,20,62,955570
195,Full PQ (ML-KEM-768 / ML-DSA-65),NONCE_RANDOM,6236,0x0000017b,0x00000000,12,44,1073369
195,Full PQ (ML-KEM-768 / ML-DSA-65),QUOTE,6237,0x00000158,0x00000000,105,3479,1267311
196,Full PQ (ML-KEM-768 / ML-DSA-65),EK_CREATE,6245,0x00000131,0x00000000,89,1392,1109196
196,Full PQ (ML-KEM-768 / ML-DSA-65),AK_CREATE,6246,0x00000131,0x00000000,88,2127,1142248
196,Full PQ (ML-KEM-768 / ML-DSA-65),CREDENTIAL_RANDOM,6247,0x0000017b,0x00000000,12,44,1067038
196,Full PQ (ML-KEM-768 / ML-DSA-65),MAKE_CREDENTIAL,6248,0x00000168,0x00000000,84,1170,1054554
196,Full PQ (ML-KEM-768 / ML-DSA-65),ACTIVATE_AUTH,6249,0x00000176,0x00000000,59,48,992849
196,Full PQ (ML-KEM-768 / ML-DSA-65),ACTIVATE_AUTH,6250,0x00000151,0x00000000,41,29,1055597
196,Full PQ (ML-KEM-768 / ML-DSA-65),ACTIVATE_CREDENTIAL,6251,0x00000147,0x00000000,1296,122,1173446
196,Full PQ (ML-KEM-768 / ML-DSA-65),PCR_READ,6252,0x0000017e,0x00000000,20,62,976929
196,Full PQ (ML-KEM-768 / ML-DSA-65),PCR_READ,6253,0x0000017e,0x00000000,20,62,974555
196,Full PQ (ML-KEM-768 / ML-DSA-65),PCR_READ,6254,0x0000017e,0x00000000,20,62,1030639
196,Full PQ (ML-KEM-768 / ML-DSA-65),PCR_READ,6255,0x0000017e,0x00000000,20,62,980747
196,Full PQ (ML-KEM-768 / ML-DSA-65),PCR_READ,6256,0x0000017e,0x00000000,20,62,1002658
196,Full PQ (ML-KEM-768 / ML-DSA-65),PCR_READ,6257,0x0000017e,0x00000000,20,62,996015
196,Full PQ (ML-KEM-768 / ML-DSA-65),PCR_READ,6258,0x0000017e,0x00000000,20,62,1074021
196,Full PQ (ML-KEM-768 / ML-DSA-65),PCR_READ,6259,0x0000017e,0x00000000,20,62,1026792
196,Full PQ (ML-KEM-768 / ML-DSA-65),PCR_READ,6260,0x0000017e,0x00000000,20,62,974716
196,Full PQ (ML-KEM-768 / ML-DSA-65),PCR_READ,6261,0x0000017e,0x00000000,20,62,1032273
196,Full PQ (ML-KEM-768 / ML-DSA-65),PCR_READ,6262,0x0000017e,0x00000000,20,62,982409
196,Full PQ (ML-KEM-768 / ML-DSA-65),PCR_READ,6263,0x0000017e,0x00000000,20,62,997999
196,Full PQ (ML-KEM-768 / ML-DSA-65),PCR_READ,6264,0x0000017e,0x00000000,20,62,997348
196,Full PQ (ML-KEM-768 / ML-DSA-65),PCR_READ,6265,0x0000017e,0x00000000,20,62,1028686
196,Full PQ (ML-KEM-768 / ML-DSA-65),PCR_READ,6266,0x0000017e,0x00000000,20,62,1133772
196,Full PQ (ML-KEM-768 / ML-DSA-65),PCR_READ,6267,0x0000017e,0x00000000,20,62,946483
196,Full PQ (ML-KEM-768 / ML-DSA-65),NONCE_RANDOM,6268,0x0000017b,0x00000000,12,44,1021583
196,Full PQ (ML-KEM-768 / ML-DSA-65),QUOTE,6269,0x00000158,0x00000000,105,3479,2130679
197,Full PQ (ML-KEM-768 / ML-DSA-65),EK_CREATE,6277,0x00000131,0x00000000,89,1392,1160572
197,Full PQ (ML-KEM-768 / ML-DSA-65),AK_CREATE,6278,0x00000131,0x00000000,88,2127,1081193
197,Full PQ (ML-KEM-768 / ML-DSA-65),CREDENTIAL_RANDOM,6279,0x0000017b,0x00000000,12,44,993791
197,Full PQ (ML-KEM-768 / ML-DSA-65),MAKE_CREDENTIAL,6280,0x00000168,0x00000000,84,1170,1041640
197,Full PQ (ML-KEM-768 / ML-DSA-65),ACTIVATE_AUTH,6281,0x00000176,0x00000000,59,48,1005353
197,Full PQ (ML-KEM-768 / ML-DSA-65),ACTIVATE_AUTH,6282,0x00000151,0x00000000,41,29,997008
197,Full PQ (ML-KEM-768 / ML-DSA-65),ACTIVATE_CREDENTIAL,6283,0x00000147,0x00000000,1296,122,1100870
197,Full PQ (ML-KEM-768 / ML-DSA-65),PCR_READ,6284,0x0000017e,0x00000000,20,62,974425
197,Full PQ (ML-KEM-768 / ML-DSA-65),PCR_READ,6285,0x0000017e,0x00000000,20,62,1044185
197,Full PQ (ML-KEM-768 / ML-DSA-65),PCR_READ,6286,0x0000017e,0x00000000,20,62,1007527
197,Full PQ (ML-KEM-768 / ML-DSA-65),PCR_READ,6287,0x0000017e,0x00000000,20,62,1015792
197,Full PQ (ML-KEM-768 / ML-DSA-65),PCR_READ,6288,0x0000017e,0x00000000,20,62,984874
197,Full PQ (ML-KEM-768 / ML-DSA-65),PCR_READ,6289,0x0000017e,0x00000000,20,62,1018507
197,Full PQ (ML-KEM-768 / ML-DSA-65),PCR_READ,6290,0x0000017e,0x00000000,20,62,958255
197,Full PQ (ML-KEM-768 / ML-DSA-65),PCR_READ,6291,0x0000017e,0x00000000,20,62,988561
197,Full PQ (ML-KEM-768 / ML-DSA-65),PCR_READ,6292,0x0000017e,0x00000000,20,62,953597
197,Full PQ (ML-KEM-768 / ML-DSA-65),PCR_READ,6293,0x0000017e,0x00000000,20,62,1062809
197,Full PQ (ML-KEM-768 / ML-DSA-65),PCR_READ,6294,0x0000017e,0x00000000,20,62,1002187
197,Full PQ (ML-KEM-768 / ML-DSA-65),PCR_READ,6295,0x0000017e,0x00000000,20,62,932287
197,Full PQ (ML-KEM-768 / ML-DSA-65),PCR_READ,6296,0x0000017e,0x00000000,20,62,985726
197,Full PQ (ML-KEM-768 / ML-DSA-65),PCR_READ,6297,0x0000017e,0x00000000,20,62,1043924
197,Full PQ (ML-KEM-768 / ML-DSA-65),PCR_READ,6298,0x0000017e,0x00000000,20,62,1000884
197,Full PQ (ML-KEM-768 / ML-DSA-65),PCR_READ,6299,0x0000017e,0x00000000,20,62,975987
197,Full PQ (ML-KEM-768 / ML-DSA-65),NONCE_RANDOM,6300,0x0000017b,0x00000000,12,44,1009871
197,Full PQ (ML-KEM-768 / ML-DSA-65),QUOTE,6301,0x00000158,0x00000000,105,3479,1548805
198,Full PQ (ML-KEM-768 / ML-DSA-65),EK_CREATE,6309,0x00000131,0x00000000,89,1392,1025380
198,Full PQ (ML-KEM-768 / ML-DSA-65),AK_CREATE,6310,0x00000131,0x00000000,88,2127,1019689
198,Full PQ (ML-KEM-768 / ML-DSA-65),CREDENTIAL_RANDOM,6311,0x0000017b,0x00000000,12,44,971890
198,Full PQ (ML-KEM-768 / ML-DSA-65),MAKE_CREDENTIAL,6312,0x00000168,0x00000000,84,1170,1095691
198,Full PQ (ML-KEM-768 / ML-DSA-65),ACTIVATE_AUTH,6313,0x00000176,0x00000000,59,48,1049305
198,Full PQ (ML-KEM-768 / ML-DSA-65),ACTIVATE_AUTH,6314,0x00000151,0x00000000,41,29,1150183
198,Full PQ (ML-KEM-768 / ML-DSA-65),ACTIVATE_CREDENTIAL,6315,0x00000147,0x00000000,1296,122,1186861
198,Full PQ (ML-KEM-768 / ML-DSA-65),PCR_READ,6316,0x0000017e,0x00000000,20,62,1073599
198,Full PQ (ML-KEM-768 / ML-DSA-65),PCR_READ,6317,0x0000017e,0x00000000,20,62,1047671
198,Full PQ (ML-KEM-768 / ML-DSA-65),PCR_READ,6318,0x0000017e,0x00000000,20,62,1054675
198,Full PQ (ML-KEM-768 / ML-DSA-65),PCR_READ,6319,0x0000017e,0x00000000,20,62,1053282
198,Full PQ (ML-KEM-768 / ML-DSA-65),PCR_READ,6320,0x0000017e,0x00000000,20,62,981398
198,Full PQ (ML-KEM-768 / ML-DSA-65),PCR_READ,6321,0x0000017e,0x00000000,20,62,1036150
198,Full PQ (ML-KEM-768 / ML-DSA-65),PCR_READ,6322,0x0000017e,0x00000000,20,62,972481
198,Full PQ (ML-KEM-768 / ML-DSA-65),PCR_READ,6323,0x0000017e,0x00000000,20,62,1052320
198,Full PQ (ML-KEM-768 / ML-DSA-65),PCR_READ,6324,0x0000017e,0x00000000,20,62,1027073
198,Full PQ (ML-KEM-768 / ML-DSA-65),PCR_READ,6325,0x0000017e,0x00000000,20,62,1020010
198,Full PQ (ML-KEM-768 / ML-DSA-65),PCR_READ,6326,0x0000017e,0x00000000,20,62,949048
198,Full PQ (ML-KEM-768 / ML-DSA-65),PCR_READ,6327,0x0000017e,0x00000000,20,62,1019950
198,Full PQ (ML-KEM-768 / ML-DSA-65),PCR_READ,6328,0x0000017e,0x00000000,20,62,976849
198,Full PQ (ML-KEM-768 / ML-DSA-65),PCR_READ,6329,0x0000017e,0x00000000,20,62,1013789
198,Full PQ (ML-KEM-768 / ML-DSA-65),PCR_READ,6330,0x0000017e,0x00000000,20,62,988571
198,Full PQ (ML-KEM-768 / ML-DSA-65),PCR_READ,6331,0x0000017e,0x00000000,20,62,1027965
198,Full PQ (ML-KEM-768 / ML-DSA-65),NONCE_RANDOM,6332,0x0000017b,0x00000000,12,44,1015682
198,Full PQ (ML-KEM-768 / ML-DSA-65),QUOTE,6333,0x00000158,0x00000000,105,3479,1273842
199,Full PQ (ML-KEM-768 / ML-DSA-65),EK_CREATE,6341,0x00000131,0x00000000,89,1392,987800
199,Full PQ (ML-KEM-768 / ML-DSA-65),AK_CREATE,6342,0x00000131,0x00000000,88,2127,1050076
199,Full PQ (ML-KEM-768 / ML-DSA-65),CREDENTIAL_RANDOM,6343,0x0000017b,0x00000000,12,44,1007797
199,Full PQ (ML-KEM-768 / ML-DSA-65),MAKE_CREDENTIAL,6344,0x00000168,0x00000000,84,1170,1131848
199,Full PQ (ML-KEM-768 / ML-DSA-65),ACTIVATE_AUTH,6345,0x00000176,0x00000000,59,48,1047972
199,Full PQ (ML-KEM-768 / ML-DSA-65),ACTIVATE_AUTH,6346,0x00000151,0x00000000,41,29,1001486
199,Full PQ (ML-KEM-768 / ML-DSA-65),ACTIVATE_CREDENTIAL,6347,0x00000147,0x00000000,1296,122,1079150
199,Full PQ (ML-KEM-768 / ML-DSA-65),PCR_READ,6348,0x0000017e,0x00000000,20,62,1040589
199,Full PQ (ML-KEM-768 / ML-DSA-65),PCR_READ,6349,0x0000017e,0x00000000,20,62,972201
199,Full PQ (ML-KEM-768 / ML-DSA-65),PCR_READ,6350,0x0000017e,0x00000000,20,62,1007176
199,Full PQ (ML-KEM-768 / ML-DSA-65),PCR_READ,6351,0x0000017e,0x00000000,20,62,998369
199,Full PQ (ML-KEM-768 / ML-DSA-65),PCR_READ,6352,0x0000017e,0x00000000,20,62,1020131
199,Full PQ (ML-KEM-768 / ML-DSA-65),PCR_READ,6353,0x0000017e,0x00000000,20,62,977751
199,Full PQ (ML-KEM-768 / ML-DSA-65),PCR_READ,6354,0x0000017e,0x00000000,20,62,978312
199,Full PQ (ML-KEM-768 / ML-DSA-65),PCR_READ,6355,0x0000017e,0x00000000,20,62,1010782
199,Full PQ (ML-KEM-768 / ML-DSA-65),PCR_READ,6356,0x0000017e,0x00000000,20,62,984794
199,Full PQ (ML-KEM-768 / ML-DSA-65),PCR_READ,6357,0x0000017e,0x00000000,20,62,1009470
199,Full PQ (ML-KEM-768 / ML-DSA-65),PCR_READ,6358,0x0000017e,0x00000000,20,62,991257
199,Full PQ (ML-KEM-768 / ML-DSA-65),PCR_READ,6359,0x0000017e,0x00000000,20,62,999913
199,Full PQ (ML-KEM-768 / ML-DSA-65),PCR_READ,6360,0x0000017e,0x00000000,20,62,981739
199,Full PQ (ML-KEM-768 / ML-DSA-65),PCR_READ,6361,0x0000017e,0x00000000,20,62,988511
199,Full PQ (ML-KEM-768 / ML-DSA-65),PCR_READ,6362,0x0000017e,0x00000000,20,62,1094739
199,Full PQ (ML-KEM-768 / ML-DSA-65),PCR_READ,6363,0x0000017e,0x00000000,20,62,1034868
199,Full PQ (ML-KEM-768 / ML-DSA-65),NONCE_RANDOM,6364,0x0000017b,0x00000000,12,44,1139343
199,Full PQ (ML-KEM-768 / ML-DSA-65),QUOTE,6365,0x00000158,0x00000000,105,3479,2251244
200,Full PQ (ML-KEM-768 / ML-DSA-65),EK_CREATE,6373,0x00000131,0x00000000,89,1392,1037953
200,Full PQ (ML-KEM-768 / ML-DSA-65),AK_CREATE,6374,0x00000131,0x00000000,88,2127,988661
200,Full PQ (ML-KEM-768 / ML-DSA-65),CREDENTIAL_RANDOM,6375,0x0000017b,0x00000000,12,44,1051889
200,Full PQ (ML-KEM-768 / ML-DSA-65),MAKE_CREDENTIAL,6376,0x00000168,0x00000000,84,1170,1051018
200,Full PQ (ML-KEM-768 / ML-DSA-65),ACTIVATE_AUTH,6377,0x00000176,0x00000000,59,48,1033986
200,Full PQ (ML-KEM-768 / ML-DSA-65),ACTIVATE_AUTH,6378,0x00000151,0x00000000,41,29,1091182
200,Full PQ (ML-KEM-768 / ML-DSA-65),ACTIVATE_CREDENTIAL,6379,0x00000147,0x00000000,1296,122,1400969
200,Full PQ (ML-KEM-768 / ML-DSA-65),PCR_READ,6380,0x0000017e,0x00000000,20,62,1171843
200,Full PQ (ML-KEM-768 / ML-DSA-65),PCR_READ,6381,0x0000017e,0x00000000,20,62,1027113
200,Full PQ (ML-KEM-768 / ML-DSA-65),PCR_READ,6382,0x0000017e,0x00000000,20,62,1042382
200,Full PQ (ML-KEM-768 / ML-DSA-65),PCR_READ,6383,0x0000017e,0x00000000,20,62,990355
200,Full PQ (ML-KEM-768 / ML-DSA-65),PCR_READ,6384,0x0000017e,0x00000000,20,62,978442
200,Full PQ (ML-KEM-768 / ML-DSA-65),PCR_READ,6385,0x0000017e,0x00000000,20,62,960669
200,Full PQ (ML-KEM-768 / ML-DSA-65),PCR_READ,6386,0x0000017e,0x00000000,20,62,1045186
200,Full PQ (ML-KEM-768 / ML-DSA-65),PCR_READ,6387,0x0000017e,0x00000000,20,62,1017165
200,Full PQ (ML-KEM-768 / ML-DSA-65),PCR_READ,6388,0x0000017e,0x00000000,20,62,957574
200,Full PQ (ML-KEM-768 / ML-DSA-65),PCR_READ,6389,0x0000017e,0x00000000,20,62,1034447
200,Full PQ (ML-KEM-768 / ML-DSA-65),PCR_READ,6390,0x0000017e,0x00000000,20,62,1000724
200,Full PQ (ML-KEM-768 / ML-DSA-65),PCR_READ,6391,0x0000017e,0x00000000,20,62,1038103
200,Full PQ (ML-KEM-768 / ML-DSA-65),PCR_READ,6392,0x0000017e,0x00000000,20,62,1007627
200,Full PQ (ML-KEM-768 / ML-DSA-65),PCR_READ,6393,0x0000017e,0x00000000,20,62,973333
200,Full PQ (ML-KEM-768 / ML-DSA-65),PCR_READ,6394,0x0000017e,0x00000000,20,62,997097
200,Full PQ (ML-KEM-768 / ML-DSA-65),PCR_READ,6395,0x0000017e,0x00000000,20,62,995805
200,Full PQ (ML-KEM-768 / ML-DSA-65),NONCE_RANDOM,6396,0x0000017b,0x00000000,12,44,994372
200,Full PQ (ML-KEM-768 / ML-DSA-65),QUOTE,6397,0x00000158,0x00000000,105,3479,1635166
