server_seq,command_code,request_bytes,response_bytes,response_code,internal_ns
1,0x00000144,12,10,0x00000000,13044419
2,0x00000143,11,10,0x00000000,18866
3,0x0000017a,22,83,0x00000000,2697
4,0x0000017a,22,27,0x00000000,1084
5,0x00000131,89,1392,0x00000000,8473083
6,0x00000131,88,2127,0x00000000,7118373
7,0x0000017b,12,44,0x00000000,5155
8,0x00000168,84,1170,0x00000000,93623
9,0x00000176,59,48,0x00000000,4318
10,0x00000151,41,29,0x00000000,7005
11,0x00000147,1296,122,0x00000000,124488
12,0x0000017e,20,62,0x00000000,925
13,0x0000017e,20,62,0x00000000,796
14,0x0000017e,20,62,0x00000000,796
15,0x0000017e,20,62,0x00000000,826
16,0x0000017e,20,62,0x00000000,836
17,0x0000017e,20,62,0x00000000,826
18,0x0000017e,20,62,0x00000000,766
19,0x0000017e,20,62,0x00000000,816
20,0x0000017e,20,62,0x00000000,816
21,0x0000017e,20,62,0x00000000,855
22,0x0000017e,20,62,0x00000000,856
23,0x0000017e,20,62,0x00000000,945
24,0x0000017e,20,62,0x00000000,856
25,0x0000017e,20,62,0x00000000,856
26,0x0000017e,20,62,0x00000000,856
27,0x0000017e,20,62,0x00000000,846
28,0x0000017b,12,44,0x00000000,4816
29,0x00000158,105,3479,0x00000000,479746
30,0x00000165,14,10,0x00000000,1940
31,0x00000165,14,10,0x00000000,1851
32,0x00000145,12,10,0x00000000,96772911
33,0x00000144,12,10,0x00000100,1791
34,0x00000143,11,10,0x00000000,5045
35,0x0000017a,22,83,0x00000000,896
36,0x0000017a,22,27,0x00000000,826
37,0x00000131,89,1392,0x00000000,26567
38,0x00000131,88,2127,0x00000000,23074
39,0x0000017b,12,44,0x00000000,2358
40,0x00000168,84,1170,0x00000000,60011
41,0x00000176,59,48,0x00000000,3681
42,0x00000151,41,29,0x00000000,3164
43,0x00000147,1296,122,0x00000000,90677
44,0x0000017e,20,62,0x00000000,1145
45,0x0000017e,20,62,0x00000000,845
46,0x0000017e,20,62,0x00000000,826
47,0x0000017e,20,62,0x00000000,846
48,0x0000017e,20,62,0x00000000,886
49,0x0000017e,20,62,0x00000000,816
50,0x0000017e,20,62,0x00000000,865
51,0x0000017e,20,62,0x00000000,816
52,0x0000017e,20,62,0x00000000,1025
53,0x0000017e,20,62,0x00000000,876
54,0x0000017e,20,62,0x00000000,856
55,0x0000017e,20,62,0x00000000,835
56,0x0000017e,20,62,0x00000000,1085
57,0x0000017e,20,62,0x00000000,876
58,0x0000017e,20,62,0x00000000,856
59,0x0000017e,20,62,0x00000000,826
60,0x0000017b,12,44,0x00000000,6577
61,0x00000158,105,3479,0x00000000,356212
62,0x00000165,14,10,0x00000000,1672
63,0x00000165,14,10,0x00000000,1592
64,0x00000145,12,10,0x00000000,81796767
65,0x00000144,12,10,0x00000100,1362
66,0x00000143,11,10,0x00000000,4058
67,0x0000017a,22,83,0x00000000,746
68,0x0000017a,22,27,0x00000000,646
69,0x00000131,89,1392,0x00000000,23845
70,0x00000131,88,2127,0x00000000,26699
71,0x0000017b,12,44,0x00000000,2516
72,0x00000168,84,1170,0x00000000,58959
73,0x00000176,59,48,0x00000000,3690
74,0x00000151,41,29,0x00000000,3173
75,0x00000147,1296,122,0x00000000,86762
76,0x0000017e,20,62,0x00000000,1224
77,0x0000017e,20,62,0x00000000,846
78,0x0000017e,20,62,0x00000000,845
79,0x0000017e,20,62,0x00000000,2089
80,0x0000017e,20,62,0x00000000,955
81,0x0000017e,20,62,0x00000000,845
82,0x0000017e,20,62,0x00000000,846
83,0x0000017e,20,62,0x00000000,846
84,0x0000017e,20,62,0x00000000,905
85,0x0000017e,20,62,0x00000000,856
86,0x0000017e,20,62,0x00000000,855
87,0x0000017e,20,62,0x00000000,856
88,0x0000017e,20,62,0x00000000,855
89,0x0000017e,20,62,0x00000000,856
90,0x0000017e,20,62,0x00000000,856
91,0x0000017e,20,62,0x00000000,846
92,0x0000017b,12,44,0x00000000,3979
93,0x00000158,105,3479,0x00000000,356926
94,0x00000165,14,10,0x00000000,1721
95,0x00000165,14,10,0x00000000,1591
96,0x00000145,12,10,0x00000000,79996419
97,0x00000144,12,10,0x00000100,1085
98,0x00000143,11,10,0x00000000,7600
99,0x0000017a,22,83,0x00000000,1800
100,0x0000017a,22,27,0x00000000,1621
101,0x00000131,89,1392,0x00000000,43430
102,0x00000131,88,2127,0x00000000,23506
103,0x0000017b,12,44,0x00000000,3064
104,0x00000168,84,1170,0x00000000,67981
105,0x00000176,59,48,0x00000000,4238
106,0x00000151,41,29,0x00000000,3392
107,0x00000147,1296,122,0x00000000,98968
108,0x0000017e,20,62,0x00000000,985
109,0x0000017e,20,62,0x00000000,836
110,0x0000017e,20,62,0x00000000,855
111,0x0000017e,20,62,0x00000000,835
112,0x0000017e,20,62,0x00000000,856
113,0x0000017e,20,62,0x00000000,876
114,0x0000017e,20,62,0x00000000,855
115,0x0000017e,20,62,0x00000000,865
116,0x0000017e,20,62,0x00000000,1035
117,0x0000017e,20,62,0x00000000,885
118,0x0000017e,20,62,0x00000000,856
119,0x0000017e,20,62,0x00000000,855
120,0x0000017e,20,62,0x00000000,865
121,0x0000017e,20,62,0x00000000,856
122,0x0000017e,20,62,0x00000000,995
123,0x0000017e,20,62,0x00000000,835
124,0x0000017b,12,44,0x00000000,4268
125,0x00000158,105,3479,0x00000000,339070
126,0x00000165,14,10,0x00000000,2148
127,0x00000165,14,10,0x00000000,1731
128,0x00000145,12,10,0x00000000,82259443
129,0x00000144,12,10,0x00000100,1094
130,0x00000143,11,10,0x00000000,4109
131,0x0000017a,22,83,0x00000000,726
132,0x0000017a,22,27,0x00000000,676
133,0x00000131,89,1392,0x00000000,24621
134,0x00000131,88,2127,0x00000000,22661
135,0x0000017b,12,44,0x00000000,2438
136,0x00000168,84,1170,0x00000000,60053
137,0x00000176,59,48,0x00000000,3770
138,0x00000151,41,29,0x00000000,3233
139,0x00000147,1296,122,0x00000000,108935
140,0x0000017e,20,62,0x00000000,1681
141,0x0000017e,20,62,0x00000000,1542
142,0x0000017e,20,62,0x00000000,2736
143,0x0000017e,20,62,0x00000000,2457
144,0x0000017e,20,62,0x00000000,985
145,0x0000017e,20,62,0x00000000,876
146,0x0000017e,20,62,0x00000000,876
147,0x0000017e,20,62,0x00000000,1990
148,0x0000017e,20,62,0x00000000,1293
149,0x0000017e,20,62,0x00000000,905
150,0x0000017e,20,62,0x00000000,846
151,0x0000017e,20,62,0x00000000,905
152,0x0000017e,20,62,0x00000000,866
153,0x0000017e,20,62,0x00000000,1950
154,0x0000017e,20,62,0x00000000,1193
155,0x0000017e,20,62,0x00000000,855
156,0x0000017b,12,44,0x00000000,5411
157,0x00000158,105,3479,0x00000000,348352
158,0x00000165,14,10,0x00000000,3313
159,0x00000165,14,10,0x00000000,3203
160,0x00000145,12,10,0x00000000,78356476
161,0x00000144,12,10,0x00000100,1741
162,0x00000143,11,10,0x00000000,7729
163,0x0000017a,22,83,0x00000000,1134
164,0x0000017a,22,27,0x00000000,646
165,0x00000131,89,1392,0x00000000,24710
166,0x00000131,88,2127,0x00000000,28569
167,0x0000017b,12,44,0x00000000,3730
168,0x00000168,84,1170,0x00000000,60441
169,0x00000176,59,48,0x00000000,3740
170,0x00000151,41,29,0x00000000,3720
171,0x00000147,1296,122,0x00000000,90910
172,0x0000017e,20,62,0x00000000,1075
173,0x0000017e,20,62,0x00000000,836
174,0x0000017e,20,62,0x00000000,845
175,0x0000017e,20,62,0x00000000,865
176,0x0000017e,20,62,0x00000000,845
177,0x0000017e,20,62,0x00000000,875
178,0x0000017e,20,62,0x00000000,1731
179,0x0000017e,20,62,0x00000000,2258
180,0x0000017e,20,62,0x00000000,1024
181,0x0000017e,20,62,0x00000000,855
182,0x0000017e,20,62,0x00000000,835
183,0x0000017e,20,62,0x00000000,1064
184,0x0000017e,20,62,0x00000000,1502
185,0x0000017e,20,62,0x00000000,885
186,0x0000017e,20,62,0x00000000,856
187,0x0000017e,20,62,0x00000000,836
188,0x0000017b,12,44,0x00000000,5093
189,0x00000158,105,3479,0x00000000,230314
190,0x00000165,14,10,0x00000000,1761
191,0x00000165,14,10,0x00000000,1641
192,0x00000145,12,10,0x00000000,85063213
193,0x00000144,12,10,0x00000100,1163
194,0x00000143,11,10,0x00000000,5858
195,0x0000017a,22,83,0x00000000,776
196,0x0000017a,22,27,0x00000000,1960
197,0x00000131,89,1392,0x00000000,26309
198,0x00000131,88,2127,0x00000000,22659
199,0x0000017b,12,44,0x00000000,2914
200,0x00000168,84,1170,0x00000000,59662
201,0x00000176,59,48,0x00000000,7460
202,0x00000151,41,29,0x00000000,6395
203,0x00000147,1296,122,0x00000000,97817
204,0x0000017e,20,62,0x00000000,945
205,0x0000017e,20,62,0x00000000,845
206,0x0000017e,20,62,0x00000000,915
207,0x0000017e,20,62,0x00000000,985
208,0x0000017e,20,62,0x00000000,845
209,0x0000017e,20,62,0x00000000,865
210,0x0000017e,20,62,0x00000000,866
211,0x0000017e,20,62,0x00000000,855
212,0x0000017e,20,62,0x00000000,826
213,0x0000017e,20,62,0x00000000,1273
214,0x0000017e,20,62,0x00000000,845
215,0x0000017e,20,62,0x00000000,845
216,0x0000017e,20,62,0x00000000,855
217,0x0000017e,20,62,0x00000000,855
218,0x0000017e,20,62,0x00000000,2049
219,0x0000017e,20,62,0x00000000,995
220,0x0000017b,12,44,0x00000000,5182
221,0x00000158,105,3479,0x00000000,338232
222,0x00000165,14,10,0x00000000,1980
223,0x00000165,14,10,0x00000000,3720
224,0x00000145,12,10,0x00000000,78320603
225,0x00000144,12,10,0x00000100,1602
226,0x00000143,11,10,0x00000000,6375
227,0x0000017a,22,83,0x00000000,746
228,0x0000017a,22,27,0x00000000,656
229,0x00000131,89,1392,0x00000000,24817
230,0x00000131,88,2127,0x00000000,22967
231,0x0000017b,12,44,0x00000000,4476
232,0x00000168,84,1170,0x00000000,62476
233,0x00000176,59,48,0x00000000,3770
234,0x00000151,41,29,0x00000000,3472
235,0x00000147,1296,122,0x00000000,89123
236,0x0000017e,20,62,0x00000000,2537
237,0x0000017e,20,62,0x00000000,1223
238,0x0000017e,20,62,0x00000000,1860
239,0x0000017e,20,62,0x00000000,975
240,0x0000017e,20,62,0x00000000,856
241,0x0000017e,20,62,0x00000000,865
242,0x0000017e,20,62,0x00000000,1462
243,0x0000017e,20,62,0x00000000,1383
244,0x0000017e,20,62,0x00000000,855
245,0x0000017e,20,62,0x00000000,865
246,0x0000017e,20,62,0x00000000,845
247,0x0000017e,20,62,0x00000000,856
248,0x0000017e,20,62,0x00000000,1522
249,0x0000017e,20,62,0x00000000,1700
250,0x0000017e,20,62,0x00000000,985
251,0x0000017e,20,62,0x00000000,865
252,0x0000017b,12,44,0x00000000,5172
253,0x00000158,105,3479,0x00000000,445807
254,0x00000165,14,10,0x00000000,3800
255,0x00000165,14,10,0x00000000,2010
256,0x00000145,12,10,0x00000000,83865240
257,0x00000144,12,10,0x00000100,2238
258,0x00000143,11,10,0x00000000,6496
259,0x0000017a,22,83,0x00000000,955
260,0x0000017a,22,27,0x00000000,656
261,0x00000131,89,1392,0x00000000,27533
262,0x00000131,88,2127,0x00000000,27424
263,0x0000017b,12,44,0x00000000,3362
264,0x00000168,84,1170,0x00000000,59243
265,0x00000176,59,48,0x00000000,3431
266,0x00000151,41,29,0x00000000,3144
267,0x00000147,1296,122,0x00000000,95331
268,0x0000017e,20,62,0x00000000,935
269,0x0000017e,20,62,0x00000000,865
270,0x0000017e,20,62,0x00000000,845
271,0x0000017e,20,62,0x00000000,1044
272,0x0000017e,20,62,0x00000000,995
273,0x0000017e,20,62,0x00000000,975
274,0x0000017e,20,62,0x00000000,875
275,0x0000017e,20,62,0x00000000,846
276,0x0000017e,20,62,0x00000000,855
277,0x0000017e,20,62,0x00000000,915
278,0x0000017e,20,62,0x00000000,925
279,0x0000017e,20,62,0x00000000,876
280,0x0000017e,20,62,0x00000000,866
281,0x0000017e,20,62,0x00000000,835
282,0x0000017e,20,62,0x00000000,866
283,0x0000017e,20,62,0x00000000,815
284,0x0000017b,12,44,0x00000000,6584
285,0x00000158,105,3479,0x00000000,415838
286,0x00000165,14,10,0x00000000,3034
287,0x00000165,14,10,0x00000000,1591
288,0x00000145,12,10,0x00000000,78092797
289,0x00000144,12,10,0x00000100,1830
290,0x00000143,11,10,0x00000000,5222
291,0x0000017a,22,83,0x00000000,955
292,0x0000017a,22,27,0x00000000,1273
293,0x00000131,89,1392,0x00000000,26429
294,0x00000131,88,2127,0x00000000,23066
295,0x0000017b,12,44,0x00000000,2805
296,0x00000168,84,1170,0x00000000,59472
297,0x00000176,59,48,0x00000000,4098
298,0x00000151,41,29,0x00000000,3909
299,0x00000147,1296,122,0x00000000,126454
300,0x0000017e,20,62,0x00000000,1144
301,0x0000017e,20,62,0x00000000,855
302,0x0000017e,20,62,0x00000000,835
303,0x0000017e,20,62,0x00000000,1761
304,0x0000017e,20,62,0x00000000,985
305,0x0000017e,20,62,0x00000000,865
306,0x0000017e,20,62,0x00000000,846
307,0x0000017e,20,62,0x00000000,855
308,0x0000017e,20,62,0x00000000,866
309,0x0000017e,20,62,0x00000000,1064
310,0x0000017e,20,62,0x00000000,846
311,0x0000017e,20,62,0x00000000,845
312,0x0000017e,20,62,0x00000000,866
313,0x0000017e,20,62,0x00000000,856
314,0x0000017e,20,62,0x00000000,975
315,0x0000017e,20,62,0x00000000,806
316,0x0000017b,12,44,0x00000000,4825
317,0x00000158,105,3479,0x00000000,376657
318,0x00000165,14,10,0x00000000,1850
319,0x00000165,14,10,0x00000000,3432
320,0x00000145,12,10,0x00000000,87546714
321,0x00000144,12,10,0x00000100,1303
322,0x00000143,11,10,0x00000000,5709
323,0x0000017a,22,83,0x00000000,706
324,0x0000017a,22,27,0x00000000,707
325,0x00000131,89,1392,0x00000000,28120
326,0x00000131,88,2127,0x00000000,22957
327,0x0000017b,12,44,0x00000000,2625
328,0x00000168,84,1170,0x00000000,61392
329,0x00000176,59,48,0x00000000,4854
330,0x00000151,41,29,0x00000000,5898
331,0x00000147,1296,122,0x00000000,101497
332,0x0000017e,20,62,0x00000000,865
333,0x0000017e,20,62,0x00000000,856
334,0x0000017e,20,62,0x00000000,816
335,0x0000017e,20,62,0x00000000,2626
336,0x0000017e,20,62,0x00000000,2576
337,0x0000017e,20,62,0x00000000,1074
338,0x0000017e,20,62,0x00000000,876
339,0x0000017e,20,62,0x00000000,865
340,0x0000017e,20,62,0x00000000,1074
341,0x0000017e,20,62,0x00000000,975
342,0x0000017e,20,62,0x00000000,855
343,0x0000017e,20,62,0x00000000,855
344,0x0000017e,20,62,0x00000000,845
345,0x0000017e,20,62,0x00000000,865
346,0x0000017e,20,62,0x00000000,855
347,0x0000017e,20,62,0x00000000,856
348,0x0000017b,12,44,0x00000000,5171
349,0x00000158,105,3479,0x00000000,428253
350,0x00000165,14,10,0x00000000,1989
351,0x00000165,14,10,0x00000000,2357
352,0x00000145,12,10,0x00000000,78631084
353,0x00000144,12,10,0x00000100,1512
354,0x00000143,11,10,0x00000000,4644
355,0x0000017a,22,83,0x00000000,825
356,0x0000017a,22,27,0x00000000,1780
357,0x00000131,89,1392,0x00000000,24881
358,0x00000131,88,2127,0x00000000,23121
359,0x0000017b,12,44,0x00000000,2754
360,0x00000168,84,1170,0x00000000,59179
361,0x00000176,59,48,0x00000000,3450
362,0x00000151,41,29,0x00000000,3461
363,0x00000147,1296,122,0x00000000,86605
364,0x0000017e,20,62,0x00000000,935
365,0x0000017e,20,62,0x00000000,855
366,0x0000017e,20,62,0x00000000,855
367,0x0000017e,20,62,0x00000000,845
368,0x0000017e,20,62,0x00000000,835
369,0x0000017e,20,62,0x00000000,855
370,0x0000017e,20,62,0x00000000,866
371,0x0000017e,20,62,0x00000000,826
372,0x0000017e,20,62,0x00000000,835
373,0x0000017e,20,62,0x00000000,875
374,0x0000017e,20,62,0x00000000,856
375,0x0000017e,20,62,0x00000000,846
376,0x0000017e,20,62,0x00000000,1591
377,0x0000017e,20,62,0x00000000,1005
378,0x0000017e,20,62,0x00000000,855
379,0x0000017e,20,62,0x00000000,1044
380,0x0000017b,12,44,0x00000000,5380
381,0x00000158,105,3479,0x00000000,452150
382,0x00000165,14,10,0x00000000,3332
383,0x00000165,14,10,0x00000000,2277
384,0x00000145,12,10,0x00000000,82685981
385,0x00000144,12,10,0x00000100,1054
386,0x00000143,11,10,0x00000000,7488
387,0x0000017a,22,83,0x00000000,1004
388,0x0000017a,22,27,0x00000000,667
389,0x00000131,89,1392,0x00000000,26074
390,0x00000131,88,2127,0x00000000,23329
391,0x0000017b,12,44,0x00000000,3271
392,0x00000168,84,1170,0x00000000,59089
393,0x00000176,59,48,0x00000000,3500
394,0x00000151,41,29,0x00000000,3142
395,0x00000147,1296,122,0x00000000,86437
396,0x0000017e,20,62,0x00000000,1114
397,0x0000017e,20,62,0x00000000,845
398,0x0000017e,20,62,0x00000000,865
399,0x0000017e,20,62,0x00000000,846
400,0x0000017e,20,62,0x00000000,2477
401,0x0000017e,20,62,0x00000000,935
402,0x0000017e,20,62,0x00000000,845
403,0x0000017e,20,62,0x00000000,855
404,0x0000017e,20,62,0x00000000,865
405,0x0000017e,20,62,0x00000000,865
406,0x0000017e,20,62,0x00000000,855
407,0x0000017e,20,62,0x00000000,886
408,0x0000017e,20,62,0x00000000,835
409,0x0000017e,20,62,0x00000000,845
410,0x0000017e,20,62,0x00000000,875
411,0x0000017e,20,62,0x00000000,835
412,0x0000017b,12,44,0x00000000,3619
413,0x00000158,105,3479,0x00000000,398152
414,0x00000165,14,10,0x00000000,2258
415,0x00000165,14,10,0x00000000,1810
416,0x00000145,12,10,0x00000000,75373376
417,0x00000144,12,10,0x00000100,1233
418,0x00000143,11,10,0x00000000,5092
419,0x0000017a,22,83,0x00000000,825
420,0x0000017a,22,27,0x00000000,646
421,0x00000131,89,1392,0x00000000,23479
422,0x00000131,88,2127,0x00000000,23916
423,0x0000017b,12,44,0x00000000,2486
424,0x00000168,84,1170,0x00000000,59616
425,0x00000176,59,48,0x00000000,3769
426,0x00000151,41,29,0x00000000,4197
427,0x00000147,1296,122,0x00000000,96083
428,0x0000017e,20,62,0x00000000,965
429,0x0000017e,20,62,0x00000000,865
430,0x0000017e,20,62,0x00000000,866
431,0x0000017e,20,62,0x00000000,835
432,0x0000017e,20,62,0x00000000,904
433,0x0000017e,20,62,0x00000000,2029
434,0x0000017e,20,62,0x00000000,925
435,0x0000017e,20,62,0x00000000,845
436,0x0000017e,20,62,0x00000000,855
437,0x0000017e,20,62,0x00000000,825
438,0x0000017e,20,62,0x00000000,846
439,0x0000017e,20,62,0x00000000,865
440,0x0000017e,20,62,0x00000000,855
441,0x0000017e,20,62,0x00000000,2874
442,0x0000017e,20,62,0x00000000,2406
443,0x0000017e,20,62,0x00000000,1035
444,0x0000017b,12,44,0x00000000,5300
445,0x00000158,105,3479,0x00000000,415882
446,0x00000165,14,10,0x00000000,1810
447,0x00000165,14,10,0x00000000,1681
448,0x00000145,12,10,0x00000000,86677553
449,0x00000144,12,10,0x00000100,1611
450,0x00000143,11,10,0x00000000,5251
451,0x0000017a,22,83,0x00000000,765
452,0x0000017a,22,27,0x00000000,616
453,0x00000131,89,1392,0x00000000,50855
454,0x00000131,88,2127,0x00000000,27785
455,0x0000017b,12,44,0x00000000,3222
456,0x00000168,84,1170,0x00000000,62411
457,0x00000176,59,48,0x00000000,4177
458,0x00000151,41,29,0x00000000,4972
459,0x00000147,1296,122,0x00000000,102864
460,0x0000017e,20,62,0x00000000,1134
461,0x0000017e,20,62,0x00000000,985
462,0x0000017e,20,62,0x00000000,835
463,0x0000017e,20,62,0x00000000,1332
464,0x0000017e,20,62,0x00000000,845
465,0x0000017e,20,62,0x00000000,1005
466,0x0000017e,20,62,0x00000000,775
467,0x0000017e,20,62,0x00000000,806
468,0x0000017e,20,62,0x00000000,815
469,0x0000017e,20,62,0x00000000,925
470,0x0000017e,20,62,0x00000000,846
471,0x0000017e,20,62,0x00000000,875
472,0x0000017e,20,62,0x00000000,806
473,0x0000017e,20,62,0x00000000,895
474,0x0000017e,20,62,0x00000000,816
475,0x0000017e,20,62,0x00000000,816
476,0x0000017b,12,44,0x00000000,4753
477,0x00000158,105,3479,0x00000000,377100
478,0x00000165,14,10,0x00000000,1920
479,0x00000165,14,10,0x00000000,1979
480,0x00000145,12,10,0x00000000,76146063
481,0x00000144,12,10,0x00000100,1492
482,0x00000143,11,10,0x00000000,5618
483,0x0000017a,22,83,0x00000000,676
484,0x0000017a,22,27,0x00000000,1720
485,0x00000131,89,1392,0x00000000,28839
486,0x00000131,88,2127,0x00000000,23210
487,0x0000017b,12,44,0x00000000,2834
488,0x00000168,84,1170,0x00000000,59864
489,0x00000176,59,48,0x00000000,3838
490,0x00000151,41,29,0x00000000,3292
491,0x00000147,1296,122,0x00000000,108702
492,0x0000017e,20,62,0x00000000,1820
493,0x0000017e,20,62,0x00000000,1114
494,0x0000017e,20,62,0x00000000,934
495,0x0000017e,20,62,0x00000000,805
496,0x0000017e,20,62,0x00000000,1969
497,0x0000017e,20,62,0x00000000,1810
498,0x0000017e,20,62,0x00000000,945
499,0x0000017e,20,62,0x00000000,1721
500,0x0000017e,20,62,0x00000000,1273
501,0x0000017e,20,62,0x00000000,845
502,0x0000017e,20,62,0x00000000,895
503,0x0000017e,20,62,0x00000000,985
504,0x0000017e,20,62,0x00000000,776
505,0x0000017e,20,62,0x00000000,1044
506,0x0000017e,20,62,0x00000000,1303
507,0x0000017e,20,62,0x00000000,954
508,0x0000017b,12,44,0x00000000,7001
509,0x00000158,105,3479,0x00000000,302348
510,0x00000165,14,10,0x00000000,1929
511,0x00000165,14,10,0x00000000,1710
512,0x00000145,12,10,0x00000000,108162400
513,0x00000144,12,10,0x00000100,2059
514,0x00000143,11,10,0x00000000,6882
515,0x0000017a,22,83,0x00000000,1014
516,0x0000017a,22,27,0x00000000,1850
517,0x00000131,89,1392,0x00000000,26969
518,0x00000131,88,2127,0x00000000,23111
519,0x0000017b,12,44,0x00000000,3341
520,0x00000168,84,1170,0x00000000,60203
521,0x00000176,59,48,0x00000000,3690
522,0x00000151,41,29,0x00000000,3928
523,0x00000147,1296,122,0x00000000,91040
524,0x0000017e,20,62,0x00000000,1034
525,0x0000017e,20,62,0x00000000,994
526,0x0000017e,20,62,0x00000000,806
527,0x0000017e,20,62,0x00000000,2317
528,0x0000017e,20,62,0x00000000,1552
529,0x0000017e,20,62,0x00000000,815
530,0x0000017e,20,62,0x00000000,805
531,0x0000017e,20,62,0x00000000,865
532,0x0000017e,20,62,0x00000000,766
533,0x0000017e,20,62,0x00000000,786
534,0x0000017e,20,62,0x00000000,825
535,0x0000017e,20,62,0x00000000,825
536,0x0000017e,20,62,0x00000000,845
537,0x0000017e,20,62,0x00000000,865
538,0x0000017e,20,62,0x00000000,924
539,0x0000017e,20,62,0x00000000,835
540,0x0000017b,12,44,0x00000000,4922
541,0x00000158,105,3479,0x00000000,274314
542,0x00000165,14,10,0x00000000,2009
543,0x00000165,14,10,0x00000000,1601
544,0x00000145,12,10,0x00000000,77355097
545,0x00000144,12,10,0x00000100,1034
546,0x00000143,11,10,0x00000000,4027
547,0x0000017a,22,83,0x00000000,825
548,0x0000017a,22,27,0x00000000,845
549,0x00000131,89,1392,0x00000000,27327
550,0x00000131,88,2127,0x00000000,37967
551,0x0000017b,12,44,0x00000000,2526
552,0x00000168,84,1170,0x00000000,58503
553,0x00000176,59,48,0x00000000,3540
554,0x00000151,41,29,0x00000000,3103
555,0x00000147,1296,122,0x00000000,86437
556,0x0000017e,20,62,0x00000000,985
557,0x0000017e,20,62,0x00000000,1074
558,0x0000017e,20,62,0x00000000,845
559,0x0000017e,20,62,0x00000000,1024
560,0x0000017e,20,62,0x00000000,836
561,0x0000017e,20,62,0x00000000,905
562,0x0000017e,20,62,0x00000000,955
563,0x0000017e,20,62,0x00000000,835
564,0x0000017e,20,62,0x00000000,825
565,0x0000017e,20,62,0x00000000,1123
566,0x0000017e,20,62,0x00000000,2277
567,0x0000017e,20,62,0x00000000,984
568,0x0000017e,20,62,0x00000000,855
569,0x0000017e,20,62,0x00000000,836
570,0x0000017e,20,62,0x00000000,865
571,0x0000017e,20,62,0x00000000,826
572,0x0000017b,12,44,0x00000000,5460
573,0x00000158,105,3479,0x00000000,713686
574,0x00000165,14,10,0x00000000,2327
575,0x00000165,14,10,0x00000000,1561
576,0x00000145,12,10,0x00000000,79189957
577,0x00000144,12,10,0x00000100,1900
578,0x00000143,11,10,0x00000000,6514
579,0x0000017a,22,83,0x00000000,985
580,0x0000017a,22,27,0x00000000,756
581,0x00000131,89,1392,0x00000000,25974
582,0x00000131,88,2127,0x00000000,23448
583,0x0000017b,12,44,0x00000000,3322
584,0x00000168,84,1170,0x00000000,60929
585,0x00000176,59,48,0x00000000,4067
586,0x00000151,41,29,0x00000000,3739
587,0x00000147,1296,122,0x00000000,99025
588,0x0000017e,20,62,0x00000000,1024
589,0x0000017e,20,62,0x00000000,856
590,0x0000017e,20,62,0x00000000,855
591,0x0000017e,20,62,0x00000000,1044
592,0x0000017e,20,62,0x00000000,1054
593,0x0000017e,20,62,0x00000000,985
594,0x0000017e,20,62,0x00000000,955
595,0x0000017e,20,62,0x00000000,1203
596,0x0000017e,20,62,0x00000000,1024
597,0x0000017e,20,62,0x00000000,895
598,0x0000017e,20,62,0x00000000,1103
599,0x0000017e,20,62,0x00000000,1581
600,0x0000017e,20,62,0x00000000,1034
601,0x0000017e,20,62,0x00000000,1014
602,0x0000017e,20,62,0x00000000,875
603,0x0000017e,20,62,0x00000000,1273
604,0x0000017b,12,44,0x00000000,4853
605,0x00000158,105,3479,0x00000000,712393
606,0x00000165,14,10,0x00000000,2387
607,0x00000165,14,10,0x00000000,1641
608,0x00000145,12,10,0x00000000,86950683
609,0x00000144,12,10,0x00000100,1283
610,0x00000143,11,10,0x00000000,5358
611,0x0000017a,22,83,0x00000000,905
612,0x0000017a,22,27,0x00000000,636
613,0x00000131,89,1392,0x00000000,34330
614,0x00000131,88,2127,0x00000000,27281
615,0x0000017b,12,44,0x00000000,2575
616,0x00000168,84,1170,0x00000000,60478
617,0x00000176,59,48,0x00000000,4007
618,0x00000151,41,29,0x00000000,3519
619,0x00000147,1296,122,0x00000000,88296
620,0x0000017e,20,62,0x00000000,1004
621,0x0000017e,20,62,0x00000000,796
622,0x0000017e,20,62,0x00000000,825
623,0x0000017e,20,62,0x00000000,855
624,0x0000017e,20,62,0x00000000,816
625,0x0000017e,20,62,0x00000000,815
626,0x0000017e,20,62,0x00000000,865
627,0x0000017e,20,62,0x00000000,826
628,0x0000017e,20,62,0x00000000,845
629,0x0000017e,20,62,0x00000000,1502
630,0x0000017e,20,62,0x00000000,1462
631,0x0000017e,20,62,0x00000000,885
632,0x0000017e,20,62,0x00000000,1482
633,0x0000017e,20,62,0x00000000,1064
634,0x0000017e,20,62,0x00000000,865
635,0x0000017e,20,62,0x00000000,875
636,0x0000017b,12,44,0x00000000,5348
637,0x00000158,105,3479,0x00000000,507338
638,0x00000165,14,10,0x00000000,2187
639,0x00000165,14,10,0x00000000,2147
640,0x00000145,12,10,0x00000000,78204070
641,0x00000144,12,10,0x00000100,1700
642,0x00000143,11,10,0x00000000,5449
643,0x0000017a,22,83,0x00000000,875
644,0x0000017a,22,27,0x00000000,725
645,0x00000131,89,1392,0x00000000,25461
646,0x00000131,88,2127,0x00000000,22808
647,0x0000017b,12,44,0x00000000,2695
648,0x00000168,84,1170,0x00000000,101569
649,0x00000176,59,48,0x00000000,6642
650,0x00000151,41,29,0x00000000,3738
651,0x00000147,1296,122,0x00000000,102225
652,0x0000017e,20,62,0x00000000,1163
653,0x0000017e,20,62,0x00000000,845
654,0x0000017e,20,62,0x00000000,835
655,0x0000017e,20,62,0x00000000,1691
656,0x0000017e,20,62,0x00000000,1014
657,0x0000017e,20,62,0x00000000,1114
658,0x0000017e,20,62,0x00000000,1074
659,0x0000017e,20,62,0x00000000,1293
660,0x0000017e,20,62,0x00000000,1104
661,0x0000017e,20,62,0x00000000,1163
662,0x0000017e,20,62,0x00000000,1581
663,0x0000017e,20,62,0x00000000,1163
664,0x0000017e,20,62,0x00000000,855
665,0x0000017e,20,62,0x00000000,865
666,0x0000017e,20,62,0x00000000,885
667,0x0000017e,20,62,0x00000000,845
668,0x0000017b,12,44,0x00000000,5507
669,0x00000158,105,3479,0x00000000,227824
670,0x00000165,14,10,0x00000000,1730
671,0x00000165,14,10,0x00000000,1829
672,0x00000145,12,10,0x00000000,80409153
673,0x00000144,12,10,0x00000100,1372
674,0x00000143,11,10,0x00000000,7546
675,0x0000017a,22,83,0x00000000,1094
676,0x0000017a,22,27,0x00000000,1720
677,0x00000131,89,1392,0x00000000,29060
678,0x00000131,88,2127,0x00000000,23453
679,0x0000017b,12,44,0x00000000,2784
680,0x00000168,84,1170,0x00000000,59653
681,0x00000176,59,48,0x00000000,3629
682,0x00000151,41,29,0x00000000,5628
683,0x00000147,1296,122,0x00000000,89748
684,0x0000017e,20,62,0x00000000,1134
685,0x0000017e,20,62,0x00000000,835
686,0x0000017e,20,62,0x00000000,836
687,0x0000017e,20,62,0x00000000,845
688,0x0000017e,20,62,0x00000000,855
689,0x0000017e,20,62,0x00000000,856
690,0x0000017e,20,62,0x00000000,855
691,0x0000017e,20,62,0x00000000,865
692,0x0000017e,20,62,0x00000000,855
693,0x0000017e,20,62,0x00000000,855
694,0x0000017e,20,62,0x00000000,845
695,0x0000017e,20,62,0x00000000,855
696,0x0000017e,20,62,0x00000000,1044
697,0x0000017e,20,62,0x00000000,865
698,0x0000017e,20,62,0x00000000,835
699,0x0000017e,20,62,0x00000000,855
700,0x0000017b,12,44,0x00000000,4842
701,0x00000158,105,3479,0x00000000,225966
702,0x00000165,14,10,0x00000000,1998
703,0x00000165,14,10,0x00000000,1710
704,0x00000145,12,10,0x00000000,71387374
705,0x00000144,12,10,0x00000100,1073
706,0x00000143,11,10,0x00000000,4256
707,0x0000017a,22,83,0x00000000,736
708,0x0000017a,22,27,0x00000000,657
709,0x00000131,89,1392,0x00000000,23861
710,0x00000131,88,2127,0x00000000,22758
711,0x0000017b,12,44,0x00000000,2674
712,0x00000168,84,1170,0x00000000,60110
713,0x00000176,59,48,0x00000000,3470
714,0x00000151,41,29,0x00000000,3480
715,0x00000147,1296,122,0x00000000,87451
716,0x0000017e,20,62,0x00000000,934
717,0x0000017e,20,62,0x00000000,805
718,0x0000017e,20,62,0x00000000,816
719,0x0000017e,20,62,0x00000000,845
720,0x0000017e,20,62,0x00000000,815
721,0x0000017e,20,62,0x00000000,845
722,0x0000017e,20,62,0x00000000,2197
723,0x0000017e,20,62,0x00000000,905
724,0x0000017e,20,62,0x00000000,875
725,0x0000017e,20,62,0x00000000,865
726,0x0000017e,20,62,0x00000000,855
727,0x0000017e,20,62,0x00000000,875
728,0x0000017e,20,62,0x00000000,894
729,0x0000017e,20,62,0x00000000,875
730,0x0000017e,20,62,0x00000000,845
731,0x0000017e,20,62,0x00000000,1302
732,0x0000017b,12,44,0x00000000,6164
733,0x00000158,105,3479,0x00000000,335240
734,0x00000165,14,10,0x00000000,3161
735,0x00000165,14,10,0x00000000,2327
736,0x00000145,12,10,0x00000000,79762117
737,0x00000144,12,10,0x00000100,1381
738,0x00000143,11,10,0x00000000,4743
739,0x0000017a,22,83,0x00000000,875
740,0x0000017a,22,27,0x00000000,647
741,0x00000131,89,1392,0x00000000,40424
742,0x00000131,88,2127,0x00000000,22698
743,0x0000017b,12,44,0x00000000,2505
744,0x00000168,84,1170,0x00000000,60289
745,0x00000176,59,48,0x00000000,3609
746,0x00000151,41,29,0x00000000,3539
747,0x00000147,1296,122,0x00000000,93506
748,0x0000017e,20,62,0x00000000,1144
749,0x0000017e,20,62,0x00000000,865
750,0x0000017e,20,62,0x00000000,855
751,0x0000017e,20,62,0x00000000,855
752,0x0000017e,20,62,0x00000000,845
753,0x0000017e,20,62,0x00000000,845
754,0x0000017e,20,62,0x00000000,855
755,0x0000017e,20,62,0x00000000,825
756,0x0000017e,20,62,0x00000000,875
757,0x0000017e,20,62,0x00000000,865
758,0x0000017e,20,62,0x00000000,835
759,0x0000017e,20,62,0x00000000,865
760,0x0000017e,20,62,0x00000000,845
761,0x0000017e,20,62,0x00000000,825
762,0x0000017e,20,62,0x00000000,865
763,0x0000017e,20,62,0x00000000,855
764,0x0000017b,12,44,0x00000000,3530
765,0x00000158,105,3479,0x00000000,295809
766,0x00000165,14,10,0x00000000,2028
767,0x00000165,14,10,0x00000000,2098
768,0x00000145,12,10,0x00000000,71085064
769,0x00000144,12,10,0x00000100,994
770,0x00000143,11,10,0x00000000,4066
771,0x0000017a,22,83,0x00000000,696
772,0x0000017a,22,27,0x00000000,696
773,0x00000131,89,1392,0x00000000,25571
774,0x00000131,88,2127,0x00000000,22598
775,0x0000017b,12,44,0x00000000,3440
776,0x00000168,84,1170,0x00000000,60687
777,0x00000176,59,48,0x00000000,3539
778,0x00000151,41,29,0x00000000,3858
779,0x00000147,1296,122,0x00000000,97285
780,0x0000017e,20,62,0x00000000,994
781,0x0000017e,20,62,0x00000000,975
782,0x0000017e,20,62,0x00000000,835
783,0x0000017e,20,62,0x00000000,835
784,0x0000017e,20,62,0x00000000,2327
785,0x0000017e,20,62,0x00000000,994
786,0x0000017e,20,62,0x00000000,875
787,0x0000017e,20,62,0x00000000,845
788,0x0000017e,20,62,0x00000000,796
789,0x0000017e,20,62,0x00000000,1034
790,0x0000017e,20,62,0x00000000,1402
791,0x0000017e,20,62,0x00000000,915
792,0x0000017e,20,62,0x00000000,855
793,0x0000017e,20,62,0x00000000,855
794,0x0000017e,20,62,0x00000000,884
795,0x0000017e,20,62,0x00000000,855
796,0x0000017b,12,44,0x00000000,4216
797,0x00000158,105,3479,0x00000000,293235
798,0x00000165,14,10,0x00000000,1671
799,0x00000165,14,10,0x00000000,1631
800,0x00000145,12,10,0x00000000,83037941
801,0x00000144,12,10,0x00000100,1213
802,0x00000143,11,10,0x00000000,4523
803,0x0000017a,22,83,0x00000000,955
804,0x0000017a,22,27,0x00000000,666
805,0x00000131,89,1392,0x00000000,23811
806,0x00000131,88,2127,0x00000000,22897
807,0x0000017b,12,44,0x00000000,2376
808,0x00000168,84,1170,0x00000000,59365
809,0x00000176,59,48,0x00000000,4047
810,0x00000151,41,29,0x00000000,3350
811,0x00000147,1296,122,0x00000000,90006
812,0x0000017e,20,62,0x00000000,945
813,0x0000017e,20,62,0x00000000,2266
814,0x0000017e,20,62,0x00000000,1103
815,0x0000017e,20,62,0x00000000,845
816,0x0000017e,20,62,0x00000000,894
817,0x0000017e,20,62,0x00000000,895
818,0x0000017e,20,62,0x00000000,1014
819,0x0000017e,20,62,0x00000000,845
820,0x0000017e,20,62,0x00000000,846
821,0x0000017e,20,62,0x00000000,865
822,0x0000017e,20,62,0x00000000,865
823,0x0000017e,20,62,0x00000000,846
824,0x0000017e,20,62,0x00000000,865
825,0x0000017e,20,62,0x00000000,855
826,0x0000017e,20,62,0x00000000,835
827,0x0000017e,20,62,0x00000000,865
828,0x0000017b,12,44,0x00000000,4911
829,0x00000158,105,3479,0x00000000,287866
830,0x00000165,14,10,0x00000000,1711
831,0x00000165,14,10,0x00000000,2038
832,0x00000145,12,10,0x00000000,74026423
833,0x00000144,12,10,0x00000100,1093
834,0x00000143,11,10,0x00000000,4683
835,0x0000017a,22,83,0x00000000,766
836,0x0000017a,22,27,0x00000000,636
837,0x00000131,89,1392,0x00000000,23901
838,0x00000131,88,2127,0x00000000,22668
839,0x0000017b,12,44,0x00000000,2336
840,0x00000168,84,1170,0x00000000,58330
841,0x00000176,59,48,0x00000000,3679
842,0x00000151,41,29,0x00000000,3579
843,0x00000147,1296,122,0x00000000,88018
844,0x0000017e,20,62,0x00000000,1352
845,0x0000017e,20,62,0x00000000,845
846,0x0000017e,20,62,0x00000000,845
847,0x0000017e,20,62,0x00000000,835
848,0x0000017e,20,62,0x00000000,885
849,0x0000017e,20,62,0x00000000,855
850,0x0000017e,20,62,0x00000000,835
851,0x0000017e,20,62,0x00000000,815
852,0x0000017e,20,62,0x00000000,845
853,0x0000017e,20,62,0x00000000,855
854,0x0000017e,20,62,0x00000000,845
855,0x0000017e,20,62,0x00000000,796
856,0x0000017e,20,62,0x00000000,865
857,0x0000017e,20,62,0x00000000,875
858,0x0000017e,20,62,0x00000000,934
859,0x0000017e,20,62,0x00000000,865
860,0x0000017b,12,44,0x00000000,3609
861,0x00000158,105,3479,0x00000000,304529
862,0x00000165,14,10,0x00000000,2177
863,0x00000165,14,10,0x00000000,2217
864,0x00000145,12,10,0x00000000,81523937
865,0x00000144,12,10,0x00000100,1293
866,0x00000143,11,10,0x00000000,4435
867,0x0000017a,22,83,0x00000000,955
868,0x0000017a,22,27,0x00000000,1591
869,0x00000131,89,1392,0x00000000,25452
870,0x00000131,88,2127,0x00000000,22906
871,0x0000017b,12,44,0x00000000,2933
872,0x00000168,84,1170,0x00000000,58947
873,0x00000176,59,48,0x00000000,4573
874,0x00000151,41,29,0x00000000,3500
875,0x00000147,1296,122,0x00000000,87193
876,0x0000017e,20,62,0x00000000,2187
877,0x0000017e,20,62,0x00000000,1064
878,0x0000017e,20,62,0x00000000,825
879,0x0000017e,20,62,0x00000000,835
880,0x0000017e,20,62,0x00000000,845
881,0x0000017e,20,62,0x00000000,845
882,0x0000017e,20,62,0x00000000,845
883,0x0000017e,20,62,0x00000000,855
884,0x0000017e,20,62,0x00000000,835
885,0x0000017e,20,62,0x00000000,855
886,0x0000017e,20,62,0x00000000,845
887,0x0000017e,20,62,0x00000000,974
888,0x0000017e,20,62,0x00000000,865
889,0x0000017e,20,62,0x00000000,855
890,0x0000017e,20,62,0x00000000,885
891,0x0000017e,20,62,0x00000000,835
892,0x0000017b,12,44,0x00000000,3788
893,0x00000158,105,3479,0x00000000,568373
894,0x00000165,14,10,0x00000000,1769
895,0x00000165,14,10,0x00000000,1651
896,0x00000145,12,10,0x00000000,79041537
897,0x00000144,12,10,0x00000100,1143
898,0x00000143,11,10,0x00000000,5040
899,0x0000017a,22,83,0x00000000,1760
900,0x0000017a,22,27,0x00000000,636
901,0x00000131,89,1392,0x00000000,35616
902,0x00000131,88,2127,0x00000000,30209
903,0x0000017b,12,44,0x00000000,3906
904,0x00000168,84,1170,0x00000000,65407
905,0x00000176,59,48,0x00000000,3886
906,0x00000151,41,29,0x00000000,4275
907,0x00000147,1296,122,0x00000000,95844
908,0x0000017e,20,62,0x00000000,1024
909,0x0000017e,20,62,0x00000000,835
910,0x0000017e,20,62,0x00000000,835
911,0x0000017e,20,62,0x00000000,1352
912,0x0000017e,20,62,0x00000000,964
913,0x0000017e,20,62,0x00000000,1342
914,0x0000017e,20,62,0x00000000,1084
915,0x0000017e,20,62,0x00000000,885
916,0x0000017e,20,62,0x00000000,2147
917,0x0000017e,20,62,0x00000000,884
918,0x0000017e,20,62,0x00000000,855
919,0x0000017e,20,62,0x00000000,825
920,0x0000017e,20,62,0x00000000,805
921,0x0000017e,20,62,0x00000000,905
922,0x0000017e,20,62,0x00000000,855
923,0x0000017e,20,62,0x00000000,964
924,0x0000017b,12,44,0x00000000,5159
925,0x00000158,105,3479,0x00000000,442162
926,0x00000165,14,10,0x00000000,1710
927,0x00000165,14,10,0x00000000,1779
928,0x00000145,12,10,0x00000000,82722400
929,0x00000144,12,10,0x00000100,1223
930,0x00000143,11,10,0x00000000,5427
931,0x0000017a,22,83,0x00000000,1063
932,0x0000017a,22,27,0x00000000,905
933,0x00000131,89,1392,0x00000000,25199
934,0x00000131,88,2127,0x00000000,22704
935,0x0000017b,12,44,0x00000000,2575
936,0x00000168,84,1170,0x00000000,66987
937,0x00000176,59,48,0x00000000,4732
938,0x00000151,41,29,0x00000000,5208
939,0x00000147,1296,122,0x00000000,99174
940,0x0000017e,20,62,0x00000000,1004
941,0x0000017e,20,62,0x00000000,2515
942,0x0000017e,20,62,0x00000000,1482
943,0x0000017e,20,62,0x00000000,1928
944,0x0000017e,20,62,0x00000000,894
945,0x0000017e,20,62,0x00000000,1819
946,0x0000017e,20,62,0x00000000,954
947,0x0000017e,20,62,0x00000000,805
948,0x0000017e,20,62,0x00000000,1073
949,0x0000017e,20,62,0x00000000,855
950,0x0000017e,20,62,0x00000000,1054
951,0x0000017e,20,62,0x00000000,875
952,0x0000017e,20,62,0x00000000,1700
953,0x0000017e,20,62,0x00000000,1342
954,0x0000017e,20,62,0x00000000,845
955,0x0000017e,20,62,0x00000000,845
956,0x0000017b,12,44,0x00000000,5030
957,0x00000158,105,3479,0x00000000,258626
958,0x00000165,14,10,0x00000000,1780
959,0x00000165,14,10,0x00000000,1600
960,0x00000145,12,10,0x00000000,76142390
961,0x00000144,12,10,0x00000100,1043
962,0x00000143,11,10,0x00000000,4821
963,0x0000017a,22,83,0x00000000,915
964,0x0000017a,22,27,0x00000000,666
965,0x00000131,89,1392,0x00000000,28071
966,0x00000131,88,2127,0x00000000,22813
967,0x0000017b,12,44,0x00000000,2684
968,0x00000168,84,1170,0x00000000,69015
969,0x00000176,59,48,0x00000000,3986
970,0x00000151,41,29,0x00000000,3250
971,0x00000147,1296,122,0x00000000,98309
972,0x0000017e,20,62,0x00000000,1014
973,0x0000017e,20,62,0x00000000,854
974,0x0000017e,20,62,0x00000000,855
975,0x0000017e,20,62,0x00000000,835
976,0x0000017e,20,62,0x00000000,855
977,0x0000017e,20,62,0x00000000,1014
978,0x0000017e,20,62,0x00000000,855
979,0x0000017e,20,62,0x00000000,845
980,0x0000017e,20,62,0x00000000,845
981,0x0000017e,20,62,0x00000000,855
982,0x0000017e,20,62,0x00000000,845
983,0x0000017e,20,62,0x00000000,865
984,0x0000017e,20,62,0x00000000,855
985,0x0000017e,20,62,0x00000000,875
986,0x0000017e,20,62,0x00000000,1392
987,0x0000017e,20,62,0x00000000,1362
988,0x0000017b,12,44,0x00000000,4921
989,0x00000158,105,3479,0x00000000,227672
990,0x00000165,14,10,0x00000000,1729
991,0x00000165,14,10,0x00000000,3350
992,0x00000145,12,10,0x00000000,82799745
993,0x00000144,12,10,0x00000100,1342
994,0x00000143,11,10,0x00000000,4960
995,0x0000017a,22,83,0x00000000,756
996,0x0000017a,22,27,0x00000000,695
997,0x00000131,89,1392,0x00000000,24314
998,0x00000131,88,2127,0x00000000,22972
999,0x0000017b,12,44,0x00000000,2465
1000,0x00000168,84,1170,0x00000000,59383
1001,0x00000176,59,48,0x00000000,3727
1002,0x00000151,41,29,0x00000000,3251
1003,0x00000147,1296,122,0x00000000,86768
1004,0x0000017e,20,62,0x00000000,934
1005,0x0000017e,20,62,0x00000000,855
1006,0x0000017e,20,62,0x00000000,835
1007,0x0000017e,20,62,0x00000000,865
1008,0x0000017e,20,62,0x00000000,835
1009,0x0000017e,20,62,0x00000000,855
1010,0x0000017e,20,62,0x00000000,865
1011,0x0000017e,20,62,0x00000000,844
1012,0x0000017e,20,62,0x00000000,885
1013,0x0000017e,20,62,0x00000000,865
1014,0x0000017e,20,62,0x00000000,875
1015,0x0000017e,20,62,0x00000000,835
1016,0x0000017e,20,62,0x00000000,845
1017,0x0000017e,20,62,0x00000000,845
1018,0x0000017e,20,62,0x00000000,855
1019,0x0000017e,20,62,0x00000000,865
1020,0x0000017b,12,44,0x00000000,3489
1021,0x00000158,105,3479,0x00000000,370901
1022,0x00000165,14,10,0x00000000,3449
1023,0x00000165,14,10,0x00000000,1888
1024,0x00000145,12,10,0x00000000,82885323
1025,0x00000144,12,10,0x00000100,1571
1026,0x00000143,11,10,0x00000000,5905
1027,0x0000017a,22,83,0x00000000,1580
1028,0x0000017a,22,27,0x00000000,1173
1029,0x00000131,89,1392,0x00000000,28031
1030,0x00000131,88,2127,0x00000000,23518
1031,0x0000017b,12,44,0x00000000,3021
1032,0x00000168,84,1170,0x00000000,62375
1033,0x00000176,59,48,0x00000000,3987
1034,0x00000151,41,29,0x00000000,3926
1035,0x00000147,1296,122,0x00000000,89562
1036,0x0000017e,20,62,0x00000000,1004
1037,0x0000017e,20,62,0x00000000,965
1038,0x0000017e,20,62,0x00000000,2057
1039,0x0000017e,20,62,0x00000000,884
1040,0x0000017e,20,62,0x00000000,865
1041,0x0000017e,20,62,0x00000000,835
1042,0x0000017e,20,62,0x00000000,835
1043,0x0000017e,20,62,0x00000000,865
1044,0x0000017e,20,62,0x00000000,924
1045,0x0000017e,20,62,0x00000000,885
1046,0x0000017e,20,62,0x00000000,855
1047,0x0000017e,20,62,0x00000000,1034
1048,0x0000017e,20,62,0x00000000,845
1049,0x0000017e,20,62,0x00000000,855
1050,0x0000017e,20,62,0x00000000,845
1051,0x0000017e,20,62,0x00000000,835
1052,0x0000017b,12,44,0x00000000,4612
1053,0x00000158,105,3479,0x00000000,266498
1054,0x00000165,14,10,0x00000000,2355
1055,0x00000165,14,10,0x00000000,1660
1056,0x00000145,12,10,0x00000000,84800640
1057,0x00000144,12,10,0x00000100,1511
1058,0x00000143,11,10,0x00000000,6700
1059,0x0000017a,22,83,0x00000000,1043
1060,0x0000017a,22,27,0x00000000,1153
1061,0x00000131,89,1392,0x00000000,27465
1062,0x00000131,88,2127,0x00000000,30845
1063,0x0000017b,12,44,0x00000000,6918
1064,0x00000168,84,1170,0x00000000,63438
1065,0x00000176,59,48,0x00000000,7018
1066,0x00000151,41,29,0x00000000,4314
1067,0x00000147,1296,122,0x00000000,101093
1068,0x0000017e,20,62,0x00000000,2236
1069,0x0000017e,20,62,0x00000000,904
1070,0x0000017e,20,62,0x00000000,865
1071,0x0000017e,20,62,0x00000000,865
1072,0x0000017e,20,62,0x00000000,845
1073,0x0000017e,20,62,0x00000000,875
1074,0x0000017e,20,62,0x00000000,864
1075,0x0000017e,20,62,0x00000000,855
1076,0x0000017e,20,62,0x00000000,984
1077,0x0000017e,20,62,0x00000000,1013
1078,0x0000017e,20,62,0x00000000,855
1079,0x0000017e,20,62,0x00000000,925
1080,0x0000017e,20,62,0x00000000,865
1081,0x0000017e,20,62,0x00000000,816
1082,0x0000017e,20,62,0x00000000,864
1083,0x0000017e,20,62,0x00000000,945
1084,0x0000017b,12,44,0x00000000,5209
1085,0x00000158,105,3479,0x00000000,238775
1086,0x00000165,14,10,0x00000000,1839
1087,0x00000165,14,10,0x00000000,1660
1088,0x00000145,12,10,0x00000000,76001745
1089,0x00000144,12,10,0x00000100,1262
1090,0x00000143,11,10,0x00000000,4851
1091,0x0000017a,22,83,0x00000000,776
1092,0x0000017a,22,27,0x00000000,656
1093,0x00000131,89,1392,0x00000000,23877
1094,0x00000131,88,2127,0x00000000,23191
1095,0x0000017b,12,44,0x00000000,2466
1096,0x00000168,84,1170,0x00000000,58867
1097,0x00000176,59,48,0x00000000,3638
1098,0x00000151,41,29,0x00000000,3400
1099,0x00000147,1296,122,0x00000000,88995
1100,0x0000017e,20,62,0x00000000,934
1101,0x0000017e,20,62,0x00000000,835
1102,0x0000017e,20,62,0x00000000,845
1103,0x0000017e,20,62,0x00000000,834
1104,0x0000017e,20,62,0x00000000,2326
1105,0x0000017e,20,62,0x00000000,1202
1106,0x0000017e,20,62,0x00000000,915
1107,0x0000017e,20,62,0x00000000,1143
1108,0x0000017e,20,62,0x00000000,835
1109,0x0000017e,20,62,0x00000000,904
1110,0x0000017e,20,62,0x00000000,964
1111,0x0000017e,20,62,0x00000000,845
1112,0x0000017e,20,62,0x00000000,864
1113,0x0000017e,20,62,0x00000000,855
1114,0x0000017e,20,62,0x00000000,845
1115,0x0000017e,20,62,0x00000000,855
1116,0x0000017b,12,44,0x00000000,5328
1117,0x00000158,105,3479,0x00000000,226678
1118,0x00000165,14,10,0x00000000,1730
1119,0x00000165,14,10,0x00000000,1590
1120,0x00000145,12,10,0x00000000,81176322
1121,0x00000144,12,10,0x00000100,1043
1122,0x00000143,11,10,0x00000000,4711
1123,0x0000017a,22,83,0x00000000,736
1124,0x0000017a,22,27,0x00000000,606
1125,0x00000131,89,1392,0x00000000,24761
1126,0x00000131,88,2127,0x00000000,30795
1127,0x0000017b,12,44,0x00000000,3290
1128,0x00000168,84,1170,0x00000000,63190
1129,0x00000176,59,48,0x00000000,3489
1130,0x00000151,41,29,0x00000000,3429
1131,0x00000147,1296,122,0x00000000,87862
1132,0x0000017e,20,62,0x00000000,954
1133,0x0000017e,20,62,0x00000000,974
1134,0x0000017e,20,62,0x00000000,815
1135,0x0000017e,20,62,0x00000000,835
1136,0x0000017e,20,62,0x00000000,825
1137,0x0000017e,20,62,0x00000000,835
1138,0x0000017e,20,62,0x00000000,835
1139,0x0000017e,20,62,0x00000000,845
1140,0x0000017e,20,62,0x00000000,864
1141,0x0000017e,20,62,0x00000000,865
1142,0x0000017e,20,62,0x00000000,915
1143,0x0000017e,20,62,0x00000000,844
1144,0x0000017e,20,62,0x00000000,865
1145,0x0000017e,20,62,0x00000000,2326
1146,0x0000017e,20,62,0x00000000,1193
1147,0x0000017e,20,62,0x00000000,875
1148,0x0000017b,12,44,0x00000000,4453
1149,0x00000158,105,3479,0x00000000,316945
1150,0x00000165,14,10,0x00000000,2723
1151,0x00000165,14,10,0x00000000,1670
1152,0x00000145,12,10,0x00000000,70219629
1153,0x00000144,12,10,0x00000100,1302
1154,0x00000143,11,10,0x00000000,6978
1155,0x0000017a,22,83,0x00000000,1302
1156,0x0000017a,22,27,0x00000000,1670
1157,0x00000131,89,1392,0x00000000,27634
1158,0x00000131,88,2127,0x00000000,27564
1159,0x0000017b,12,44,0x00000000,6949
1160,0x00000168,84,1170,0x00000000,65953
1161,0x00000176,59,48,0x00000000,4890
1162,0x00000151,41,29,0x00000000,3956
1163,0x00000147,1296,122,0x00000000,98101
1164,0x0000017e,20,62,0x00000000,1491
1165,0x0000017e,20,62,0x00000000,875
1166,0x0000017e,20,62,0x00000000,785
1167,0x0000017e,20,62,0x00000000,925
1168,0x0000017e,20,62,0x00000000,924
1169,0x0000017e,20,62,0x00000000,944
1170,0x0000017e,20,62,0x00000000,925
1171,0x0000017e,20,62,0x00000000,815
1172,0x0000017e,20,62,0x00000000,865
1173,0x0000017e,20,62,0x00000000,845
1174,0x0000017e,20,62,0x00000000,845
1175,0x0000017e,20,62,0x00000000,1073
1176,0x0000017e,20,62,0x00000000,904
1177,0x0000017e,20,62,0x00000000,1223
1178,0x0000017e,20,62,0x00000000,1441
1179,0x0000017e,20,62,0x00000000,1054
1180,0x0000017b,12,44,0x00000000,5090
1181,0x00000158,105,3479,0x00000000,498007
1182,0x00000165,14,10,0x00000000,2783
1183,0x00000165,14,10,0x00000000,1939
1184,0x00000145,12,10,0x00000000,81817065
1185,0x00000144,12,10,0x00000100,1083
1186,0x00000143,11,10,0x00000000,4592
1187,0x0000017a,22,83,0x00000000,845
1188,0x0000017a,22,27,0x00000000,626
1189,0x00000131,89,1392,0x00000000,23624
1190,0x00000131,88,2127,0x00000000,22918
1191,0x0000017b,12,44,0x00000000,2326
1192,0x00000168,84,1170,0x00000000,68457
1193,0x00000176,59,48,0x00000000,4999
1194,0x00000151,41,29,0x00000000,3469
1195,0x00000147,1296,122,0x00000000,100250
1196,0x0000017e,20,62,0x00000000,894
1197,0x0000017e,20,62,0x00000000,855
1198,0x0000017e,20,62,0x00000000,2514
1199,0x0000017e,20,62,0x00000000,905
1200,0x0000017e,20,62,0x00000000,1262
1201,0x0000017e,20,62,0x00000000,1083
1202,0x0000017e,20,62,0x00000000,1948
1203,0x0000017e,20,62,0x00000000,845
1204,0x0000017e,20,62,0x00000000,874
1205,0x0000017e,20,62,0x00000000,865
1206,0x0000017e,20,62,0x00000000,904
1207,0x0000017e,20,62,0x00000000,934
1208,0x0000017e,20,62,0x00000000,854
1209,0x0000017e,20,62,0x00000000,855
1210,0x0000017e,20,62,0x00000000,954
1211,0x0000017e,20,62,0x00000000,875
1212,0x0000017b,12,44,0x00000000,4870
1213,0x00000158,105,3479,0x00000000,327347
1214,0x00000165,14,10,0x00000000,1749
1215,0x00000165,14,10,0x00000000,1591
1216,0x00000145,12,10,0x00000000,69521465
1217,0x00000144,12,10,0x00000100,1819
1218,0x00000143,11,10,0x00000000,7762
1219,0x0000017a,22,83,0x00000000,815
1220,0x0000017a,22,27,0x00000000,656
1221,0x00000131,89,1392,0x00000000,28951
1222,0x00000131,88,2127,0x00000000,22898
1223,0x0000017b,12,44,0x00000000,2693
1224,0x00000168,84,1170,0x00000000,75354
1225,0x00000176,59,48,0x00000000,3449
1226,0x00000151,41,29,0x00000000,3101
1227,0x00000147,1296,122,0x00000000,86675
1228,0x0000017e,20,62,0x00000000,993
1229,0x0000017e,20,62,0x00000000,825
1230,0x0000017e,20,62,0x00000000,845
1231,0x0000017e,20,62,0x00000000,865
1232,0x0000017e,20,62,0x00000000,845
1233,0x0000017e,20,62,0x00000000,835
1234,0x0000017e,20,62,0x00000000,844
1235,0x0000017e,20,62,0x00000000,845
1236,0x0000017e,20,62,0x00000000,855
1237,0x0000017e,20,62,0x00000000,874
1238,0x0000017e,20,62,0x00000000,845
1239,0x0000017e,20,62,0x00000000,845
1240,0x0000017e,20,62,0x00000000,864
1241,0x0000017e,20,62,0x00000000,865
1242,0x0000017e,20,62,0x00000000,845
1243,0x0000017e,20,62,0x00000000,1928
1244,0x0000017b,12,44,0x00000000,4721
1245,0x00000158,105,3479,0x00000000,562007
1246,0x00000165,14,10,0x00000000,2157
1247,0x00000165,14,10,0x00000000,1848
1248,0x00000145,12,10,0x00000000,85202124
1249,0x00000144,12,10,0x00000100,1054
1250,0x00000143,11,10,0x00000000,6758
1251,0x0000017a,22,83,0x00000000,964
1252,0x0000017a,22,27,0x00000000,636
1253,0x00000131,89,1392,0x00000000,26368
1254,0x00000131,88,2127,0x00000000,23068
1255,0x0000017b,12,44,0x00000000,4344
1256,0x00000168,84,1170,0x00000000,62414
1257,0x00000176,59,48,0x00000000,4522
1258,0x00000151,41,29,0x00000000,3926
1259,0x00000147,1296,122,0x00000000,95529
1260,0x0000017e,20,62,0x00000000,1013
1261,0x0000017e,20,62,0x00000000,874
1262,0x0000017e,20,62,0x00000000,1321
1263,0x0000017e,20,62,0x00000000,1133
1264,0x0000017e,20,62,0x00000000,2276
1265,0x0000017e,20,62,0x00000000,1063
1266,0x0000017e,20,62,0x00000000,984
1267,0x0000017e,20,62,0x00000000,904
1268,0x0000017e,20,62,0x00000000,1282
1269,0x0000017e,20,62,0x00000000,905
1270,0x0000017e,20,62,0x00000000,855
1271,0x0000017e,20,62,0x00000000,855
1272,0x0000017e,20,62,0x00000000,1292
1273,0x0000017e,20,62,0x00000000,854
1274,0x0000017e,20,62,0x00000000,845
1275,0x0000017e,20,62,0x00000000,855
1276,0x0000017b,12,44,0x00000000,5407
1277,0x00000158,105,3479,0x00000000,519837
1278,0x00000165,14,10,0x00000000,2693
1279,0x00000165,14,10,0x00000000,2017
1280,0x00000145,12,10,0x00000000,82088248
1281,0x00000144,12,10,0x00000100,1809
1282,0x00000143,11,10,0x00000000,7056
1283,0x0000017a,22,83,0x00000000,1043
1284,0x0000017a,22,27,0x00000000,686
1285,0x00000131,89,1392,0x00000000,27023
1286,0x00000131,88,2127,0x00000000,30392
1287,0x0000017b,12,44,0x00000000,2872
1288,0x00000168,84,1170,0x00000000,99724
1289,0x00000176,59,48,0x00000000,6261
1290,0x00000151,41,29,0x00000000,5247
1291,0x00000147,1296,122,0x00000000,103222
1292,0x0000017e,20,62,0x00000000,1053
1293,0x0000017e,20,62,0x00000000,1272
1294,0x0000017e,20,62,0x00000000,964
1295,0x0000017e,20,62,0x00000000,845
1296,0x0000017e,20,62,0x00000000,905
1297,0x0000017e,20,62,0x00000000,825
1298,0x0000017e,20,62,0x00000000,845
1299,0x0000017e,20,62,0x00000000,1680
1300,0x0000017e,20,62,0x00000000,1302
1301,0x0000017e,20,62,0x00000000,1233
1302,0x0000017e,20,62,0x00000000,885
1303,0x0000017e,20,62,0x00000000,865
1304,0x0000017e,20,62,0x00000000,885
1305,0x0000017e,20,62,0x00000000,845
1306,0x0000017e,20,62,0x00000000,874
1307,0x0000017e,20,62,0x00000000,1113
1308,0x0000017b,12,44,0x00000000,7126
1309,0x00000158,105,3479,0x00000000,337693
1310,0x00000165,14,10,0x00000000,2196
1311,0x00000165,14,10,0x00000000,1879
1312,0x00000145,12,10,0x00000000,85746012
1313,0x00000144,12,10,0x00000100,1978
1314,0x00000143,11,10,0x00000000,8030
1315,0x0000017a,22,83,0x00000000,1212
1316,0x0000017a,22,27,0x00000000,885
1317,0x00000131,89,1392,0x00000000,31704
1318,0x00000131,88,2127,0x00000000,31545
1319,0x0000017b,12,44,0x00000000,6291
1320,0x00000168,84,1170,0x00000000,62970
1321,0x00000176,59,48,0x00000000,4502
1322,0x00000151,41,29,0x00000000,3886
1323,0x00000147,1296,122,0x00000000,94973
1324,0x0000017e,20,62,0x00000000,994
1325,0x0000017e,20,62,0x00000000,875
1326,0x0000017e,20,62,0x00000000,865
1327,0x0000017e,20,62,0x00000000,2087
1328,0x0000017e,20,62,0x00000000,1073
1329,0x0000017e,20,62,0x00000000,2505
1330,0x0000017e,20,62,0x00000000,1123
1331,0x0000017e,20,62,0x00000000,1063
1332,0x0000017e,20,62,0x00000000,845
1333,0x0000017e,20,62,0x00000000,875
1334,0x0000017e,20,62,0x00000000,875
1335,0x0000017e,20,62,0x00000000,1232
1336,0x0000017e,20,62,0x00000000,994
1337,0x0000017e,20,62,0x00000000,994
1338,0x0000017e,20,62,0x00000000,934
1339,0x0000017e,20,62,0x00000000,835
1340,0x0000017b,12,44,0x00000000,4910
1341,0x00000158,105,3479,0x00000000,356358
1342,0x00000165,14,10,0x00000000,4811
1343,0x00000165,14,10,0x00000000,3747
1344,0x00000145,12,10,0x00000000,82460526
1345,0x00000144,12,10,0x00000100,1392
1346,0x00000143,11,10,0x00000000,7076
1347,0x0000017a,22,83,0x00000000,1152
1348,0x0000017a,22,27,0x00000000,666
1349,0x00000131,89,1392,0x00000000,26436
1350,0x00000131,88,2127,0x00000000,28961
1351,0x0000017b,12,44,0x00000000,3538
1352,0x00000168,84,1170,0x00000000,60476
1353,0x00000176,59,48,0x00000000,7822
1354,0x00000151,41,29,0x00000000,4472
1355,0x00000147,1296,122,0x00000000,92667
1356,0x0000017e,20,62,0x00000000,1202
1357,0x0000017e,20,62,0x00000000,1342
1358,0x0000017e,20,62,0x00000000,1093
1359,0x0000017e,20,62,0x00000000,924
1360,0x0000017e,20,62,0x00000000,1630
1361,0x0000017e,20,62,0x00000000,955
1362,0x0000017e,20,62,0x00000000,845
1363,0x0000017e,20,62,0x00000000,1064
1364,0x0000017e,20,62,0x00000000,894
1365,0x0000017e,20,62,0x00000000,865
1366,0x0000017e,20,62,0x00000000,844
1367,0x0000017e,20,62,0x00000000,984
1368,0x0000017e,20,62,0x00000000,1680
1369,0x0000017e,20,62,0x00000000,944
1370,0x0000017e,20,62,0x00000000,1163
1371,0x0000017e,20,62,0x00000000,845
1372,0x0000017b,12,44,0x00000000,5844
1373,0x00000158,105,3479,0x00000000,316514
1374,0x00000165,14,10,0x00000000,2207
1375,0x00000165,14,10,0x00000000,2296
1376,0x00000145,12,10,0x00000000,90424999
1377,0x00000144,12,10,0x00000100,1511
1378,0x00000143,11,10,0x00000000,5943
1379,0x0000017a,22,83,0x00000000,835
1380,0x0000017a,22,27,0x00000000,915
1381,0x00000131,89,1392,0x00000000,26605
1382,0x00000131,88,2127,0x00000000,23047
1383,0x0000017b,12,44,0x00000000,3618
1384,0x00000168,84,1170,0x00000000,60089
1385,0x00000176,59,48,0x00000000,3578
1386,0x00000151,41,29,0x00000000,3518
1387,0x00000147,1296,122,0x00000000,93194
1388,0x0000017e,20,62,0x00000000,1172
1389,0x0000017e,20,62,0x00000000,1302
1390,0x0000017e,20,62,0x00000000,905
1391,0x0000017e,20,62,0x00000000,825
1392,0x0000017e,20,62,0x00000000,845
1393,0x0000017e,20,62,0x00000000,854
1394,0x0000017e,20,62,0x00000000,1511
1395,0x0000017e,20,62,0x00000000,1431
1396,0x0000017e,20,62,0x00000000,924
1397,0x0000017e,20,62,0x00000000,974
1398,0x0000017e,20,62,0x00000000,815
1399,0x0000017e,20,62,0x00000000,954
1400,0x0000017e,20,62,0x00000000,1103
1401,0x0000017e,20,62,0x00000000,1113
1402,0x0000017e,20,62,0x00000000,2315
1403,0x0000017e,20,62,0x00000000,1282
1404,0x0000017b,12,44,0x00000000,5437
1405,0x00000158,105,3479,0x00000000,256654
1406,0x00000165,14,10,0x00000000,2077
1407,0x00000165,14,10,0x00000000,2832
1408,0x00000145,12,10,0x00000000,87933961
1409,0x00000144,12,10,0x00000100,1530
1410,0x00000143,11,10,0x00000000,8090
1411,0x0000017a,22,83,0x00000000,1928
1412,0x0000017a,22,27,0x00000000,1113
1413,0x00000131,89,1392,0x00000000,34090
1414,0x00000131,88,2127,0x00000000,24548
1415,0x0000017b,12,44,0x00000000,3697
1416,0x00000168,84,1170,0x00000000,64918
1417,0x00000176,59,48,0x00000000,4581
1418,0x00000151,41,29,0x00000000,5019
1419,0x00000147,1296,122,0x00000000,102009
1420,0x0000017e,20,62,0x00000000,1103
1421,0x0000017e,20,62,0x00000000,1391
1422,0x0000017e,20,62,0x00000000,2535
1423,0x0000017e,20,62,0x00000000,1570
1424,0x0000017e,20,62,0x00000000,1391
1425,0x0000017e,20,62,0x00000000,1421
1426,0x0000017e,20,62,0x00000000,994
1427,0x0000017e,20,62,0x00000000,1084
1428,0x0000017e,20,62,0x00000000,1520
1429,0x0000017e,20,62,0x00000000,1172
1430,0x0000017e,20,62,0x00000000,1233
1431,0x0000017e,20,62,0x00000000,1113
1432,0x0000017e,20,62,0x00000000,3380
1433,0x0000017e,20,62,0x00000000,2813
1434,0x0000017e,20,62,0x00000000,2803
1435,0x0000017e,20,62,0x00000000,2534
1436,0x0000017b,12,44,0x00000000,6679
1437,0x00000158,105,3479,0x00000000,336649
1438,0x00000165,14,10,0x00000000,4770
1439,0x00000165,14,10,0x00000000,4005
1440,0x00000145,12,10,0x00000000,96958879
1441,0x00000144,12,10,0x00000100,1491
1442,0x00000143,11,10,0x00000000,6101
1443,0x0000017a,22,83,0x00000000,696
1444,0x0000017a,22,27,0x00000000,1083
1445,0x00000131,89,1392,0x00000000,26949
1446,0x00000131,88,2127,0x00000000,31182
1447,0x0000017b,12,44,0x00000000,5893
1448,0x00000168,84,1170,0x00000000,71498
1449,0x00000176,59,48,0x00000000,7642
1450,0x00000151,41,29,0x00000000,6548
1451,0x00000147,1296,122,0x00000000,104300
1452,0x0000017e,20,62,0x00000000,1083
1453,0x0000017e,20,62,0x00000000,1331
1454,0x0000017e,20,62,0x00000000,1421
1455,0x0000017e,20,62,0x00000000,1918
1456,0x0000017e,20,62,0x00000000,2345
1457,0x0000017e,20,62,0x00000000,2475
1458,0x0000017e,20,62,0x00000000,1977
1459,0x0000017e,20,62,0x00000000,3398
1460,0x0000017e,20,62,0x00000000,2534
1461,0x0000017e,20,62,0x00000000,924
1462,0x0000017e,20,62,0x00000000,983
1463,0x0000017e,20,62,0x00000000,2375
1464,0x0000017e,20,62,0x00000000,2226
1465,0x0000017e,20,62,0x00000000,3020
1466,0x0000017e,20,62,0x00000000,3279
1467,0x0000017e,20,62,0x00000000,2166
1468,0x0000017b,12,44,0x00000000,7969
1469,0x00000158,105,3479,0x00000000,369412
1470,0x00000165,14,10,0x00000000,3508
1471,0x00000165,14,10,0x00000000,2981
1472,0x00000145,12,10,0x00000000,93116986
1473,0x00000144,12,10,0x00000100,2017
1474,0x00000143,11,10,0x00000000,9331
1475,0x0000017a,22,83,0x00000000,1182
1476,0x0000017a,22,27,0x00000000,2226
1477,0x00000131,89,1392,0x00000000,29801
1478,0x00000131,88,2127,0x00000000,33230
1479,0x0000017b,12,44,0x00000000,6717
1480,0x00000168,84,1170,0x00000000,83273
1481,0x00000176,59,48,0x00000000,8109
1482,0x00000151,41,29,0x00000000,4273
1483,0x00000147,1296,122,0x00000000,104777
1484,0x0000017e,20,62,0x00000000,1361
1485,0x0000017e,20,62,0x00000000,524610
1486,0x0000017e,20,62,0x00000000,2524
1487,0x0000017e,20,62,0x00000000,1083
1488,0x0000017e,20,62,0x00000000,3289
1489,0x0000017e,20,62,0x00000000,1202
1490,0x0000017e,20,62,0x00000000,2315
1491,0x0000017e,20,62,0x00000000,1988
1492,0x0000017e,20,62,0x00000000,1600
1493,0x0000017e,20,62,0x00000000,1798
1494,0x0000017e,20,62,0x00000000,1173
1495,0x0000017e,20,62,0x00000000,904
1496,0x0000017e,20,62,0x00000000,1192
1497,0x0000017e,20,62,0x00000000,1441
1498,0x0000017e,20,62,0x00000000,2106
1499,0x0000017e,20,62,0x00000000,1033
1500,0x0000017b,12,44,0x00000000,5843
1501,0x00000158,105,3479,0x00000000,238620
1502,0x00000165,14,10,0x00000000,3040
1503,0x00000165,14,10,0x00000000,3070
1504,0x00000145,12,10,0x00000000,91962005
1505,0x00000144,12,10,0x00000100,1471
1506,0x00000143,11,10,0x00000000,7324
1507,0x0000017a,22,83,0x00000000,1034
1508,0x0000017a,22,27,0x00000000,934
1509,0x00000131,89,1392,0x00000000,26672
1510,0x00000131,88,2127,0x00000000,25082
1511,0x0000017b,12,44,0x00000000,4253
1512,0x00000168,84,1170,0x00000000,66221
1513,0x00000176,59,48,0x00000000,4452
1514,0x00000151,41,29,0x00000000,3697
1515,0x00000147,1296,122,0x00000000,126112
1516,0x0000017e,20,62,0x00000000,1491
1517,0x0000017e,20,62,0x00000000,835
1518,0x0000017e,20,62,0x00000000,1143
1519,0x0000017e,20,62,0x00000000,1053
1520,0x0000017e,20,62,0x00000000,1282
1521,0x0000017e,20,62,0x00000000,1133
1522,0x0000017e,20,62,0x00000000,993
1523,0x0000017e,20,62,0x00000000,1033
1524,0x0000017e,20,62,0x00000000,2127
1525,0x0000017e,20,62,0x00000000,1938
1526,0x0000017e,20,62,0x00000000,1997
1527,0x0000017e,20,62,0x00000000,895
1528,0x0000017e,20,62,0x00000000,1977
1529,0x0000017e,20,62,0x00000000,914
1530,0x0000017e,20,62,0x00000000,825
1531,0x0000017e,20,62,0x00000000,973
1532,0x0000017b,12,44,0x00000000,4839
1533,0x00000158,105,3479,0x00000000,263662
1534,0x00000165,14,10,0x00000000,2196
1535,0x00000165,14,10,0x00000000,3686
1536,0x00000145,12,10,0x00000000,86081068
1537,0x00000144,12,10,0x00000100,1987
1538,0x00000143,11,10,0x00000000,8715
1539,0x0000017a,22,83,0x00000000,1222
1540,0x0000017a,22,27,0x00000000,954
1541,0x00000131,89,1392,0x00000000,26373
1542,0x00000131,88,2127,0x00000000,23153
1543,0x0000017b,12,44,0x00000000,2832
1544,0x00000168,84,1170,0x00000000,63528
1545,0x00000176,59,48,0x00000000,4611
1546,0x00000151,41,29,0x00000000,4034
1547,0x00000147,1296,122,0x00000000,93190
1548,0x0000017e,20,62,0x00000000,1003
1549,0x0000017e,20,62,0x00000000,1640
1550,0x0000017e,20,62,0x00000000,1064
1551,0x0000017e,20,62,0x00000000,855
1552,0x0000017e,20,62,0x00000000,2266
1553,0x0000017e,20,62,0x00000000,1332
1554,0x0000017e,20,62,0x00000000,1153
1555,0x0000017e,20,62,0x00000000,1292
1556,0x0000017e,20,62,0x00000000,895
1557,0x0000017e,20,62,0x00000000,845
1558,0x0000017e,20,62,0x00000000,1064
1559,0x0000017e,20,62,0x00000000,1570
1560,0x0000017e,20,62,0x00000000,954
1561,0x0000017e,20,62,0x00000000,1233
1562,0x0000017e,20,62,0x00000000,993
1563,0x0000017e,20,62,0x00000000,1291
1564,0x0000017b,12,44,0x00000000,6320
1565,0x00000158,105,3479,0x00000000,294825
1566,0x00000165,14,10,0x00000000,3766
1567,0x00000165,14,10,0x00000000,2673
1568,0x00000145,12,10,0x00000000,95607467
1569,0x00000144,12,10,0x00000100,1918
1570,0x00000143,11,10,0x00000000,9291
1571,0x0000017a,22,83,0x00000000,2276
1572,0x0000017a,22,27,0x00000000,984
1573,0x00000131,89,1392,0x00000000,27645
1574,0x00000131,88,2127,0x00000000,31351
1575,0x0000017b,12,44,0x00000000,5644
1576,0x00000168,84,1170,0x00000000,65307
1577,0x00000176,59,48,0x00000000,9688
1578,0x00000151,41,29,0x00000000,52239
1579,0x00000147,1296,122,0x00000000,108155
1580,0x0000017e,20,62,0x00000000,1123
1581,0x0000017e,20,62,0x00000000,2236
1582,0x0000017e,20,62,0x00000000,2166
1583,0x0000017e,20,62,0x00000000,1988
1584,0x0000017e,20,62,0x00000000,1272
1585,0x0000017e,20,62,0x00000000,1898
1586,0x0000017e,20,62,0x00000000,1679
1587,0x0000017e,20,62,0x00000000,2951
1588,0x0000017e,20,62,0x00000000,1888
1589,0x0000017e,20,62,0x00000000,894
1590,0x0000017e,20,62,0x00000000,1431
1591,0x0000017e,20,62,0x00000000,1858
1592,0x0000017e,20,62,0x00000000,1461
1593,0x0000017e,20,62,0x00000000,1640
1594,0x0000017e,20,62,0x00000000,1392
1595,0x0000017e,20,62,0x00000000,1868
1596,0x0000017b,12,44,0x00000000,6061
1597,0x00000158,105,3479,0x00000000,356216
1598,0x00000165,14,10,0x00000000,1798
1599,0x00000165,14,10,0x00000000,4462
1600,0x00000145,12,10,0x00000000,82163806
1601,0x00000144,12,10,0x00000100,1142
1602,0x00000143,11,10,0x00000000,5495
1603,0x0000017a,22,83,0x00000000,795
1604,0x0000017a,22,27,0x00000000,974
1605,0x00000131,89,1392,0x00000000,26890
1606,0x00000131,88,2127,0x00000000,22706
1607,0x0000017b,12,44,0x00000000,2723
1608,0x00000168,84,1170,0x00000000,59325
1609,0x00000176,59,48,0x00000000,4889
1610,0x00000151,41,29,0x00000000,4114
1611,0x00000147,1296,122,0x00000000,103655
1612,0x0000017e,20,62,0x00000000,1004
1613,0x0000017e,20,62,0x00000000,1073
1614,0x0000017e,20,62,0x00000000,2762
1615,0x0000017e,20,62,0x00000000,2663
1616,0x0000017e,20,62,0x00000000,1193
1617,0x0000017e,20,62,0x00000000,844
1618,0x0000017e,20,62,0x00000000,864
1619,0x0000017e,20,62,0x00000000,944
1620,0x0000017e,20,62,0x00000000,1063
1621,0x0000017e,20,62,0x00000000,845
1622,0x0000017e,20,62,0x00000000,805
1623,0x0000017e,20,62,0x00000000,964
1624,0x0000017e,20,62,0x00000000,1153
1625,0x0000017e,20,62,0x00000000,1938
1626,0x0000017e,20,62,0x00000000,954
1627,0x0000017e,20,62,0x00000000,884
1628,0x0000017b,12,44,0x00000000,4661
1629,0x00000158,105,3479,0x00000000,231167
1630,0x00000165,14,10,0x00000000,2235
1631,0x00000165,14,10,0x00000000,1689
1632,0x00000145,12,10,0x00000000,85636772
1633,0x00000144,12,10,0x00000100,2186
1634,0x00000143,11,10,0x00000000,7333
1635,0x0000017a,22,83,0x00000000,1073
1636,0x0000017a,22,27,0x00000000,1898
1637,0x00000131,89,1392,0x00000000,28132
1638,0x00000131,88,2127,0x00000000,24087
1639,0x0000017b,12,44,0x00000000,6071
1640,0x00000168,84,1170,0x00000000,64304
1641,0x00000176,59,48,0x00000000,5982
1642,0x00000151,41,29,0x00000000,7562
1643,0x00000147,1296,122,0x00000000,103316
1644,0x0000017e,20,62,0x00000000,2028
1645,0x0000017e,20,62,0x00000000,1839
1646,0x0000017e,20,62,0x00000000,1213
1647,0x0000017e,20,62,0x00000000,3001
1648,0x0000017e,20,62,0x00000000,1530
1649,0x0000017e,20,62,0x00000000,1033
1650,0x0000017e,20,62,0x00000000,1510
1651,0x0000017e,20,62,0x00000000,1967
1652,0x0000017e,20,62,0x00000000,2832
1653,0x0000017e,20,62,0x00000000,1192
1654,0x0000017e,20,62,0x00000000,2286
1655,0x0000017e,20,62,0x00000000,1511
1656,0x0000017e,20,62,0x00000000,1202
1657,0x0000017e,20,62,0x00000000,2653
1658,0x0000017e,20,62,0x00000000,1799
1659,0x0000017e,20,62,0x00000000,1997
1660,0x0000017b,12,44,0x00000000,6340
1661,0x00000158,105,3479,0x00000000,265719
1662,0x00000165,14,10,0x00000000,4223
1663,0x00000165,14,10,0x00000000,2246
1664,0x00000145,12,10,0x00000000,80765503
1665,0x00000144,12,10,0x00000100,1322
1666,0x00000143,11,10,0x00000000,5525
1667,0x0000017a,22,83,0x00000000,1690
1668,0x0000017a,22,27,0x00000000,656
1669,0x00000131,89,1392,0x00000000,26323
1670,0x00000131,88,2127,0x00000000,28460
1671,0x0000017b,12,44,0x00000000,3150
1672,0x00000168,84,1170,0x00000000,62365
1673,0x00000176,59,48,0x00000000,4153
1674,0x00000151,41,29,0x00000000,4184
1675,0x00000147,1296,122,0x00000000,92843
1676,0x0000017e,20,62,0x00000000,964
1677,0x0000017e,20,62,0x00000000,904
1678,0x0000017e,20,62,0x00000000,865
1679,0x0000017e,20,62,0x00000000,854
1680,0x0000017e,20,62,0x00000000,994
1681,0x0000017e,20,62,0x00000000,1322
1682,0x0000017e,20,62,0x00000000,874
1683,0x0000017e,20,62,0x00000000,1461
1684,0x0000017e,20,62,0x00000000,974
1685,0x0000017e,20,62,0x00000000,835
1686,0x0000017e,20,62,0x00000000,954
1687,0x0000017e,20,62,0x00000000,865
1688,0x0000017e,20,62,0x00000000,924
1689,0x0000017e,20,62,0x00000000,815
1690,0x0000017e,20,62,0x00000000,874
1691,0x0000017e,20,62,0x00000000,2395
1692,0x0000017b,12,44,0x00000000,5475
1693,0x00000158,105,3479,0x00000000,273420
1694,0x00000165,14,10,0x00000000,2027
1695,0x00000165,14,10,0x00000000,4114
1696,0x00000145,12,10,0x00000000,88407542
1697,0x00000144,12,10,0x00000100,1391
1698,0x00000143,11,10,0x00000000,5574
1699,0x0000017a,22,83,0x00000000,705
1700,0x0000017a,22,27,0x00000000,765
1701,0x00000131,89,1392,0x00000000,29042
1702,0x00000131,88,2127,0x00000000,24790
1703,0x0000017b,12,44,0x00000000,2921
1704,0x00000168,84,1170,0x00000000,61711
1705,0x00000176,59,48,0x00000000,4988
1706,0x00000151,41,29,0x00000000,3806
1707,0x00000147,1296,122,0x00000000,95076
1708,0x0000017e,20,62,0x00000000,943
1709,0x0000017e,20,62,0x00000000,1073
1710,0x0000017e,20,62,0x00000000,1093
1711,0x0000017e,20,62,0x00000000,1152
1712,0x0000017e,20,62,0x00000000,914
1713,0x0000017e,20,62,0x00000000,795
1714,0x0000017e,20,62,0x00000000,845
1715,0x0000017e,20,62,0x00000000,845
1716,0x0000017e,20,62,0x00000000,825
1717,0x0000017e,20,62,0x00000000,864
1718,0x0000017e,20,62,0x00000000,894
1719,0x0000017e,20,62,0x00000000,855
1720,0x0000017e,20,62,0x00000000,2494
1721,0x0000017e,20,62,0x00000000,1212
1722,0x0000017e,20,62,0x00000000,865
1723,0x0000017e,20,62,0x00000000,835
1724,0x0000017b,12,44,0x00000000,5435
1725,0x00000158,105,3479,0x00000000,710691
1726,0x00000165,14,10,0x00000000,1669
1727,0x00000165,14,10,0x00000000,1679
1728,0x00000145,12,10,0x00000000,76583345
1729,0x00000144,12,10,0x00000100,29887
1730,0x00000143,11,10,0x00000000,6767
1731,0x0000017a,22,83,0x00000000,745
1732,0x0000017a,22,27,0x00000000,1133
1733,0x00000131,89,1392,0x00000000,26171
1734,0x00000131,88,2127,0x00000000,28814
1735,0x0000017b,12,44,0x00000000,3428
1736,0x00000168,84,1170,0x00000000,68249
1737,0x00000176,59,48,0x00000000,4441
1738,0x00000151,41,29,0x00000000,4114
1739,0x00000147,1296,122,0x00000000,93506
1740,0x0000017e,20,62,0x00000000,914
1741,0x0000017e,20,62,0x00000000,815
1742,0x0000017e,20,62,0x00000000,845
1743,0x0000017e,20,62,0x00000000,835
1744,0x0000017e,20,62,0x00000000,855
1745,0x0000017e,20,62,0x00000000,854
1746,0x0000017e,20,62,0x00000000,845
1747,0x0000017e,20,62,0x00000000,825
1748,0x0000017e,20,62,0x00000000,825
1749,0x0000017e,20,62,0x00000000,864
1750,0x0000017e,20,62,0x00000000,834
1751,0x0000017e,20,62,0x00000000,855
1752,0x0000017e,20,62,0x00000000,835
1753,0x0000017e,20,62,0x00000000,924
1754,0x0000017e,20,62,0x00000000,2017
1755,0x0000017e,20,62,0x00000000,2216
1756,0x0000017b,12,44,0x00000000,5365
1757,0x00000158,105,3479,0x00000000,263250
1758,0x00000165,14,10,0x00000000,2295
1759,0x00000165,14,10,0x00000000,1600
1760,0x00000145,12,10,0x00000000,76399373
1761,0x00000144,12,10,0x00000100,1262
1762,0x00000143,11,10,0x00000000,7720
1763,0x0000017a,22,83,0x00000000,1342
1764,0x0000017a,22,27,0x00000000,745
1765,0x00000131,89,1392,0x00000000,26191
1766,0x00000131,88,2127,0x00000000,23032
1767,0x0000017b,12,44,0x00000000,2772
1768,0x00000168,84,1170,0x00000000,61771
1769,0x00000176,59,48,0x00000000,3826
1770,0x00000151,41,29,0x00000000,3150
1771,0x00000147,1296,122,0x00000000,86332
1772,0x0000017e,20,62,0x00000000,1023
1773,0x0000017e,20,62,0x00000000,924
1774,0x0000017e,20,62,0x00000000,825
1775,0x0000017e,20,62,0x00000000,844
1776,0x0000017e,20,62,0x00000000,2245
1777,0x0000017e,20,62,0x00000000,1302
1778,0x0000017e,20,62,0x00000000,814
1779,0x0000017e,20,62,0x00000000,904
1780,0x0000017e,20,62,0x00000000,824
1781,0x0000017e,20,62,0x00000000,834
1782,0x0000017e,20,62,0x00000000,845
1783,0x0000017e,20,62,0x00000000,844
1784,0x0000017e,20,62,0x00000000,825
1785,0x0000017e,20,62,0x00000000,844
1786,0x0000017e,20,62,0x00000000,1083
1787,0x0000017e,20,62,0x00000000,895
1788,0x0000017b,12,44,0x00000000,4988
1789,0x00000158,105,3479,0x00000000,724223
1790,0x00000165,14,10,0x00000000,1699
1791,0x00000165,14,10,0x00000000,1580
1792,0x00000145,12,10,0x00000000,81142316
1793,0x00000144,12,10,0x00000100,2763
1794,0x00000143,11,10,0x00000000,7104
1795,0x0000017a,22,83,0x00000000,656
1796,0x0000017a,22,27,0x00000000,665
1797,0x00000131,89,1392,0x00000000,25257
1798,0x00000131,88,2127,0x00000000,24402
1799,0x0000017b,12,44,0x00000000,4064
1800,0x00000168,84,1170,0x00000000,61195
1801,0x00000176,59,48,0x00000000,3954
1802,0x00000151,41,29,0x00000000,3527
1803,0x00000147,1296,122,0x00000000,92652
1804,0x0000017e,20,62,0x00000000,1013
1805,0x0000017e,20,62,0x00000000,875
1806,0x0000017e,20,62,0x00000000,815
1807,0x0000017e,20,62,0x00000000,835
1808,0x0000017e,20,62,0x00000000,825
1809,0x0000017e,20,62,0x00000000,805
1810,0x0000017e,20,62,0x00000000,845
1811,0x0000017e,20,62,0x00000000,834
1812,0x0000017e,20,62,0x00000000,1162
1813,0x0000017e,20,62,0x00000000,835
1814,0x0000017e,20,62,0x00000000,1024
1815,0x0000017e,20,62,0x00000000,854
1816,0x0000017e,20,62,0x00000000,825
1817,0x0000017e,20,62,0x00000000,835
1818,0x0000017e,20,62,0x00000000,845
1819,0x0000017e,20,62,0x00000000,854
1820,0x0000017b,12,44,0x00000000,4730
1821,0x00000158,105,3479,0x00000000,290693
1822,0x00000165,14,10,0x00000000,1699
1823,0x00000165,14,10,0x00000000,1590
1824,0x00000145,12,10,0x00000000,78545376
1825,0x00000144,12,10,0x00000100,1291
1826,0x00000143,11,10,0x00000000,5713
1827,0x0000017a,22,83,0x00000000,825
1828,0x0000017a,22,27,0x00000000,656
1829,0x00000131,89,1392,0x00000000,26002
1830,0x00000131,88,2127,0x00000000,23339
1831,0x0000017b,12,44,0x00000000,2435
1832,0x00000168,84,1170,0x00000000,60460
1833,0x00000176,59,48,0x00000000,4551
1834,0x00000151,41,29,0x00000000,3159
1835,0x00000147,1296,122,0x00000000,108887
1836,0x0000017e,20,62,0x00000000,944
1837,0x0000017e,20,62,0x00000000,855
1838,0x0000017e,20,62,0x00000000,1043
1839,0x0000017e,20,62,0x00000000,924
1840,0x0000017e,20,62,0x00000000,845
1841,0x0000017e,20,62,0x00000000,805
1842,0x0000017e,20,62,0x00000000,825
1843,0x0000017e,20,62,0x00000000,2414
1844,0x0000017e,20,62,0x00000000,1093
1845,0x0000017e,20,62,0x00000000,904
1846,0x0000017e,20,62,0x00000000,854
1847,0x0000017e,20,62,0x00000000,835
1848,0x0000017e,20,62,0x00000000,845
1849,0x0000017e,20,62,0x00000000,854
1850,0x0000017e,20,62,0x00000000,994
1851,0x0000017e,20,62,0x00000000,924
1852,0x0000017b,12,44,0x00000000,5464
1853,0x00000158,105,3479,0x00000000,231784
1854,0x00000165,14,10,0x00000000,1739
1855,0x00000165,14,10,0x00000000,1898
1856,0x00000145,12,10,0x00000000,74898008
1857,0x00000144,12,10,0x00000100,993
1858,0x00000143,11,10,0x00000000,5038
1859,0x0000017a,22,83,0x00000000,696
1860,0x0000017a,22,27,0x00000000,646
1861,0x00000131,89,1392,0x00000000,25197
1862,0x00000131,88,2127,0x00000000,22743
1863,0x0000017b,12,44,0x00000000,2573
1864,0x00000168,84,1170,0x00000000,101962
1865,0x00000176,59,48,0x00000000,3428
1866,0x00000151,41,29,0x00000000,3408
1867,0x00000147,1296,122,0x00000000,87456
1868,0x0000017e,20,62,0x00000000,964
1869,0x0000017e,20,62,0x00000000,1113
1870,0x0000017e,20,62,0x00000000,835
1871,0x0000017e,20,62,0x00000000,854
1872,0x0000017e,20,62,0x00000000,864
1873,0x0000017e,20,62,0x00000000,864
1874,0x0000017e,20,62,0x00000000,864
1875,0x0000017e,20,62,0x00000000,874
1876,0x0000017e,20,62,0x00000000,825
1877,0x0000017e,20,62,0x00000000,864
1878,0x0000017e,20,62,0x00000000,824
1879,0x0000017e,20,62,0x00000000,815
1880,0x0000017e,20,62,0x00000000,1083
1881,0x0000017e,20,62,0x00000000,885
1882,0x0000017e,20,62,0x00000000,865
1883,0x0000017e,20,62,0x00000000,815
1884,0x0000017b,12,44,0x00000000,4154
1885,0x00000158,105,3479,0x00000000,375813
1886,0x00000165,14,10,0x00000000,2166
1887,0x00000165,14,10,0x00000000,4173
1888,0x00000145,12,10,0x00000000,74115540
1889,0x00000144,12,10,0x00000100,1252
1890,0x00000143,11,10,0x00000000,4799
1891,0x0000017a,22,83,0x00000000,695
1892,0x0000017a,22,27,0x00000000,666
1893,0x00000131,89,1392,0x00000000,24054
1894,0x00000131,88,2127,0x00000000,27780
1895,0x0000017b,12,44,0x00000000,3448
1896,0x00000168,84,1170,0x00000000,60847
1897,0x00000176,59,48,0x00000000,3984
1898,0x00000151,41,29,0x00000000,3418
1899,0x00000147,1296,122,0x00000000,99071
1900,0x0000017e,20,62,0x00000000,874
1901,0x0000017e,20,62,0x00000000,815
1902,0x0000017e,20,62,0x00000000,825
1903,0x0000017e,20,62,0x00000000,844
1904,0x0000017e,20,62,0x00000000,805
1905,0x0000017e,20,62,0x00000000,814
1906,0x0000017e,20,62,0x00000000,905
1907,0x0000017e,20,62,0x00000000,865
1908,0x0000017e,20,62,0x00000000,854
1909,0x0000017e,20,62,0x00000000,874
1910,0x0000017e,20,62,0x00000000,874
1911,0x0000017e,20,62,0x00000000,824
1912,0x0000017e,20,62,0x00000000,1172
1913,0x0000017e,20,62,0x00000000,854
1914,0x0000017e,20,62,0x00000000,865
1915,0x0000017e,20,62,0x00000000,795
1916,0x0000017b,12,44,0x00000000,4302
1917,0x00000158,105,3479,0x00000000,308190
1918,0x00000165,14,10,0x00000000,1719
1919,0x00000165,14,10,0x00000000,1779
1920,0x00000145,12,10,0x00000000,75209506
1921,0x00000144,12,10,0x00000100,1212
1922,0x00000143,11,10,0x00000000,4471
1923,0x0000017a,22,83,0x00000000,1034
1924,0x0000017a,22,27,0x00000000,666
1925,0x00000131,89,1392,0x00000000,23697
1926,0x00000131,88,2127,0x00000000,37339
1927,0x0000017b,12,44,0x00000000,2623
1928,0x00000168,84,1170,0x00000000,59456
1929,0x00000176,59,48,0x00000000,3537
1930,0x00000151,41,29,0x00000000,3189
1931,0x00000147,1296,122,0x00000000,86919
1932,0x0000017e,20,62,0x00000000,1133
1933,0x0000017e,20,62,0x00000000,835
1934,0x0000017e,20,62,0x00000000,825
1935,0x0000017e,20,62,0x00000000,815
1936,0x0000017e,20,62,0x00000000,845
1937,0x0000017e,20,62,0x00000000,824
1938,0x0000017e,20,62,0x00000000,844
1939,0x0000017e,20,62,0x00000000,854
1940,0x0000017e,20,62,0x00000000,805
1941,0x0000017e,20,62,0x00000000,934
1942,0x0000017e,20,62,0x00000000,2613
1943,0x0000017e,20,62,0x00000000,1013
1944,0x0000017e,20,62,0x00000000,864
1945,0x0000017e,20,62,0x00000000,904
1946,0x0000017e,20,62,0x00000000,2623
1947,0x0000017e,20,62,0x00000000,1679
1948,0x0000017b,12,44,0x00000000,5028
1949,0x00000158,105,3479,0x00000000,226895
1950,0x00000165,14,10,0x00000000,1868
1951,0x00000165,14,10,0x00000000,1600
1952,0x00000145,12,10,0x00000000,72141934
1953,0x00000144,12,10,0x00000100,1441
1954,0x00000143,11,10,0x00000000,5773
1955,0x0000017a,22,83,0x00000000,795
1956,0x0000017a,22,27,0x00000000,656
1957,0x00000131,89,1392,0x00000000,25068
1958,0x00000131,88,2127,0x00000000,22624
1959,0x0000017b,12,44,0x00000000,2444
1960,0x00000168,84,1170,0x00000000,58601
1961,0x00000176,59,48,0x00000000,3537
1962,0x00000151,41,29,0x00000000,3299
1963,0x00000147,1296,122,0x00000000,88091
1964,0x0000017e,20,62,0x00000000,1083
1965,0x0000017e,20,62,0x00000000,864
1966,0x0000017e,20,62,0x00000000,845
1967,0x0000017e,20,62,0x00000000,855
1968,0x0000017e,20,62,0x00000000,834
1969,0x0000017e,20,62,0x00000000,874
1970,0x0000017e,20,62,0x00000000,834
1971,0x0000017e,20,62,0x00000000,1023
1972,0x0000017e,20,62,0x00000000,1152
1973,0x0000017e,20,62,0x00000000,974
1974,0x0000017e,20,62,0x00000000,844
1975,0x0000017e,20,62,0x00000000,864
1976,0x0000017e,20,62,0x00000000,874
1977,0x0000017e,20,62,0x00000000,854
1978,0x0000017e,20,62,0x00000000,864
1979,0x0000017e,20,62,0x00000000,845
1980,0x0000017b,12,44,0x00000000,3915
1981,0x00000158,105,3479,0x00000000,257468
1982,0x00000165,14,10,0x00000000,1719
1983,0x00000165,14,10,0x00000000,1590
1984,0x00000145,12,10,0x00000000,77195377
1985,0x00000144,12,10,0x00000100,994
1986,0x00000143,11,10,0x00000000,4401
1987,0x0000017a,22,83,0x00000000,675
1988,0x0000017a,22,27,0x00000000,2086
1989,0x00000131,89,1392,0x00000000,24798
1990,0x00000131,88,2127,0x00000000,22760
1991,0x0000017b,12,44,0x00000000,2434
1992,0x00000168,84,1170,0x00000000,64088
1993,0x00000176,59,48,0x00000000,4441
1994,0x00000151,41,29,0x00000000,3597
1995,0x00000147,1296,122,0x00000000,92830
1996,0x0000017e,20,62,0x00000000,954
1997,0x0000017e,20,62,0x00000000,844
1998,0x0000017e,20,62,0x00000000,845
1999,0x0000017e,20,62,0x00000000,1043
2000,0x0000017e,20,62,0x00000000,2275
2001,0x0000017e,20,62,0x00000000,1082
2002,0x0000017e,20,62,0x00000000,854
2003,0x0000017e,20,62,0x00000000,855
2004,0x0000017e,20,62,0x00000000,1202
2005,0x0000017e,20,62,0x00000000,864
2006,0x0000017e,20,62,0x00000000,835
2007,0x0000017e,20,62,0x00000000,855
2008,0x0000017e,20,62,0x00000000,854
2009,0x0000017e,20,62,0x00000000,864
2010,0x0000017e,20,62,0x00000000,845
2011,0x0000017e,20,62,0x00000000,824
2012,0x0000017b,12,44,0x00000000,4401
2013,0x00000158,105,3479,0x00000000,324120
2014,0x00000165,14,10,0x00000000,1719
2015,0x00000165,14,10,0x00000000,1600
2016,0x00000145,12,10,0x00000000,71140551
2017,0x00000144,12,10,0x00000100,1579
2018,0x00000143,11,10,0x00000000,4779
2019,0x0000017a,22,83,0x00000000,835
2020,0x0000017a,22,27,0x00000000,705
2021,0x00000131,89,1392,0x00000000,25751
2022,0x00000131,88,2127,0x00000000,25860
2023,0x0000017b,12,44,0x00000000,3447
2024,0x00000168,84,1170,0x00000000,60076
2025,0x00000176,59,48,0x00000000,3815
2026,0x00000151,41,29,0x00000000,3606
2027,0x00000147,1296,122,0x00000000,90535
2028,0x0000017e,20,62,0x00000000,1024
2029,0x0000017e,20,62,0x00000000,854
2030,0x0000017e,20,62,0x00000000,845
2031,0x0000017e,20,62,0x00000000,854
2032,0x0000017e,20,62,0x00000000,864
2033,0x0000017e,20,62,0x00000000,2602
2034,0x0000017e,20,62,0x00000000,1351
2035,0x0000017e,20,62,0x00000000,1759
2036,0x0000017e,20,62,0x00000000,1461
2037,0x0000017e,20,62,0x00000000,963
2038,0x0000017e,20,62,0x00000000,964
2039,0x0000017e,20,62,0x00000000,815
2040,0x0000017e,20,62,0x00000000,835
2041,0x0000017e,20,62,0x00000000,844
2042,0x0000017e,20,62,0x00000000,1341
2043,0x0000017e,20,62,0x00000000,1878
2044,0x0000017b,12,44,0x00000000,6438
2045,0x00000158,105,3479,0x00000000,410264
2046,0x00000165,14,10,0x00000000,2802
2047,0x00000165,14,10,0x00000000,3686
2048,0x00000145,12,10,0x00000000,79205128
2049,0x00000144,12,10,0x00000100,1321
2050,0x00000143,11,10,0x00000000,5405
2051,0x0000017a,22,83,0x00000000,973
2052,0x0000017a,22,27,0x00000000,676
2053,0x00000131,89,1392,0x00000000,39650
2054,0x00000131,88,2127,0x00000000,22979
2055,0x0000017b,12,44,0x00000000,2633
2056,0x00000168,84,1170,0x00000000,59986
2057,0x00000176,59,48,0x00000000,3527
2058,0x00000151,41,29,0x00000000,3467
2059,0x00000147,1296,122,0x00000000,92632
2060,0x0000017e,20,62,0x00000000,1261
2061,0x0000017e,20,62,0x00000000,1083
2062,0x0000017e,20,62,0x00000000,844
2063,0x0000017e,20,62,0x00000000,845
2064,0x0000017e,20,62,0x00000000,845
2065,0x0000017e,20,62,0x00000000,854
2066,0x0000017e,20,62,0x00000000,854
2067,0x0000017e,20,62,0x00000000,845
2068,0x0000017e,20,62,0x00000000,795
2069,0x0000017e,20,62,0x00000000,864
2070,0x0000017e,20,62,0x00000000,943
2071,0x0000017e,20,62,0x00000000,855
2072,0x0000017e,20,62,0x00000000,844
2073,0x0000017e,20,62,0x00000000,855
2074,0x0000017e,20,62,0x00000000,854
2075,0x0000017e,20,62,0x00000000,854
2076,0x0000017b,12,44,0x00000000,4749
2077,0x00000158,105,3479,0x00000000,571654
2078,0x00000165,14,10,0x00000000,1818
2079,0x00000165,14,10,0x00000000,1749
2080,0x00000145,12,10,0x00000000,70777229
2081,0x00000144,12,10,0x00000100,1143
2082,0x00000143,11,10,0x00000000,4500
2083,0x0000017a,22,83,0x00000000,924
2084,0x0000017a,22,27,0x00000000,656
2085,0x00000131,89,1392,0x00000000,24747
2086,0x00000131,88,2127,0x00000000,24500
2087,0x0000017b,12,44,0x00000000,3288
2088,0x00000168,84,1170,0x00000000,61376
2089,0x00000176,59,48,0x00000000,4143
2090,0x00000151,41,29,0x00000000,3159
2091,0x00000147,1296,122,0x00000000,86939
2092,0x0000017e,20,62,0x00000000,1103
2093,0x0000017e,20,62,0x00000000,845
2094,0x0000017e,20,62,0x00000000,2195
2095,0x0000017e,20,62,0x00000000,1529
2096,0x0000017e,20,62,0x00000000,1212
2097,0x0000017e,20,62,0x00000000,914
2098,0x0000017e,20,62,0x00000000,844
2099,0x0000017e,20,62,0x00000000,914
2100,0x0000017e,20,62,0x00000000,1073
2101,0x0000017e,20,62,0x00000000,854
2102,0x0000017e,20,62,0x00000000,854
2103,0x0000017e,20,62,0x00000000,844
2104,0x0000017e,20,62,0x00000000,874
2105,0x0000017e,20,62,0x00000000,943
2106,0x0000017e,20,62,0x00000000,864
2107,0x0000017e,20,62,0x00000000,845
2108,0x0000017b,12,44,0x00000000,4778
2109,0x00000158,105,3479,0x00000000,344576
2110,0x00000165,14,10,0x00000000,1759
2111,0x00000165,14,10,0x00000000,1897
2112,0x00000145,12,10,0x00000000,76310610
2113,0x00000144,12,10,0x00000100,1083
2114,0x00000143,11,10,0x00000000,5146
2115,0x0000017a,22,83,0x00000000,736
2116,0x0000017a,22,27,0x00000000,705
2117,0x00000131,89,1392,0x00000000,25264
2118,0x00000131,88,2127,0x00000000,22770
2119,0x0000017b,12,44,0x00000000,2633
2120,0x00000168,84,1170,0x00000000,67635
2121,0x00000176,59,48,0x00000000,3944
2122,0x00000151,41,29,0x00000000,3735
2123,0x00000147,1296,122,0x00000000,89333
2124,0x0000017e,20,62,0x00000000,924
2125,0x0000017e,20,62,0x00000000,844
2126,0x0000017e,20,62,0x00000000,904
2127,0x0000017e,20,62,0x00000000,844
2128,0x0000017e,20,62,0x00000000,854
2129,0x0000017e,20,62,0x00000000,855
2130,0x0000017e,20,62,0x00000000,854
2131,0x0000017e,20,62,0x00000000,924
2132,0x0000017e,20,62,0x00000000,864
2133,0x0000017e,20,62,0x00000000,854
2134,0x0000017e,20,62,0x00000000,865
2135,0x0000017e,20,62,0x00000000,2295
2136,0x0000017e,20,62,0x00000000,934
2137,0x0000017e,20,62,0x00000000,1063
2138,0x0000017e,20,62,0x00000000,1302
2139,0x0000017e,20,62,0x00000000,1024
2140,0x0000017b,12,44,0x00000000,4858
2141,0x00000158,105,3479,0x00000000,432786
2142,0x00000165,14,10,0x00000000,2086
2143,0x00000165,14,10,0x00000000,1590
2144,0x00000145,12,10,0x00000000,71538049
2145,0x00000144,12,10,0x00000100,1878
2146,0x00000143,11,10,0x00000000,7660
2147,0x0000017a,22,83,0x00000000,1470
2148,0x0000017a,22,27,0x00000000,655
2149,0x00000131,89,1392,0x00000000,26745
2150,0x00000131,88,2127,0x00000000,28791
2151,0x0000017b,12,44,0x00000000,3695
2152,0x00000168,84,1170,0x00000000,60801
2153,0x00000176,59,48,0x00000000,3517
2154,0x00000151,41,29,0x00000000,3169
2155,0x00000147,1296,122,0x00000000,86492
2156,0x0000017e,20,62,0x00000000,924
2157,0x0000017e,20,62,0x00000000,844
2158,0x0000017e,20,62,0x00000000,854
2159,0x0000017e,20,62,0x00000000,854
2160,0x0000017e,20,62,0x00000000,1023
2161,0x0000017e,20,62,0x00000000,815
2162,0x0000017e,20,62,0x00000000,1033
2163,0x0000017e,20,62,0x00000000,954
2164,0x0000017e,20,62,0x00000000,884
2165,0x0000017e,20,62,0x00000000,874
2166,0x0000017e,20,62,0x00000000,855
2167,0x0000017e,20,62,0x00000000,854
2168,0x0000017e,20,62,0x00000000,865
2169,0x0000017e,20,62,0x00000000,865
2170,0x0000017e,20,62,0x00000000,845
2171,0x0000017e,20,62,0x00000000,854
2172,0x0000017b,12,44,0x00000000,4719
2173,0x00000158,105,3479,0x00000000,399784
2174,0x00000165,14,10,0x00000000,1729
2175,0x00000165,14,10,0x00000000,1600
2176,0x00000145,12,10,0x00000000,82203011
2177,0x00000144,12,10,0x00000100,1122
2178,0x00000143,11,10,0x00000000,4859
2179,0x0000017a,22,83,0x00000000,934
2180,0x0000017a,22,27,0x00000000,616
2181,0x00000131,89,1392,0x00000000,24440
2182,0x00000131,88,2127,0x00000000,30490
2183,0x0000017b,12,44,0x00000000,3487
2184,0x00000168,84,1170,0x00000000,70765
2185,0x00000176,59,48,0x00000000,4222
2186,0x00000151,41,29,0x00000000,3537
2187,0x00000147,1296,122,0x00000000,89929
2188,0x0000017e,20,62,0x00000000,944
2189,0x0000017e,20,62,0x00000000,854
2190,0x0000017e,20,62,0x00000000,844
2191,0x0000017e,20,62,0x00000000,794
2192,0x0000017e,20,62,0x00000000,795
2193,0x0000017e,20,62,0x00000000,844
2194,0x0000017e,20,62,0x00000000,885
2195,0x0000017e,20,62,0x00000000,865
2196,0x0000017e,20,62,0x00000000,845
2197,0x0000017e,20,62,0x00000000,874
2198,0x0000017e,20,62,0x00000000,855
2199,0x0000017e,20,62,0x00000000,854
2200,0x0000017e,20,62,0x00000000,825
2201,0x0000017e,20,62,0x00000000,845
2202,0x0000017e,20,62,0x00000000,904
2203,0x0000017e,20,62,0x00000000,1143
2204,0x0000017b,12,44,0x00000000,6278
2205,0x00000158,105,3479,0x00000000,559504
2206,0x00000165,14,10,0x00000000,2026
2207,0x00000165,14,10,0x00000000,1600
2208,0x00000145,12,10,0x00000000,74081418
2209,0x00000144,12,10,0x00000100,1063
2210,0x00000143,11,10,0x00000000,4421
2211,0x0000017a,22,83,0x00000000,854
2212,0x0000017a,22,27,0x00000000,665
2213,0x00000131,89,1392,0x00000000,24509
2214,0x00000131,88,2127,0x00000000,22790
2215,0x0000017b,12,44,0x00000000,2395
2216,0x00000168,84,1170,0x00000000,59211
2217,0x00000176,59,48,0x00000000,4789
2218,0x00000151,41,29,0x00000000,3984
2219,0x00000147,1296,122,0x00000000,89740
2220,0x0000017e,20,62,0x00000000,923
2221,0x0000017e,20,62,0x00000000,834
2222,0x0000017e,20,62,0x00000000,795
2223,0x0000017e,20,62,0x00000000,993
2224,0x0000017e,20,62,0x00000000,845
2225,0x0000017e,20,62,0x00000000,795
2226,0x0000017e,20,62,0x00000000,805
2227,0x0000017e,20,62,0x00000000,785
2228,0x0000017e,20,62,0x00000000,835
2229,0x0000017e,20,62,0x00000000,825
2230,0x0000017e,20,62,0x00000000,795
2231,0x0000017e,20,62,0x00000000,825
2232,0x0000017e,20,62,0x00000000,1004
2233,0x0000017e,20,62,0x00000000,865
2234,0x0000017e,20,62,0x00000000,815
2235,0x0000017e,20,62,0x00000000,984
2236,0x0000017b,12,44,0x00000000,5156
2237,0x00000158,105,3479,0x00000000,287490
2238,0x00000165,14,10,0x00000000,1719
2239,0x00000165,14,10,0x00000000,1659
2240,0x00000145,12,10,0x00000000,72604215
2241,0x00000144,12,10,0x00000100,1629
2242,0x00000143,11,10,0x00000000,7361
2243,0x0000017a,22,83,0x00000000,1729
2244,0x0000017a,22,27,0x00000000,1451
2245,0x00000131,89,1392,0x00000000,26993
2246,0x00000131,88,2127,0x00000000,22940
2247,0x0000017b,12,44,0x00000000,2712
2248,0x00000168,84,1170,0x00000000,59797
2249,0x00000176,59,48,0x00000000,4311
2250,0x00000151,41,29,0x00000000,3149
2251,0x00000147,1296,122,0x00000000,87793
2252,0x0000017e,20,62,0x00000000,914
2253,0x0000017e,20,62,0x00000000,844
2254,0x0000017e,20,62,0x00000000,864
2255,0x0000017e,20,62,0x00000000,834
2256,0x0000017e,20,62,0x00000000,834
2257,0x0000017e,20,62,0x00000000,805
2258,0x0000017e,20,62,0x00000000,884
2259,0x0000017e,20,62,0x00000000,825
2260,0x0000017e,20,62,0x00000000,815
2261,0x0000017e,20,62,0x00000000,815
2262,0x0000017e,20,62,0x00000000,884
2263,0x0000017e,20,62,0x00000000,844
2264,0x0000017e,20,62,0x00000000,884
2265,0x0000017e,20,62,0x00000000,875
2266,0x0000017e,20,62,0x00000000,885
2267,0x0000017e,20,62,0x00000000,865
2268,0x0000017b,12,44,0x00000000,3547
2269,0x00000158,105,3479,0x00000000,294866
2270,0x00000165,14,10,0x00000000,1808
2271,0x00000165,14,10,0x00000000,1550
2272,0x00000145,12,10,0x00000000,81427626
2273,0x00000144,12,10,0x00000100,1570
2274,0x00000143,11,10,0x00000000,5921
2275,0x0000017a,22,83,0x00000000,2017
2276,0x0000017a,22,27,0x00000000,666
2277,0x00000131,89,1392,0x00000000,27318
2278,0x00000131,88,2127,0x00000000,24298
2279,0x0000017b,12,44,0x00000000,3686
2280,0x00000168,84,1170,0x00000000,80126
2281,0x00000176,59,48,0x00000000,4351
2282,0x00000151,41,29,0x00000000,3983
2283,0x00000147,1296,122,0x00000000,99655
2284,0x0000017e,20,62,0x00000000,1341
2285,0x0000017e,20,62,0x00000000,855
2286,0x0000017e,20,62,0x00000000,834
2287,0x0000017e,20,62,0x00000000,854
2288,0x0000017e,20,62,0x00000000,784
2289,0x0000017e,20,62,0x00000000,1043
2290,0x0000017e,20,62,0x00000000,864
2291,0x0000017e,20,62,0x00000000,864
2292,0x0000017e,20,62,0x00000000,854
2293,0x0000017e,20,62,0x00000000,1033
2294,0x0000017e,20,62,0x00000000,874
2295,0x0000017e,20,62,0x00000000,854
2296,0x0000017e,20,62,0x00000000,824
2297,0x0000017e,20,62,0x00000000,2334
2298,0x0000017e,20,62,0x00000000,993
2299,0x0000017e,20,62,0x00000000,844
2300,0x0000017b,12,44,0x00000000,4390
2301,0x00000158,105,3479,0x00000000,280429
2302,0x00000165,14,10,0x00000000,1669
2303,0x00000165,14,10,0x00000000,1610
2304,0x00000145,12,10,0x00000000,78721654
2305,0x00000144,12,10,0x00000100,964
2306,0x00000143,11,10,0x00000000,4739
2307,0x0000017a,22,83,0x00000000,666
2308,0x0000017a,22,27,0x00000000,655
2309,0x00000131,89,1392,0x00000000,24179
2310,0x00000131,88,2127,0x00000000,22947
2311,0x0000017b,12,44,0x00000000,2563
2312,0x00000168,84,1170,0x00000000,59156
2313,0x00000176,59,48,0x00000000,3526
2314,0x00000151,41,29,0x00000000,3189
2315,0x00000147,1296,122,0x00000000,86960
2316,0x0000017e,20,62,0x00000000,944
2317,0x0000017e,20,62,0x00000000,864
2318,0x0000017e,20,62,0x00000000,825
2319,0x0000017e,20,62,0x00000000,854
2320,0x0000017e,20,62,0x00000000,2285
2321,0x0000017e,20,62,0x00000000,1142
2322,0x0000017e,20,62,0x00000000,1073
2323,0x0000017e,20,62,0x00000000,1182
2324,0x0000017e,20,62,0x00000000,1411
2325,0x0000017e,20,62,0x00000000,983
2326,0x0000017e,20,62,0x00000000,983
2327,0x0000017e,20,62,0x00000000,834
2328,0x0000017e,20,62,0x00000000,2344
2329,0x0000017e,20,62,0x00000000,1450
2330,0x0000017e,20,62,0x00000000,825
2331,0x0000017e,20,62,0x00000000,824
2332,0x0000017b,12,44,0x00000000,5186
2333,0x00000158,105,3479,0x00000000,255327
2334,0x00000165,14,10,0x00000000,1729
2335,0x00000165,14,10,0x00000000,1619
2336,0x00000145,12,10,0x00000000,82490179
2337,0x00000144,12,10,0x00000100,1302
2338,0x00000143,11,10,0x00000000,6020
2339,0x0000017a,22,83,0x00000000,1163
2340,0x0000017a,22,27,0x00000000,685
2341,0x00000131,89,1392,0x00000000,27428
2342,0x00000131,88,2127,0x00000000,28808
2343,0x0000017b,12,44,0x00000000,3198
2344,0x00000168,84,1170,0x00000000,109301
2345,0x00000176,59,48,0x00000000,3973
2346,0x00000151,41,29,0x00000000,3209
2347,0x00000147,1296,122,0x00000000,86334
2348,0x0000017e,20,62,0x00000000,944
2349,0x0000017e,20,62,0x00000000,1034
2350,0x0000017e,20,62,0x00000000,884
2351,0x0000017e,20,62,0x00000000,1043
2352,0x0000017e,20,62,0x00000000,855
2353,0x0000017e,20,62,0x00000000,774
2354,0x0000017e,20,62,0x00000000,1112
2355,0x0000017e,20,62,0x00000000,1371
2356,0x0000017e,20,62,0x00000000,795
2357,0x0000017e,20,62,0x00000000,845
2358,0x0000017e,20,62,0x00000000,864
2359,0x0000017e,20,62,0x00000000,855
2360,0x0000017e,20,62,0x00000000,884
2361,0x0000017e,20,62,0x00000000,1053
2362,0x0000017e,20,62,0x00000000,864
2363,0x0000017e,20,62,0x00000000,835
2364,0x0000017b,12,44,0x00000000,6288
2365,0x00000158,105,3479,0x00000000,295072
2366,0x00000165,14,10,0x00000000,2414
2367,0x00000165,14,10,0x00000000,1609
2368,0x00000145,12,10,0x00000000,69656977
2369,0x00000144,12,10,0x00000100,1361
2370,0x00000143,11,10,0x00000000,5682
2371,0x0000017a,22,83,0x00000000,1162
2372,0x0000017a,22,27,0x00000000,745
2373,0x00000131,89,1392,0x00000000,25212
2374,0x00000131,88,2127,0x00000000,26135
2375,0x0000017b,12,44,0x00000000,2930
2376,0x00000168,84,1170,0x00000000,60904
2377,0x00000176,59,48,0x00000000,3884
2378,0x00000151,41,29,0x00000000,7927
2379,0x00000147,1296,122,0x00000000,97301
2380,0x0000017e,20,62,0x00000000,1003
2381,0x0000017e,20,62,0x00000000,1152
2382,0x0000017e,20,62,0x00000000,855
2383,0x0000017e,20,62,0x00000000,825
2384,0x0000017e,20,62,0x00000000,854
2385,0x0000017e,20,62,0x00000000,825
2386,0x0000017e,20,62,0x00000000,2146
2387,0x0000017e,20,62,0x00000000,944
2388,0x0000017e,20,62,0x00000000,855
2389,0x0000017e,20,62,0x00000000,855
2390,0x0000017e,20,62,0x00000000,835
2391,0x0000017e,20,62,0x00000000,835
2392,0x0000017e,20,62,0x00000000,864
2393,0x0000017e,20,62,0x00000000,854
2394,0x0000017e,20,62,0x00000000,854
2395,0x0000017e,20,62,0x00000000,845
2396,0x0000017b,12,44,0x00000000,4023
2397,0x00000158,105,3479,0x00000000,313110
2398,0x00000165,14,10,0x00000000,1748
2399,0x00000165,14,10,0x00000000,1660
2400,0x00000145,12,10,0x00000000,77585805
2401,0x00000144,12,10,0x00000100,1579
2402,0x00000143,11,10,0x00000000,5156
2403,0x0000017a,22,83,0x00000000,1013
2404,0x0000017a,22,27,0x00000000,765
2405,0x00000131,89,1392,0x00000000,23438
2406,0x00000131,88,2127,0x00000000,29945
2407,0x0000017b,12,44,0x00000000,3497
2408,0x00000168,84,1170,0x00000000,60317
2409,0x00000176,59,48,0x00000000,3467
2410,0x00000151,41,29,0x00000000,3249
2411,0x00000147,1296,122,0x00000000,87590
2412,0x0000017e,20,62,0x00000000,1102
2413,0x0000017e,20,62,0x00000000,1023
2414,0x0000017e,20,62,0x00000000,815
2415,0x0000017e,20,62,0x00000000,825
2416,0x0000017e,20,62,0x00000000,864
2417,0x0000017e,20,62,0x00000000,845
2418,0x0000017e,20,62,0x00000000,895
2419,0x0000017e,20,62,0x00000000,854
2420,0x0000017e,20,62,0x00000000,794
2421,0x0000017e,20,62,0x00000000,1231
2422,0x0000017e,20,62,0x00000000,924
2423,0x0000017e,20,62,0x00000000,845
2424,0x0000017e,20,62,0x00000000,864
2425,0x0000017e,20,62,0x00000000,825
2426,0x0000017e,20,62,0x00000000,835
2427,0x0000017e,20,62,0x00000000,845
2428,0x0000017b,12,44,0x00000000,4859
2429,0x00000158,105,3479,0x00000000,333736
2430,0x00000165,14,10,0x00000000,1719
2431,0x00000165,14,10,0x00000000,1947
2432,0x00000145,12,10,0x00000000,71775334
2433,0x00000144,12,10,0x00000100,1411
2434,0x00000143,11,10,0x00000000,5673
2435,0x0000017a,22,83,0x00000000,716
2436,0x0000017a,22,27,0x00000000,656
2437,0x00000131,89,1392,0x00000000,24540
2438,0x00000131,88,2127,0x00000000,23427
2439,0x0000017b,12,44,0x00000000,2782
2440,0x00000168,84,1170,0x00000000,59621
2441,0x00000176,59,48,0x00000000,3488
2442,0x00000151,41,29,0x00000000,3348
2443,0x00000147,1296,122,0x00000000,90918
2444,0x0000017e,20,62,0x00000000,1013
2445,0x0000017e,20,62,0x00000000,895
2446,0x0000017e,20,62,0x00000000,815
2447,0x0000017e,20,62,0x00000000,974
2448,0x0000017e,20,62,0x00000000,844
2449,0x0000017e,20,62,0x00000000,884
2450,0x0000017e,20,62,0x00000000,854
2451,0x0000017e,20,62,0x00000000,804
2452,0x0000017e,20,62,0x00000000,924
2453,0x0000017e,20,62,0x00000000,834
2454,0x0000017e,20,62,0x00000000,2255
2455,0x0000017e,20,62,0x00000000,944
2456,0x0000017e,20,62,0x00000000,874
2457,0x0000017e,20,62,0x00000000,894
2458,0x0000017e,20,62,0x00000000,855
2459,0x0000017e,20,62,0x00000000,874
2460,0x0000017b,12,44,0x00000000,4302
2461,0x00000158,105,3479,0x00000000,398514
2462,0x00000165,14,10,0x00000000,3507
2463,0x00000165,14,10,0x00000000,2087
2464,0x00000145,12,10,0x00000000,77886337
2465,0x00000144,12,10,0x00000100,934
2466,0x00000143,11,10,0x00000000,5256
2467,0x0000017a,22,83,0x00000000,1202
2468,0x0000017a,22,27,0x00000000,1699
2469,0x00000131,89,1392,0x00000000,28574
2470,0x00000131,88,2127,0x00000000,33521
2471,0x0000017b,12,44,0x00000000,4948
2472,0x00000168,84,1170,0x00000000,66140
2473,0x00000176,59,48,0x00000000,4789
2474,0x00000151,41,29,0x00000000,3984
2475,0x00000147,1296,122,0x00000000,127499
2476,0x0000017e,20,62,0x00000000,1004
2477,0x0000017e,20,62,0x00000000,845
2478,0x0000017e,20,62,0x00000000,805
2479,0x0000017e,20,62,0x00000000,834
2480,0x0000017e,20,62,0x00000000,973
2481,0x0000017e,20,62,0x00000000,865
2482,0x0000017e,20,62,0x00000000,835
2483,0x0000017e,20,62,0x00000000,854
2484,0x0000017e,20,62,0x00000000,1004
2485,0x0000017e,20,62,0x00000000,1122
2486,0x0000017e,20,62,0x00000000,825
2487,0x0000017e,20,62,0x00000000,805
2488,0x0000017e,20,62,0x00000000,1203
2489,0x0000017e,20,62,0x00000000,834
2490,0x0000017e,20,62,0x00000000,805
2491,0x0000017e,20,62,0x00000000,984
2492,0x0000017b,12,44,0x00000000,4501
2493,0x00000158,105,3479,0x00000000,555899
2494,0x00000165,14,10,0x00000000,1679
2495,0x00000165,14,10,0x00000000,4034
2496,0x00000145,12,10,0x00000000,71889311
2497,0x00000144,12,10,0x00000100,934
2498,0x00000143,11,10,0x00000000,4282
2499,0x0000017a,22,83,0x00000000,705
2500,0x0000017a,22,27,0x00000000,1819
2501,0x00000131,89,1392,0x00000000,24401
2502,0x00000131,88,2127,0x00000000,22951
2503,0x0000017b,12,44,0x00000000,2454
2504,0x00000168,84,1170,0x00000000,58787
2505,0x00000176,59,48,0x00000000,4123
2506,0x00000151,41,29,0x00000000,6488
2507,0x00000147,1296,122,0x00000000,91037
2508,0x0000017e,20,62,0x00000000,944
2509,0x0000017e,20,62,0x00000000,845
2510,0x0000017e,20,62,0x00000000,825
2511,0x0000017e,20,62,0x00000000,844
2512,0x0000017e,20,62,0x00000000,1064
2513,0x0000017e,20,62,0x00000000,934
2514,0x0000017e,20,62,0x00000000,844
2515,0x0000017e,20,62,0x00000000,904
2516,0x0000017e,20,62,0x00000000,835
2517,0x0000017e,20,62,0x00000000,864
2518,0x0000017e,20,62,0x00000000,844
2519,0x0000017e,20,62,0x00000000,785
2520,0x0000017e,20,62,0x00000000,854
2521,0x0000017e,20,62,0x00000000,875
2522,0x0000017e,20,62,0x00000000,854
2523,0x0000017e,20,62,0x00000000,1063
2524,0x0000017b,12,44,0x00000000,5176
2525,0x00000158,105,3479,0x00000000,264497
2526,0x00000165,14,10,0x00000000,2841
2527,0x00000165,14,10,0x00000000,1947
2528,0x00000145,12,10,0x00000000,77499905
2529,0x00000144,12,10,0x00000100,1411
2530,0x00000143,11,10,0x00000000,5445
2531,0x0000017a,22,83,0x00000000,844
2532,0x0000017a,22,27,0x00000000,775
2533,0x00000131,89,1392,0x00000000,24103
2534,0x00000131,88,2127,0x00000000,22921
2535,0x0000017b,12,44,0x00000000,2533
2536,0x00000168,84,1170,0x00000000,58956
2537,0x00000176,59,48,0x00000000,3488
2538,0x00000151,41,29,0x00000000,3090
2539,0x00000147,1296,122,0x00000000,86795
2540,0x0000017e,20,62,0x00000000,944
2541,0x0000017e,20,62,0x00000000,834
2542,0x0000017e,20,62,0x00000000,834
2543,0x0000017e,20,62,0x00000000,845
2544,0x0000017e,20,62,0x00000000,885
2545,0x0000017e,20,62,0x00000000,834
2546,0x0000017e,20,62,0x00000000,835
2547,0x0000017e,20,62,0x00000000,865
2548,0x0000017e,20,62,0x00000000,835
2549,0x0000017e,20,62,0x00000000,845
2550,0x0000017e,20,62,0x00000000,865
2551,0x0000017e,20,62,0x00000000,844
2552,0x0000017e,20,62,0x00000000,855
2553,0x0000017e,20,62,0x00000000,834
2554,0x0000017e,20,62,0x00000000,835
2555,0x0000017e,20,62,0x00000000,1083
2556,0x0000017b,12,44,0x00000000,3815
2557,0x00000158,105,3479,0x00000000,293081
2558,0x00000165,14,10,0x00000000,1729
2559,0x00000165,14,10,0x00000000,1808
2560,0x00000145,12,10,0x00000000,70017040
2561,0x00000144,12,10,0x00000100,66670
2562,0x00000143,11,10,0x00000000,4470
2563,0x0000017a,22,83,0x00000000,755
2564,0x0000017a,22,27,0x00000000,656
2565,0x00000131,89,1392,0x00000000,39310
2566,0x00000131,88,2127,0x00000000,22561
2567,0x0000017b,12,44,0x00000000,2503
2568,0x00000168,84,1170,0x00000000,59557
2569,0x00000176,59,48,0x00000000,3636
2570,0x00000151,41,29,0x00000000,3427
2571,0x00000147,1296,122,0x00000000,86946
2572,0x0000017e,20,62,0x00000000,1152
2573,0x0000017e,20,62,0x00000000,1013
2574,0x0000017e,20,62,0x00000000,825
2575,0x0000017e,20,62,0x00000000,834
2576,0x0000017e,20,62,0x00000000,894
2577,0x0000017e,20,62,0x00000000,864
2578,0x0000017e,20,62,0x00000000,845
2579,0x0000017e,20,62,0x00000000,855
2580,0x0000017e,20,62,0x00000000,845
2581,0x0000017e,20,62,0x00000000,1112
2582,0x0000017e,20,62,0x00000000,825
2583,0x0000017e,20,62,0x00000000,864
2584,0x0000017e,20,62,0x00000000,854
2585,0x0000017e,20,62,0x00000000,854
2586,0x0000017e,20,62,0x00000000,855
2587,0x0000017e,20,62,0x00000000,854
2588,0x0000017b,12,44,0x00000000,4759
2589,0x00000158,105,3479,0x00000000,308037
2590,0x00000165,14,10,0x00000000,1798
2591,0x00000165,14,10,0x00000000,1619
2592,0x00000145,12,10,0x00000000,77121892
2593,0x00000144,12,10,0x00000100,1014
2594,0x00000143,11,10,0x00000000,4570
2595,0x0000017a,22,83,0x00000000,765
2596,0x0000017a,22,27,0x00000000,646
2597,0x00000131,89,1392,0x00000000,23892
2598,0x00000131,88,2127,0x00000000,23108
2599,0x0000017b,12,44,0x00000000,2523
2600,0x00000168,84,1170,0x00000000,59229
2601,0x00000176,59,48,0x00000000,3487
2602,0x00000151,41,29,0x00000000,3388
2603,0x00000147,1296,122,0x00000000,87870
2604,0x0000017e,20,62,0x00000000,934
2605,0x0000017e,20,62,0x00000000,835
2606,0x0000017e,20,62,0x00000000,834
2607,0x0000017e,20,62,0x00000000,844
2608,0x0000017e,20,62,0x00000000,855
2609,0x0000017e,20,62,0x00000000,845
2610,0x0000017e,20,62,0x00000000,864
2611,0x0000017e,20,62,0x00000000,855
2612,0x0000017e,20,62,0x00000000,824
2613,0x0000017e,20,62,0x00000000,864
2614,0x0000017e,20,62,0x00000000,844
2615,0x0000017e,20,62,0x00000000,854
2616,0x0000017e,20,62,0x00000000,854
2617,0x0000017e,20,62,0x00000000,844
2618,0x0000017e,20,62,0x00000000,1450
2619,0x0000017e,20,62,0x00000000,1470
2620,0x0000017b,12,44,0x00000000,6716
2621,0x00000158,105,3479,0x00000000,228532
2622,0x00000165,14,10,0x00000000,1738
2623,0x00000165,14,10,0x00000000,1600
2624,0x00000145,12,10,0x00000000,70564078
2625,0x00000144,12,10,0x00000100,1202
2626,0x00000143,11,10,0x00000000,4610
2627,0x0000017a,22,83,0x00000000,765
2628,0x0000017a,22,27,0x00000000,745
2629,0x00000131,89,1392,0x00000000,24707
2630,0x00000131,88,2127,0x00000000,30221
2631,0x0000017b,12,44,0x00000000,4033
2632,0x00000168,84,1170,0x00000000,63004
2633,0x00000176,59,48,0x00000000,4173
2634,0x00000151,41,29,0x00000000,3526
2635,0x00000147,1296,122,0x00000000,89022
2636,0x0000017e,20,62,0x00000000,1083
2637,0x0000017e,20,62,0x00000000,894
2638,0x0000017e,20,62,0x00000000,835
2639,0x0000017e,20,62,0x00000000,1063
2640,0x0000017e,20,62,0x00000000,865
2641,0x0000017e,20,62,0x00000000,844
2642,0x0000017e,20,62,0x00000000,855
2643,0x0000017e,20,62,0x00000000,894
2644,0x0000017e,20,62,0x00000000,844
2645,0x0000017e,20,62,0x00000000,1092
2646,0x0000017e,20,62,0x00000000,1768
2647,0x0000017e,20,62,0x00000000,1004
2648,0x0000017e,20,62,0x00000000,854
2649,0x0000017e,20,62,0x00000000,865
2650,0x0000017e,20,62,0x00000000,845
2651,0x0000017e,20,62,0x00000000,844
2652,0x0000017b,12,44,0x00000000,4609
2653,0x00000158,105,3479,0x00000000,376216
2654,0x00000165,14,10,0x00000000,1669
2655,0x00000165,14,10,0x00000000,1917
2656,0x00000145,12,10,0x00000000,99552891
2657,0x00000144,12,10,0x00000100,1530
2658,0x00000143,11,10,0x00000000,5792
2659,0x0000017a,22,83,0x00000000,825
2660,0x0000017a,22,27,0x00000000,636
2661,0x00000131,89,1392,0x00000000,24519
2662,0x00000131,88,2127,0x00000000,22948
2663,0x0000017b,12,44,0x00000000,2454
2664,0x00000168,84,1170,0x00000000,58970
2665,0x00000176,59,48,0x00000000,3468
2666,0x00000151,41,29,0x00000000,3159
2667,0x00000147,1296,122,0x00000000,86887
2668,0x0000017e,20,62,0x00000000,1034
2669,0x0000017e,20,62,0x00000000,804
2670,0x0000017e,20,62,0x00000000,854
2671,0x0000017e,20,62,0x00000000,845
2672,0x0000017e,20,62,0x00000000,854
2673,0x0000017e,20,62,0x00000000,835
2674,0x0000017e,20,62,0x00000000,835
2675,0x0000017e,20,62,0x00000000,815
2676,0x0000017e,20,62,0x00000000,825
2677,0x0000017e,20,62,0x00000000,864
2678,0x0000017e,20,62,0x00000000,844
2679,0x0000017e,20,62,0x00000000,874
2680,0x0000017e,20,62,0x00000000,855
2681,0x0000017e,20,62,0x00000000,864
2682,0x0000017e,20,62,0x00000000,844
2683,0x0000017e,20,62,0x00000000,924
2684,0x0000017b,12,44,0x00000000,4262
2685,0x00000158,105,3479,0x00000000,324239
2686,0x00000165,14,10,0x00000000,1997
2687,0x00000165,14,10,0x00000000,1600
2688,0x00000145,12,10,0x00000000,75878190
2689,0x00000144,12,10,0x00000100,1411
2690,0x00000143,11,10,0x00000000,4381
2691,0x0000017a,22,83,0x00000000,865
2692,0x0000017a,22,27,0x00000000,616
2693,0x00000131,89,1392,0x00000000,27886
2694,0x00000131,88,2127,0x00000000,26336
2695,0x0000017b,12,44,0x00000000,2304
2696,0x00000168,84,1170,0x00000000,68329
2697,0x00000176,59,48,0x00000000,3894
2698,0x00000151,41,29,0x00000000,3219
2699,0x00000147,1296,122,0x00000000,89867
2700,0x0000017e,20,62,0x00000000,1192
2701,0x0000017e,20,62,0x00000000,845
2702,0x0000017e,20,62,0x00000000,825
2703,0x0000017e,20,62,0x00000000,1043
2704,0x0000017e,20,62,0x00000000,884
2705,0x0000017e,20,62,0x00000000,2225
2706,0x0000017e,20,62,0x00000000,1003
2707,0x0000017e,20,62,0x00000000,854
2708,0x0000017e,20,62,0x00000000,854
2709,0x0000017e,20,62,0x00000000,875
2710,0x0000017e,20,62,0x00000000,993
2711,0x0000017e,20,62,0x00000000,854
2712,0x0000017e,20,62,0x00000000,845
2713,0x0000017e,20,62,0x00000000,874
2714,0x0000017e,20,62,0x00000000,795
2715,0x0000017e,20,62,0x00000000,884
2716,0x0000017b,12,44,0x00000000,4401
2717,0x00000158,105,3479,0x00000000,297228
2718,0x00000165,14,10,0x00000000,1728
2719,0x00000165,14,10,0x00000000,1610
2720,0x00000145,12,10,0x00000000,81631841
2721,0x00000144,12,10,0x00000100,1202
2722,0x00000143,11,10,0x00000000,4073
2723,0x0000017a,22,83,0x00000000,755
2724,0x0000017a,22,27,0x00000000,616
2725,0x00000131,89,1392,0x00000000,24101
2726,0x00000131,88,2127,0x00000000,22819
2727,0x0000017b,12,44,0x00000000,2811
2728,0x00000168,84,1170,0x00000000,58435
2729,0x00000176,59,48,0x00000000,3537
2730,0x00000151,41,29,0x00000000,3675
2731,0x00000147,1296,122,0x00000000,89390
2732,0x0000017e,20,62,0x00000000,914
2733,0x0000017e,20,62,0x00000000,1034
2734,0x0000017e,20,62,0x00000000,795
2735,0x0000017e,20,62,0x00000000,835
2736,0x0000017e,20,62,0x00000000,854
2737,0x0000017e,20,62,0x00000000,835
2738,0x0000017e,20,62,0x00000000,845
2739,0x0000017e,20,62,0x00000000,844
2740,0x0000017e,20,62,0x00000000,845
2741,0x0000017e,20,62,0x00000000,1182
2742,0x0000017e,20,62,0x00000000,924
2743,0x0000017e,20,62,0x00000000,854
2744,0x0000017e,20,62,0x00000000,854
2745,0x0000017e,20,62,0x00000000,1390
2746,0x0000017e,20,62,0x00000000,1977
2747,0x0000017e,20,62,0x00000000,1490
2748,0x0000017b,12,44,0x00000000,5325
2749,0x00000158,105,3479,0x00000000,280787
2750,0x00000165,14,10,0x00000000,3060
2751,0x00000165,14,10,0x00000000,1938
2752,0x00000145,12,10,0x00000000,76622865
2753,0x00000144,12,10,0x00000100,1431
2754,0x00000143,11,10,0x00000000,7779
2755,0x0000017a,22,83,0x00000000,1162
2756,0x0000017a,22,27,0x00000000,1550
2757,0x00000131,89,1392,0x00000000,25810
2758,0x00000131,88,2127,0x00000000,29694
2759,0x0000017b,12,44,0x00000000,3020
2760,0x00000168,84,1170,0x00000000,62021
2761,0x00000176,59,48,0x00000000,3904
2762,0x00000151,41,29,0x00000000,4808
2763,0x00000147,1296,122,0x00000000,101937
2764,0x0000017e,20,62,0x00000000,1192
2765,0x0000017e,20,62,0x00000000,1312
2766,0x0000017e,20,62,0x00000000,1093
2767,0x0000017e,20,62,0x00000000,874
2768,0x0000017e,20,62,0x00000000,1222
2769,0x0000017e,20,62,0x00000000,1282
2770,0x0000017e,20,62,0x00000000,2107
2771,0x0000017e,20,62,0x00000000,1361
2772,0x0000017e,20,62,0x00000000,2304
2773,0x0000017e,20,62,0x00000000,1520
2774,0x0000017e,20,62,0x00000000,1996
2775,0x0000017e,20,62,0x00000000,1897
2776,0x0000017e,20,62,0x00000000,1321
2777,0x0000017e,20,62,0x00000000,1103
2778,0x0000017e,20,62,0x00000000,894
2779,0x0000017e,20,62,0x00000000,2722
2780,0x0000017b,12,44,0x00000000,4878
2781,0x00000158,105,3479,0x00000000,233340
2782,0x00000165,14,10,0x00000000,2831
2783,0x00000165,14,10,0x00000000,3516
2784,0x00000145,12,10,0x00000000,80835955
2785,0x00000144,12,10,0x00000100,1182
2786,0x00000143,11,10,0x00000000,4689
2787,0x0000017a,22,83,0x00000000,705
2788,0x0000017a,22,27,0x00000000,666
2789,0x00000131,89,1392,0x00000000,24557
2790,0x00000131,88,2127,0x00000000,22710
2791,0x0000017b,12,44,0x00000000,2374
2792,0x00000168,84,1170,0x00000000,59209
2793,0x00000176,59,48,0x00000000,3636
2794,0x00000151,41,29,0x00000000,3239
2795,0x00000147,1296,122,0x00000000,86569
2796,0x0000017e,20,62,0x00000000,954
2797,0x0000017e,20,62,0x00000000,825
2798,0x0000017e,20,62,0x00000000,854
2799,0x0000017e,20,62,0x00000000,825
2800,0x0000017e,20,62,0x00000000,825
2801,0x0000017e,20,62,0x00000000,844
2802,0x0000017e,20,62,0x00000000,844
2803,0x0000017e,20,62,0x00000000,805
2804,0x0000017e,20,62,0x00000000,844
2805,0x0000017e,20,62,0x00000000,844
2806,0x0000017e,20,62,0x00000000,825
2807,0x0000017e,20,62,0x00000000,2047
2808,0x0000017e,20,62,0x00000000,1122
2809,0x0000017e,20,62,0x00000000,825
2810,0x0000017e,20,62,0x00000000,825
2811,0x0000017e,20,62,0x00000000,854
2812,0x0000017b,12,44,0x00000000,4649
2813,0x00000158,105,3479,0x00000000,580856
2814,0x00000165,14,10,0x00000000,2205
2815,0x00000165,14,10,0x00000000,2732
2816,0x00000145,12,10,0x00000000,72042419
2817,0x00000144,12,10,0x00000100,1073
2818,0x00000143,11,10,0x00000000,4997
2819,0x0000017a,22,83,0x00000000,695
2820,0x0000017a,22,27,0x00000000,656
2821,0x00000131,89,1392,0x00000000,24022
2822,0x00000131,88,2127,0x00000000,22899
2823,0x0000017b,12,44,0x00000000,2563
2824,0x00000168,84,1170,0x00000000,59835
2825,0x00000176,59,48,0x00000000,3527
2826,0x00000151,41,29,0x00000000,3099
2827,0x00000147,1296,122,0x00000000,97556
2828,0x0000017e,20,62,0x00000000,954
2829,0x0000017e,20,62,0x00000000,844
2830,0x0000017e,20,62,0x00000000,2791
2831,0x0000017e,20,62,0x00000000,1688
2832,0x0000017e,20,62,0x00000000,914
2833,0x0000017e,20,62,0x00000000,904
2834,0x0000017e,20,62,0x00000000,845
2835,0x0000017e,20,62,0x00000000,874
2836,0x0000017e,20,62,0x00000000,814
2837,0x0000017e,20,62,0x00000000,884
2838,0x0000017e,20,62,0x00000000,1013
2839,0x0000017e,20,62,0x00000000,1072
2840,0x0000017e,20,62,0x00000000,1033
2841,0x0000017e,20,62,0x00000000,835
2842,0x0000017e,20,62,0x00000000,854
2843,0x0000017e,20,62,0x00000000,854
2844,0x0000017b,12,44,0x00000000,4808
2845,0x00000158,105,3479,0x00000000,461836
2846,0x00000165,14,10,0x00000000,1699
2847,0x00000165,14,10,0x00000000,1560
2848,0x00000145,12,10,0x00000000,77930458
2849,0x00000144,12,10,0x00000100,2047
2850,0x00000143,11,10,0x00000000,6845
2851,0x0000017a,22,83,0x00000000,1023
2852,0x0000017a,22,27,0x00000000,963
2853,0x00000131,89,1392,0x00000000,25888
2854,0x00000131,88,2127,0x00000000,23920
2855,0x0000017b,12,44,0x00000000,5334
2856,0x00000168,84,1170,0x00000000,67966
2857,0x00000176,59,48,0x00000000,6358
2858,0x00000151,41,29,0x00000000,5166
2859,0x00000147,1296,122,0x00000000,99297
2860,0x0000017e,20,62,0x00000000,2106
2861,0x0000017e,20,62,0x00000000,1858
2862,0x0000017e,20,62,0x00000000,1242
2863,0x0000017e,20,62,0x00000000,1450
2864,0x0000017e,20,62,0x00000000,994
2865,0x0000017e,20,62,0x00000000,1718
2866,0x0000017e,20,62,0x00000000,1183
2867,0x0000017e,20,62,0x00000000,1013
2868,0x0000017e,20,62,0x00000000,1907
2869,0x0000017e,20,62,0x00000000,1321
2870,0x0000017e,20,62,0x00000000,1460
2871,0x0000017e,20,62,0x00000000,1589
2872,0x0000017e,20,62,0x00000000,904
2873,0x0000017e,20,62,0x00000000,1073
2874,0x0000017e,20,62,0x00000000,854
2875,0x0000017e,20,62,0x00000000,805
2876,0x0000017b,12,44,0x00000000,4569
2877,0x00000158,105,3479,0x00000000,239342
2878,0x00000165,14,10,0x00000000,2056
2879,0x00000165,14,10,0x00000000,1610
2880,0x00000145,12,10,0x00000000,73139668
2881,0x00000144,12,10,0x00000100,1590
2882,0x00000143,11,10,0x00000000,7003
2883,0x0000017a,22,83,0x00000000,1272
2884,0x0000017a,22,27,0x00000000,645
2885,0x00000131,89,1392,0x00000000,27834
2886,0x00000131,88,2127,0x00000000,23095
2887,0x0000017b,12,44,0x00000000,2861
2888,0x00000168,84,1170,0x00000000,60685
2889,0x00000176,59,48,0x00000000,3507
2890,0x00000151,41,29,0x00000000,4977
2891,0x00000147,1296,122,0x00000000,99714
2892,0x0000017e,20,62,0x00000000,1013
2893,0x0000017e,20,62,0x00000000,835
2894,0x0000017e,20,62,0x00000000,855
2895,0x0000017e,20,62,0x00000000,845
2896,0x0000017e,20,62,0x00000000,1033
2897,0x0000017e,20,62,0x00000000,834
2898,0x0000017e,20,62,0x00000000,835
2899,0x0000017e,20,62,0x00000000,894
2900,0x0000017e,20,62,0x00000000,1023
2901,0x0000017e,20,62,0x00000000,914
2902,0x0000017e,20,62,0x00000000,884
2903,0x0000017e,20,62,0x00000000,864
2904,0x0000017e,20,62,0x00000000,1400
2905,0x0000017e,20,62,0x00000000,3328
2906,0x0000017e,20,62,0x00000000,3179
2907,0x0000017e,20,62,0x00000000,2215
2908,0x0000017b,12,44,0x00000000,5692
2909,0x00000158,105,3479,0x00000000,381414
2910,0x00000165,14,10,0x00000000,1729
2911,0x00000165,14,10,0x00000000,1659
2912,0x00000145,12,10,0x00000000,80755253
2913,0x00000144,12,10,0x00000100,1838
2914,0x00000143,11,10,0x00000000,6229
2915,0x0000017a,22,83,0x00000000,825
2916,0x0000017a,22,27,0x00000000,705
2917,0x00000131,89,1392,0x00000000,26861
2918,0x00000131,88,2127,0x00000000,30129
2919,0x0000017b,12,44,0x00000000,3030
2920,0x00000168,84,1170,0x00000000,64679
2921,0x00000176,59,48,0x00000000,6179
2922,0x00000151,41,29,0x00000000,4491
2923,0x00000147,1296,122,0x00000000,106400
2924,0x0000017e,20,62,0x00000000,2215
2925,0x0000017e,20,62,0x00000000,1341
2926,0x0000017e,20,62,0x00000000,1152
2927,0x0000017e,20,62,0x00000000,1420
2928,0x0000017e,20,62,0x00000000,4599
2929,0x0000017e,20,62,0x00000000,1411
2930,0x0000017e,20,62,0x00000000,2314
2931,0x0000017e,20,62,0x00000000,1440
2932,0x0000017e,20,62,0x00000000,1718
2933,0x0000017e,20,62,0x00000000,2573
2934,0x0000017e,20,62,0x00000000,984
2935,0x0000017e,20,62,0x00000000,964
2936,0x0000017e,20,62,0x00000000,1034
2937,0x0000017e,20,62,0x00000000,1728
2938,0x0000017e,20,62,0x00000000,1570
2939,0x0000017e,20,62,0x00000000,1719
2940,0x0000017b,12,44,0x00000000,5612
2941,0x00000158,105,3479,0x00000000,242292
2942,0x00000165,14,10,0x00000000,2264
2943,0x00000165,14,10,0x00000000,2066
2944,0x00000145,12,10,0x00000000,86417089
2945,0x00000144,12,10,0x00000100,1708
2946,0x00000143,11,10,0x00000000,6248
2947,0x0000017a,22,83,0x00000000,934
2948,0x0000017a,22,27,0x00000000,1281
2949,0x00000131,89,1392,0x00000000,27258
2950,0x00000131,88,2127,0x00000000,30755
2951,0x0000017b,12,44,0x00000000,3159
2952,0x00000168,84,1170,0x00000000,68284
2953,0x00000176,59,48,0x00000000,4450
2954,0x00000151,41,29,0x00000000,5375
2955,0x00000147,1296,122,0x00000000,96922
2956,0x0000017e,20,62,0x00000000,1023
2957,0x0000017e,20,62,0x00000000,904
2958,0x0000017e,20,62,0x00000000,825
2959,0x0000017e,20,62,0x00000000,1073
2960,0x0000017e,20,62,0x00000000,1698
2961,0x0000017e,20,62,0x00000000,825
2962,0x0000017e,20,62,0x00000000,1351
2963,0x0000017e,20,62,0x00000000,1202
2964,0x0000017e,20,62,0x00000000,864
2965,0x0000017e,20,62,0x00000000,844
2966,0x0000017e,20,62,0x00000000,824
2967,0x0000017e,20,62,0x00000000,854
2968,0x0000017e,20,62,0x00000000,1440
2969,0x0000017e,20,62,0x00000000,994
2970,0x0000017e,20,62,0x00000000,1698
2971,0x0000017e,20,62,0x00000000,1133
2972,0x0000017b,12,44,0x00000000,4698
2973,0x00000158,105,3479,0x00000000,311103
2974,0x00000165,14,10,0x00000000,1986
2975,0x00000165,14,10,0x00000000,1629
2976,0x00000145,12,10,0x00000000,87399361
2977,0x00000144,12,10,0x00000100,1371
2978,0x00000143,11,10,0x00000000,6824
2979,0x0000017a,22,83,0x00000000,745
2980,0x0000017a,22,27,0x00000000,2106
2981,0x00000131,89,1392,0x00000000,26553
2982,0x00000131,88,2127,0x00000000,28847
2983,0x0000017b,12,44,0x00000000,3924
2984,0x00000168,84,1170,0x00000000,64519
2985,0x00000176,59,48,0x00000000,4142
2986,0x00000151,41,29,0x00000000,4917
2987,0x00000147,1296,122,0x00000000,94440
2988,0x0000017e,20,62,0x00000000,1718
2989,0x0000017e,20,62,0x00000000,1004
2990,0x0000017e,20,62,0x00000000,2225
2991,0x0000017e,20,62,0x00000000,924
2992,0x0000017e,20,62,0x00000000,834
2993,0x0000017e,20,62,0x00000000,1271
2994,0x0000017e,20,62,0x00000000,1053
2995,0x0000017e,20,62,0x00000000,1242
2996,0x0000017e,20,62,0x00000000,874
2997,0x0000017e,20,62,0x00000000,825
2998,0x0000017e,20,62,0x00000000,824
2999,0x0000017e,20,62,0x00000000,1033
3000,0x0000017e,20,62,0x00000000,2126
3001,0x0000017e,20,62,0x00000000,1003
3002,0x0000017e,20,62,0x00000000,1073
3003,0x0000017e,20,62,0x00000000,923
3004,0x0000017b,12,44,0x00000000,7490
3005,0x00000158,105,3479,0x00000000,295438
3006,0x00000165,14,10,0x00000000,1718
3007,0x00000165,14,10,0x00000000,1838
3008,0x00000145,12,10,0x00000000,72312341
3009,0x00000144,12,10,0x00000100,1033
3010,0x00000143,11,10,0x00000000,3874
3011,0x0000017a,22,83,0x00000000,745
3012,0x0000017a,22,27,0x00000000,655
3013,0x00000131,89,1392,0x00000000,24566
3014,0x00000131,88,2127,0x00000000,22877
3015,0x0000017b,12,44,0x00000000,2771
3016,0x00000168,84,1170,0x00000000,58787
3017,0x00000176,59,48,0x00000000,3825
3018,0x00000151,41,29,0x00000000,3178
3019,0x00000147,1296,122,0x00000000,86781
3020,0x0000017e,20,62,0x00000000,1023
3021,0x0000017e,20,62,0x00000000,2514
3022,0x0000017e,20,62,0x00000000,1013
3023,0x0000017e,20,62,0x00000000,854
3024,0x0000017e,20,62,0x00000000,854
3025,0x0000017e,20,62,0x00000000,844
3026,0x0000017e,20,62,0x00000000,865
3027,0x0000017e,20,62,0x00000000,973
3028,0x0000017e,20,62,0x00000000,1321
3029,0x0000017e,20,62,0x00000000,1410
3030,0x0000017e,20,62,0x00000000,1401
3031,0x0000017e,20,62,0x00000000,914
3032,0x0000017e,20,62,0x00000000,1014
3033,0x0000017e,20,62,0x00000000,854
3034,0x0000017e,20,62,0x00000000,854
3035,0x0000017e,20,62,0x00000000,794
3036,0x0000017b,12,44,0x00000000,6655
3037,0x00000158,105,3479,0x00000000,259468
3038,0x00000165,14,10,0x00000000,1738
3039,0x00000165,14,10,0x00000000,1878
3040,0x00000145,12,10,0x00000000,75443794
3041,0x00000144,12,10,0x00000100,1431
3042,0x00000143,11,10,0x00000000,4868
3043,0x0000017a,22,83,0x00000000,1222
3044,0x0000017a,22,27,0x00000000,665
3045,0x00000131,89,1392,0x00000000,24527
3046,0x00000131,88,2127,0x00000000,22917
3047,0x0000017b,12,44,0x00000000,2404
3048,0x00000168,84,1170,0x00000000,60109
3049,0x00000176,59,48,0x00000000,3626
3050,0x00000151,41,29,0x00000000,3318
3051,0x00000147,1296,122,0x00000000,96834
3052,0x0000017e,20,62,0x00000000,1520
3053,0x0000017e,20,62,0x00000000,1003
3054,0x0000017e,20,62,0x00000000,834
3055,0x0000017e,20,62,0x00000000,835
3056,0x0000017e,20,62,0x00000000,844
3057,0x0000017e,20,62,0x00000000,845
3058,0x0000017e,20,62,0x00000000,835
3059,0x0000017e,20,62,0x00000000,824
3060,0x0000017e,20,62,0x00000000,834
3061,0x0000017e,20,62,0x00000000,845
3062,0x0000017e,20,62,0x00000000,874
3063,0x0000017e,20,62,0x00000000,854
3064,0x0000017e,20,62,0x00000000,814
3065,0x0000017e,20,62,0x00000000,874
3066,0x0000017e,20,62,0x00000000,844
3067,0x0000017e,20,62,0x00000000,864
3068,0x0000017b,12,44,0x00000000,5543
3069,0x00000158,105,3479,0x00000000,401797
3070,0x00000165,14,10,0x00000000,1748
3071,0x00000165,14,10,0x00000000,1590
3072,0x00000145,12,10,0x00000000,69784916
3073,0x00000144,12,10,0x00000100,1112
3074,0x00000143,11,10,0x00000000,4351
3075,0x0000017a,22,83,0x00000000,864
3076,0x0000017a,22,27,0x00000000,646
3077,0x00000131,89,1392,0x00000000,24944
3078,0x00000131,88,2127,0x00000000,25658
3079,0x0000017b,12,44,0x00000000,6268
3080,0x00000168,84,1170,0x00000000,62970
3081,0x00000176,59,48,0x00000000,3854
3082,0x00000151,41,29,0x00000000,3487
3083,0x00000147,1296,122,0x00000000,88043
3084,0x0000017e,20,62,0x00000000,993
3085,0x0000017e,20,62,0x00000000,1222
3086,0x0000017e,20,62,0x00000000,854
3087,0x0000017e,20,62,0x00000000,824
3088,0x0000017e,20,62,0x00000000,1241
3089,0x0000017e,20,62,0x00000000,924
3090,0x0000017e,20,62,0x00000000,1063
3091,0x0000017e,20,62,0x00000000,865
3092,0x0000017e,20,62,0x00000000,844
3093,0x0000017e,20,62,0x00000000,864
3094,0x0000017e,20,62,0x00000000,855
3095,0x0000017e,20,62,0x00000000,2205
3096,0x0000017e,20,62,0x00000000,1003
3097,0x0000017e,20,62,0x00000000,815
3098,0x0000017e,20,62,0x00000000,845
3099,0x0000017e,20,62,0x00000000,834
3100,0x0000017b,12,44,0x00000000,5603
3101,0x00000158,105,3479,0x00000000,447373
3102,0x00000165,14,10,0x00000000,1907
3103,0x00000165,14,10,0x00000000,1610
3104,0x00000145,12,10,0x00000000,78665192
3105,0x00000144,12,10,0x00000100,1808
3106,0x00000143,11,10,0x00000000,7787
3107,0x0000017a,22,83,0x00000000,824
3108,0x0000017a,22,27,0x00000000,944
3109,0x00000131,89,1392,0x00000000,27454
3110,0x00000131,88,2127,0x00000000,26948
3111,0x0000017b,12,44,0x00000000,3566
3112,0x00000168,84,1170,0x00000000,114776
3113,0x00000176,59,48,0x00000000,3874
3114,0x00000151,41,29,0x00000000,4172
3115,0x00000147,1296,122,0x00000000,105191
3116,0x0000017e,20,62,0x00000000,1113
3117,0x0000017e,20,62,0x00000000,1072
3118,0x0000017e,20,62,0x00000000,874
3119,0x0000017e,20,62,0x00000000,904
3120,0x0000017e,20,62,0x00000000,1092
3121,0x0000017e,20,62,0x00000000,2205
3122,0x0000017e,20,62,0x00000000,1033
3123,0x0000017e,20,62,0x00000000,834
3124,0x0000017e,20,62,0x00000000,835
3125,0x0000017e,20,62,0x00000000,1549
3126,0x0000017e,20,62,0x00000000,2543
3127,0x0000017e,20,62,0x00000000,1073
3128,0x0000017e,20,62,0x00000000,864
3129,0x0000017e,20,62,0x00000000,993
3130,0x0000017e,20,62,0x00000000,1480
3131,0x0000017e,20,62,0x00000000,973
3132,0x0000017b,12,44,0x00000000,4728
3133,0x00000158,105,3479,0x00000000,444165
3134,0x00000165,14,10,0x00000000,1867
3135,0x00000165,14,10,0x00000000,1808
3136,0x00000145,12,10,0x00000000,74546795
3137,0x00000144,12,10,0x00000100,2384
3138,0x00000143,11,10,0x00000000,7370
3139,0x0000017a,22,83,0x00000000,716
3140,0x0000017a,22,27,0x00000000,1043
3141,0x00000131,89,1392,0x00000000,28001
3142,0x00000131,88,2127,0x00000000,28766
3143,0x0000017b,12,44,0x00000000,3099
3144,0x00000168,84,1170,0x00000000,60750
3145,0x00000176,59,48,0x00000000,3705
3146,0x00000151,41,29,0x00000000,3358
3147,0x00000147,1296,122,0x00000000,100701
3148,0x0000017e,20,62,0x00000000,1004
3149,0x0000017e,20,62,0x00000000,2175
3150,0x0000017e,20,62,0x00000000,944
3151,0x0000017e,20,62,0x00000000,1102
3152,0x0000017e,20,62,0x00000000,1659
3153,0x0000017e,20,62,0x00000000,1589
3154,0x0000017e,20,62,0x00000000,845
3155,0x0000017e,20,62,0x00000000,845
3156,0x0000017e,20,62,0x00000000,815
3157,0x0000017e,20,62,0x00000000,894
3158,0x0000017e,20,62,0x00000000,1013
3159,0x0000017e,20,62,0x00000000,864
3160,0x0000017e,20,62,0x00000000,864
3161,0x0000017e,20,62,0x00000000,864
3162,0x0000017e,20,62,0x00000000,864
3163,0x0000017e,20,62,0x00000000,1112
3164,0x0000017b,12,44,0x00000000,4609
3165,0x00000158,105,3479,0x00000000,288743
3166,0x00000165,14,10,0x00000000,1967
3167,0x00000165,14,10,0x00000000,1689
3168,0x00000145,12,10,0x00000000,75160190
3169,0x00000144,12,10,0x00000100,1470
3170,0x00000143,11,10,0x00000000,5900
3171,0x0000017a,22,83,0x00000000,864
3172,0x0000017a,22,27,0x00000000,1887
3173,0x00000131,89,1392,0x00000000,24256
3174,0x00000131,88,2127,0x00000000,23105
3175,0x0000017b,12,44,0x00000000,2722
3176,0x00000168,84,1170,0x00000000,59539
3177,0x00000176,59,48,0x00000000,3943
3178,0x00000151,41,29,0x00000000,3109
3179,0x00000147,1296,122,0x00000000,91970
3180,0x0000017e,20,62,0x00000000,1063
3181,0x0000017e,20,62,0x00000000,1043
3182,0x0000017e,20,62,0x00000000,864
3183,0x0000017e,20,62,0x00000000,854
3184,0x0000017e,20,62,0x00000000,964
3185,0x0000017e,20,62,0x00000000,854
3186,0x0000017e,20,62,0x00000000,815
3187,0x0000017e,20,62,0x00000000,835
3188,0x0000017e,20,62,0x00000000,844
3189,0x0000017e,20,62,0x00000000,944
3190,0x0000017e,20,62,0x00000000,874
3191,0x0000017e,20,62,0x00000000,984
3192,0x0000017e,20,62,0x00000000,824
3193,0x0000017e,20,62,0x00000000,854
3194,0x0000017e,20,62,0x00000000,894
3195,0x0000017e,20,62,0x00000000,834
3196,0x0000017b,12,44,0x00000000,4728
3197,0x00000158,105,3479,0x00000000,712734
3198,0x00000165,14,10,0x00000000,1937
3199,0x00000165,14,10,0x00000000,1868
3200,0x00000145,12,10,0x00000000,74189633
3201,0x00000144,12,10,0x00000100,1292
3202,0x00000143,11,10,0x00000000,4798
3203,0x0000017a,22,83,0x00000000,834
3204,0x0000017a,22,27,0x00000000,655
3205,0x00000131,89,1392,0x00000000,24296
3206,0x00000131,88,2127,0x00000000,22806
3207,0x0000017b,12,44,0x00000000,2295
3208,0x00000168,84,1170,0x00000000,59767
3209,0x00000176,59,48,0x00000000,3636
3210,0x00000151,41,29,0x00000000,3138
3211,0x00000147,1296,122,0x00000000,87321
3212,0x0000017e,20,62,0x00000000,1043
3213,0x0000017e,20,62,0x00000000,844
3214,0x0000017e,20,62,0x00000000,2156
3215,0x0000017e,20,62,0x00000000,884
3216,0x0000017e,20,62,0x00000000,815
3217,0x0000017e,20,62,0x00000000,844
3218,0x0000017e,20,62,0x00000000,875
3219,0x0000017e,20,62,0x00000000,864
3220,0x0000017e,20,62,0x00000000,835
3221,0x0000017e,20,62,0x00000000,815
3222,0x0000017e,20,62,0x00000000,825
3223,0x0000017e,20,62,0x00000000,814
3224,0x0000017e,20,62,0x00000000,844
3225,0x0000017e,20,62,0x00000000,844
3226,0x0000017e,20,62,0x00000000,2007
3227,0x0000017e,20,62,0x00000000,953
3228,0x0000017b,12,44,0x00000000,7132
3229,0x00000158,105,3479,0x00000000,1149807
3230,0x00000165,14,10,0x00000000,1907
3231,0x00000165,14,10,0x00000000,1539
3232,0x00000145,12,10,0x00000000,74381977
3233,0x00000144,12,10,0x00000100,1222
3234,0x00000143,11,10,0x00000000,5006
3235,0x0000017a,22,83,0x00000000,785
3236,0x0000017a,22,27,0x00000000,1977
3237,0x00000131,89,1392,0x00000000,25329
3238,0x00000131,88,2127,0x00000000,23303
3239,0x0000017b,12,44,0x00000000,2980
3240,0x00000168,84,1170,0x00000000,58983
3241,0x00000176,59,48,0x00000000,3765
3242,0x00000151,41,29,0x00000000,3775
3243,0x00000147,1296,122,0x00000000,89914
3244,0x0000017e,20,62,0x00000000,1142
3245,0x0000017e,20,62,0x00000000,844
3246,0x0000017e,20,62,0x00000000,844
3247,0x0000017e,20,62,0x00000000,864
3248,0x0000017e,20,62,0x00000000,855
3249,0x0000017e,20,62,0x00000000,854
3250,0x0000017e,20,62,0x00000000,834
3251,0x0000017e,20,62,0x00000000,854
3252,0x0000017e,20,62,0x00000000,904
3253,0x0000017e,20,62,0x00000000,855
3254,0x0000017e,20,62,0x00000000,875
3255,0x0000017e,20,62,0x00000000,854
3256,0x0000017e,20,62,0x00000000,854
3257,0x0000017e,20,62,0x00000000,834
3258,0x0000017e,20,62,0x00000000,864
3259,0x0000017e,20,62,0x00000000,865
3260,0x0000017b,12,44,0x00000000,3943
3261,0x00000158,105,3479,0x00000000,469017
3262,0x00000165,14,10,0x00000000,1768
3263,0x00000165,14,10,0x00000000,1639
3264,0x00000145,12,10,0x00000000,83652470
3265,0x00000144,12,10,0x00000100,1241
3266,0x00000143,11,10,0x00000000,4964
3267,0x0000017a,22,83,0x00000000,695
3268,0x0000017a,22,27,0x00000000,1043
3269,0x00000131,89,1392,0x00000000,26270
3270,0x00000131,88,2127,0x00000000,23093
3271,0x0000017b,12,44,0x00000000,3495
3272,0x00000168,84,1170,0x00000000,68575
3273,0x00000176,59,48,0x00000000,3961
3274,0x00000151,41,29,0x00000000,4875
3275,0x00000147,1296,122,0x00000000,90299
3276,0x0000017e,20,62,0x00000000,1003
3277,0x0000017e,20,62,0x00000000,864
3278,0x0000017e,20,62,0x00000000,834
3279,0x0000017e,20,62,0x00000000,854
3280,0x0000017e,20,62,0x00000000,844
3281,0x0000017e,20,62,0x00000000,824
3282,0x0000017e,20,62,0x00000000,854
3283,0x0000017e,20,62,0x00000000,903
3284,0x0000017e,20,62,0x00000000,1052
3285,0x0000017e,20,62,0x00000000,844
3286,0x0000017e,20,62,0x00000000,854
3287,0x0000017e,20,62,0x00000000,834
3288,0x0000017e,20,62,0x00000000,844
3289,0x0000017e,20,62,0x00000000,844
3290,0x0000017e,20,62,0x00000000,864
3291,0x0000017e,20,62,0x00000000,854
3292,0x0000017b,12,44,0x00000000,4329
3293,0x00000158,105,3479,0x00000000,292858
3294,0x00000165,14,10,0x00000000,2502
3295,0x00000165,14,10,0x00000000,1788
3296,0x00000145,12,10,0x00000000,76942017
3297,0x00000144,12,10,0x00000100,1082
3298,0x00000143,11,10,0x00000000,5560
3299,0x0000017a,22,83,0x00000000,735
3300,0x0000017a,22,27,0x00000000,635
3301,0x00000131,89,1392,0x00000000,24374
3302,0x00000131,88,2127,0x00000000,22964
3303,0x0000017b,12,44,0x00000000,2631
3304,0x00000168,84,1170,0x00000000,60325
3305,0x00000176,59,48,0x00000000,5450
3306,0x00000151,41,29,0x00000000,3505
3307,0x00000147,1296,122,0x00000000,89863
3308,0x0000017e,20,62,0x00000000,992
3309,0x0000017e,20,62,0x00000000,843
3310,0x0000017e,20,62,0x00000000,854
3311,0x0000017e,20,62,0x00000000,2383
3312,0x0000017e,20,62,0x00000000,1171
3313,0x0000017e,20,62,0x00000000,864
3314,0x0000017e,20,62,0x00000000,844
3315,0x0000017e,20,62,0x00000000,1043
3316,0x0000017e,20,62,0x00000000,933
3317,0x0000017e,20,62,0x00000000,814
3318,0x0000017e,20,62,0x00000000,1102
3319,0x0000017e,20,62,0x00000000,864
3320,0x0000017e,20,62,0x00000000,933
3321,0x0000017e,20,62,0x00000000,2383
3322,0x0000017e,20,62,0x00000000,923
3323,0x0000017e,20,62,0x00000000,854
3324,0x0000017b,12,44,0x00000000,4865
3325,0x00000158,105,3479,0x00000000,255061
3326,0x00000165,14,10,0x00000000,1956
3327,0x00000165,14,10,0x00000000,1718
3328,0x00000145,12,10,0x00000000,82140511
3329,0x00000144,12,10,0x00000100,1827
3330,0x00000143,11,10,0x00000000,9432
3331,0x0000017a,22,83,0x00000000,2055
3332,0x0000017a,22,27,0x00000000,725
3333,0x00000131,89,1392,0x00000000,26896
3334,0x00000131,88,2127,0x00000000,82684
3335,0x0000017b,12,44,0x00000000,3842
3336,0x00000168,84,1170,0x00000000,62986
3337,0x00000176,59,48,0x00000000,4081
3338,0x00000151,41,29,0x00000000,4567
3339,0x00000147,1296,122,0x00000000,99364
3340,0x0000017e,20,62,0x00000000,973
3341,0x0000017e,20,62,0x00000000,815
3342,0x0000017e,20,62,0x00000000,853
3343,0x0000017e,20,62,0x00000000,854
3344,0x0000017e,20,62,0x00000000,844
3345,0x0000017e,20,62,0x00000000,854
3346,0x0000017e,20,62,0x00000000,1966
3347,0x0000017e,20,62,0x00000000,954
3348,0x0000017e,20,62,0x00000000,993
3349,0x0000017e,20,62,0x00000000,1350
3350,0x0000017e,20,62,0x00000000,1767
3351,0x0000017e,20,62,0x00000000,2472
3352,0x0000017e,20,62,0x00000000,1678
3353,0x0000017e,20,62,0x00000000,1082
3354,0x0000017e,20,62,0x00000000,1341
3355,0x0000017e,20,62,0x00000000,1141
3356,0x0000017b,12,44,0x00000000,5471
3357,0x00000158,105,3479,0x00000000,498050
3358,0x00000165,14,10,0x00000000,3863
3359,0x00000165,14,10,0x00000000,2909
3360,0x00000145,12,10,0x00000000,78552142
3361,0x00000144,12,10,0x00000100,1127
3362,0x00000143,11,10,0x00000000,4679
3363,0x0000017a,22,83,0x00000000,741
3364,0x0000017a,22,27,0x00000000,640
3365,0x00000131,89,1392,0x00000000,24929
3366,0x00000131,88,2127,0x00000000,23731
3367,0x0000017b,12,44,0x00000000,6324
3368,0x00000168,84,1170,0x00000000,66362
3369,0x00000176,59,48,0x00000000,3735
3370,0x00000151,41,29,0x00000000,3299
3371,0x00000147,1296,122,0x00000000,89160
3372,0x0000017e,20,62,0x00000000,1299
3373,0x0000017e,20,62,0x00000000,1258
3374,0x0000017e,20,62,0x00000000,863
3375,0x0000017e,20,62,0x00000000,853
3376,0x0000017e,20,62,0x00000000,842
3377,0x0000017e,20,62,0x00000000,954
3378,0x0000017e,20,62,0x00000000,883
3379,0x0000017e,20,62,0x00000000,843
3380,0x0000017e,20,62,0x00000000,933
3381,0x0000017e,20,62,0x00000000,965
3382,0x0000017e,20,62,0x00000000,954
3383,0x0000017e,20,62,0x00000000,883
3384,0x0000017e,20,62,0x00000000,832
3385,0x0000017e,20,62,0x00000000,863
3386,0x0000017e,20,62,0x00000000,894
3387,0x0000017e,20,62,0x00000000,863
3388,0x0000017b,12,44,0x00000000,7410
3389,0x00000158,105,3479,0x00000000,582929
3390,0x00000165,14,10,0x00000000,3259
3391,0x00000165,14,10,0x00000000,3502
3392,0x00000145,12,10,0x00000000,83672111
3393,0x00000144,12,10,0x00000100,1391
3394,0x00000143,11,10,0x00000000,5715
3395,0x0000017a,22,83,0x00000000,883
3396,0x0000017a,22,27,0x00000000,639
3397,0x00000131,89,1392,0x00000000,25375
3398,0x00000131,88,2127,0x00000000,23965
3399,0x0000017b,12,44,0x00000000,2497
3400,0x00000168,84,1170,0x00000000,60414
3401,0x00000176,59,48,0x00000000,3949
3402,0x00000151,41,29,0x00000000,3197
3403,0x00000147,1296,122,0x00000000,107623
3404,0x0000017e,20,62,0x00000000,1278
3405,0x0000017e,20,62,0x00000000,792
3406,0x0000017e,20,62,0x00000000,974
3407,0x0000017e,20,62,0x00000000,863
3408,0x0000017e,20,62,0x00000000,812
3409,0x0000017e,20,62,0x00000000,852
3410,0x0000017e,20,62,0x00000000,873
3411,0x0000017e,20,62,0x00000000,883
3412,0x0000017e,20,62,0x00000000,853
3413,0x0000017e,20,62,0x00000000,883
3414,0x0000017e,20,62,0x00000000,873
3415,0x0000017e,20,62,0x00000000,934
3416,0x0000017e,20,62,0x00000000,853
3417,0x0000017e,20,62,0x00000000,862
3418,0x0000017e,20,62,0x00000000,833
3419,0x0000017e,20,62,0x00000000,842
3420,0x0000017b,12,44,0x00000000,5359
3421,0x00000158,105,3479,0x00000000,716395
3422,0x00000165,14,10,0x00000000,2040
3423,0x00000165,14,10,0x00000000,2203
3424,0x00000145,12,10,0x00000000,77009713
3425,0x00000144,12,10,0x00000100,1136
3426,0x00000143,11,10,0x00000000,5096
3427,0x0000017a,22,83,0x00000000,1959
3428,0x0000017a,22,27,0x00000000,1056
3429,0x00000131,89,1392,0x00000000,25559
3430,0x00000131,88,2127,0x00000000,29994
3431,0x0000017b,12,44,0x00000000,3116
3432,0x00000168,84,1170,0x00000000,113135
3433,0x00000176,59,48,0x00000000,3826
3434,0x00000151,41,29,0x00000000,3593
3435,0x00000147,1296,122,0x00000000,95179
3436,0x0000017e,20,62,0x00000000,1878
3437,0x0000017e,20,62,0x00000000,2192
3438,0x0000017e,20,62,0x00000000,1076
3439,0x0000017e,20,62,0x00000000,985
3440,0x0000017e,20,62,0x00000000,1177
3441,0x0000017e,20,62,0x00000000,1432
3442,0x0000017e,20,62,0x00000000,1330
3443,0x0000017e,20,62,0x00000000,872
3444,0x0000017e,20,62,0x00000000,1258
3445,0x0000017e,20,62,0x00000000,965
3446,0x0000017e,20,62,0x00000000,934
3447,0x0000017e,20,62,0x00000000,894
3448,0x0000017e,20,62,0x00000000,822
3449,0x0000017e,20,62,0x00000000,853
3450,0x0000017e,20,62,0x00000000,751
3451,0x0000017e,20,62,0x00000000,791
3452,0x0000017b,12,44,0x00000000,5208
3453,0x00000158,105,3479,0x00000000,267033
3454,0x00000165,14,10,0x00000000,1887
3455,0x00000165,14,10,0x00000000,1725
3456,0x00000145,12,10,0x00000000,83883227
3457,0x00000144,12,10,0x00000100,1076
3458,0x00000143,11,10,0x00000000,4192
3459,0x0000017a,22,83,0x00000000,782
3460,0x0000017a,22,27,0x00000000,731
3461,0x00000131,89,1392,0x00000000,39393
3462,0x00000131,88,2127,0x00000000,23264
3463,0x0000017b,12,44,0x00000000,2568
3464,0x00000168,84,1170,0x00000000,60547
3465,0x00000176,59,48,0x00000000,3583
3466,0x00000151,41,29,0x00000000,3177
3467,0x00000147,1296,122,0x00000000,135404
3468,0x0000017e,20,62,0x00000000,954
3469,0x0000017e,20,62,0x00000000,843
3470,0x0000017e,20,62,0x00000000,903
3471,0x0000017e,20,62,0x00000000,1015
3472,0x0000017e,20,62,0x00000000,853
3473,0x0000017e,20,62,0x00000000,791
3474,0x0000017e,20,62,0x00000000,852
3475,0x0000017e,20,62,0x00000000,852
3476,0x0000017e,20,62,0x00000000,893
3477,0x0000017e,20,62,0x00000000,863
3478,0x0000017e,20,62,0x00000000,852
3479,0x0000017e,20,62,0x00000000,884
3480,0x0000017e,20,62,0x00000000,842
3481,0x0000017e,20,62,0x00000000,853
3482,0x0000017e,20,62,0x00000000,863
3483,0x0000017e,20,62,0x00000000,873
3484,0x0000017b,12,44,0x00000000,4456
3485,0x00000158,105,3479,0x00000000,416637
3486,0x00000165,14,10,0x00000000,2405
3487,0x00000165,14,10,0x00000000,2183
3488,0x00000145,12,10,0x00000000,76509467
3489,0x00000144,12,10,0x00000100,1117
3490,0x00000143,11,10,0x00000000,4324
3491,0x0000017a,22,83,0x00000000,782
3492,0x0000017a,22,27,0x00000000,680
3493,0x00000131,89,1392,0x00000000,25224
3494,0x00000131,88,2127,0x00000000,23457
3495,0x0000017b,12,44,0x00000000,2659
3496,0x00000168,84,1170,0x00000000,78675
3497,0x00000176,59,48,0x00000000,3613
3498,0x00000151,41,29,0x00000000,7460
3499,0x00000147,1296,122,0x00000000,89312
3500,0x0000017e,20,62,0x00000000,944
3501,0x0000017e,20,62,0x00000000,1371
3502,0x0000017e,20,62,0x00000000,1218
3503,0x0000017e,20,62,0x00000000,843
3504,0x0000017e,20,62,0x00000000,863
3505,0x0000017e,20,62,0x00000000,954
3506,0x0000017e,20,62,0x00000000,1066
3507,0x0000017e,20,62,0x00000000,974
3508,0x0000017e,20,62,0x00000000,1989
3509,0x0000017e,20,62,0x00000000,1492
3510,0x0000017e,20,62,0x00000000,934
3511,0x0000017e,20,62,0x00000000,862
3512,0x0000017e,20,62,0x00000000,873
3513,0x0000017e,20,62,0x00000000,883
3514,0x0000017e,20,62,0x00000000,863
3515,0x0000017e,20,62,0x00000000,853
3516,0x0000017b,12,44,0x00000000,5086
3517,0x00000158,105,3479,0x00000000,784442
3518,0x00000165,14,10,0x00000000,2446
3519,0x00000165,14,10,0x00000000,1806
3520,0x00000145,12,10,0x00000000,77545653
3521,0x00000144,12,10,0x00000100,1076
3522,0x00000143,11,10,0x00000000,5694
3523,0x0000017a,22,83,0x00000000,914
3524,0x0000017a,22,27,0x00000000,2101
3525,0x00000131,89,1392,0x00000000,28218
3526,0x00000131,88,2127,0x00000000,23163
3527,0x0000017b,12,44,0x00000000,2944
3528,0x00000168,84,1170,0x00000000,61663
3529,0x00000176,59,48,0x00000000,3806
3530,0x00000151,41,29,0x00000000,3309
3531,0x00000147,1296,122,0x00000000,136825
3532,0x0000017e,20,62,0x00000000,1137
3533,0x0000017e,20,62,0x00000000,2152
3534,0x0000017e,20,62,0x00000000,843
3535,0x0000017e,20,62,0x00000000,934
3536,0x0000017e,20,62,0x00000000,1218
3537,0x0000017e,20,62,0x00000000,1015
3538,0x0000017e,20,62,0x00000000,1076
3539,0x0000017e,20,62,0x00000000,1096
3540,0x0000017e,20,62,0x00000000,1299
3541,0x0000017e,20,62,0x00000000,1005
3542,0x0000017e,20,62,0x00000000,1461
3543,0x0000017e,20,62,0x00000000,1279
3544,0x0000017e,20,62,0x00000000,873
3545,0x0000017e,20,62,0x00000000,883
3546,0x0000017e,20,62,0x00000000,883
3547,0x0000017e,20,62,0x00000000,893
3548,0x0000017b,12,44,0x00000000,5237
3549,0x00000158,105,3479,0x00000000,329650
3550,0x00000165,14,10,0x00000000,2081
3551,0x00000165,14,10,0x00000000,2254
3552,0x00000145,12,10,0x00000000,78242734
3553,0x00000144,12,10,0x00000100,1106
3554,0x00000143,11,10,0x00000000,5085
3555,0x0000017a,22,83,0x00000000,751
3556,0x0000017a,22,27,0x00000000,690
3557,0x00000131,89,1392,0x00000000,24279
3558,0x00000131,88,2127,0x00000000,23599
3559,0x0000017b,12,44,0x00000000,2507
3560,0x00000168,84,1170,0x00000000,60475
3561,0x00000176,59,48,0x00000000,3999
3562,0x00000151,41,29,0x00000000,3492
3563,0x00000147,1296,122,0x00000000,92225
3564,0x0000017e,20,62,0x00000000,1644
3565,0x0000017e,20,62,0x00000000,1066
3566,0x0000017e,20,62,0x00000000,863
3567,0x0000017e,20,62,0x00000000,862
3568,0x0000017e,20,62,0x00000000,863
3569,0x0000017e,20,62,0x00000000,853
3570,0x0000017e,20,62,0x00000000,873
3571,0x0000017e,20,62,0x00000000,872
3572,0x0000017e,20,62,0x00000000,853
3573,0x0000017e,20,62,0x00000000,873
3574,0x0000017e,20,62,0x00000000,873
3575,0x0000017e,20,62,0x00000000,883
3576,0x0000017e,20,62,0x00000000,873
3577,0x0000017e,20,62,0x00000000,883
3578,0x0000017e,20,62,0x00000000,842
3579,0x0000017e,20,62,0x00000000,822
3580,0x0000017b,12,44,0x00000000,4608
3581,0x00000158,105,3479,0x00000000,438440
3582,0x00000165,14,10,0x00000000,1928
3583,0x00000165,14,10,0x00000000,1837
3584,0x00000145,12,10,0x00000000,84299672
3585,0x00000144,12,10,0x00000100,1116
3586,0x00000143,11,10,0x00000000,5410
3587,0x0000017a,22,83,0x00000000,761
3588,0x0000017a,22,27,0x00000000,650
3589,0x00000131,89,1392,0x00000000,25214
3590,0x00000131,88,2127,0x00000000,24025
3591,0x0000017b,12,44,0x00000000,2680
3592,0x00000168,84,1170,0x00000000,62211
3593,0x00000176,59,48,0x00000000,3552
3594,0x00000151,41,29,0x00000000,3167
3595,0x00000147,1296,122,0x00000000,109562
3596,0x0000017e,20,62,0x00000000,1147
3597,0x0000017e,20,62,0x00000000,863
3598,0x0000017e,20,62,0x00000000,863
3599,0x0000017e,20,62,0x00000000,883
3600,0x0000017e,20,62,0x00000000,863
3601,0x0000017e,20,62,0x00000000,873
3602,0x0000017e,20,62,0x00000000,853
3603,0x0000017e,20,62,0x00000000,873
3604,0x0000017e,20,62,0x00000000,883
3605,0x0000017e,20,62,0x00000000,1147
3606,0x0000017e,20,62,0x00000000,862
3607,0x0000017e,20,62,0x00000000,883
3608,0x0000017e,20,62,0x00000000,2000
3609,0x0000017e,20,62,0x00000000,1340
3610,0x0000017e,20,62,0x00000000,884
3611,0x0000017e,20,62,0x00000000,842
3612,0x0000017b,12,44,0x00000000,5116
3613,0x00000158,105,3479,0x00000000,235506
3614,0x00000165,14,10,0x00000000,3908
3615,0x00000165,14,10,0x00000000,1980
3616,0x00000145,12,10,0x00000000,77827731
3617,0x00000144,12,10,0x00000100,2010
3618,0x00000143,11,10,0x00000000,7612
3619,0x0000017a,22,83,0x00000000,1482
3620,0x0000017a,22,27,0x00000000,629
3621,0x00000131,89,1392,0x00000000,27010
3622,0x00000131,88,2127,0x00000000,23396
3623,0x0000017b,12,44,0x00000000,2985
3624,0x00000168,84,1170,0x00000000,64779
3625,0x00000176,59,48,0x00000000,3643
3626,0x00000151,41,29,0x00000000,3431
3627,0x00000147,1296,122,0x00000000,90003
3628,0x0000017e,20,62,0x00000000,924
3629,0x0000017e,20,62,0x00000000,873
3630,0x0000017e,20,62,0x00000000,873
3631,0x0000017e,20,62,0x00000000,853
3632,0x0000017e,20,62,0x00000000,853
3633,0x0000017e,20,62,0x00000000,853
3634,0x0000017e,20,62,0x00000000,894
3635,0x0000017e,20,62,0x00000000,863
3636,0x0000017e,20,62,0x00000000,863
3637,0x0000017e,20,62,0x00000000,1086
3638,0x0000017e,20,62,0x00000000,873
3639,0x0000017e,20,62,0x00000000,873
3640,0x0000017e,20,62,0x00000000,873
3641,0x0000017e,20,62,0x00000000,873
3642,0x0000017e,20,62,0x00000000,883
3643,0x0000017e,20,62,0x00000000,832
3644,0x0000017b,12,44,0x00000000,3745
3645,0x00000158,105,3479,0x00000000,324605
3646,0x00000165,14,10,0x00000000,1716
3647,0x00000165,14,10,0x00000000,1634
3648,0x00000145,12,10,0x00000000,83000724
3649,0x00000144,12,10,0x00000100,1326
3650,0x00000143,11,10,0x00000000,4970
3651,0x0000017a,22,83,0x00000000,2267
3652,0x0000017a,22,27,0x00000000,1104
3653,0x00000131,89,1392,0x00000000,26824
3654,0x00000131,88,2127,0x00000000,23980
3655,0x0000017b,12,44,0x00000000,3189
3656,0x00000168,84,1170,0x00000000,61920
3657,0x00000176,59,48,0x00000000,3907
3658,0x00000151,41,29,0x00000000,3371
3659,0x00000147,1296,122,0x00000000,91619
3660,0x0000017e,20,62,0x00000000,1326
3661,0x0000017e,20,62,0x00000000,860
3662,0x0000017e,20,62,0x00000000,2642
3663,0x0000017e,20,62,0x00000000,941
3664,0x0000017e,20,62,0x00000000,870
3665,0x0000017e,20,62,0x00000000,851
3666,0x0000017e,20,62,0x00000000,851
3667,0x0000017e,20,62,0x00000000,890
3668,0x0000017e,20,62,0x00000000,860
3669,0x0000017e,20,62,0x00000000,860
3670,0x0000017e,20,62,0x00000000,840
3671,0x0000017e,20,62,0x00000000,850
3672,0x0000017e,20,62,0x00000000,861
3673,0x0000017e,20,62,0x00000000,881
3674,0x0000017e,20,62,0x00000000,860
3675,0x0000017e,20,62,0x00000000,870
3676,0x0000017b,12,44,0x00000000,3300
3677,0x00000158,105,3479,0x00000000,452041
3678,0x00000165,14,10,0x00000000,1822
3679,0x00000165,14,10,0x00000000,1600
3680,0x00000145,12,10,0x00000000,76420608
3681,0x00000144,12,10,0x00000100,1407
3682,0x00000143,11,10,0x00000000,4494
3683,0x0000017a,22,83,0x00000000,800
3684,0x0000017a,22,27,0x00000000,911
3685,0x00000131,89,1392,0x00000000,25053
3686,0x00000131,88,2127,0x00000000,24031
3687,0x0000017b,12,44,0x00000000,2612
3688,0x00000168,84,1170,0x00000000,60675
3689,0x00000176,59,48,0x00000000,4120
3690,0x00000151,41,29,0x00000000,3270
3691,0x00000147,1296,122,0x00000000,89260
3692,0x0000017e,20,62,0x00000000,971
3693,0x0000017e,20,62,0x00000000,2784
3694,0x0000017e,20,62,0x00000000,1974
3695,0x0000017e,20,62,0x00000000,961
3696,0x0000017e,20,62,0x00000000,1194
3697,0x0000017e,20,62,0x00000000,921
3698,0x0000017e,20,62,0x00000000,851
3699,0x0000017e,20,62,0x00000000,881
3700,0x0000017e,20,62,0x00000000,1073
3701,0x0000017e,20,62,0x00000000,850
3702,0x0000017e,20,62,0x00000000,891
3703,0x0000017e,20,62,0x00000000,941
3704,0x0000017e,20,62,0x00000000,912
3705,0x0000017e,20,62,0x00000000,850
3706,0x0000017e,20,62,0x00000000,890
3707,0x0000017e,20,62,0x00000000,819
3708,0x0000017b,12,44,0x00000000,5405
3709,0x00000158,105,3479,0x00000000,259866
3710,0x00000165,14,10,0x00000000,1772
3711,0x00000165,14,10,0x00000000,1620
3712,0x00000145,12,10,0x00000000,83294123
3713,0x00000144,12,10,0x00000100,1185
3714,0x00000143,11,10,0x00000000,4626
3715,0x0000017a,22,83,0x00000000,759
3716,0x0000017a,22,27,0x00000000,658
3717,0x00000131,89,1392,0x00000000,24467
3718,0x00000131,88,2127,0x00000000,23423
3719,0x0000017b,12,44,0x00000000,2389
3720,0x00000168,84,1170,0x00000000,60998
3721,0x00000176,59,48,0x00000000,3472
3722,0x00000151,41,29,0x00000000,3159
3723,0x00000147,1296,122,0x00000000,105527
3724,0x0000017e,20,62,0x00000000,1043
3725,0x0000017e,20,62,0x00000000,840
3726,0x0000017e,20,62,0x00000000,870
3727,0x0000017e,20,62,0x00000000,840
3728,0x0000017e,20,62,0x00000000,851
3729,0x0000017e,20,62,0x00000000,871
3730,0x0000017e,20,62,0x00000000,2086
3731,0x0000017e,20,62,0x00000000,1195
3732,0x0000017e,20,62,0x00000000,850
3733,0x0000017e,20,62,0x00000000,870
3734,0x0000017e,20,62,0x00000000,850
3735,0x0000017e,20,62,0x00000000,1154
3736,0x0000017e,20,62,0x00000000,881
3737,0x0000017e,20,62,0x00000000,3077
3738,0x0000017e,20,62,0x00000000,962
3739,0x0000017e,20,62,0x00000000,2723
3740,0x0000017b,12,44,0x00000000,5244
3741,0x00000158,105,3479,0x00000000,460747
3742,0x00000165,14,10,0x00000000,1710
3743,0x00000165,14,10,0x00000000,1620
3744,0x00000145,12,10,0x00000000,79924873
3745,0x00000144,12,10,0x00000100,1306
3746,0x00000143,11,10,0x00000000,5921
3747,0x0000017a,22,83,0x00000000,738
3748,0x0000017a,22,27,0x00000000,668
3749,0x00000131,89,1392,0x00000000,25863
3750,0x00000131,88,2127,0x00000000,23110
3751,0x0000017b,12,44,0x00000000,2753
3752,0x00000168,84,1170,0x00000000,60320
3753,0x00000176,59,48,0x00000000,3563
3754,0x00000151,41,29,0x00000000,3675
3755,0x00000147,1296,122,0x00000000,96731
3756,0x0000017e,20,62,0x00000000,1154
3757,0x0000017e,20,62,0x00000000,1225
3758,0x0000017e,20,62,0x00000000,1002
3759,0x0000017e,20,62,0x00000000,840
3760,0x0000017e,20,62,0x00000000,871
3761,0x0000017e,20,62,0x00000000,830
3762,0x0000017e,20,62,0x00000000,860
3763,0x0000017e,20,62,0x00000000,830
3764,0x0000017e,20,62,0x00000000,830
3765,0x0000017e,20,62,0x00000000,860
3766,0x0000017e,20,62,0x00000000,830
3767,0x0000017e,20,62,0x00000000,890
3768,0x0000017e,20,62,0x00000000,932
3769,0x0000017e,20,62,0x00000000,861
3770,0x0000017e,20,62,0x00000000,880
3771,0x0000017e,20,62,0x00000000,861
3772,0x0000017b,12,44,0x00000000,4768
3773,0x00000158,105,3479,0x00000000,231644
3774,0x00000165,14,10,0x00000000,1731
3775,0x00000165,14,10,0x00000000,1610
3776,0x00000145,12,10,0x00000000,82020701
3777,0x00000144,12,10,0x00000100,1458
3778,0x00000143,11,10,0x00000000,5294
3779,0x0000017a,22,83,0x00000000,871
3780,0x0000017a,22,27,0x00000000,658
3781,0x00000131,89,1392,0x00000000,24831
3782,0x00000131,88,2127,0x00000000,23312
3783,0x0000017b,12,44,0x00000000,3674
3784,0x00000168,84,1170,0x00000000,62730
3785,0x00000176,59,48,0x00000000,4130
3786,0x00000151,41,29,0x00000000,3735
3787,0x00000147,1296,122,0x00000000,91943
3788,0x0000017e,20,62,0x00000000,1033
3789,0x0000017e,20,62,0x00000000,861
3790,0x0000017e,20,62,0x00000000,881
3791,0x0000017e,20,62,0x00000000,880
3792,0x0000017e,20,62,0x00000000,880
3793,0x0000017e,20,62,0x00000000,871
3794,0x0000017e,20,62,0x00000000,851
3795,0x0000017e,20,62,0x00000000,870
3796,0x0000017e,20,62,0x00000000,860
3797,0x0000017e,20,62,0x00000000,860
3798,0x0000017e,20,62,0x00000000,871
3799,0x0000017e,20,62,0x00000000,870
3800,0x0000017e,20,62,0x00000000,881
3801,0x0000017e,20,62,0x00000000,891
3802,0x0000017e,20,62,0x00000000,871
3803,0x0000017e,20,62,0x00000000,880
3804,0x0000017b,12,44,0x00000000,4889
3805,0x00000158,105,3479,0x00000000,464694
3806,0x00000165,14,10,0x00000000,1741
3807,0x00000165,14,10,0x00000000,1660
3808,0x00000145,12,10,0x00000000,77407817
3809,0x00000144,12,10,0x00000100,1296
3810,0x00000143,11,10,0x00000000,5648
3811,0x0000017a,22,83,0x00000000,729
3812,0x0000017a,22,27,0x00000000,689
3813,0x00000131,89,1392,0x00000000,24588
3814,0x00000131,88,2127,0x00000000,23534
3815,0x0000017b,12,44,0x00000000,2693
3816,0x00000168,84,1170,0x00000000,60938
3817,0x00000176,59,48,0x00000000,4444
3818,0x00000151,41,29,0x00000000,3249
3819,0x00000147,1296,122,0x00000000,147111
3820,0x0000017e,20,62,0x00000000,961
3821,0x0000017e,20,62,0x00000000,992
3822,0x0000017e,20,62,0x00000000,860
3823,0x0000017e,20,62,0x00000000,860
3824,0x0000017e,20,62,0x00000000,860
3825,0x0000017e,20,62,0x00000000,850
3826,0x0000017e,20,62,0x00000000,992
3827,0x0000017e,20,62,0x00000000,861
3828,0x0000017e,20,62,0x00000000,880
3829,0x0000017e,20,62,0x00000000,1103
3830,0x0000017e,20,62,0x00000000,921
3831,0x0000017e,20,62,0x00000000,830
3832,0x0000017e,20,62,0x00000000,2349
3833,0x0000017e,20,62,0x00000000,921
3834,0x0000017e,20,62,0x00000000,1690
3835,0x0000017e,20,62,0x00000000,911
3836,0x0000017b,12,44,0x00000000,6509
3837,0x00000158,105,3479,0x00000000,395365
3838,0x00000165,14,10,0x00000000,3918
3839,0x00000165,14,10,0x00000000,1660
3840,0x00000145,12,10,0x00000000,86173344
3841,0x00000144,12,10,0x00000100,1245
3842,0x00000143,11,10,0x00000000,5861
3843,0x0000017a,22,83,0x00000000,931
3844,0x0000017a,22,27,0x00000000,689
3845,0x00000131,89,1392,0x00000000,40025
3846,0x00000131,88,2127,0x00000000,23605
3847,0x0000017b,12,44,0x00000000,2582
3848,0x00000168,84,1170,0x00000000,61251
3849,0x00000176,59,48,0x00000000,3826
3850,0x00000151,41,29,0x00000000,3229
3851,0x00000147,1296,122,0x00000000,89048
3852,0x0000017e,20,62,0x00000000,952
3853,0x0000017e,20,62,0x00000000,871
3854,0x0000017e,20,62,0x00000000,871
3855,0x0000017e,20,62,0x00000000,860
3856,0x0000017e,20,62,0x00000000,860
3857,0x0000017e,20,62,0x00000000,1134
3858,0x0000017e,20,62,0x00000000,951
3859,0x0000017e,20,62,0x00000000,871
3860,0x0000017e,20,62,0x00000000,861
3861,0x0000017e,20,62,0x00000000,871
3862,0x0000017e,20,62,0x00000000,2389
3863,0x0000017e,20,62,0x00000000,1336
3864,0x0000017e,20,62,0x00000000,881
3865,0x0000017e,20,62,0x00000000,1002
3866,0x0000017e,20,62,0x00000000,1143
3867,0x0000017e,20,62,0x00000000,881
3868,0x0000017b,12,44,0x00000000,6053
3869,0x00000158,105,3479,0x00000000,376285
3870,0x00000165,14,10,0x00000000,2156
3871,0x00000165,14,10,0x00000000,1619
3872,0x00000145,12,10,0x00000000,76487589
3873,0x00000144,12,10,0x00000100,1934
3874,0x00000143,11,10,0x00000000,6509
3875,0x0000017a,22,83,0x00000000,769
3876,0x0000017a,22,27,0x00000000,668
3877,0x00000131,89,1392,0x00000000,24932
3878,0x00000131,88,2127,0x00000000,23484
3879,0x0000017b,12,44,0x00000000,2743
3880,0x00000168,84,1170,0x00000000,59966
3881,0x00000176,59,48,0x00000000,3766
3882,0x00000151,41,29,0x00000000,3199
3883,0x00000147,1296,122,0x00000000,88926
3884,0x0000017e,20,62,0x00000000,1002
3885,0x0000017e,20,62,0x00000000,861
3886,0x0000017e,20,62,0x00000000,861
3887,0x0000017e,20,62,0x00000000,871
3888,0x0000017e,20,62,0x00000000,850
3889,0x0000017e,20,62,0x00000000,861
3890,0x0000017e,20,62,0x00000000,861
3891,0x0000017e,20,62,0x00000000,871
3892,0x0000017e,20,62,0x00000000,871
3893,0x0000017e,20,62,0x00000000,871
3894,0x0000017e,20,62,0x00000000,870
3895,0x0000017e,20,62,0x00000000,891
3896,0x0000017e,20,62,0x00000000,860
3897,0x0000017e,20,62,0x00000000,891
3898,0x0000017e,20,62,0x00000000,861
3899,0x0000017e,20,62,0x00000000,871
3900,0x0000017b,12,44,0x00000000,3259
3901,0x00000158,105,3479,0x00000000,602634
3902,0x00000165,14,10,0x00000000,1751
3903,0x00000165,14,10,0x00000000,1700
3904,0x00000145,12,10,0x00000000,81462395
3905,0x00000144,12,10,0x00000100,1417
3906,0x00000143,11,10,0x00000000,4464
3907,0x0000017a,22,83,0x00000000,921
3908,0x0000017a,22,27,0x00000000,729
3909,0x00000131,89,1392,0x00000000,39377
3910,0x00000131,88,2127,0x00000000,31349
3911,0x0000017b,12,44,0x00000000,5294
3912,0x00000168,84,1170,0x00000000,66191
3913,0x00000176,59,48,0x00000000,6468
3914,0x00000151,41,29,0x00000000,6347
3915,0x00000147,1296,122,0x00000000,108270
3916,0x0000017e,20,62,0x00000000,2531
3917,0x0000017e,20,62,0x00000000,2186
3918,0x0000017e,20,62,0x00000000,2034
3919,0x0000017e,20,62,0x00000000,982
3920,0x0000017e,20,62,0x00000000,1002
3921,0x0000017e,20,62,0x00000000,1032
3922,0x0000017e,20,62,0x00000000,769
3923,0x0000017e,20,62,0x00000000,952
3924,0x0000017e,20,62,0x00000000,1610
3925,0x0000017e,20,62,0x00000000,1104
3926,0x0000017e,20,62,0x00000000,851
3927,0x0000017e,20,62,0x00000000,931
3928,0x0000017e,20,62,0x00000000,901
3929,0x0000017e,20,62,0x00000000,810
3930,0x0000017e,20,62,0x00000000,1306
3931,0x0000017e,20,62,0x00000000,1485
3932,0x0000017b,12,44,0x00000000,5090
3933,0x00000158,105,3479,0x00000000,351632
3934,0x00000165,14,10,0x00000000,3847
3935,0x00000165,14,10,0x00000000,1939
3936,0x00000145,12,10,0x00000000,76963336
3937,0x00000144,12,10,0x00000100,1485
3938,0x00000143,11,10,0x00000000,5766
3939,0x0000017a,22,83,0x00000000,748
3940,0x0000017a,22,27,0x00000000,646
3941,0x00000131,89,1392,0x00000000,25549
3942,0x00000131,88,2127,0x00000000,24649
3943,0x0000017b,12,44,0x00000000,3423
3944,0x00000168,84,1170,0x00000000,66921
3945,0x00000176,59,48,0x00000000,4757
3946,0x00000151,41,29,0x00000000,3595
3947,0x00000147,1296,122,0x00000000,95075
3948,0x0000017e,20,62,0x00000000,949
3949,0x0000017e,20,62,0x00000000,899
3950,0x0000017e,20,62,0x00000000,859
3951,0x0000017e,20,62,0x00000000,839
3952,0x0000017e,20,62,0x00000000,848
3953,0x0000017e,20,62,0x00000000,1232
3954,0x0000017e,20,62,0x00000000,909
3955,0x0000017e,20,62,0x00000000,939
3956,0x0000017e,20,62,0x00000000,2575
3957,0x0000017e,20,62,0x00000000,889
3958,0x0000017e,20,62,0x00000000,1141
3959,0x0000017e,20,62,0x00000000,1040
3960,0x0000017e,20,62,0x00000000,1192
3961,0x0000017e,20,62,0x00000000,848
3962,0x0000017e,20,62,0x00000000,2293
3963,0x0000017e,20,62,0x00000000,899
3964,0x0000017b,12,44,0x00000000,5806
3965,0x00000158,105,3479,0x00000000,305210
3966,0x00000165,14,10,0x00000000,1888
3967,0x00000165,14,10,0x00000000,1687
3968,0x00000145,12,10,0x00000000,78488162
3969,0x00000144,12,10,0x00000100,1383
3970,0x00000143,11,10,0x00000000,4645
3971,0x0000017a,22,83,0x00000000,778
3972,0x0000017a,22,27,0x00000000,677
3973,0x00000131,89,1392,0x00000000,24802
3974,0x00000131,88,2127,0x00000000,23610
3975,0x0000017b,12,44,0x00000000,2968
3976,0x00000168,84,1170,0x00000000,61630
3977,0x00000176,59,48,0x00000000,3706
3978,0x00000151,41,29,0x00000000,3585
3979,0x00000147,1296,122,0x00000000,99154
3980,0x0000017e,20,62,0x00000000,1081
3981,0x0000017e,20,62,0x00000000,2343
3982,0x0000017e,20,62,0x00000000,1110
3983,0x0000017e,20,62,0x00000000,929
3984,0x0000017e,20,62,0x00000000,1414
3985,0x0000017e,20,62,0x00000000,869
3986,0x0000017e,20,62,0x00000000,859
3987,0x0000017e,20,62,0x00000000,869
3988,0x0000017e,20,62,0x00000000,878
3989,0x0000017e,20,62,0x00000000,858
3990,0x0000017e,20,62,0x00000000,879
3991,0x0000017e,20,62,0x00000000,868
3992,0x0000017e,20,62,0x00000000,859
3993,0x0000017e,20,62,0x00000000,858
3994,0x0000017e,20,62,0x00000000,838
3995,0x0000017e,20,62,0x00000000,970
3996,0x0000017b,12,44,0x00000000,4897
3997,0x00000158,105,3479,0x00000000,618852
3998,0x00000165,14,10,0x00000000,1828
3999,0x00000165,14,10,0x00000000,1615
4000,0x00000145,12,10,0x00000000,72172104
4001,0x00000144,12,10,0x00000100,1232
4002,0x00000143,11,10,0x00000000,5403
4003,0x0000017a,22,83,0x00000000,797
4004,0x0000017a,22,27,0x00000000,667
4005,0x00000131,89,1392,0x00000000,25589
4006,0x00000131,88,2127,0x00000000,23256
4007,0x0000017b,12,44,0x00000000,3312
4008,0x00000168,84,1170,0x00000000,60782
4009,0x00000176,59,48,0x00000000,3868
4010,0x00000151,41,29,0x00000000,3393
4011,0x00000147,1296,122,0x00000000,93248
4012,0x0000017e,20,62,0x00000000,1292
4013,0x0000017e,20,62,0x00000000,879
4014,0x0000017e,20,62,0x00000000,838
4015,0x0000017e,20,62,0x00000000,848
4016,0x0000017e,20,62,0x00000000,798
4017,0x0000017e,20,62,0x00000000,939
4018,0x0000017e,20,62,0x00000000,879
4019,0x0000017e,20,62,0x00000000,879
4020,0x0000017e,20,62,0x00000000,888
4021,0x0000017e,20,62,0x00000000,2252
4022,0x0000017e,20,62,0x00000000,929
4023,0x0000017e,20,62,0x00000000,869
4024,0x0000017e,20,62,0x00000000,879
4025,0x0000017e,20,62,0x00000000,1656
4026,0x0000017e,20,62,0x00000000,949
4027,0x0000017e,20,62,0x00000000,838
4028,0x0000017b,12,44,0x00000000,5776
4029,0x00000158,105,3479,0x00000000,391288
4030,0x00000165,14,10,0x00000000,2090
4031,0x00000165,14,10,0x00000000,1959
4032,0x00000145,12,10,0x00000000,80091937
4033,0x00000144,12,10,0x00000100,1111
4034,0x00000143,11,10,0x00000000,4796
4035,0x0000017a,22,83,0x00000000,738
4036,0x0000017a,22,27,0x00000000,666
4037,0x00000131,89,1392,0x00000000,27841
4038,0x00000131,88,2127,0x00000000,23539
4039,0x0000017b,12,44,0x00000000,2505
4040,0x00000168,84,1170,0x00000000,59802
4041,0x00000176,59,48,0x00000000,3575
4042,0x00000151,41,29,0x00000000,3312
4043,0x00000147,1296,122,0x00000000,88421
4044,0x0000017e,20,62,0x00000000,1242
4045,0x0000017e,20,62,0x00000000,858
4046,0x0000017e,20,62,0x00000000,980
4047,0x0000017e,20,62,0x00000000,2070
4048,0x0000017e,20,62,0x00000000,949
4049,0x0000017e,20,62,0x00000000,858
4050,0x0000017e,20,62,0x00000000,848
4051,0x0000017e,20,62,0x00000000,869
4052,0x0000017e,20,62,0x00000000,1100
4053,0x0000017e,20,62,0x00000000,1070
4054,0x0000017e,20,62,0x00000000,1111
4055,0x0000017e,20,62,0x00000000,1636
4056,0x0000017e,20,62,0x00000000,1273
4057,0x0000017e,20,62,0x00000000,858
4058,0x0000017e,20,62,0x00000000,868
4059,0x0000017e,20,62,0x00000000,858
4060,0x0000017b,12,44,0x00000000,6069
4061,0x00000158,105,3479,0x00000000,261030
4062,0x00000165,14,10,0x00000000,1757
4063,0x00000165,14,10,0x00000000,1929
4064,0x00000145,12,10,0x00000000,72377079
4065,0x00000144,12,10,0x00000100,1312
4066,0x00000143,11,10,0x00000000,4968
4067,0x0000017a,22,83,0x00000000,1949
4068,0x0000017a,22,27,0x00000000,717
4069,0x00000131,89,1392,0x00000000,24984
4070,0x00000131,88,2127,0x00000000,23165
4071,0x0000017b,12,44,0x00000000,2585
4072,0x00000168,84,1170,0x00000000,60650
4073,0x00000176,59,48,0x00000000,3766
4074,0x00000151,41,29,0x00000000,3110
4075,0x00000147,1296,122,0x00000000,88117
4076,0x0000017e,20,62,0x00000000,939
4077,0x0000017e,20,62,0x00000000,859
4078,0x0000017e,20,62,0x00000000,839
4079,0x0000017e,20,62,0x00000000,879
4080,0x0000017e,20,62,0x00000000,879
4081,0x0000017e,20,62,0x00000000,939
4082,0x0000017e,20,62,0x00000000,888
4083,0x0000017e,20,62,0x00000000,869
4084,0x0000017e,20,62,0x00000000,848
4085,0x0000017e,20,62,0x00000000,879
4086,0x0000017e,20,62,0x00000000,869
4087,0x0000017e,20,62,0x00000000,879
4088,0x0000017e,20,62,0x00000000,858
4089,0x0000017e,20,62,0x00000000,889
4090,0x0000017e,20,62,0x00000000,858
4091,0x0000017e,20,62,0x00000000,879
4092,0x0000017b,12,44,0x00000000,4383
4093,0x00000158,105,3479,0x00000000,258203
4094,0x00000165,14,10,0x00000000,1727
4095,0x00000165,14,10,0x00000000,1626
4096,0x00000145,12,10,0x00000000,77113194
4097,0x00000144,12,10,0x00000100,1060
4098,0x00000143,11,10,0x00000000,4504
4099,0x0000017a,22,83,0x00000000,697
4100,0x0000017a,22,27,0x00000000,666
4101,0x00000131,89,1392,0x00000000,24327
4102,0x00000131,88,2127,0x00000000,23155
4103,0x0000017b,12,44,0x00000000,2403
4104,0x00000168,84,1170,0x00000000,62427
4105,0x00000176,59,48,0x00000000,3625
4106,0x00000151,41,29,0x00000000,3504
4107,0x00000147,1296,122,0x00000000,92319
4108,0x0000017e,20,62,0x00000000,2262
4109,0x0000017e,20,62,0x00000000,1384
4110,0x0000017e,20,62,0x00000000,848
4111,0x0000017e,20,62,0x00000000,859
4112,0x0000017e,20,62,0x00000000,869
4113,0x0000017e,20,62,0x00000000,868
4114,0x0000017e,20,62,0x00000000,828
4115,0x0000017e,20,62,0x00000000,839
4116,0x0000017e,20,62,0x00000000,848
4117,0x0000017e,20,62,0x00000000,878
4118,0x0000017e,20,62,0x00000000,868
4119,0x0000017e,20,62,0x00000000,868
4120,0x0000017e,20,62,0x00000000,879
4121,0x0000017e,20,62,0x00000000,888
4122,0x0000017e,20,62,0x00000000,878
4123,0x0000017e,20,62,0x00000000,929
4124,0x0000017b,12,44,0x00000000,5534
4125,0x00000158,105,3479,0x00000000,508235
4126,0x00000165,14,10,0x00000000,2121
4127,0x00000165,14,10,0x00000000,1595
4128,0x00000145,12,10,0x00000000,80863121
4129,0x00000144,12,10,0x00000100,999
4130,0x00000143,11,10,0x00000000,4484
4131,0x0000017a,22,83,0x00000000,798
4132,0x0000017a,22,27,0x00000000,646
4133,0x00000131,89,1392,0x00000000,27659
4134,0x00000131,88,2127,0x00000000,24205
4135,0x0000017b,12,44,0x00000000,2767
4136,0x00000168,84,1170,0x00000000,60136
4137,0x00000176,59,48,0x00000000,3666
4138,0x00000151,41,29,0x00000000,3161
4139,0x00000147,1296,122,0x00000000,92157
4140,0x0000017e,20,62,0x00000000,1222
4141,0x0000017e,20,62,0x00000000,919
4142,0x0000017e,20,62,0x00000000,828
4143,0x0000017e,20,62,0x00000000,868
4144,0x0000017e,20,62,0x00000000,878
4145,0x0000017e,20,62,0x00000000,858
4146,0x0000017e,20,62,0x00000000,848
4147,0x0000017e,20,62,0x00000000,1999
4148,0x0000017e,20,62,0x00000000,1010
4149,0x0000017e,20,62,0x00000000,888
4150,0x0000017e,20,62,0x00000000,848
4151,0x0000017e,20,62,0x00000000,868
4152,0x0000017e,20,62,0x00000000,878
4153,0x0000017e,20,62,0x00000000,959
4154,0x0000017e,20,62,0x00000000,818
4155,0x0000017e,20,62,0x00000000,879
4156,0x0000017b,12,44,0x00000000,5594
4157,0x00000158,105,3479,0x00000000,260060
4158,0x00000165,14,10,0x00000000,2080
4159,0x00000165,14,10,0x00000000,1636
4160,0x00000145,12,10,0x00000000,82961620
4161,0x00000144,12,10,0x00000100,1302
4162,0x00000143,11,10,0x00000000,4484
4163,0x0000017a,22,83,0x00000000,808
4164,0x0000017a,22,27,0x00000000,677
4165,0x00000131,89,1392,0x00000000,23761
4166,0x00000131,88,2127,0x00000000,22964
4167,0x0000017b,12,44,0x00000000,2666
4168,0x00000168,84,1170,0x00000000,59862
4169,0x00000176,59,48,0x00000000,4039
4170,0x00000151,41,29,0x00000000,4726
4171,0x00000147,1296,122,0x00000000,99428
4172,0x0000017e,20,62,0x00000000,1050
4173,0x0000017e,20,62,0x00000000,859
4174,0x0000017e,20,62,0x00000000,2444
4175,0x0000017e,20,62,0x00000000,1081
4176,0x0000017e,20,62,0x00000000,879
4177,0x0000017e,20,62,0x00000000,909
4178,0x0000017e,20,62,0x00000000,869
4179,0x0000017e,20,62,0x00000000,859
4180,0x0000017e,20,62,0x00000000,868
4181,0x0000017e,20,62,0x00000000,878
4182,0x0000017e,20,62,0x00000000,1222
4183,0x0000017e,20,62,0x00000000,889
4184,0x0000017e,20,62,0x00000000,848
4185,0x0000017e,20,62,0x00000000,858
4186,0x0000017e,20,62,0x00000000,878
4187,0x0000017e,20,62,0x00000000,1212
4188,0x0000017b,12,44,0x00000000,5352
4189,0x00000158,105,3479,0x00000000,292941
4190,0x00000165,14,10,0x00000000,1817
4191,0x00000165,14,10,0x00000000,1727
4192,0x00000145,12,10,0x00000000,80630427
4193,0x00000144,12,10,0x00000100,1918
4194,0x00000143,11,10,0x00000000,6907
4195,0x0000017a,22,83,0x00000000,2151
4196,0x0000017a,22,27,0x00000000,636
4197,0x00000131,89,1392,0x00000000,27558
4198,0x00000131,88,2127,0x00000000,30103
4199,0x0000017b,12,44,0x00000000,4675
4200,0x00000168,84,1170,0x00000000,62105
4201,0x00000176,59,48,0x00000000,4121
4202,0x00000151,41,29,0x00000000,4382
4203,0x00000147,1296,122,0x00000000,95681
4204,0x0000017e,20,62,0x00000000,2056
4205,0x0000017e,20,62,0x00000000,856
4206,0x0000017e,20,62,0x00000000,1552
4207,0x0000017e,20,62,0x00000000,1401
4208,0x0000017e,20,62,0x00000000,816
4209,0x0000017e,20,62,0x00000000,847
4210,0x0000017e,20,62,0x00000000,1602
4211,0x0000017e,20,62,0x00000000,917
4212,0x0000017e,20,62,0x00000000,967
4213,0x0000017e,20,62,0x00000000,907
4214,0x0000017e,20,62,0x00000000,866
4215,0x0000017e,20,62,0x00000000,1401
4216,0x0000017e,20,62,0x00000000,927
4217,0x0000017e,20,62,0x00000000,866
4218,0x0000017e,20,62,0x00000000,847
4219,0x0000017e,20,62,0x00000000,1240
4220,0x0000017b,12,44,0x00000000,6782
4221,0x00000158,105,3479,0x00000000,234946
4222,0x00000165,14,10,0x00000000,4585
4223,0x00000165,14,10,0x00000000,2701
4224,0x00000145,12,10,0x00000000,80862741
4225,0x00000144,12,10,0x00000100,1360
4226,0x00000143,11,10,0x00000000,8495
4227,0x0000017a,22,83,0x00000000,1895
4228,0x0000017a,22,27,0x00000000,726
4229,0x00000131,89,1392,0x00000000,28407
4230,0x00000131,88,2127,0x00000000,24245
4231,0x0000017b,12,44,0x00000000,6046
4232,0x00000168,84,1170,0x00000000,69018
4233,0x00000176,59,48,0x00000000,8031
4234,0x00000151,41,29,0x00000000,7235
4235,0x00000147,1296,122,0x00000000,148777
4236,0x0000017e,20,62,0x00000000,2136
4237,0x0000017e,20,62,0x00000000,1622
4238,0x0000017e,20,62,0x00000000,1008
4239,0x0000017e,20,62,0x00000000,967
4240,0x0000017e,20,62,0x00000000,2398
4241,0x0000017e,20,62,0x00000000,2318
4242,0x0000017e,20,62,0x00000000,1441
4243,0x0000017e,20,62,0x00000000,847
4244,0x0000017e,20,62,0x00000000,856
4245,0x0000017e,20,62,0x00000000,796
4246,0x0000017e,20,62,0x00000000,1622
4247,0x0000017e,20,62,0x00000000,20657
4248,0x0000017e,20,62,0x00000000,2579
4249,0x0000017e,20,62,0x00000000,1129
4250,0x0000017e,20,62,0x00000000,2741
4251,0x0000017e,20,62,0x00000000,2630
4252,0x0000017b,12,44,0x00000000,5754
4253,0x00000158,105,3479,0x00000000,354147
4254,0x00000165,14,10,0x00000000,3920
4255,0x00000165,14,10,0x00000000,2872
4256,0x00000145,12,10,0x00000000,81879424
4257,0x00000144,12,10,0x00000100,1078
4258,0x00000143,11,10,0x00000000,5824
4259,0x0000017a,22,83,0x00000000,806
4260,0x0000017a,22,27,0x00000000,685
4261,0x00000131,89,1392,0x00000000,26956
4262,0x00000131,88,2127,0x00000000,23439
4263,0x0000017b,12,44,0x00000000,3013
4264,0x00000168,84,1170,0x00000000,62931
4265,0x00000176,59,48,0x00000000,4041
4266,0x00000151,41,29,0x00000000,8132
4267,0x00000147,1296,122,0x00000000,105467
4268,0x0000017e,20,62,0x00000000,958
4269,0x0000017e,20,62,0x00000000,846
4270,0x0000017e,20,62,0x00000000,847
4271,0x0000017e,20,62,0x00000000,1602
4272,0x0000017e,20,62,0x00000000,1753
4273,0x0000017e,20,62,0x00000000,988
4274,0x0000017e,20,62,0x00000000,1008
4275,0x0000017e,20,62,0x00000000,856
4276,0x0000017e,20,62,0x00000000,867
4277,0x0000017e,20,62,0x00000000,1401
4278,0x0000017e,20,62,0x00000000,866
4279,0x0000017e,20,62,0x00000000,988
4280,0x0000017e,20,62,0x00000000,867
4281,0x0000017e,20,62,0x00000000,877
4282,0x0000017e,20,62,0x00000000,998
4283,0x0000017e,20,62,0x00000000,1734
4284,0x0000017b,12,44,0x00000000,5261
4285,0x00000158,105,3479,0x00000000,289352
4286,0x00000165,14,10,0x00000000,2257
4287,0x00000165,14,10,0x00000000,1602
4288,0x00000145,12,10,0x00000000,75460316
4289,0x00000144,12,10,0x00000100,1410
4290,0x00000143,11,10,0x00000000,5552
4291,0x0000017a,22,83,0x00000000,806
4292,0x0000017a,22,27,0x00000000,624
4293,0x00000131,89,1392,0x00000000,25404
4294,0x00000131,88,2127,0x00000000,26241
4295,0x0000017b,12,44,0x00000000,3033
4296,0x00000168,84,1170,0x00000000,61279
4297,0x00000176,59,48,0x00000000,3850
4298,0x00000151,41,29,0x00000000,3466
4299,0x00000147,1296,122,0x00000000,92215
4300,0x0000017e,20,62,0x00000000,1180
4301,0x0000017e,20,62,0x00000000,906
4302,0x0000017e,20,62,0x00000000,896
4303,0x0000017e,20,62,0x00000000,1088
4304,0x0000017e,20,62,0x00000000,2297
4305,0x0000017e,20,62,0x00000000,1773
4306,0x0000017e,20,62,0x00000000,1300
4307,0x0000017e,20,62,0x00000000,846
4308,0x0000017e,20,62,0x00000000,847
4309,0x0000017e,20,62,0x00000000,856
4310,0x0000017e,20,62,0x00000000,1048
4311,0x0000017e,20,62,0x00000000,2832
4312,0x0000017e,20,62,0x00000000,1058
4313,0x0000017e,20,62,0x00000000,988
4314,0x0000017e,20,62,0x00000000,866
4315,0x0000017e,20,62,0x00000000,866
4316,0x0000017b,12,44,0x00000000,6580
4317,0x00000158,105,3479,0x00000000,308327
4318,0x00000165,14,10,0x00000000,1784
4319,0x00000165,14,10,0x00000000,1643
4320,0x00000145,12,10,0x00000000,82805603
4321,0x00000144,12,10,0x00000100,1128
4322,0x00000143,11,10,0x00000000,5674
4323,0x0000017a,22,83,0x00000000,857
4324,0x0000017a,22,27,0x00000000,655
4325,0x00000131,89,1392,0x00000000,41346
4326,0x00000131,88,2127,0x00000000,23288
4327,0x0000017b,12,44,0x00000000,6913
4328,0x00000168,84,1170,0x00000000,68413
4329,0x00000176,59,48,0x00000000,3930
4330,0x00000151,41,29,0x00000000,3517
4331,0x00000147,1296,122,0x00000000,88638
4332,0x0000017e,20,62,0x00000000,1491
4333,0x0000017e,20,62,0x00000000,1713
4334,0x0000017e,20,62,0x00000000,866
4335,0x0000017e,20,62,0x00000000,857
4336,0x0000017e,20,62,0x00000000,877
4337,0x0000017e,20,62,0x00000000,867
4338,0x0000017e,20,62,0x00000000,1159
4339,0x0000017e,20,62,0x00000000,877
4340,0x0000017e,20,62,0x00000000,857
4341,0x0000017e,20,62,0x00000000,816
4342,0x0000017e,20,62,0x00000000,867
4343,0x0000017e,20,62,0x00000000,887
4344,0x0000017e,20,62,0x00000000,2811
4345,0x0000017e,20,62,0x00000000,1542
4346,0x0000017e,20,62,0x00000000,826
4347,0x0000017e,20,62,0x00000000,917
4348,0x0000017b,12,44,0x00000000,4716
4349,0x00000158,105,3479,0x00000000,418711
4350,0x00000165,14,10,0x00000000,4323
4351,0x00000165,14,10,0x00000000,1945
4352,0x00000145,12,10,0x00000000,77698554
4353,0x00000144,12,10,0x00000100,1663
4354,0x00000143,11,10,0x00000000,7638
4355,0x0000017a,22,83,0x00000000,2580
4356,0x0000017a,22,27,0x00000000,1551
4357,0x00000131,89,1392,0x00000000,35300
4358,0x00000131,88,2127,0x00000000,30070
4359,0x0000017b,12,44,0x00000000,5965
4360,0x00000168,84,1170,0x00000000,93374
4361,0x00000176,59,48,0x00000000,7437
4362,0x00000151,41,29,0x00000000,6873
4363,0x00000147,1296,122,0x00000000,123484
4364,0x0000017e,20,62,0x00000000,1320
4365,0x0000017e,20,62,0x00000000,907
4366,0x0000017e,20,62,0x00000000,927
4367,0x0000017e,20,62,0x00000000,2116
4368,0x0000017e,20,62,0x00000000,2449
4369,0x0000017e,20,62,0x00000000,1845
4370,0x0000017e,20,62,0x00000000,1199
4371,0x0000017e,20,62,0x00000000,1663
4372,0x0000017e,20,62,0x00000000,2428
4373,0x0000017e,20,62,0x00000000,2046
4374,0x0000017e,20,62,0x00000000,988
4375,0x0000017e,20,62,0x00000000,2197
4376,0x0000017e,20,62,0x00000000,1431
4377,0x0000017e,20,62,0x00000000,1944
4378,0x0000017e,20,62,0x00000000,1834
4379,0x0000017e,20,62,0x00000000,857
4380,0x0000017b,12,44,0x00000000,5431
4381,0x00000158,105,3479,0x00000000,309284
4382,0x00000165,14,10,0x00000000,3436
4383,0x00000165,14,10,0x00000000,3850
4384,0x00000145,12,10,0x00000000,86538481
4385,0x00000144,12,10,0x00000100,1693
4386,0x00000143,11,10,0x00000000,6580
4387,0x0000017a,22,83,0x00000000,1300
4388,0x0000017a,22,27,0x00000000,2015
4389,0x00000131,89,1392,0x00000000,27328
4390,0x00000131,88,2127,0x00000000,23520
4391,0x0000017b,12,44,0x00000000,4122
4392,0x00000168,84,1170,0x00000000,64262
4393,0x00000176,59,48,0x00000000,5019
4394,0x00000151,41,29,0x00000000,3869
4395,0x00000147,1296,122,0x00000000,98120
4396,0x0000017e,20,62,0x00000000,1078
4397,0x0000017e,20,62,0x00000000,897
4398,0x0000017e,20,62,0x00000000,958
4399,0x0000017e,20,62,0x00000000,857
4400,0x0000017e,20,62,0x00000000,1068
4401,0x0000017e,20,62,0x00000000,816
4402,0x0000017e,20,62,0x00000000,837
4403,0x0000017e,20,62,0x00000000,1753
4404,0x0000017e,20,62,0x00000000,957
4405,0x0000017e,20,62,0x00000000,846
4406,0x0000017e,20,62,0x00000000,1240
4407,0x0000017e,20,62,0x00000000,867
4408,0x0000017e,20,62,0x00000000,2650
4409,0x0000017e,20,62,0x00000000,2419
4410,0x0000017e,20,62,0x00000000,826
4411,0x0000017e,20,62,0x00000000,837
4412,0x0000017b,12,44,0x00000000,5008
4413,0x00000158,105,3479,0x00000000,311884
4414,0x00000165,14,10,0x00000000,4071
4415,0x00000165,14,10,0x00000000,2216
4416,0x00000145,12,10,0x00000000,84074060
4417,0x00000144,12,10,0x00000100,1632
4418,0x00000143,11,10,0x00000000,6550
4419,0x0000017a,22,83,0x00000000,665
4420,0x0000017a,22,27,0x00000000,1018
4421,0x00000131,89,1392,0x00000000,27449
4422,0x00000131,88,2127,0x00000000,27842
4423,0x0000017b,12,44,0x00000000,6953
4424,0x00000168,84,1170,0x00000000,66538
4425,0x00000176,59,48,0x00000000,4132
4426,0x00000151,41,29,0x00000000,4222
4427,0x00000147,1296,122,0x00000000,111754
4428,0x0000017e,20,62,0x00000000,1380
4429,0x0000017e,20,62,0x00000000,867
4430,0x0000017e,20,62,0x00000000,856
4431,0x0000017e,20,62,0x00000000,2409
4432,0x0000017e,20,62,0x00000000,1955
4433,0x0000017e,20,62,0x00000000,957
4434,0x0000017e,20,62,0x00000000,856
4435,0x0000017e,20,62,0x00000000,857
4436,0x0000017e,20,62,0x00000000,867
4437,0x0000017e,20,62,0x00000000,987
4438,0x0000017e,20,62,0x00000000,987
4439,0x0000017e,20,62,0x00000000,866
4440,0x0000017e,20,62,0x00000000,1098
4441,0x0000017e,20,62,0x00000000,856
4442,0x0000017e,20,62,0x00000000,816
4443,0x0000017e,20,62,0x00000000,2681
4444,0x0000017b,12,44,0x00000000,5291
4445,0x00000158,105,3479,0x00000000,649968
4446,0x00000165,14,10,0x00000000,1753
4447,0x00000165,14,10,0x00000000,1642
4448,0x00000145,12,10,0x00000000,83989141
4449,0x00000144,12,10,0x00000100,1723
4450,0x00000143,11,10,0x00000000,6681
4451,0x0000017a,22,83,0x00000000,1109
4452,0x0000017a,22,27,0x00000000,676
4453,0x00000131,89,1392,0x00000000,25122
4454,0x00000131,88,2127,0x00000000,23529
4455,0x0000017b,12,44,0x00000000,2590
4456,0x00000168,84,1170,0x00000000,60815
4457,0x00000176,59,48,0x00000000,7114
4458,0x00000151,41,29,0x00000000,4222
4459,0x00000147,1296,122,0x00000000,92094
4460,0x0000017e,20,62,0x00000000,987
4461,0x0000017e,20,62,0x00000000,857
4462,0x0000017e,20,62,0x00000000,857
4463,0x0000017e,20,62,0x00000000,867
4464,0x0000017e,20,62,0x00000000,867
4465,0x0000017e,20,62,0x00000000,896
4466,0x0000017e,20,62,0x00000000,1138
4467,0x0000017e,20,62,0x00000000,867
4468,0x0000017e,20,62,0x00000000,897
4469,0x0000017e,20,62,0x00000000,887
4470,0x0000017e,20,62,0x00000000,877
4471,0x0000017e,20,62,0x00000000,856
4472,0x0000017e,20,62,0x00000000,877
4473,0x0000017e,20,62,0x00000000,867
4474,0x0000017e,20,62,0x00000000,867
4475,0x0000017e,20,62,0x00000000,867
4476,0x0000017b,12,44,0x00000000,3869
4477,0x00000158,105,3479,0x00000000,289885
4478,0x00000165,14,10,0x00000000,1753
4479,0x00000165,14,10,0x00000000,1794
4480,0x00000145,12,10,0x00000000,82488125
4481,0x00000144,12,10,0x00000100,1650
4482,0x00000143,11,10,0x00000000,7182
4483,0x0000017a,22,83,0x00000000,956
4484,0x0000017a,22,27,0x00000000,875
4485,0x00000131,89,1392,0x00000000,32359
4486,0x00000131,88,2127,0x00000000,24563
4487,0x0000017b,12,44,0x00000000,3410
4488,0x00000168,84,1170,0x00000000,60270
4489,0x00000176,59,48,0x00000000,4154
4490,0x00000151,41,29,0x00000000,4727
4491,0x00000147,1296,122,0x00000000,99055
4492,0x0000017e,20,62,0x00000000,1036
4493,0x0000017e,20,62,0x00000000,1026
4494,0x0000017e,20,62,0x00000000,855
4495,0x0000017e,20,62,0x00000000,865
4496,0x0000017e,20,62,0x00000000,825
4497,0x0000017e,20,62,0x00000000,1026
4498,0x0000017e,20,62,0x00000000,2524
4499,0x0000017e,20,62,0x00000000,2143
4500,0x0000017e,20,62,0x00000000,1781
4501,0x0000017e,20,62,0x00000000,1932
4502,0x0000017e,20,62,0x00000000,1197
4503,0x0000017e,20,62,0x00000000,845
4504,0x0000017e,20,62,0x00000000,865
4505,0x0000017e,20,62,0x00000000,925
4506,0x0000017e,20,62,0x00000000,1258
4507,0x0000017e,20,62,0x00000000,844
4508,0x0000017b,12,44,0x00000000,5341
4509,0x00000158,105,3479,0x00000000,292420
4510,0x00000165,14,10,0x00000000,2595
4511,0x00000165,14,10,0x00000000,4476
4512,0x00000145,12,10,0x00000000,85299867
4513,0x00000144,12,10,0x00000100,1146
4514,0x00000143,11,10,0x00000000,4707
4515,0x0000017a,22,83,0x00000000,734
4516,0x0000017a,22,27,0x00000000,644
4517,0x00000131,89,1392,0x00000000,40616
4518,0x00000131,88,2127,0x00000000,23517
4519,0x0000017b,12,44,0x00000000,2625
4520,0x00000168,84,1170,0x00000000,63017
4521,0x00000176,59,48,0x00000000,8771
4522,0x00000151,41,29,0x00000000,3742
4523,0x00000147,1296,122,0x00000000,102315
4524,0x0000017e,20,62,0x00000000,1911
4525,0x0000017e,20,62,0x00000000,825
4526,0x0000017e,20,62,0x00000000,966
4527,0x0000017e,20,62,0x00000000,876
4528,0x0000017e,20,62,0x00000000,865
4529,0x0000017e,20,62,0x00000000,824
4530,0x0000017e,20,62,0x00000000,1479
4531,0x0000017e,20,62,0x00000000,1166
4532,0x0000017e,20,62,0x00000000,956
4533,0x0000017e,20,62,0x00000000,915
4534,0x0000017e,20,62,0x00000000,835
4535,0x0000017e,20,62,0x00000000,865
4536,0x0000017e,20,62,0x00000000,1308
4537,0x0000017e,20,62,0x00000000,986
4538,0x0000017e,20,62,0x00000000,1750
4539,0x0000017e,20,62,0x00000000,1116
4540,0x0000017b,12,44,0x00000000,4999
4541,0x00000158,105,3479,0x00000000,497441
4542,0x00000165,14,10,0x00000000,1941
4543,0x00000165,14,10,0x00000000,1589
4544,0x00000145,12,10,0x00000000,72070927
4545,0x00000144,12,10,0x00000100,1237
4546,0x00000143,11,10,0x00000000,5181
4547,0x0000017a,22,83,0x00000000,814
4548,0x0000017a,22,27,0x00000000,613
4549,0x00000131,89,1392,0x00000000,25317
4550,0x00000131,88,2127,0x00000000,24654
4551,0x0000017b,12,44,0x00000000,3169
4552,0x00000168,84,1170,0x00000000,60924
4553,0x00000176,59,48,0x00000000,3732
4554,0x00000151,41,29,0x00000000,3188
4555,0x00000147,1296,122,0x00000000,89078
4556,0x0000017e,20,62,0x00000000,875
4557,0x0000017e,20,62,0x00000000,814
4558,0x0000017e,20,62,0x00000000,865
4559,0x0000017e,20,62,0x00000000,855
4560,0x0000017e,20,62,0x00000000,845
4561,0x0000017e,20,62,0x00000000,865
4562,0x0000017e,20,62,0x00000000,865
4563,0x0000017e,20,62,0x00000000,855
4564,0x0000017e,20,62,0x00000000,835
4565,0x0000017e,20,62,0x00000000,845
4566,0x0000017e,20,62,0x00000000,935
4567,0x0000017e,20,62,0x00000000,805
4568,0x0000017e,20,62,0x00000000,844
4569,0x0000017e,20,62,0x00000000,845
4570,0x0000017e,20,62,0x00000000,845
4571,0x0000017e,20,62,0x00000000,865
4572,0x0000017b,12,44,0x00000000,3340
4573,0x00000158,105,3479,0x00000000,447410
4574,0x00000165,14,10,0x00000000,1921
4575,0x00000165,14,10,0x00000000,1901
4576,0x00000145,12,10,0x00000000,76394323
4577,0x00000144,12,10,0x00000100,1137
4578,0x00000143,11,10,0x00000000,7434
4579,0x0000017a,22,83,0x00000000,1187
4580,0x0000017a,22,27,0x00000000,996
4581,0x00000131,89,1392,0x00000000,26645
4582,0x00000131,88,2127,0x00000000,28898
4583,0x0000017b,12,44,0x00000000,3389
4584,0x00000168,84,1170,0x00000000,61629
4585,0x00000176,59,48,0x00000000,4527
4586,0x00000151,41,29,0x00000000,3369
4587,0x00000147,1296,122,0x00000000,100454
4588,0x0000017e,20,62,0x00000000,1036
4589,0x0000017e,20,62,0x00000000,1368
4590,0x0000017e,20,62,0x00000000,1136
4591,0x0000017e,20,62,0x00000000,1046
4592,0x0000017e,20,62,0x00000000,1056
4593,0x0000017e,20,62,0x00000000,1056
4594,0x0000017e,20,62,0x00000000,966
4595,0x0000017e,20,62,0x00000000,825
4596,0x0000017e,20,62,0x00000000,2344
4597,0x0000017e,20,62,0x00000000,1810
4598,0x0000017e,20,62,0x00000000,1559
4599,0x0000017e,20,62,0x00000000,1508
4600,0x0000017e,20,62,0x00000000,956
4601,0x0000017e,20,62,0x00000000,1328
4602,0x0000017e,20,62,0x00000000,1599
4603,0x0000017e,20,62,0x00000000,1851
4604,0x0000017b,12,44,0x00000000,5411
4605,0x00000158,105,3479,0x00000000,421681
4606,0x00000165,14,10,0x00000000,3993
4607,0x00000165,14,10,0x00000000,2274
4608,0x00000145,12,10,0x00000000,76448487
4609,0x00000144,12,10,0x00000100,1409
4610,0x00000143,11,10,0x00000000,5290
4611,0x0000017a,22,83,0x00000000,824
4612,0x0000017a,22,27,0x00000000,764
4613,0x00000131,89,1392,0x00000000,28164
4614,0x00000131,88,2127,0x00000000,23013
4615,0x0000017b,12,44,0x00000000,2404
4616,0x00000168,84,1170,0x00000000,60140
4617,0x00000176,59,48,0x00000000,3772
4618,0x00000151,41,29,0x00000000,3460
4619,0x00000147,1296,122,0x00000000,90597
4620,0x0000017e,20,62,0x00000000,1096
4621,0x0000017e,20,62,0x00000000,815
4622,0x0000017e,20,62,0x00000000,845
4623,0x0000017e,20,62,0x00000000,845
4624,0x0000017e,20,62,0x00000000,865
4625,0x0000017e,20,62,0x00000000,1428
4626,0x0000017e,20,62,0x00000000,895
4627,0x0000017e,20,62,0x00000000,925
4628,0x0000017e,20,62,0x00000000,855
4629,0x0000017e,20,62,0x00000000,845
4630,0x0000017e,20,62,0x00000000,1137
4631,0x0000017e,20,62,0x00000000,825
4632,0x0000017e,20,62,0x00000000,865
4633,0x0000017e,20,62,0x00000000,865
4634,0x0000017e,20,62,0x00000000,855
4635,0x0000017e,20,62,0x00000000,1358
4636,0x0000017b,12,44,0x00000000,5834
4637,0x00000158,105,3479,0x00000000,528150
4638,0x00000165,14,10,0x00000000,1780
4639,0x00000165,14,10,0x00000000,1891
4640,0x00000145,12,10,0x00000000,77079182
4641,0x00000144,12,10,0x00000100,1197
4642,0x00000143,11,10,0x00000000,5723
4643,0x0000017a,22,83,0x00000000,2213
4644,0x0000017a,22,27,0x00000000,1800
4645,0x00000131,89,1392,0x00000000,31029
4646,0x00000131,88,2127,0x00000000,37948
4647,0x0000017b,12,44,0x00000000,6739
4648,0x00000168,84,1170,0x00000000,68072
4649,0x00000176,59,48,0x00000000,7453
4650,0x00000151,41,29,0x00000000,5321
4651,0x00000147,1296,122,0x00000000,108807
4652,0x0000017e,20,62,0x00000000,1097
4653,0x0000017e,20,62,0x00000000,825
4654,0x0000017e,20,62,0x00000000,1559
4655,0x0000017e,20,62,0x00000000,1589
4656,0x0000017e,20,62,0x00000000,1026
4657,0x0000017e,20,62,0x00000000,845
4658,0x0000017e,20,62,0x00000000,865
4659,0x0000017e,20,62,0x00000000,976
4660,0x0000017e,20,62,0x00000000,2796
4661,0x0000017e,20,62,0x00000000,855
4662,0x0000017e,20,62,0x00000000,854
4663,0x0000017e,20,62,0x00000000,845
4664,0x0000017e,20,62,0x00000000,885
4665,0x0000017e,20,62,0x00000000,865
4666,0x0000017e,20,62,0x00000000,865
4667,0x0000017e,20,62,0x00000000,855
4668,0x0000017b,12,44,0x00000000,4808
4669,0x00000158,105,3479,0x00000000,388459
4670,0x00000165,14,10,0x00000000,1820
4671,0x00000165,14,10,0x00000000,1599
4672,0x00000145,12,10,0x00000000,75290164
4673,0x00000144,12,10,0x00000100,1137
4674,0x00000143,11,10,0x00000000,5170
4675,0x0000017a,22,83,0x00000000,825
4676,0x0000017a,22,27,0x00000000,634
4677,0x00000131,89,1392,0x00000000,29369
4678,0x00000131,88,2127,0x00000000,29480
4679,0x0000017b,12,44,0x00000000,5150
4680,0x00000168,84,1170,0x00000000,85332
4681,0x00000176,59,48,0x00000000,6578
4682,0x00000151,41,29,0x00000000,4164
4683,0x00000147,1296,122,0x00000000,103396
4684,0x0000017e,20,62,0x00000000,1116
4685,0x0000017e,20,62,0x00000000,1167
4686,0x0000017e,20,62,0x00000000,845
4687,0x0000017e,20,62,0x00000000,805
4688,0x0000017e,20,62,0x00000000,845
4689,0x0000017e,20,62,0x00000000,855
4690,0x0000017e,20,62,0x00000000,1167
4691,0x0000017e,20,62,0x00000000,835
4692,0x0000017e,20,62,0x00000000,815
4693,0x0000017e,20,62,0x00000000,875
4694,0x0000017e,20,62,0x00000000,865
4695,0x0000017e,20,62,0x00000000,1248
4696,0x0000017e,20,62,0x00000000,1046
4697,0x0000017e,20,62,0x00000000,906
4698,0x0000017e,20,62,0x00000000,854
4699,0x0000017e,20,62,0x00000000,855
4700,0x0000017b,12,44,0x00000000,4667
4701,0x00000158,105,3479,0x00000000,380724
4702,0x00000165,14,10,0x00000000,1800
4703,0x00000165,14,10,0x00000000,1620
4704,0x00000145,12,10,0x00000000,77718558
4705,0x00000144,12,10,0x00000100,986
4706,0x00000143,11,10,0x00000000,4375
4707,0x0000017a,22,83,0x00000000,815
4708,0x0000017a,22,27,0x00000000,654
4709,0x00000131,89,1392,0x00000000,25104
4710,0x00000131,88,2127,0x00000000,22953
4711,0x0000017b,12,44,0x00000000,2383
4712,0x00000168,84,1170,0x00000000,59403
4713,0x00000176,59,48,0x00000000,3621
4714,0x00000151,41,29,0x00000000,3590
4715,0x00000147,1296,122,0x00000000,88128
4716,0x0000017e,20,62,0x00000000,1820
4717,0x0000017e,20,62,0x00000000,1297
4718,0x0000017e,20,62,0x00000000,915
4719,0x0000017e,20,62,0x00000000,855
4720,0x0000017e,20,62,0x00000000,875
4721,0x0000017e,20,62,0x00000000,855
4722,0x0000017e,20,62,0x00000000,865
4723,0x0000017e,20,62,0x00000000,804
4724,0x0000017e,20,62,0x00000000,865
4725,0x0000017e,20,62,0x00000000,1096
4726,0x0000017e,20,62,0x00000000,2223
4727,0x0000017e,20,62,0x00000000,1237
4728,0x0000017e,20,62,0x00000000,875
4729,0x0000017e,20,62,0x00000000,865
4730,0x0000017e,20,62,0x00000000,855
4731,0x0000017e,20,62,0x00000000,885
4732,0x0000017b,12,44,0x00000000,5371
4733,0x00000158,105,3479,0x00000000,229563
4734,0x00000165,14,10,0x00000000,1740
4735,0x00000165,14,10,0x00000000,1620
4736,0x00000145,12,10,0x00000000,81398858
4737,0x00000144,12,10,0x00000100,1036
4738,0x00000143,11,10,0x00000000,5039
4739,0x0000017a,22,83,0x00000000,785
4740,0x0000017a,22,27,0x00000000,684
4741,0x00000131,89,1392,0x00000000,24672
4742,0x00000131,88,2127,0x00000000,23203
4743,0x0000017b,12,44,0x00000000,2635
4744,0x00000168,84,1170,0x00000000,61253
4745,0x00000176,59,48,0x00000000,3510
4746,0x00000151,41,29,0x00000000,3248
4747,0x00000147,1296,122,0x00000000,88027
4748,0x0000017e,20,62,0x00000000,936
4749,0x0000017e,20,62,0x00000000,834
4750,0x0000017e,20,62,0x00000000,865
4751,0x0000017e,20,62,0x00000000,855
4752,0x0000017e,20,62,0x00000000,835
4753,0x0000017e,20,62,0x00000000,885
4754,0x0000017e,20,62,0x00000000,865
4755,0x0000017e,20,62,0x00000000,854
4756,0x0000017e,20,62,0x00000000,855
4757,0x0000017e,20,62,0x00000000,885
4758,0x0000017e,20,62,0x00000000,865
4759,0x0000017e,20,62,0x00000000,825
4760,0x0000017e,20,62,0x00000000,825
4761,0x0000017e,20,62,0x00000000,865
4762,0x0000017e,20,62,0x00000000,855
4763,0x0000017e,20,62,0x00000000,845
4764,0x0000017b,12,44,0x00000000,4305
4765,0x00000158,105,3479,0x00000000,289438
4766,0x00000165,14,10,0x00000000,1750
4767,0x00000165,14,10,0x00000000,2424
4768,0x00000145,12,10,0x00000000,78302929
4769,0x00000144,12,10,0x00000100,1004
4770,0x00000143,11,10,0x00000000,4198
4771,0x0000017a,22,83,0x00000000,1165
4772,0x0000017a,22,27,0x00000000,884
4773,0x00000131,89,1392,0x00000000,26530
4774,0x00000131,88,2127,0x00000000,24362
4775,0x0000017b,12,44,0x00000000,2922
4776,0x00000168,84,1170,0x00000000,59336
4777,0x00000176,59,48,0x00000000,3826
4778,0x00000151,41,29,0x00000000,3384
4779,0x00000147,1296,122,0x00000000,88789
4780,0x0000017e,20,62,0x00000000,944
4781,0x0000017e,20,62,0x00000000,854
4782,0x0000017e,20,62,0x00000000,864
4783,0x0000017e,20,62,0x00000000,874
4784,0x0000017e,20,62,0x00000000,923
4785,0x0000017e,20,62,0x00000000,844
4786,0x0000017e,20,62,0x00000000,874
4787,0x0000017e,20,62,0x00000000,873
4788,0x0000017e,20,62,0x00000000,864
4789,0x0000017e,20,62,0x00000000,864
4790,0x0000017e,20,62,0x00000000,844
4791,0x0000017e,20,62,0x00000000,1185
4792,0x0000017e,20,62,0x00000000,813
4793,0x0000017e,20,62,0x00000000,2259
4794,0x0000017e,20,62,0x00000000,1155
4795,0x0000017e,20,62,0x00000000,1135
4796,0x0000017b,12,44,0x00000000,4729
4797,0x00000158,105,3479,0x00000000,236382
4798,0x00000165,14,10,0x00000000,2089
4799,0x00000165,14,10,0x00000000,1627
4800,0x00000145,12,10,0x00000000,83728761
4801,0x00000144,12,10,0x00000100,1225
4802,0x00000143,11,10,0x00000000,4980
4803,0x0000017a,22,83,0x00000000,733
4804,0x0000017a,22,27,0x00000000,673
4805,0x00000131,89,1392,0x00000000,24592
4806,0x00000131,88,2127,0x00000000,23036
4807,0x0000017b,12,44,0x00000000,2561
4808,0x00000168,84,1170,0x00000000,60682
4809,0x00000176,59,48,0x00000000,3886
4810,0x00000151,41,29,0x00000000,3646
4811,0x00000147,1296,122,0x00000000,95004
4812,0x0000017e,20,62,0x00000000,994
4813,0x0000017e,20,62,0x00000000,823
4814,0x0000017e,20,62,0x00000000,843
4815,0x0000017e,20,62,0x00000000,2280
4816,0x0000017e,20,62,0x00000000,974
4817,0x0000017e,20,62,0x00000000,863
4818,0x0000017e,20,62,0x00000000,854
4819,0x0000017e,20,62,0x00000000,853
4820,0x0000017e,20,62,0x00000000,874
4821,0x0000017e,20,62,0x00000000,853
4822,0x0000017e,20,62,0x00000000,863
4823,0x0000017e,20,62,0x00000000,863
4824,0x0000017e,20,62,0x00000000,853
4825,0x0000017e,20,62,0x00000000,994
4826,0x0000017e,20,62,0x00000000,874
4827,0x0000017e,20,62,0x00000000,884
4828,0x0000017b,12,44,0x00000000,4288
4829,0x00000158,105,3479,0x00000000,493570
4830,0x00000165,14,10,0x00000000,1727
4831,0x00000165,14,10,0x00000000,1616
4832,0x00000145,12,10,0x00000000,76946159
4833,0x00000144,12,10,0x00000100,1154
4834,0x00000143,11,10,0x00000000,4599
4835,0x0000017a,22,83,0x00000000,843
4836,0x0000017a,22,27,0x00000000,663
4837,0x00000131,89,1392,0x00000000,23357
4838,0x00000131,88,2127,0x00000000,23337
4839,0x0000017b,12,44,0x00000000,2440
4840,0x00000168,84,1170,0x00000000,60531
4841,0x00000176,59,48,0x00000000,3575
4842,0x00000151,41,29,0x00000000,3223
4843,0x00000147,1296,122,0x00000000,88659
4844,0x0000017e,20,62,0x00000000,954
4845,0x0000017e,20,62,0x00000000,854
4846,0x0000017e,20,62,0x00000000,854
4847,0x0000017e,20,62,0x00000000,863
4848,0x0000017e,20,62,0x00000000,843
4849,0x0000017e,20,62,0x00000000,854
4850,0x0000017e,20,62,0x00000000,894
4851,0x0000017e,20,62,0x00000000,854
4852,0x0000017e,20,62,0x00000000,874
4853,0x0000017e,20,62,0x00000000,813
4854,0x0000017e,20,62,0x00000000,874
4855,0x0000017e,20,62,0x00000000,864
4856,0x0000017e,20,62,0x00000000,874
4857,0x0000017e,20,62,0x00000000,1054
4858,0x0000017e,20,62,0x00000000,1125
4859,0x0000017e,20,62,0x00000000,1256
4860,0x0000017b,12,44,0x00000000,4951
4861,0x00000158,105,3479,0x00000000,263575
4862,0x00000165,14,10,0x00000000,1778
4863,0x00000165,14,10,0x00000000,1626
4864,0x00000145,12,10,0x00000000,81873557
4865,0x00000144,12,10,0x00000100,1185
4866,0x00000143,11,10,0x00000000,4900
4867,0x0000017a,22,83,0x00000000,853
4868,0x0000017a,22,27,0x00000000,663
4869,0x00000131,89,1392,0x00000000,25285
4870,0x00000131,88,2127,0x00000000,23477
4871,0x0000017b,12,44,0x00000000,2701
4872,0x00000168,84,1170,0x00000000,61234
4873,0x00000176,59,48,0x00000000,4107
4874,0x00000151,41,29,0x00000000,4037
4875,0x00000147,1296,122,0x00000000,104383
4876,0x0000017e,20,62,0x00000000,1095
4877,0x0000017e,20,62,0x00000000,814
4878,0x0000017e,20,62,0x00000000,833
4879,0x0000017e,20,62,0x00000000,853
4880,0x0000017e,20,62,0x00000000,864
4881,0x0000017e,20,62,0x00000000,873
4882,0x0000017e,20,62,0x00000000,823
4883,0x0000017e,20,62,0x00000000,834
4884,0x0000017e,20,62,0x00000000,823
4885,0x0000017e,20,62,0x00000000,974
4886,0x0000017e,20,62,0x00000000,863
4887,0x0000017e,20,62,0x00000000,824
4888,0x0000017e,20,62,0x00000000,833
4889,0x0000017e,20,62,0x00000000,863
4890,0x0000017e,20,62,0x00000000,864
4891,0x0000017e,20,62,0x00000000,853
4892,0x0000017b,12,44,0x00000000,4720
4893,0x00000158,105,3479,0x00000000,372046
4894,0x00000165,14,10,0x00000000,3223
4895,0x00000165,14,10,0x00000000,2250
4896,0x00000145,12,10,0x00000000,76805113
4897,0x00000144,12,10,0x00000100,1536
4898,0x00000143,11,10,0x00000000,6919
4899,0x0000017a,22,83,0x00000000,774
4900,0x0000017a,22,27,0x00000000,843
4901,0x00000131,89,1392,0x00000000,25546
4902,0x00000131,88,2127,0x00000000,23909
4903,0x0000017b,12,44,0x00000000,3454
4904,0x00000168,84,1170,0x00000000,63222
4905,0x00000176,59,48,0x00000000,4418
4906,0x00000151,41,29,0x00000000,4499
4907,0x00000147,1296,122,0x00000000,95537
4908,0x0000017e,20,62,0x00000000,1005
4909,0x0000017e,20,62,0x00000000,874
4910,0x0000017e,20,62,0x00000000,833
4911,0x0000017e,20,62,0x00000000,853
4912,0x0000017e,20,62,0x00000000,854
4913,0x0000017e,20,62,0x00000000,844
4914,0x0000017e,20,62,0x00000000,854
4915,0x0000017e,20,62,0x00000000,884
4916,0x0000017e,20,62,0x00000000,863
4917,0x0000017e,20,62,0x00000000,874
4918,0x0000017e,20,62,0x00000000,874
4919,0x0000017e,20,62,0x00000000,1045
4920,0x0000017e,20,62,0x00000000,873
4921,0x0000017e,20,62,0x00000000,854
4922,0x0000017e,20,62,0x00000000,854
4923,0x0000017e,20,62,0x00000000,2048
4924,0x0000017b,12,44,0x00000000,4238
4925,0x00000158,105,3479,0x00000000,360598
4926,0x00000165,14,10,0x00000000,1717
4927,0x00000165,14,10,0x00000000,1687
4928,0x00000145,12,10,0x00000000,83316069
4929,0x00000144,12,10,0x00000100,1024
4930,0x00000143,11,10,0x00000000,4358
4931,0x0000017a,22,83,0x00000000,703
4932,0x0000017a,22,27,0x00000000,652
4933,0x00000131,89,1392,0x00000000,23959
4934,0x00000131,88,2127,0x00000000,23016
4935,0x0000017b,12,44,0x00000000,2450
4936,0x00000168,84,1170,0x00000000,60541
4937,0x00000176,59,48,0x00000000,3515
4938,0x00000151,41,29,0x00000000,3163
4939,0x00000147,1296,122,0x00000000,88408
4940,0x0000017e,20,62,0x00000000,913
4941,0x0000017e,20,62,0x00000000,1015
4942,0x0000017e,20,62,0x00000000,814
4943,0x0000017e,20,62,0x00000000,863
4944,0x0000017e,20,62,0x00000000,914
4945,0x0000017e,20,62,0x00000000,924
4946,0x0000017e,20,62,0x00000000,2219
4947,0x0000017e,20,62,0x00000000,1376
4948,0x0000017e,20,62,0x00000000,843
4949,0x0000017e,20,62,0x00000000,843
4950,0x0000017e,20,62,0x00000000,823
4951,0x0000017e,20,62,0x00000000,874
4952,0x0000017e,20,62,0x00000000,873
4953,0x0000017e,20,62,0x00000000,843
4954,0x0000017e,20,62,0x00000000,874
4955,0x0000017e,20,62,0x00000000,893
4956,0x0000017b,12,44,0x00000000,4790
4957,0x00000158,105,3479,0x00000000,302155
4958,0x00000165,14,10,0x00000000,1737
4959,0x00000165,14,10,0x00000000,1617
4960,0x00000145,12,10,0x00000000,82019845
4961,0x00000144,12,10,0x00000100,1044
4962,0x00000143,11,10,0x00000000,4749
4963,0x0000017a,22,83,0x00000000,1004
4964,0x0000017a,22,27,0x00000000,974
4965,0x00000131,89,1392,0x00000000,26711
4966,0x00000131,88,2127,0x00000000,23196
4967,0x0000017b,12,44,0x00000000,3143
4968,0x00000168,84,1170,0x00000000,61426
4969,0x00000176,59,48,0x00000000,3514
4970,0x00000151,41,29,0x00000000,3404
4971,0x00000147,1296,122,0x00000000,91972
4972,0x0000017e,20,62,0x00000000,1024
4973,0x0000017e,20,62,0x00000000,823
4974,0x0000017e,20,62,0x00000000,804
4975,0x0000017e,20,62,0x00000000,793
4976,0x0000017e,20,62,0x00000000,984
4977,0x0000017e,20,62,0x00000000,1266
4978,0x0000017e,20,62,0x00000000,1025
4979,0x0000017e,20,62,0x00000000,1546
4980,0x0000017e,20,62,0x00000000,1235
4981,0x0000017e,20,62,0x00000000,1034
4982,0x0000017e,20,62,0x00000000,995
4983,0x0000017e,20,62,0x00000000,834
4984,0x0000017e,20,62,0x00000000,873
4985,0x0000017e,20,62,0x00000000,873
4986,0x0000017e,20,62,0x00000000,1316
4987,0x0000017e,20,62,0x00000000,904
4988,0x0000017b,12,44,0x00000000,19763
4989,0x00000158,105,3479,0x00000000,263937
4990,0x00000165,14,10,0x00000000,4278
4991,0x00000165,14,10,0x00000000,2340
4992,0x00000145,12,10,0x00000000,89518390
4993,0x00000144,12,10,0x00000100,1335
4994,0x00000143,11,10,0x00000000,4609
4995,0x0000017a,22,83,0x00000000,864
4996,0x0000017a,22,27,0x00000000,663
4997,0x00000131,89,1392,0x00000000,24613
4998,0x00000131,88,2127,0x00000000,23166
4999,0x0000017b,12,44,0x00000000,2661
5000,0x00000168,84,1170,0x00000000,61355
5001,0x00000176,59,48,0x00000000,3525
5002,0x00000151,41,29,0x00000000,3334
5003,0x00000147,1296,122,0x00000000,87403
5004,0x0000017e,20,62,0x00000000,1225
5005,0x0000017e,20,62,0x00000000,2299
5006,0x0000017e,20,62,0x00000000,893
5007,0x0000017e,20,62,0x00000000,864
5008,0x0000017e,20,62,0x00000000,874
5009,0x0000017e,20,62,0x00000000,843
5010,0x0000017e,20,62,0x00000000,854
5011,0x0000017e,20,62,0x00000000,884
5012,0x0000017e,20,62,0x00000000,853
5013,0x0000017e,20,62,0x00000000,864
5014,0x0000017e,20,62,0x00000000,1506
5015,0x0000017e,20,62,0x00000000,1436
5016,0x0000017e,20,62,0x00000000,864
5017,0x0000017e,20,62,0x00000000,864
5018,0x0000017e,20,62,0x00000000,934
5019,0x0000017e,20,62,0x00000000,1004
5020,0x0000017b,12,44,0x00000000,5000
5021,0x00000158,105,3479,0x00000000,357896
5022,0x00000165,14,10,0x00000000,1727
5023,0x00000165,14,10,0x00000000,2992
5024,0x00000145,12,10,0x00000000,72111296
5025,0x00000144,12,10,0x00000100,1164
5026,0x00000143,11,10,0x00000000,4851
5027,0x0000017a,22,83,0x00000000,2129
5028,0x0000017a,22,27,0x00000000,1275
5029,0x00000131,89,1392,0x00000000,25450
5030,0x00000131,88,2127,0x00000000,31306
5031,0x0000017b,12,44,0x00000000,2998
5032,0x00000168,84,1170,0x00000000,101698
5033,0x00000176,59,48,0x00000000,3600
5034,0x00000151,41,29,0x00000000,3209
5035,0x00000147,1296,122,0x00000000,87540
5036,0x0000017e,20,62,0x00000000,933
5037,0x0000017e,20,62,0x00000000,863
5038,0x0000017e,20,62,0x00000000,863
5039,0x0000017e,20,62,0x00000000,853
5040,0x0000017e,20,62,0x00000000,922
5041,0x0000017e,20,62,0x00000000,842
5042,0x0000017e,20,62,0x00000000,872
5043,0x0000017e,20,62,0x00000000,893
5044,0x0000017e,20,62,0x00000000,852
5045,0x0000017e,20,62,0x00000000,863
5046,0x0000017e,20,62,0x00000000,872
5047,0x0000017e,20,62,0x00000000,862
5048,0x0000017e,20,62,0x00000000,1063
5049,0x0000017e,20,62,0x00000000,873
5050,0x0000017e,20,62,0x00000000,1003
5051,0x0000017e,20,62,0x00000000,853
5052,0x0000017b,12,44,0x00000000,4703
5053,0x00000158,105,3479,0x00000000,248421
5054,0x00000165,14,10,0x00000000,1835
5055,0x00000165,14,10,0x00000000,1634
5056,0x00000145,12,10,0x00000000,81327632
5057,0x00000144,12,10,0x00000100,1204
5058,0x00000143,11,10,0x00000000,5475
5059,0x0000017a,22,83,0x00000000,2306
5060,0x0000017a,22,27,0x00000000,812
5061,0x00000131,89,1392,0x00000000,27475
5062,0x00000131,88,2127,0x00000000,23123
5063,0x0000017b,12,44,0x00000000,2486
5064,0x00000168,84,1170,0x00000000,60365
5065,0x00000176,59,48,0x00000000,7761
5066,0x00000151,41,29,0x00000000,5465
5067,0x00000147,1296,122,0x00000000,103784
5068,0x0000017e,20,62,0x00000000,2006
5069,0x0000017e,20,62,0x00000000,1925
5070,0x0000017e,20,62,0x00000000,913
5071,0x0000017e,20,62,0x00000000,1173
5072,0x0000017e,20,62,0x00000000,2377
5073,0x0000017e,20,62,0x00000000,2196
5074,0x0000017e,20,62,0x00000000,1344
5075,0x0000017e,20,62,0x00000000,1313
5076,0x0000017e,20,62,0x00000000,1986
5077,0x0000017e,20,62,0x00000000,2045
5078,0x0000017e,20,62,0x00000000,933
5079,0x0000017e,20,62,0x00000000,863
5080,0x0000017e,20,62,0x00000000,943
5081,0x0000017e,20,62,0x00000000,913
5082,0x0000017e,20,62,0x00000000,862
5083,0x0000017e,20,62,0x00000000,812
5084,0x0000017b,12,44,0x00000000,5665
5085,0x00000158,105,3479,0x00000000,306260
5086,0x00000165,14,10,0x00000000,1875
5087,0x00000165,14,10,0x00000000,1674
5088,0x00000145,12,10,0x00000000,78295885
5089,0x00000144,12,10,0x00000100,1654
5090,0x00000143,11,10,0x00000000,6528
5091,0x0000017a,22,83,0x00000000,1113
5092,0x0000017a,22,27,0x00000000,862
5093,0x00000131,89,1392,0x00000000,26502
5094,0x00000131,88,2127,0x00000000,25830
5095,0x0000017b,12,44,0x00000000,6157
5096,0x00000168,84,1170,0x00000000,64506
5097,0x00000176,59,48,0x00000000,3971
5098,0x00000151,41,29,0x00000000,3510
5099,0x00000147,1296,122,0x00000000,92173
5100,0x0000017e,20,62,0x00000000,1013
5101,0x0000017e,20,62,0x00000000,863
5102,0x0000017e,20,62,0x00000000,983
5103,0x0000017e,20,62,0x00000000,822
5104,0x0000017e,20,62,0x00000000,843
5105,0x0000017e,20,62,0x00000000,843
5106,0x0000017e,20,62,0x00000000,843
5107,0x0000017e,20,62,0x00000000,1023
5108,0x0000017e,20,62,0x00000000,912
5109,0x0000017e,20,62,0x00000000,2466
5110,0x0000017e,20,62,0x00000000,1023
5111,0x0000017e,20,62,0x00000000,1724
5112,0x0000017e,20,62,0x00000000,1384
5113,0x0000017e,20,62,0x00000000,853
5114,0x0000017e,20,62,0x00000000,1313
5115,0x0000017e,20,62,0x00000000,953
5116,0x0000017b,12,44,0x00000000,4974
5117,0x00000158,105,3479,0x00000000,526193
5118,0x00000165,14,10,0x00000000,1955
5119,0x00000165,14,10,0x00000000,1765
5120,0x00000145,12,10,0x00000000,84673835
5121,0x00000144,12,10,0x00000100,1224
5122,0x00000143,11,10,0x00000000,4251
5123,0x0000017a,22,83,0x00000000,842
5124,0x0000017a,22,27,0x00000000,622
5125,0x00000131,89,1392,0x00000000,24397
5126,0x00000131,88,2127,0x00000000,22732
5127,0x0000017b,12,44,0x00000000,2426
5128,0x00000168,84,1170,0x00000000,59955
5129,0x00000176,59,48,0x00000000,3941
5130,0x00000151,41,29,0x00000000,3168
5131,0x00000147,1296,122,0x00000000,90939
5132,0x0000017e,20,62,0x00000000,963
5133,0x0000017e,20,62,0x00000000,862
5134,0x0000017e,20,62,0x00000000,842
5135,0x0000017e,20,62,0x00000000,973
5136,0x0000017e,20,62,0x00000000,852
5137,0x0000017e,20,62,0x00000000,873
5138,0x0000017e,20,62,0x00000000,872
5139,0x0000017e,20,62,0x00000000,842
5140,0x0000017e,20,62,0x00000000,853
5141,0x0000017e,20,62,0x00000000,2156
5142,0x0000017e,20,62,0x00000000,913
5143,0x0000017e,20,62,0x00000000,1073
5144,0x0000017e,20,62,0x00000000,1203
5145,0x0000017e,20,62,0x00000000,872
5146,0x0000017e,20,62,0x00000000,872
5147,0x0000017e,20,62,0x00000000,1013
5148,0x0000017b,12,44,0x00000000,4432
5149,0x00000158,105,3479,0x00000000,228116
5150,0x00000165,14,10,0x00000000,1715
5151,0x00000165,14,10,0x00000000,1604
5152,0x00000145,12,10,0x00000000,77004641
5153,0x00000144,12,10,0x00000100,1223
5154,0x00000143,11,10,0x00000000,4502
5155,0x0000017a,22,83,0x00000000,782
5156,0x0000017a,22,27,0x00000000,681
5157,0x00000131,89,1392,0x00000000,24577
5158,0x00000131,88,2127,0x00000000,23163
5159,0x0000017b,12,44,0x00000000,2637
5160,0x00000168,84,1170,0x00000000,60526
5161,0x00000176,59,48,0x00000000,3721
5162,0x00000151,41,29,0x00000000,3670
5163,0x00000147,1296,122,0x00000000,99021
5164,0x0000017e,20,62,0x00000000,1534
5165,0x0000017e,20,62,0x00000000,1233
5166,0x0000017e,20,62,0x00000000,903
5167,0x0000017e,20,62,0x00000000,2387
5168,0x0000017e,20,62,0x00000000,973
5169,0x0000017e,20,62,0x00000000,802
5170,0x0000017e,20,62,0x00000000,843
5171,0x0000017e,20,62,0x00000000,873
5172,0x0000017e,20,62,0x00000000,813
5173,0x0000017e,20,62,0x00000000,823
5174,0x0000017e,20,62,0x00000000,993
5175,0x0000017e,20,62,0x00000000,852
5176,0x0000017e,20,62,0x00000000,903
5177,0x0000017e,20,62,0x00000000,1043
5178,0x0000017e,20,62,0x00000000,862
5179,0x0000017e,20,62,0x00000000,863
5180,0x0000017b,12,44,0x00000000,6719
5181,0x00000158,105,3479,0x00000000,669195
5182,0x00000165,14,10,0x00000000,1865
5183,0x00000165,14,10,0x00000000,2076
5184,0x00000145,12,10,0x00000000,84326181
5185,0x00000144,12,10,0x00000100,1324
5186,0x00000143,11,10,0x00000000,7510
5187,0x0000017a,22,83,0x00000000,1103
5188,0x0000017a,22,27,0x00000000,1304
5189,0x00000131,89,1392,0x00000000,27505
5190,0x00000131,88,2127,0x00000000,22853
5191,0x0000017b,12,44,0x00000000,3980
5192,0x00000168,84,1170,0x00000000,62462
5193,0x00000176,59,48,0x00000000,3620
5194,0x00000151,41,29,0x00000000,3239
5195,0x00000147,1296,122,0x00000000,87209
5196,0x0000017e,20,62,0x00000000,973
5197,0x0000017e,20,62,0x00000000,913
5198,0x0000017e,20,62,0x00000000,863
5199,0x0000017e,20,62,0x00000000,862
5200,0x0000017e,20,62,0x00000000,872
5201,0x0000017e,20,62,0x00000000,862
5202,0x0000017e,20,62,0x00000000,872
5203,0x0000017e,20,62,0x00000000,852
5204,0x0000017e,20,62,0x00000000,842
5205,0x0000017e,20,62,0x00000000,852
5206,0x0000017e,20,62,0x00000000,842
5207,0x0000017e,20,62,0x00000000,862
5208,0x0000017e,20,62,0x00000000,1394
5209,0x0000017e,20,62,0x00000000,863
5210,0x0000017e,20,62,0x00000000,842
5211,0x0000017e,20,62,0x00000000,852
5212,0x0000017b,12,44,0x00000000,4703
5213,0x00000158,105,3479,0x00000000,467110
5214,0x00000165,14,10,0x00000000,2738
5215,0x00000165,14,10,0x00000000,45785
5216,0x00000145,12,10,0x00000000,77563583
5217,0x00000144,12,10,0x00000100,1434
5218,0x00000143,11,10,0x00000000,4181
5219,0x0000017a,22,83,0x00000000,762
5220,0x0000017a,22,27,0x00000000,652
5221,0x00000131,89,1392,0x00000000,24477
5222,0x00000131,88,2127,0x00000000,22883
5223,0x0000017b,12,44,0x00000000,2577
5224,0x00000168,84,1170,0x00000000,59704
5225,0x00000176,59,48,0x00000000,7851
5226,0x00000151,41,29,0x00000000,5354
5227,0x00000147,1296,122,0x00000000,148237
5228,0x0000017e,20,62,0x00000000,1144
5229,0x0000017e,20,62,0x00000000,803
5230,0x0000017e,20,62,0x00000000,1334
5231,0x0000017e,20,62,0x00000000,1655
5232,0x0000017e,20,62,0x00000000,842
5233,0x0000017e,20,62,0x00000000,882
5234,0x0000017e,20,62,0x00000000,912
5235,0x0000017e,20,62,0x00000000,853
5236,0x0000017e,20,62,0x00000000,852
5237,0x0000017e,20,62,0x00000000,842
5238,0x0000017e,20,62,0x00000000,862
5239,0x0000017e,20,62,0x00000000,872
5240,0x0000017e,20,62,0x00000000,872
5241,0x0000017e,20,62,0x00000000,872
5242,0x0000017e,20,62,0x00000000,1264
5243,0x0000017e,20,62,0x00000000,882
5244,0x0000017b,12,44,0x00000000,5305
5245,0x00000158,105,3479,0x00000000,357380
5246,0x00000165,14,10,0x00000000,1744
5247,0x00000165,14,10,0x00000000,1665
5248,0x00000145,12,10,0x00000000,83051127
5249,0x00000144,12,10,0x00000100,1363
5250,0x00000143,11,10,0x00000000,5475
5251,0x0000017a,22,83,0x00000000,692
5252,0x0000017a,22,27,0x00000000,662
5253,0x00000131,89,1392,0x00000000,25310
5254,0x00000131,88,2127,0x00000000,22863
5255,0x0000017b,12,44,0x00000000,2577
5256,0x00000168,84,1170,0x00000000,59433
5257,0x00000176,59,48,0x00000000,3489
5258,0x00000151,41,29,0x00000000,3069
5259,0x00000147,1296,122,0x00000000,86778
5260,0x0000017e,20,62,0x00000000,962
5261,0x0000017e,20,62,0x00000000,862
5262,0x0000017e,20,62,0x00000000,2226
5263,0x0000017e,20,62,0x00000000,943
5264,0x0000017e,20,62,0x00000000,842
5265,0x0000017e,20,62,0x00000000,863
5266,0x0000017e,20,62,0x00000000,843
5267,0x0000017e,20,62,0x00000000,862
5268,0x0000017e,20,62,0x00000000,1354
5269,0x0000017e,20,62,0x00000000,1103
5270,0x0000017e,20,62,0x00000000,1093
5271,0x0000017e,20,62,0x00000000,882
5272,0x0000017e,20,62,0x00000000,863
5273,0x0000017e,20,62,0x00000000,1143
5274,0x0000017e,20,62,0x00000000,872
5275,0x0000017e,20,62,0x00000000,852
5276,0x0000017b,12,44,0x00000000,4753
5277,0x00000158,105,3479,0x00000000,230943
5278,0x00000165,14,10,0x00000000,4332
5279,0x00000165,14,10,0x00000000,2868
5280,0x00000145,12,10,0x00000000,78666165
5281,0x00000144,12,10,0x00000100,1494
5282,0x00000143,11,10,0x00000000,6106
5283,0x0000017a,22,83,0x00000000,732
5284,0x0000017a,22,27,0x00000000,631
5285,0x00000131,89,1392,0x00000000,41273
5286,0x00000131,88,2127,0x00000000,27736
5287,0x0000017b,12,44,0x00000000,3139
5288,0x00000168,84,1170,0x00000000,69179
5289,0x00000176,59,48,0x00000000,4422
5290,0x00000151,41,29,0x00000000,3780
5291,0x00000147,1296,122,0x00000000,101548
5292,0x0000017e,20,62,0x00000000,1263
5293,0x0000017e,20,62,0x00000000,1354
5294,0x0000017e,20,62,0x00000000,1434
5295,0x0000017e,20,62,0x00000000,1554
5296,0x0000017e,20,62,0x00000000,852
5297,0x0000017e,20,62,0x00000000,863
5298,0x0000017e,20,62,0x00000000,1043
5299,0x0000017e,20,62,0x00000000,1023
5300,0x0000017e,20,62,0x00000000,882
5301,0x0000017e,20,62,0x00000000,863
5302,0x0000017e,20,62,0x00000000,1073
5303,0x0000017e,20,62,0x00000000,1163
5304,0x0000017e,20,62,0x00000000,1043
5305,0x0000017e,20,62,0x00000000,882
5306,0x0000017e,20,62,0x00000000,873
5307,0x0000017e,20,62,0x00000000,1835
5308,0x0000017b,12,44,0x00000000,5044
5309,0x00000158,105,3479,0x00000000,349066
5310,0x00000165,14,10,0x00000000,1845
5311,0x00000165,14,10,0x00000000,1705
5312,0x00000145,12,10,0x00000000,77374566
5313,0x00000144,12,10,0x00000100,1011
5314,0x00000143,11,10,0x00000000,4447
5315,0x0000017a,22,83,0x00000000,871
5316,0x0000017a,22,27,0x00000000,641
5317,0x00000131,89,1392,0x00000000,25218
5318,0x00000131,88,2127,0x00000000,23225
5319,0x0000017b,12,44,0x00000000,3856
5320,0x00000168,84,1170,0x00000000,62674
5321,0x00000176,59,48,0x00000000,3686
5322,0x00000151,41,29,0x00000000,4176
5323,0x00000147,1296,122,0x00000000,108864
5324,0x0000017e,20,62,0x00000000,1382
5325,0x0000017e,20,62,0x00000000,851
5326,0x0000017e,20,62,0x00000000,851
5327,0x0000017e,20,62,0x00000000,1312
5328,0x0000017e,20,62,0x00000000,971
5329,0x0000017e,20,62,0x00000000,861
5330,0x0000017e,20,62,0x00000000,851
5331,0x0000017e,20,62,0x00000000,851
5332,0x0000017e,20,62,0x00000000,862
5333,0x0000017e,20,62,0x00000000,871
5334,0x0000017e,20,62,0x00000000,971
5335,0x0000017e,20,62,0x00000000,882
5336,0x0000017e,20,62,0x00000000,861
5337,0x0000017e,20,62,0x00000000,1022
5338,0x0000017e,20,62,0x00000000,2393
5339,0x0000017e,20,62,0x00000000,1552
5340,0x0000017b,12,44,0x00000000,4477
5341,0x00000158,105,3479,0x00000000,547282
5342,0x00000165,14,10,0x00000000,1963
5343,0x00000165,14,10,0x00000000,1632
5344,0x00000145,12,10,0x00000000,72105864
5345,0x00000144,12,10,0x00000100,1072
5346,0x00000143,11,10,0x00000000,4938
5347,0x0000017a,22,83,0x00000000,701
5348,0x0000017a,22,27,0x00000000,751
5349,0x00000131,89,1392,0x00000000,24957
5350,0x00000131,88,2127,0x00000000,22974
5351,0x0000017b,12,44,0x00000000,2533
5352,0x00000168,84,1170,0x00000000,58969
5353,0x00000176,59,48,0x00000000,3796
5354,0x00000151,41,29,0x00000000,8092
5355,0x00000147,1296,122,0x00000000,94132
5356,0x0000017e,20,62,0x00000000,932
5357,0x0000017e,20,62,0x00000000,901
5358,0x0000017e,20,62,0x00000000,851
5359,0x0000017e,20,62,0x00000000,852
5360,0x0000017e,20,62,0x00000000,862
5361,0x0000017e,20,62,0x00000000,852
5362,0x0000017e,20,62,0x00000000,852
5363,0x0000017e,20,62,0x00000000,1452
5364,0x0000017e,20,62,0x00000000,1142
5365,0x0000017e,20,62,0x00000000,871
5366,0x0000017e,20,62,0x00000000,2083
5367,0x0000017e,20,62,0x00000000,1212
5368,0x0000017e,20,62,0x00000000,1021
5369,0x0000017e,20,62,0x00000000,1192
5370,0x0000017e,20,62,0x00000000,931
5371,0x0000017e,20,62,0x00000000,921
5372,0x0000017b,12,44,0x00000000,5138
5373,0x00000158,105,3479,0x00000000,760412
5374,0x00000165,14,10,0x00000000,2063
5375,0x00000165,14,10,0x00000000,1643
5376,0x00000145,12,10,0x00000000,79533060
5377,0x00000144,12,10,0x00000100,1001
5378,0x00000143,11,10,0x00000000,4557
5379,0x0000017a,22,83,0x00000000,752
5380,0x0000017a,22,27,0x00000000,671
5381,0x00000131,89,1392,0x00000000,24557
5382,0x00000131,88,2127,0x00000000,23876
5383,0x0000017b,12,44,0x00000000,2875
5384,0x00000168,84,1170,0x00000000,65328
5385,0x00000176,59,48,0x00000000,4186
5386,0x00000151,41,29,0x00000000,3355
5387,0x00000147,1296,122,0x00000000,87312
5388,0x0000017e,20,62,0x00000000,1021
5389,0x0000017e,20,62,0x00000000,832
5390,0x0000017e,20,62,0x00000000,852
5391,0x0000017e,20,62,0x00000000,852
5392,0x0000017e,20,62,0x00000000,831
5393,0x0000017e,20,62,0x00000000,1042
5394,0x0000017e,20,62,0x00000000,901
5395,0x0000017e,20,62,0x00000000,851
5396,0x0000017e,20,62,0x00000000,851
5397,0x0000017e,20,62,0x00000000,851
5398,0x0000017e,20,62,0x00000000,842
5399,0x0000017e,20,62,0x00000000,852
5400,0x0000017e,20,62,0x00000000,922
5401,0x0000017e,20,62,0x00000000,852
5402,0x0000017e,20,62,0x00000000,851
5403,0x0000017e,20,62,0x00000000,862
5404,0x0000017b,12,44,0x00000000,4386
5405,0x00000158,105,3479,0x00000000,227722
5406,0x00000165,14,10,0x00000000,1773
5407,0x00000165,14,10,0x00000000,1633
5408,0x00000145,12,10,0x00000000,72589380
5409,0x00000144,12,10,0x00000100,1392
5410,0x00000143,11,10,0x00000000,7191
5411,0x0000017a,22,83,0x00000000,911
5412,0x0000017a,22,27,0x00000000,631
5413,0x00000131,89,1392,0x00000000,24577
5414,0x00000131,88,2127,0x00000000,23205
5415,0x0000017b,12,44,0x00000000,3114
5416,0x00000168,84,1170,0x00000000,60451
5417,0x00000176,59,48,0x00000000,3895
5418,0x00000151,41,29,0x00000000,3445
5419,0x00000147,1296,122,0x00000000,94361
5420,0x0000017e,20,62,0x00000000,972
5421,0x0000017e,20,62,0x00000000,861
5422,0x0000017e,20,62,0x00000000,841
5423,0x0000017e,20,62,0x00000000,842
5424,0x0000017e,20,62,0x00000000,861
5425,0x0000017e,20,62,0x00000000,891
5426,0x0000017e,20,62,0x00000000,841
5427,0x0000017e,20,62,0x00000000,861
5428,0x0000017e,20,62,0x00000000,861
5429,0x0000017e,20,62,0x00000000,872
5430,0x0000017e,20,62,0x00000000,852
5431,0x0000017e,20,62,0x00000000,861
5432,0x0000017e,20,62,0x00000000,861
5433,0x0000017e,20,62,0x00000000,871
5434,0x0000017e,20,62,0x00000000,831
5435,0x0000017e,20,62,0x00000000,861
5436,0x0000017b,12,44,0x00000000,4697
5437,0x00000158,105,3479,0x00000000,228303
5438,0x00000165,14,10,0x00000000,1953
5439,0x00000165,14,10,0x00000000,1592
5440,0x00000145,12,10,0x00000000,77767899
5441,0x00000144,12,10,0x00000100,1472
5442,0x00000143,11,10,0x00000000,4207
5443,0x0000017a,22,83,0x00000000,741
5444,0x0000017a,22,27,0x00000000,620
5445,0x00000131,89,1392,0x00000000,23946
5446,0x00000131,88,2127,0x00000000,23385
5447,0x0000017b,12,44,0x00000000,3465
5448,0x00000168,84,1170,0x00000000,61332
5449,0x00000176,59,48,0x00000000,4777
5450,0x00000151,41,29,0x00000000,3725
5451,0x00000147,1296,122,0x00000000,93390
5452,0x0000017e,20,62,0x00000000,1222
5453,0x0000017e,20,62,0x00000000,851
5454,0x0000017e,20,62,0x00000000,842
5455,0x0000017e,20,62,0x00000000,841
5456,0x0000017e,20,62,0x00000000,871
5457,0x0000017e,20,62,0x00000000,861
5458,0x0000017e,20,62,0x00000000,841
5459,0x0000017e,20,62,0x00000000,1132
5460,0x0000017e,20,62,0x00000000,871
5461,0x0000017e,20,62,0x00000000,2464
5462,0x0000017e,20,62,0x00000000,921
5463,0x0000017e,20,62,0x00000000,1372
5464,0x0000017e,20,62,0x00000000,931
5465,0x0000017e,20,62,0x00000000,1251
5466,0x0000017e,20,62,0x00000000,921
5467,0x0000017e,20,62,0x00000000,1672
5468,0x0000017b,12,44,0x00000000,5458
5469,0x00000158,105,3479,0x00000000,444448
5470,0x00000165,14,10,0x00000000,1822
5471,0x00000165,14,10,0x00000000,1782
5472,0x00000145,12,10,0x00000000,72411793
5473,0x00000144,12,10,0x00000100,1162
5474,0x00000143,11,10,0x00000000,6330
5475,0x0000017a,22,83,0x00000000,1322
5476,0x0000017a,22,27,0x00000000,671
5477,0x00000131,89,1392,0x00000000,39580
5478,0x00000131,88,2127,0x00000000,25709
5479,0x0000017b,12,44,0x00000000,2794
5480,0x00000168,84,1170,0x00000000,59950
5481,0x00000176,59,48,0x00000000,3595
5482,0x00000151,41,29,0x00000000,3305
5483,0x00000147,1296,122,0x00000000,87702
5484,0x0000017e,20,62,0x00000000,1131
5485,0x0000017e,20,62,0x00000000,851
5486,0x0000017e,20,62,0x00000000,842
5487,0x0000017e,20,62,0x00000000,841
5488,0x0000017e,20,62,0x00000000,811
5489,0x0000017e,20,62,0x00000000,1643
5490,0x0000017e,20,62,0x00000000,1472
5491,0x0000017e,20,62,0x00000000,872
5492,0x0000017e,20,62,0x00000000,802
5493,0x0000017e,20,62,0x00000000,972
5494,0x0000017e,20,62,0x00000000,862
5495,0x0000017e,20,62,0x00000000,861
5496,0x0000017e,20,62,0x00000000,862
5497,0x0000017e,20,62,0x00000000,1112
5498,0x0000017e,20,62,0x00000000,861
5499,0x0000017e,20,62,0x00000000,932
5500,0x0000017b,12,44,0x00000000,4848
5501,0x00000158,105,3479,0x00000000,228333
5502,0x00000165,14,10,0x00000000,1763
5503,0x00000165,14,10,0x00000000,1622
5504,0x00000145,12,10,0x00000000,78768942
5505,0x00000144,12,10,0x00000100,1703
5506,0x00000143,11,10,0x00000000,4587
5507,0x0000017a,22,83,0x00000000,691
5508,0x0000017a,22,27,0x00000000,651
5509,0x00000131,89,1392,0x00000000,39269
5510,0x00000131,88,2127,0x00000000,22954
5511,0x0000017b,12,44,0x00000000,2744
5512,0x00000168,84,1170,0x00000000,59900
5513,0x00000176,59,48,0x00000000,3646
5514,0x00000151,41,29,0x00000000,4727
5515,0x00000147,1296,122,0x00000000,97417
5516,0x0000017e,20,62,0x00000000,1012
5517,0x0000017e,20,62,0x00000000,841
5518,0x0000017e,20,62,0x00000000,1091
5519,0x0000017e,20,62,0x00000000,882
5520,0x0000017e,20,62,0x00000000,862
5521,0x0000017e,20,62,0x00000000,861
5522,0x0000017e,20,62,0x00000000,871
5523,0x0000017e,20,62,0x00000000,862
5524,0x0000017e,20,62,0x00000000,1091
5525,0x0000017e,20,62,0x00000000,851
5526,0x0000017e,20,62,0x00000000,872
5527,0x0000017e,20,62,0x00000000,861
5528,0x0000017e,20,62,0x00000000,861
5529,0x0000017e,20,62,0x00000000,882
5530,0x0000017e,20,62,0x00000000,872
5531,0x0000017e,20,62,0x00000000,881
5532,0x0000017b,12,44,0x00000000,4297
5533,0x00000158,105,3479,0x00000000,276696
5534,0x00000165,14,10,0x00000000,1742
5535,0x00000165,14,10,0x00000000,1683
5536,0x00000145,12,10,0x00000000,70876327
5537,0x00000144,12,10,0x00000100,1412
5538,0x00000143,11,10,0x00000000,5488
5539,0x0000017a,22,83,0x00000000,841
5540,0x0000017a,22,27,0x00000000,661
5541,0x00000131,89,1392,0x00000000,24276
5542,0x00000131,88,2127,0x00000000,22844
5543,0x0000017b,12,44,0x00000000,2474
5544,0x00000168,84,1170,0x00000000,66851
5545,0x00000176,59,48,0x00000000,7481
5546,0x00000151,41,29,0x00000000,3775
5547,0x00000147,1296,122,0x00000000,88863
5548,0x0000017e,20,62,0x00000000,1121
5549,0x0000017e,20,62,0x00000000,851
5550,0x0000017e,20,62,0x00000000,841
5551,0x0000017e,20,62,0x00000000,821
5552,0x0000017e,20,62,0x00000000,852
5553,0x0000017e,20,62,0x00000000,881
5554,0x0000017e,20,62,0x00000000,841
5555,0x0000017e,20,62,0x00000000,892
5556,0x0000017e,20,62,0x00000000,902
5557,0x0000017e,20,62,0x00000000,831
5558,0x0000017e,20,62,0x00000000,831
5559,0x0000017e,20,62,0x00000000,851
5560,0x0000017e,20,62,0x00000000,1042
5561,0x0000017e,20,62,0x00000000,831
5562,0x0000017e,20,62,0x00000000,1673
5563,0x0000017e,20,62,0x00000000,1743
5564,0x0000017b,12,44,0x00000000,5648
5565,0x00000158,105,3479,0x00000000,257026
5566,0x00000165,14,10,0x00000000,1722
5567,0x00000165,14,10,0x00000000,1622
5568,0x00000145,12,10,0x00000000,77457453
5569,0x00000144,12,10,0x00000100,1092
5570,0x00000143,11,10,0x00000000,4887
5571,0x0000017a,22,83,0x00000000,691
5572,0x0000017a,22,27,0x00000000,661
5573,0x00000131,89,1392,0x00000000,24156
5574,0x00000131,88,2127,0x00000000,23305
5575,0x0000017b,12,44,0x00000000,6099
5576,0x00000168,84,1170,0x00000000,61432
5577,0x00000176,59,48,0x00000000,3816
5578,0x00000151,41,29,0x00000000,3545
5579,0x00000147,1296,122,0x00000000,92218
5580,0x0000017e,20,62,0x00000000,951
5581,0x0000017e,20,62,0x00000000,851
5582,0x0000017e,20,62,0x00000000,851
5583,0x0000017e,20,62,0x00000000,861
5584,0x0000017e,20,62,0x00000000,841
5585,0x0000017e,20,62,0x00000000,1071
5586,0x0000017e,20,62,0x00000000,852
5587,0x0000017e,20,62,0x00000000,871
5588,0x0000017e,20,62,0x00000000,851
5589,0x0000017e,20,62,0x00000000,871
5590,0x0000017e,20,62,0x00000000,881
5591,0x0000017e,20,62,0x00000000,2184
5592,0x0000017e,20,62,0x00000000,831
5593,0x0000017e,20,62,0x00000000,921
5594,0x0000017e,20,62,0x00000000,2163
5595,0x0000017e,20,62,0x00000000,821
5596,0x0000017b,12,44,0x00000000,5679
5597,0x00000158,105,3479,0x00000000,767342
5598,0x00000165,14,10,0x00000000,3055
5599,0x00000165,14,10,0x00000000,2193
5600,0x00000145,12,10,0x00000000,76717766
5601,0x00000144,12,10,0x00000100,1290
5602,0x00000143,11,10,0x00000000,6443
5603,0x0000017a,22,83,0x00000000,2041
5604,0x0000017a,22,27,0x00000000,1581
5605,0x00000131,89,1392,0x00000000,26891
5606,0x00000131,88,2127,0x00000000,28552
5607,0x0000017b,12,44,0x00000000,3421
5608,0x00000168,84,1170,0x00000000,61855
5609,0x00000176,59,48,0x00000000,4322
5610,0x00000151,41,29,0x00000000,3722
5611,0x00000147,1296,122,0x00000000,94820
5612,0x0000017e,20,62,0x00000000,990
5613,0x0000017e,20,62,0x00000000,2331
5614,0x0000017e,20,62,0x00000000,1230
5615,0x0000017e,20,62,0x00000000,970
5616,0x0000017e,20,62,0x00000000,951
5617,0x0000017e,20,62,0x00000000,1450
5618,0x0000017e,20,62,0x00000000,830
5619,0x0000017e,20,62,0x00000000,850
5620,0x0000017e,20,62,0x00000000,810
5621,0x0000017e,20,62,0x00000000,820
5622,0x0000017e,20,62,0x00000000,910
5623,0x0000017e,20,62,0x00000000,1290
5624,0x0000017e,20,62,0x00000000,831
5625,0x0000017e,20,62,0x00000000,810
5626,0x0000017e,20,62,0x00000000,870
5627,0x0000017e,20,62,0x00000000,860
5628,0x0000017b,12,44,0x00000000,4862
5629,0x00000158,105,3479,0x00000000,326235
5630,0x00000165,14,10,0x00000000,2731
5631,0x00000165,14,10,0x00000000,2101
5632,0x00000145,12,10,0x00000000,84240310
5633,0x00000144,12,10,0x00000100,1421
5634,0x00000143,11,10,0x00000000,4722
5635,0x0000017a,22,83,0x00000000,800
5636,0x0000017a,22,27,0x00000000,940
5637,0x00000131,89,1392,0x00000000,25790
5638,0x00000131,88,2127,0x00000000,23310
5639,0x0000017b,12,44,0x00000000,2941
5640,0x00000168,84,1170,0x00000000,61176
5641,0x00000176,59,48,0x00000000,4051
5642,0x00000151,41,29,0x00000000,3652
5643,0x00000147,1296,122,0x00000000,93599
5644,0x0000017e,20,62,0x00000000,2481
5645,0x0000017e,20,62,0x00000000,950
5646,0x0000017e,20,62,0x00000000,840
5647,0x0000017e,20,62,0x00000000,1321
5648,0x0000017e,20,62,0x00000000,961
5649,0x0000017e,20,62,0x00000000,851
5650,0x0000017e,20,62,0x00000000,851
5651,0x0000017e,20,62,0x00000000,841
5652,0x0000017e,20,62,0x00000000,1081
5653,0x0000017e,20,62,0x00000000,800
5654,0x0000017e,20,62,0x00000000,880
5655,0x0000017e,20,62,0x00000000,831
5656,0x0000017e,20,62,0x00000000,2431
5657,0x0000017e,20,62,0x00000000,920
5658,0x0000017e,20,62,0x00000000,830
5659,0x0000017e,20,62,0x00000000,811
5660,0x0000017b,12,44,0x00000000,4412
5661,0x00000158,105,3479,0x00000000,229676
5662,0x00000165,14,10,0x00000000,1800
5663,0x00000165,14,10,0x00000000,1830
5664,0x00000145,12,10,0x00000000,78883686
5665,0x00000144,12,10,0x00000100,1441
5666,0x00000143,11,10,0x00000000,5262
5667,0x0000017a,22,83,0x00000000,741
5668,0x0000017a,22,27,0x00000000,610
5669,0x00000131,89,1392,0x00000000,40057
5670,0x00000131,88,2127,0x00000000,22840
5671,0x0000017b,12,44,0x00000000,2501
5672,0x00000168,84,1170,0x00000000,59185
5673,0x00000176,59,48,0x00000000,3911
5674,0x00000151,41,29,0x00000000,3192
5675,0x00000147,1296,122,0x00000000,87626
5676,0x0000017e,20,62,0x00000000,880
5677,0x0000017e,20,62,0x00000000,851
5678,0x0000017e,20,62,0x00000000,841
5679,0x0000017e,20,62,0x00000000,810
5680,0x0000017e,20,62,0x00000000,860
5681,0x0000017e,20,62,0x00000000,850
5682,0x0000017e,20,62,0x00000000,820
5683,0x0000017e,20,62,0x00000000,920
5684,0x0000017e,20,62,0x00000000,850
5685,0x0000017e,20,62,0x00000000,851
5686,0x0000017e,20,62,0x00000000,841
5687,0x0000017e,20,62,0x00000000,820
5688,0x0000017e,20,62,0x00000000,920
5689,0x0000017e,20,62,0x00000000,860
5690,0x0000017e,20,62,0x00000000,860
5691,0x0000017e,20,62,0x00000000,900
5692,0x0000017b,12,44,0x00000000,5162
5693,0x00000158,105,3479,0x00000000,440473
5694,0x00000165,14,10,0x00000000,1880
5695,0x00000165,14,10,0x00000000,1661
5696,0x00000145,12,10,0x00000000,87291759
5697,0x00000144,12,10,0x00000100,1610
5698,0x00000143,11,10,0x00000000,4992
5699,0x0000017a,22,83,0x00000000,1001
5700,0x0000017a,22,27,0x00000000,660
5701,0x00000131,89,1392,0x00000000,31793
5702,0x00000131,88,2127,0x00000000,23139
5703,0x0000017b,12,44,0x00000000,6123
5704,0x00000168,84,1170,0x00000000,62736
5705,0x00000176,59,48,0x00000000,4192
5706,0x00000151,41,29,0x00000000,4011
5707,0x00000147,1296,122,0x00000000,153484
5708,0x0000017e,20,62,0x00000000,1200
5709,0x0000017e,20,62,0x00000000,900
5710,0x0000017e,20,62,0x00000000,840
5711,0x0000017e,20,62,0x00000000,861
5712,0x0000017e,20,62,0x00000000,1001
5713,0x0000017e,20,62,0x00000000,891
5714,0x0000017e,20,62,0x00000000,861
5715,0x0000017e,20,62,0x00000000,801
5716,0x0000017e,20,62,0x00000000,891
5717,0x0000017e,20,62,0x00000000,871
5718,0x0000017e,20,62,0x00000000,850
5719,0x0000017e,20,62,0x00000000,860
5720,0x0000017e,20,62,0x00000000,870
5721,0x0000017e,20,62,0x00000000,860
5722,0x0000017e,20,62,0x00000000,1241
5723,0x0000017e,20,62,0x00000000,1460
5724,0x0000017b,12,44,0x00000000,4752
5725,0x00000158,105,3479,0x00000000,456040
5726,0x00000165,14,10,0x00000000,1751
5727,0x00000165,14,10,0x00000000,1810
5728,0x00000145,12,10,0x00000000,72216437
5729,0x00000144,12,10,0x00000100,1111
5730,0x00000143,11,10,0x00000000,4602
5731,0x0000017a,22,83,0x00000000,721
5732,0x0000017a,22,27,0x00000000,660
5733,0x00000131,89,1392,0x00000000,39767
5734,0x00000131,88,2127,0x00000000,32074
5735,0x0000017b,12,44,0x00000000,4442
5736,0x00000168,84,1170,0x00000000,64607
5737,0x00000176,59,48,0x00000000,8034
5738,0x00000151,41,29,0x00000000,6262
5739,0x00000147,1296,122,0x00000000,96621
5740,0x0000017e,20,62,0x00000000,990
5741,0x0000017e,20,62,0x00000000,891
5742,0x0000017e,20,62,0x00000000,850
5743,0x0000017e,20,62,0x00000000,830
5744,0x0000017e,20,62,0x00000000,860
5745,0x0000017e,20,62,0x00000000,850
5746,0x0000017e,20,62,0x00000000,840
5747,0x0000017e,20,62,0x00000000,870
5748,0x0000017e,20,62,0x00000000,840
5749,0x0000017e,20,62,0x00000000,850
5750,0x0000017e,20,62,0x00000000,840
5751,0x0000017e,20,62,0x00000000,850
5752,0x0000017e,20,62,0x00000000,850
5753,0x0000017e,20,62,0x00000000,861
5754,0x0000017e,20,62,0x00000000,871
5755,0x0000017e,20,62,0x00000000,850
5756,0x0000017b,12,44,0x00000000,5222
5757,0x00000158,105,3479,0x00000000,363251
5758,0x00000165,14,10,0x00000000,4862
5759,0x00000165,14,10,0x00000000,2391
5760,0x00000145,12,10,0x00000000,80294112
5761,0x00000144,12,10,0x00000100,1201
5762,0x00000143,11,10,0x00000000,4452
5763,0x0000017a,22,83,0x00000000,690
5764,0x0000017a,22,27,0x00000000,660
5765,0x00000131,89,1392,0x00000000,24911
5766,0x00000131,88,2127,0x00000000,23000
5767,0x0000017b,12,44,0x00000000,2391
5768,0x00000168,84,1170,0x00000000,59104
5769,0x00000176,59,48,0x00000000,3742
5770,0x00000151,41,29,0x00000000,3171
5771,0x00000147,1296,122,0x00000000,86986
5772,0x0000017e,20,62,0x00000000,1191
5773,0x0000017e,20,62,0x00000000,850
5774,0x0000017e,20,62,0x00000000,2521
5775,0x0000017e,20,62,0x00000000,1350
5776,0x0000017e,20,62,0x00000000,920
5777,0x0000017e,20,62,0x00000000,860
5778,0x0000017e,20,62,0x00000000,831
5779,0x0000017e,20,62,0x00000000,961
5780,0x0000017e,20,62,0x00000000,800
5781,0x0000017e,20,62,0x00000000,2281
5782,0x0000017e,20,62,0x00000000,1631
5783,0x0000017e,20,62,0x00000000,1071
5784,0x0000017e,20,62,0x00000000,1220
5785,0x0000017e,20,62,0x00000000,851
5786,0x0000017e,20,62,0x00000000,850
5787,0x0000017e,20,62,0x00000000,910
5788,0x0000017b,12,44,0x00000000,4732
5789,0x00000158,105,3479,0x00000000,369153
5790,0x00000165,14,10,0x00000000,1771
5791,0x00000165,14,10,0x00000000,1640
5792,0x00000145,12,10,0x00000000,70358044
5793,0x00000144,12,10,0x00000100,1300
5794,0x00000143,11,10,0x00000000,5292
5795,0x0000017a,22,83,0x00000000,870
5796,0x0000017a,22,27,0x00000000,730
5797,0x00000131,89,1392,0x00000000,25180
5798,0x00000131,88,2127,0x00000000,22990
5799,0x0000017b,12,44,0x00000000,2721
5800,0x00000168,84,1170,0x00000000,59605
5801,0x00000176,59,48,0x00000000,3472
5802,0x00000151,41,29,0x00000000,3602
5803,0x00000147,1296,122,0x00000000,92729
5804,0x0000017e,20,62,0x00000000,941
5805,0x0000017e,20,62,0x00000000,840
5806,0x0000017e,20,62,0x00000000,831
5807,0x0000017e,20,62,0x00000000,860
5808,0x0000017e,20,62,0x00000000,850
5809,0x0000017e,20,62,0x00000000,861
5810,0x0000017e,20,62,0x00000000,940
5811,0x0000017e,20,62,0x00000000,1240
5812,0x0000017e,20,62,0x00000000,1320
5813,0x0000017e,20,62,0x00000000,870
5814,0x0000017e,20,62,0x00000000,861
5815,0x0000017e,20,62,0x00000000,860
5816,0x0000017e,20,62,0x00000000,860
5817,0x0000017e,20,62,0x00000000,861
5818,0x0000017e,20,62,0x00000000,870
5819,0x0000017e,20,62,0x00000000,861
5820,0x0000017b,12,44,0x00000000,4602
5821,0x00000158,105,3479,0x00000000,261659
5822,0x00000165,14,10,0x00000000,1980
5823,0x00000165,14,10,0x00000000,1831
5824,0x00000145,12,10,0x00000000,76883996
5825,0x00000144,12,10,0x00000100,1581
5826,0x00000143,11,10,0x00000000,5192
5827,0x0000017a,22,83,0x00000000,1090
5828,0x0000017a,22,27,0x00000000,750
5829,0x00000131,89,1392,0x00000000,24731
5830,0x00000131,88,2127,0x00000000,25021
5831,0x0000017b,12,44,0x00000000,3671
5832,0x00000168,84,1170,0x00000000,62826
5833,0x00000176,59,48,0x00000000,4632
5834,0x00000151,41,29,0x00000000,3782
5835,0x00000147,1296,122,0x00000000,100072
5836,0x0000017e,20,62,0x00000000,981
5837,0x0000017e,20,62,0x00000000,841
5838,0x0000017e,20,62,0x00000000,860
5839,0x0000017e,20,62,0x00000000,840
5840,0x0000017e,20,62,0x00000000,821
5841,0x0000017e,20,62,0x00000000,951
5842,0x0000017e,20,62,0x00000000,841
5843,0x0000017e,20,62,0x00000000,871
5844,0x0000017e,20,62,0x00000000,851
5845,0x0000017e,20,62,0x00000000,851
5846,0x0000017e,20,62,0x00000000,860
5847,0x0000017e,20,62,0x00000000,911
5848,0x0000017e,20,62,0x00000000,981
5849,0x0000017e,20,62,0x00000000,851
5850,0x0000017e,20,62,0x00000000,841
5851,0x0000017e,20,62,0x00000000,1081
5852,0x0000017b,12,44,0x00000000,4592
5853,0x00000158,105,3479,0x00000000,289330
5854,0x00000165,14,10,0x00000000,1881
5855,0x00000165,14,10,0x00000000,1661
5856,0x00000145,12,10,0x00000000,74811766
5857,0x00000144,12,10,0x00000100,1581
5858,0x00000143,11,10,0x00000000,6853
5859,0x0000017a,22,83,0x00000000,831
5860,0x0000017a,22,27,0x00000000,670
5861,0x00000131,89,1392,0x00000000,24940
5862,0x00000131,88,2127,0x00000000,22809
5863,0x0000017b,12,44,0x00000000,2451
5864,0x00000168,84,1170,0x00000000,64907
5865,0x00000176,59,48,0x00000000,4042
5866,0x00000151,41,29,0x00000000,3252
5867,0x00000147,1296,122,0x00000000,89747
5868,0x0000017e,20,62,0x00000000,1000
5869,0x0000017e,20,62,0x00000000,870
5870,0x0000017e,20,62,0x00000000,800
5871,0x0000017e,20,62,0x00000000,851
5872,0x0000017e,20,62,0x00000000,790
5873,0x0000017e,20,62,0x00000000,861
5874,0x0000017e,20,62,0x00000000,820
5875,0x0000017e,20,62,0x00000000,841
5876,0x0000017e,20,62,0x00000000,850
5877,0x0000017e,20,62,0x00000000,1080
5878,0x0000017e,20,62,0x00000000,921
5879,0x0000017e,20,62,0x00000000,860
5880,0x0000017e,20,62,0x00000000,861
5881,0x0000017e,20,62,0x00000000,870
5882,0x0000017e,20,62,0x00000000,931
5883,0x0000017e,20,62,0x00000000,850
5884,0x0000017b,12,44,0x00000000,6032
5885,0x00000158,105,3479,0x00000000,349185
5886,0x00000165,14,10,0x00000000,2001
5887,0x00000165,14,10,0x00000000,1881
5888,0x00000145,12,10,0x00000000,84799866
5889,0x00000144,12,10,0x00000100,1239
5890,0x00000143,11,10,0x00000000,4868
5891,0x0000017a,22,83,0x00000000,789
5892,0x0000017a,22,27,0x00000000,659
5893,0x00000131,89,1392,0x00000000,24657
5894,0x00000131,88,2127,0x00000000,22768
5895,0x0000017b,12,44,0x00000000,2858
5896,0x00000168,84,1170,0x00000000,61827
5897,0x00000176,59,48,0x00000000,3808
5898,0x00000151,41,29,0x00000000,4338
5899,0x00000147,1296,122,0x00000000,91620
5900,0x0000017e,20,62,0x00000000,1240
5901,0x0000017e,20,62,0x00000000,899
5902,0x0000017e,20,62,0x00000000,720
5903,0x0000017e,20,62,0x00000000,850
5904,0x0000017e,20,62,0x00000000,850
5905,0x0000017e,20,62,0x00000000,839
5906,0x0000017e,20,62,0x00000000,849
5907,0x0000017e,20,62,0x00000000,870
5908,0x0000017e,20,62,0x00000000,819
5909,0x0000017e,20,62,0x00000000,850
5910,0x0000017e,20,62,0x00000000,850
5911,0x0000017e,20,62,0x00000000,859
5912,0x0000017e,20,62,0x00000000,850
5913,0x0000017e,20,62,0x00000000,880
5914,0x0000017e,20,62,0x00000000,860
5915,0x0000017e,20,62,0x00000000,930
5916,0x0000017b,12,44,0x00000000,5127
5917,0x00000158,105,3479,0x00000000,334470
5918,0x00000165,14,10,0x00000000,2009
5919,0x00000165,14,10,0x00000000,1769
5920,0x00000145,12,10,0x00000000,78462136
5921,0x00000144,12,10,0x00000100,1689
5922,0x00000143,11,10,0x00000000,6187
5923,0x0000017a,22,83,0x00000000,849
5924,0x0000017a,22,27,0x00000000,629
5925,0x00000131,89,1392,0x00000000,25007
5926,0x00000131,88,2127,0x00000000,22787
5927,0x0000017b,12,44,0x00000000,2898
5928,0x00000168,84,1170,0x00000000,61556
5929,0x00000176,59,48,0x00000000,3608
5930,0x00000151,41,29,0x00000000,3219
5931,0x00000147,1296,122,0x00000000,87523
5932,0x0000017e,20,62,0x00000000,1000
5933,0x0000017e,20,62,0x00000000,790
5934,0x0000017e,20,62,0x00000000,849
5935,0x0000017e,20,62,0x00000000,840
5936,0x0000017e,20,62,0x00000000,830
5937,0x0000017e,20,62,0x00000000,920
5938,0x0000017e,20,62,0x00000000,819
5939,0x0000017e,20,62,0x00000000,840
5940,0x0000017e,20,62,0x00000000,1010
5941,0x0000017e,20,62,0x00000000,879
5942,0x0000017e,20,62,0x00000000,849
5943,0x0000017e,20,62,0x00000000,849
5944,0x0000017e,20,62,0x00000000,849
5945,0x0000017e,20,62,0x00000000,860
5946,0x0000017e,20,62,0x00000000,879
5947,0x0000017e,20,62,0x00000000,859
5948,0x0000017b,12,44,0x00000000,5487
5949,0x00000158,105,3479,0x00000000,302627
5950,0x00000165,14,10,0x00000000,1699
5951,0x00000165,14,10,0x00000000,1579
5952,0x00000145,12,10,0x00000000,81600361
5953,0x00000144,12,10,0x00000100,1309
5954,0x00000143,11,10,0x00000000,5138
5955,0x0000017a,22,83,0x00000000,699
5956,0x0000017a,22,27,0x00000000,669
5957,0x00000131,89,1392,0x00000000,24317
5958,0x00000131,88,2127,0x00000000,30913
5959,0x0000017b,12,44,0x00000000,3518
5960,0x00000168,84,1170,0x00000000,60858
5961,0x00000176,59,48,0x00000000,3808
5962,0x00000151,41,29,0x00000000,3768
5963,0x00000147,1296,122,0x00000000,94550
5964,0x0000017e,20,62,0x00000000,1389
5965,0x0000017e,20,62,0x00000000,1149
5966,0x0000017e,20,62,0x00000000,860
5967,0x0000017e,20,62,0x00000000,859
5968,0x0000017e,20,62,0x00000000,849
5969,0x0000017e,20,62,0x00000000,850
5970,0x0000017e,20,62,0x00000000,1140
5971,0x0000017e,20,62,0x00000000,860
5972,0x0000017e,20,62,0x00000000,1260
5973,0x0000017e,20,62,0x00000000,879
5974,0x0000017e,20,62,0x00000000,939
5975,0x0000017e,20,62,0x00000000,879
5976,0x0000017e,20,62,0x00000000,859
5977,0x0000017e,20,62,0x00000000,850
5978,0x0000017e,20,62,0x00000000,839
5979,0x0000017e,20,62,0x00000000,840
5980,0x0000017b,12,44,0x00000000,4467
5981,0x00000158,105,3479,0x00000000,286616
5982,0x00000165,14,10,0x00000000,1909
5983,0x00000165,14,10,0x00000000,1989
5984,0x00000145,12,10,0x00000000,81342569
5985,0x00000144,12,10,0x00000100,1030
5986,0x00000143,11,10,0x00000000,4138
5987,0x0000017a,22,83,0x00000000,2269
5988,0x0000017a,22,27,0x00000000,870
5989,0x00000131,89,1392,0x00000000,41987
5990,0x00000131,88,2127,0x00000000,23778
5991,0x0000017b,12,44,0x00000000,2548
5992,0x00000168,84,1170,0x00000000,58568
5993,0x00000176,59,48,0x00000000,4318
5994,0x00000151,41,29,0x00000000,4028
5995,0x00000147,1296,122,0x00000000,88023
5996,0x0000017e,20,62,0x00000000,1180
5997,0x0000017e,20,62,0x00000000,1639
5998,0x0000017e,20,62,0x00000000,940
5999,0x0000017e,20,62,0x00000000,869
6000,0x0000017e,20,62,0x00000000,1059
6001,0x0000017e,20,62,0x00000000,860
6002,0x0000017e,20,62,0x00000000,859
6003,0x0000017e,20,62,0x00000000,850
6004,0x0000017e,20,62,0x00000000,859
6005,0x0000017e,20,62,0x00000000,849
6006,0x0000017e,20,62,0x00000000,850
6007,0x0000017e,20,62,0x00000000,869
6008,0x0000017e,20,62,0x00000000,869
6009,0x0000017e,20,62,0x00000000,879
6010,0x0000017e,20,62,0x00000000,860
6011,0x0000017e,20,62,0x00000000,850
6012,0x0000017b,12,44,0x00000000,4868
6013,0x00000158,105,3479,0x00000000,259601
6014,0x00000165,14,10,0x00000000,1679
6015,0x00000165,14,10,0x00000000,1719
6016,0x00000145,12,10,0x00000000,81829646
6017,0x00000144,12,10,0x00000100,1529
6018,0x00000143,11,10,0x00000000,6466
6019,0x0000017a,22,83,0x00000000,960
6020,0x0000017a,22,27,0x00000000,720
6021,0x00000131,89,1392,0x00000000,28575
6022,0x00000131,88,2127,0x00000000,22798
6023,0x0000017b,12,44,0x00000000,2358
6024,0x00000168,84,1170,0x00000000,62197
6025,0x00000176,59,48,0x00000000,3638
6026,0x00000151,41,29,0x00000000,3258
6027,0x00000147,1296,122,0x00000000,88503
6028,0x0000017e,20,62,0x00000000,1029
6029,0x0000017e,20,62,0x00000000,850
6030,0x0000017e,20,62,0x00000000,2229
6031,0x0000017e,20,62,0x00000000,980
6032,0x0000017e,20,62,0x00000000,1240
6033,0x0000017e,20,62,0x00000000,1289
6034,0x0000017e,20,62,0x00000000,1079
6035,0x0000017e,20,62,0x00000000,870
6036,0x0000017e,20,62,0x00000000,839
6037,0x0000017e,20,62,0x00000000,859
6038,0x0000017e,20,62,0x00000000,1250
6039,0x0000017e,20,62,0x00000000,850
6040,0x0000017e,20,62,0x00000000,889
6041,0x0000017e,20,62,0x00000000,860
6042,0x0000017e,20,62,0x00000000,869
6043,0x0000017e,20,62,0x00000000,1040
6044,0x0000017b,12,44,0x00000000,4568
6045,0x00000158,105,3479,0x00000000,290514
6046,0x00000165,14,10,0x00000000,2069
6047,0x00000165,14,10,0x00000000,1819
6048,0x00000145,12,10,0x00000000,83248894
6049,0x00000144,12,10,0x00000100,1259
6050,0x00000143,11,10,0x00000000,5847
6051,0x0000017a,22,83,0x00000000,750
6052,0x0000017a,22,27,0x00000000,650
6053,0x00000131,89,1392,0x00000000,24856
6054,0x00000131,88,2127,0x00000000,23417
6055,0x0000017b,12,44,0x00000000,2629
6056,0x00000168,84,1170,0x00000000,59698
6057,0x00000176,59,48,0x00000000,3458
6058,0x00000151,41,29,0x00000000,34481
6059,0x00000147,1296,122,0x00000000,89012
6060,0x0000017e,20,62,0x00000000,1039
6061,0x0000017e,20,62,0x00000000,860
6062,0x0000017e,20,62,0x00000000,840
6063,0x0000017e,20,62,0x00000000,849
6064,0x0000017e,20,62,0x00000000,860
6065,0x0000017e,20,62,0x00000000,810
6066,0x0000017e,20,62,0x00000000,840
6067,0x0000017e,20,62,0x00000000,850
6068,0x0000017e,20,62,0x00000000,860
6069,0x0000017e,20,62,0x00000000,930
6070,0x0000017e,20,62,0x00000000,850
6071,0x0000017e,20,62,0x00000000,880
6072,0x0000017e,20,62,0x00000000,879
6073,0x0000017e,20,62,0x00000000,879
6074,0x0000017e,20,62,0x00000000,859
6075,0x0000017e,20,62,0x00000000,1009
6076,0x0000017b,12,44,0x00000000,3857
6077,0x00000158,105,3479,0x00000000,285657
6078,0x00000165,14,10,0x00000000,1709
6079,0x00000165,14,10,0x00000000,1789
6080,0x00000145,12,10,0x00000000,78534588
6081,0x00000144,12,10,0x00000100,1479
6082,0x00000143,11,10,0x00000000,5937
6083,0x0000017a,22,83,0x00000000,769
6084,0x0000017a,22,27,0x00000000,650
6085,0x00000131,89,1392,0x00000000,25996
6086,0x00000131,88,2127,0x00000000,24606
6087,0x0000017b,12,44,0x00000000,3328
6088,0x00000168,84,1170,0x00000000,61417
6089,0x00000176,59,48,0x00000000,3758
6090,0x00000151,41,29,0x00000000,3618
6091,0x00000147,1296,122,0x00000000,87063
6092,0x0000017e,20,62,0x00000000,940
6093,0x0000017e,20,62,0x00000000,849
6094,0x0000017e,20,62,0x00000000,1179
6095,0x0000017e,20,62,0x00000000,790
6096,0x0000017e,20,62,0x00000000,940
6097,0x0000017e,20,62,0x00000000,850
6098,0x0000017e,20,62,0x00000000,860
6099,0x0000017e,20,62,0x00000000,830
6100,0x0000017e,20,62,0x00000000,839
6101,0x0000017e,20,62,0x00000000,850
6102,0x0000017e,20,62,0x00000000,849
6103,0x0000017e,20,62,0x00000000,2219
6104,0x0000017e,20,62,0x00000000,969
6105,0x0000017e,20,62,0x00000000,920
6106,0x0000017e,20,62,0x00000000,830
6107,0x0000017e,20,62,0x00000000,849
6108,0x0000017b,12,44,0x00000000,5287
6109,0x00000158,105,3479,0x00000000,267587
6110,0x00000165,14,10,0x00000000,1709
6111,0x00000165,14,10,0x00000000,1819
6112,0x00000145,12,10,0x00000000,82055346
6113,0x00000144,12,10,0x00000100,1310
6114,0x00000143,11,10,0x00000000,4428
6115,0x0000017a,22,83,0x00000000,809
6116,0x0000017a,22,27,0x00000000,670
6117,0x00000131,89,1392,0x00000000,23938
6118,0x00000131,88,2127,0x00000000,22768
6119,0x0000017b,12,44,0x00000000,2359
6120,0x00000168,84,1170,0x00000000,58868
6121,0x00000176,59,48,0x00000000,4718
6122,0x00000151,41,29,0x00000000,8356
6123,0x00000147,1296,122,0x00000000,103035
6124,0x0000017e,20,62,0x00000000,1529
6125,0x0000017e,20,62,0x00000000,850
6126,0x0000017e,20,62,0x00000000,840
6127,0x0000017e,20,62,0x00000000,889
6128,0x0000017e,20,62,0x00000000,870
6129,0x0000017e,20,62,0x00000000,860
6130,0x0000017e,20,62,0x00000000,989
6131,0x0000017e,20,62,0x00000000,840
6132,0x0000017e,20,62,0x00000000,840
6133,0x0000017e,20,62,0x00000000,869
6134,0x0000017e,20,62,0x00000000,859
6135,0x0000017e,20,62,0x00000000,859
6136,0x0000017e,20,62,0x00000000,800
6137,0x0000017e,20,62,0x00000000,1009
6138,0x0000017e,20,62,0x00000000,850
6139,0x0000017e,20,62,0x00000000,880
6140,0x0000017b,12,44,0x00000000,4917
6141,0x00000158,105,3479,0x00000000,332931
6142,0x00000165,14,10,0x00000000,1849
6143,0x00000165,14,10,0x00000000,2119
6144,0x00000145,12,10,0x00000000,80332762
6145,0x00000144,12,10,0x00000100,1150
6146,0x00000143,11,10,0x00000000,4188
6147,0x0000017a,22,83,0x00000000,740
6148,0x0000017a,22,27,0x00000000,709
6149,0x00000131,89,1392,0x00000000,24387
6150,0x00000131,88,2127,0x00000000,23098
6151,0x0000017b,12,44,0x00000000,2508
6152,0x00000168,84,1170,0x00000000,58679
6153,0x00000176,59,48,0x00000000,3598
6154,0x00000151,41,29,0x00000000,3349
6155,0x00000147,1296,122,0x00000000,86964
6156,0x0000017e,20,62,0x00000000,940
6157,0x0000017e,20,62,0x00000000,859
6158,0x0000017e,20,62,0x00000000,869
6159,0x0000017e,20,62,0x00000000,839
6160,0x0000017e,20,62,0x00000000,839
6161,0x0000017e,20,62,0x00000000,840
6162,0x0000017e,20,62,0x00000000,1259
6163,0x0000017e,20,62,0x00000000,840
6164,0x0000017e,20,62,0x00000000,819
6165,0x0000017e,20,62,0x00000000,860
6166,0x0000017e,20,62,0x00000000,839
6167,0x0000017e,20,62,0x00000000,830
6168,0x0000017e,20,62,0x00000000,869
6169,0x0000017e,20,62,0x00000000,839
6170,0x0000017e,20,62,0x00000000,859
6171,0x0000017e,20,62,0x00000000,829
6172,0x0000017b,12,44,0x00000000,4484
6173,0x00000158,105,3479,0x00000000,356511
6174,0x00000165,14,10,0x00000000,1727
6175,0x00000165,14,10,0x00000000,1608
6176,0x00000145,12,10,0x00000000,86366001
6177,0x00000144,12,10,0x00000100,1229
6178,0x00000143,11,10,0x00000000,5722
6179,0x0000017a,22,83,0x00000000,839
6180,0x0000017a,22,27,0x00000000,679
6181,0x00000131,89,1392,0x00000000,57840
6182,0x00000131,88,2127,0x00000000,22729
6183,0x0000017b,12,44,0x00000000,2596
6184,0x00000168,84,1170,0x00000000,59569
6185,0x00000176,59,48,0x00000000,4164
6186,0x00000151,41,29,0x00000000,3315
6187,0x00000147,1296,122,0x00000000,86951
6188,0x0000017e,20,62,0x00000000,969
6189,0x0000017e,20,62,0x00000000,839
6190,0x0000017e,20,62,0x00000000,789
6191,0x0000017e,20,62,0x00000000,839
6192,0x0000017e,20,62,0x00000000,848
6193,0x0000017e,20,62,0x00000000,869
6194,0x0000017e,20,62,0x00000000,819
6195,0x0000017e,20,62,0x00000000,908
6196,0x0000017e,20,62,0x00000000,869
6197,0x0000017e,20,62,0x00000000,848
6198,0x0000017e,20,62,0x00000000,819
6199,0x0000017e,20,62,0x00000000,869
6200,0x0000017e,20,62,0x00000000,858
6201,0x0000017e,20,62,0x00000000,819
6202,0x0000017e,20,62,0x00000000,849
6203,0x0000017e,20,62,0x00000000,1148
6204,0x0000017b,12,44,0x00000000,5223
6205,0x00000158,105,3479,0x00000000,228067
6206,0x00000165,14,10,0x00000000,1778
6207,0x00000165,14,10,0x00000000,1628
6208,0x00000145,12,10,0x00000000,71561483
6209,0x00000144,12,10,0x00000100,1278
6210,0x00000143,11,10,0x00000000,6192
6211,0x0000017a,22,83,0x00000000,949
6212,0x0000017a,22,27,0x00000000,699
6213,0x00000131,89,1392,0x00000000,26034
6214,0x00000131,88,2127,0x00000000,29230
6215,0x0000017b,12,44,0x00000000,3166
6216,0x00000168,84,1170,0x00000000,61446
6217,0x00000176,59,48,0x00000000,3815
6218,0x00000151,41,29,0x00000000,3685
6219,0x00000147,1296,122,0x00000000,89996
6220,0x0000017e,20,62,0x00000000,998
6221,0x0000017e,20,62,0x00000000,868
6222,0x0000017e,20,62,0x00000000,819
6223,0x0000017e,20,62,0x00000000,819
6224,0x0000017e,20,62,0x00000000,809
6225,0x0000017e,20,62,0x00000000,1248
6226,0x0000017e,20,62,0x00000000,849
6227,0x0000017e,20,62,0x00000000,839
6228,0x0000017e,20,62,0x00000000,839
6229,0x0000017e,20,62,0x00000000,1089
6230,0x0000017e,20,62,0x00000000,859
6231,0x0000017e,20,62,0x00000000,839
6232,0x0000017e,20,62,0x00000000,849
6233,0x0000017e,20,62,0x00000000,938
6234,0x0000017e,20,62,0x00000000,1308
6235,0x0000017e,20,62,0x00000000,958
6236,0x0000017b,12,44,0x00000000,5053
6237,0x00000158,105,3479,0x00000000,288534
6238,0x00000165,14,10,0x00000000,2766
6239,0x00000165,14,10,0x00000000,1608
6240,0x00000145,12,10,0x00000000,97931036
6241,0x00000144,12,10,0x00000100,1328
6242,0x00000143,11,10,0x00000000,4464
6243,0x0000017a,22,83,0x00000000,1019
6244,0x0000017a,22,27,0x00000000,1568
6245,0x00000131,89,1392,0x00000000,25056
6246,0x00000131,88,2127,0x00000000,22998
6247,0x0000017b,12,44,0x00000000,2877
6248,0x00000168,84,1170,0x00000000,60557
6249,0x00000176,59,48,0x00000000,3685
6250,0x00000151,41,29,0x00000000,3175
6251,0x00000147,1296,122,0x00000000,87770
6252,0x0000017e,20,62,0x00000000,968
6253,0x0000017e,20,62,0x00000000,849
6254,0x0000017e,20,62,0x00000000,918
6255,0x0000017e,20,62,0x00000000,849
6256,0x0000017e,20,62,0x00000000,1987
6257,0x0000017e,20,62,0x00000000,949
6258,0x0000017e,20,62,0x00000000,849
6259,0x0000017e,20,62,0x00000000,829
6260,0x0000017e,20,62,0x00000000,849
6261,0x0000017e,20,62,0x00000000,879
6262,0x0000017e,20,62,0x00000000,868
6263,0x0000017e,20,62,0x00000000,839
6264,0x0000017e,20,62,0x00000000,919
6265,0x0000017e,20,62,0x00000000,848
6266,0x0000017e,20,62,0x00000000,869
6267,0x0000017e,20,62,0x00000000,869
6268,0x0000017b,12,44,0x00000000,4464
6269,0x00000158,105,3479,0x00000000,227218
6270,0x00000165,14,10,0x00000000,1737
6271,0x00000165,14,10,0x00000000,1638
6272,0x00000145,12,10,0x00000000,71281968
6273,0x00000144,12,10,0x00000100,1857
6274,0x00000143,11,10,0x00000000,5253
6275,0x0000017a,22,83,0x00000000,789
6276,0x0000017a,22,27,0x00000000,660
6277,0x00000131,89,1392,0x00000000,24377
6278,0x00000131,88,2127,0x00000000,23188
6279,0x0000017b,12,44,0x00000000,5383
6280,0x00000168,84,1170,0x00000000,61306
6281,0x00000176,59,48,0x00000000,3735
6282,0x00000151,41,29,0x00000000,5952
6283,0x00000147,1296,122,0x00000000,96298
6284,0x0000017e,20,62,0x00000000,1388
6285,0x0000017e,20,62,0x00000000,968
6286,0x0000017e,20,62,0x00000000,839
6287,0x0000017e,20,62,0x00000000,849
6288,0x0000017e,20,62,0x00000000,2307
6289,0x0000017e,20,62,0x00000000,1088
6290,0x0000017e,20,62,0x00000000,1159
6291,0x0000017e,20,62,0x00000000,958
6292,0x0000017e,20,62,0x00000000,849
6293,0x0000017e,20,62,0x00000000,1048
6294,0x0000017e,20,62,0x00000000,1338
6295,0x0000017e,20,62,0x00000000,849
6296,0x0000017e,20,62,0x00000000,878
6297,0x0000017e,20,62,0x00000000,879
6298,0x0000017e,20,62,0x00000000,998
6299,0x0000017e,20,62,0x00000000,1208
6300,0x0000017b,12,44,0x00000000,4754
6301,0x00000158,105,3479,0x00000000,527226
6302,0x00000165,14,10,0x00000000,1747
6303,0x00000165,14,10,0x00000000,1607
6304,0x00000145,12,10,0x00000000,78420848
6305,0x00000144,12,10,0x00000100,998
6306,0x00000143,11,10,0x00000000,4244
6307,0x0000017a,22,83,0x00000000,829
6308,0x0000017a,22,27,0x00000000,809
6309,0x00000131,89,1392,0x00000000,25545
6310,0x00000131,88,2127,0x00000000,23069
6311,0x0000017b,12,44,0x00000000,2746
6312,0x00000168,84,1170,0x00000000,59388
6313,0x00000176,59,48,0x00000000,3505
6314,0x00000151,41,29,0x00000000,3316
6315,0x00000147,1296,122,0x00000000,88019
6316,0x0000017e,20,62,0x00000000,1009
6317,0x0000017e,20,62,0x00000000,839
6318,0x0000017e,20,62,0x00000000,839
6319,0x0000017e,20,62,0x00000000,859
6320,0x0000017e,20,62,0x00000000,839
6321,0x0000017e,20,62,0x00000000,839
6322,0x0000017e,20,62,0x00000000,839
6323,0x0000017e,20,62,0x00000000,989
6324,0x0000017e,20,62,0x00000000,859
6325,0x0000017e,20,62,0x00000000,939
6326,0x0000017e,20,62,0x00000000,919
6327,0x0000017e,20,62,0x00000000,1049
6328,0x0000017e,20,62,0x00000000,1259
6329,0x0000017e,20,62,0x00000000,878
6330,0x0000017e,20,62,0x00000000,859
6331,0x0000017e,20,62,0x00000000,859
6332,0x0000017b,12,44,0x00000000,4384
6333,0x00000158,105,3479,0x00000000,422580
6334,0x00000165,14,10,0x00000000,1728
6335,0x00000165,14,10,0x00000000,1628
6336,0x00000145,12,10,0x00000000,74431675
6337,0x00000144,12,10,0x00000100,1018
6338,0x00000143,11,10,0x00000000,4893
6339,0x0000017a,22,83,0x00000000,779
6340,0x0000017a,22,27,0x00000000,639
6341,0x00000131,89,1392,0x00000000,28970
6342,0x00000131,88,2127,0x00000000,27342
6343,0x0000017b,12,44,0x00000000,2945
6344,0x00000168,84,1170,0x00000000,59987
6345,0x00000176,59,48,0x00000000,3745
6346,0x00000151,41,29,0x00000000,3156
6347,0x00000147,1296,122,0x00000000,87350
6348,0x0000017e,20,62,0x00000000,998
6349,0x0000017e,20,62,0x00000000,848
6350,0x0000017e,20,62,0x00000000,789
6351,0x0000017e,20,62,0x00000000,839
6352,0x0000017e,20,62,0x00000000,859
6353,0x0000017e,20,62,0x00000000,799
6354,0x0000017e,20,62,0x00000000,789
6355,0x0000017e,20,62,0x00000000,849
6356,0x0000017e,20,62,0x00000000,858
6357,0x0000017e,20,62,0x00000000,849
6358,0x0000017e,20,62,0x00000000,859
6359,0x0000017e,20,62,0x00000000,879
6360,0x0000017e,20,62,0x00000000,819
6361,0x0000017e,20,62,0x00000000,819
6362,0x0000017e,20,62,0x00000000,828
6363,0x0000017e,20,62,0x00000000,839
6364,0x0000017b,12,44,0x00000000,3985
6365,0x00000158,105,3479,0x00000000,478074
6366,0x00000165,14,10,0x00000000,12034
6367,0x00000165,14,10,0x00000000,1598
6368,0x00000145,12,10,0x00000000,81259871
6369,0x00000144,12,10,0x00000100,1308
6370,0x00000143,11,10,0x00000000,5163
6371,0x0000017a,22,83,0x00000000,749
6372,0x0000017a,22,27,0x00000000,659
6373,0x00000131,89,1392,0x00000000,25735
6374,0x00000131,88,2127,0x00000000,23678
6375,0x0000017b,12,44,0x00000000,2586
6376,0x00000168,84,1170,0x00000000,59598
6377,0x00000176,59,48,0x00000000,3954
6378,0x00000151,41,29,0x00000000,5043
6379,0x00000147,1296,122,0x00000000,97895
6380,0x0000017e,20,62,0x00000000,999
6381,0x0000017e,20,62,0x00000000,849
6382,0x0000017e,20,62,0x00000000,829
6383,0x0000017e,20,62,0x00000000,1218
6384,0x0000017e,20,62,0x00000000,1179
6385,0x0000017e,20,62,0x00000000,849
6386,0x0000017e,20,62,0x00000000,1018
6387,0x0000017e,20,62,0x00000000,1189
6388,0x0000017e,20,62,0x00000000,868
6389,0x0000017e,20,62,0x00000000,919
6390,0x0000017e,20,62,0x00000000,839
6391,0x0000017e,20,62,0x00000000,858
6392,0x0000017e,20,62,0x00000000,858
6393,0x0000017e,20,62,0x00000000,859
6394,0x0000017e,20,62,0x00000000,839
6395,0x0000017e,20,62,0x00000000,859
6396,0x0000017b,12,44,0x00000000,5543
6397,0x00000158,105,3479,0x00000000,451970
6398,0x00000165,14,10,0x00000000,1777
6399,0x00000165,14,10,0x00000000,1708
6400,0x00000145,12,10,0x00000000,76598480
6401,0x00000144,12,10,0x00000100,1188
6402,0x00000143,11,10,0x00000000,5073
6403,0x0000017a,22,83,0x00000000,829
6404,0x0000017a,22,27,0x00000000,649
6405,0x00000131,89,1392,0x00000000,25086
6406,0x00000131,88,2127,0x00000000,22889
6407,0x0000017b,12,44,0x00000000,5452
6408,0x00000168,84,1170,0x00000000,61776
6409,0x00000176,59,48,0x00000000,4344
6410,0x00000151,41,29,0x00000000,3415
6411,0x00000147,1296,122,0x00000000,89927
6412,0x0000017e,20,62,0x00000000,1009
6413,0x0000017e,20,62,0x00000000,839
6414,0x0000017e,20,62,0x00000000,839
6415,0x0000017e,20,62,0x00000000,839
6416,0x0000017e,20,62,0x00000000,839
6417,0x0000017e,20,62,0x00000000,859
6418,0x0000017e,20,62,0x00000000,839
6419,0x0000017e,20,62,0x00000000,879
6420,0x0000017e,20,62,0x00000000,838
6421,0x0000017e,20,62,0x00000000,869
6422,0x0000017e,20,62,0x00000000,919
6423,0x0000017e,20,62,0x00000000,849
6424,0x0000017e,20,62,0x00000000,858
6425,0x0000017e,20,62,0x00000000,858
6426,0x0000017e,20,62,0x00000000,869
6427,0x0000017e,20,62,0x00000000,868
6428,0x0000017b,12,44,0x00000000,5263
6429,0x00000158,105,3479,0x00000000,333402
6430,0x00000165,14,10,0x00000000,1748
6431,0x00000165,14,10,0x00000000,1658
6432,0x00000145,12,10,0x00000000,83040710
6433,0x00000144,12,10,0x00000100,1108
6434,0x00000143,11,10,0x00000000,4481
6435,0x0000017a,22,83,0x00000000,708
6436,0x0000017a,22,27,0x00000000,659
6437,0x00000131,89,1392,0x00000000,24878
6438,0x00000131,88,2127,0x00000000,22972
6439,0x0000017b,12,44,0x00000000,2395
6440,0x00000168,84,1170,0x00000000,59086
6441,0x00000176,59,48,0x00000000,3592
6442,0x00000151,41,29,0x00000000,3253
6443,0x00000147,1296,122,0x00000000,86887
6444,0x0000017e,20,62,0x00000000,948
6445,0x0000017e,20,62,0x00000000,888
6446,0x0000017e,20,62,0x00000000,848
6447,0x0000017e,20,62,0x00000000,838
6448,0x0000017e,20,62,0x00000000,848
6449,0x0000017e,20,62,0x00000000,848
6450,0x0000017e,20,62,0x00000000,838
6451,0x0000017e,20,62,0x00000000,1337
6452,0x0000017e,20,62,0x00000000,1008
6453,0x0000017e,20,62,0x00000000,1456
6454,0x0000017e,20,62,0x00000000,1467
6455,0x0000017e,20,62,0x00000000,848
6456,0x0000017e,20,62,0x00000000,878
6457,0x0000017e,20,62,0x00000000,848
6458,0x0000017e,20,62,0x00000000,858
6459,0x0000017e,20,62,0x00000000,1307
6460,0x0000017b,12,44,0x00000000,4721
6461,0x00000158,105,3479,0x00000000,234247
6462,0x00000165,14,10,0x00000000,3343
6463,0x00000165,14,10,0x00000000,2015
6464,0x00000145,12,10,0x00000000,78346320
6465,0x00000144,12,10,0x00000100,1327
6466,0x00000143,11,10,0x00000000,5748
6467,0x0000017a,22,83,0x00000000,738
6468,0x0000017a,22,27,0x00000000,659
6469,0x00000131,89,1392,0x00000000,25306
6470,0x00000131,88,2127,0x00000000,23341
6471,0x0000017b,12,44,0x00000000,6347
6472,0x00000168,84,1170,0x00000000,63118
6473,0x00000176,59,48,0x00000000,4939
6474,0x00000151,41,29,0x00000000,3633
6475,0x00000147,1296,122,0x00000000,94411
6476,0x0000017e,20,62,0x00000000,1188
6477,0x0000017e,20,62,0x00000000,848
6478,0x0000017e,20,62,0x00000000,808
6479,0x0000017e,20,62,0x00000000,798
6480,0x0000017e,20,62,0x00000000,828
6481,0x0000017e,20,62,0x00000000,768
6482,0x0000017e,20,62,0x00000000,838
6483,0x0000017e,20,62,0x00000000,2405
6484,0x0000017e,20,62,0x00000000,1288
6485,0x0000017e,20,62,0x00000000,818
6486,0x0000017e,20,62,0x00000000,818
6487,0x0000017e,20,62,0x00000000,838
6488,0x0000017e,20,62,0x00000000,838
6489,0x0000017e,20,62,0x00000000,2136
6490,0x0000017e,20,62,0x00000000,2035
6491,0x0000017e,20,62,0x00000000,1477
6492,0x0000017b,12,44,0x00000000,4570
6493,0x00000158,105,3479,0x00000000,228859
6494,0x00000165,14,10,0x00000000,1717
6495,0x00000165,14,10,0x00000000,2016
6496,0x00000145,12,10,0x00000000,77681832
6497,0x00000144,12,10,0x00000100,1018
6498,0x00000143,11,10,0x00000000,4970
6499,0x0000017a,22,83,0x00000000,788
6500,0x0000017a,22,27,0x00000000,759
6501,0x00000131,89,1392,0x00000000,24019
6502,0x00000131,88,2127,0x00000000,23122
6503,0x0000017b,12,44,0x00000000,2665
6504,0x00000168,84,1170,0x00000000,59685
6505,0x00000176,59,48,0x00000000,3552
6506,0x00000151,41,29,0x00000000,3553
6507,0x00000147,1296,122,0x00000000,89970
6508,0x0000017e,20,62,0x00000000,1008
6509,0x0000017e,20,62,0x00000000,928
6510,0x0000017e,20,62,0x00000000,1018
6511,0x0000017e,20,62,0x00000000,1247
6512,0x0000017e,20,62,0x00000000,878
6513,0x0000017e,20,62,0x00000000,849
6514,0x0000017e,20,62,0x00000000,838
6515,0x0000017e,20,62,0x00000000,848
6516,0x0000017e,20,62,0x00000000,859
6517,0x0000017e,20,62,0x00000000,869
6518,0x0000017e,20,62,0x00000000,828
6519,0x0000017e,20,62,0x00000000,868
6520,0x0000017e,20,62,0x00000000,858
6521,0x0000017e,20,62,0x00000000,938
6522,0x0000017e,20,62,0x00000000,849
6523,0x0000017e,20,62,0x00000000,848
6524,0x0000017b,12,44,0x00000000,4390
6525,0x00000158,105,3479,0x00000000,494938
6526,0x00000165,14,10,0x00000000,1726
6527,0x00000165,14,10,0x00000000,1965
6528,0x00000145,12,10,0x00000000,71496719
6529,0x00000144,12,10,0x00000100,1347
6530,0x00000143,11,10,0x00000000,5089
6531,0x0000017a,22,83,0x00000000,878
6532,0x0000017a,22,27,0x00000000,678
6533,0x00000131,89,1392,0x00000000,25068
6534,0x00000131,88,2127,0x00000000,22892
6535,0x0000017b,12,44,0x00000000,2824
6536,0x00000168,84,1170,0x00000000,59445
6537,0x00000176,59,48,0x00000000,3483
6538,0x00000151,41,29,0x00000000,3233
6539,0x00000147,1296,122,0x00000000,88045
6540,0x0000017e,20,62,0x00000000,998
6541,0x0000017e,20,62,0x00000000,849
6542,0x0000017e,20,62,0x00000000,848
6543,0x0000017e,20,62,0x00000000,859
6544,0x0000017e,20,62,0x00000000,849
6545,0x0000017e,20,62,0x00000000,838
6546,0x0000017e,20,62,0x00000000,839
6547,0x0000017e,20,62,0x00000000,828
6548,0x0000017e,20,62,0x00000000,848
6549,0x0000017e,20,62,0x00000000,848
6550,0x0000017e,20,62,0x00000000,848
6551,0x0000017e,20,62,0x00000000,858
6552,0x0000017e,20,62,0x00000000,878
6553,0x0000017e,20,62,0x00000000,858
6554,0x0000017e,20,62,0x00000000,878
6555,0x0000017e,20,62,0x00000000,868
6556,0x0000017b,12,44,0x00000000,3872
6557,0x00000158,105,3479,0x00000000,232281
6558,0x00000165,14,10,0x00000000,3872
6559,0x00000165,14,10,0x00000000,2425
6560,0x00000145,12,10,0x00000000,94096013
6561,0x00000144,12,10,0x00000100,1038
6562,0x00000143,11,10,0x00000000,4830
6563,0x0000017a,22,83,0x00000000,738
6564,0x0000017a,22,27,0x00000000,669
6565,0x00000131,89,1392,0x00000000,27732
6566,0x00000131,88,2127,0x00000000,23041
6567,0x0000017b,12,44,0x00000000,2585
6568,0x00000168,84,1170,0x00000000,59365
6569,0x00000176,59,48,0x00000000,3623
6570,0x00000151,41,29,0x00000000,3133
6571,0x00000147,1296,122,0x00000000,89232
6572,0x0000017e,20,62,0x00000000,958
6573,0x0000017e,20,62,0x00000000,878
6574,0x0000017e,20,62,0x00000000,849
6575,0x0000017e,20,62,0x00000000,848
6576,0x0000017e,20,62,0x00000000,838
6577,0x0000017e,20,62,0x00000000,838
6578,0x0000017e,20,62,0x00000000,818
6579,0x0000017e,20,62,0x00000000,828
6580,0x0000017e,20,62,0x00000000,898
6581,0x0000017e,20,62,0x00000000,849
6582,0x0000017e,20,62,0x00000000,868
6583,0x0000017e,20,62,0x00000000,849
6584,0x0000017e,20,62,0x00000000,848
6585,0x0000017e,20,62,0x00000000,978
6586,0x0000017e,20,62,0x00000000,968
6587,0x0000017e,20,62,0x00000000,838
6588,0x0000017b,12,44,0x00000000,5259
6589,0x00000158,105,3479,0x00000000,965558
6590,0x00000165,14,10,0x00000000,1956
6591,0x00000165,14,10,0x00000000,3922
6592,0x00000145,12,10,0x00000000,70923995
6593,0x00000144,12,10,0x00000100,1177
6594,0x00000143,11,10,0x00000000,4701
6595,0x0000017a,22,83,0x00000000,1986
6596,0x0000017a,22,27,0x00000000,769
6597,0x00000131,89,1392,0x00000000,25147
6598,0x00000131,88,2127,0x00000000,24149
6599,0x0000017b,12,44,0x00000000,2605
6600,0x00000168,84,1170,0x00000000,60323
6601,0x00000176,59,48,0x00000000,3713
6602,0x00000151,41,29,0x00000000,3084
6603,0x00000147,1296,122,0x00000000,106766
6604,0x0000017e,20,62,0x00000000,1217
6605,0x0000017e,20,62,0x00000000,848
6606,0x0000017e,20,62,0x00000000,888
6607,0x0000017e,20,62,0x00000000,1087
6608,0x0000017e,20,62,0x00000000,838
6609,0x0000017e,20,62,0x00000000,859
6610,0x0000017e,20,62,0x00000000,878
6611,0x0000017e,20,62,0x00000000,1058
6612,0x0000017e,20,62,0x00000000,868
6613,0x0000017e,20,62,0x00000000,849
6614,0x0000017e,20,62,0x00000000,868
6615,0x0000017e,20,62,0x00000000,858
6616,0x0000017e,20,62,0x00000000,848
6617,0x0000017e,20,62,0x00000000,878
6618,0x0000017e,20,62,0x00000000,858
6619,0x0000017e,20,62,0x00000000,849
6620,0x0000017b,12,44,0x00000000,4810
6621,0x00000158,105,3479,0x00000000,519386
6622,0x00000165,14,10,0x00000000,2375
6623,0x00000165,14,10,0x00000000,4011
6624,0x00000145,12,10,0x00000000,83193711
6625,0x00000144,12,10,0x00000100,1068
6626,0x00000143,11,10,0x00000000,4510
6627,0x0000017a,22,83,0x00000000,778
6628,0x0000017a,22,27,0x00000000,639
6629,0x00000131,89,1392,0x00000000,24328
6630,0x00000131,88,2127,0x00000000,23011
6631,0x0000017b,12,44,0x00000000,2724
6632,0x00000168,84,1170,0x00000000,69244
6633,0x00000176,59,48,0x00000000,4072
6634,0x00000151,41,29,0x00000000,4122
6635,0x00000147,1296,122,0x00000000,100259
6636,0x0000017e,20,62,0x00000000,1018
6637,0x0000017e,20,62,0x00000000,859
6638,0x0000017e,20,62,0x00000000,838
6639,0x0000017e,20,62,0x00000000,858
6640,0x0000017e,20,62,0x00000000,809
6641,0x0000017e,20,62,0x00000000,858
6642,0x0000017e,20,62,0x00000000,799
6643,0x0000017e,20,62,0x00000000,859
6644,0x0000017e,20,62,0x00000000,2684
6645,0x0000017e,20,62,0x00000000,938
6646,0x0000017e,20,62,0x00000000,868
6647,0x0000017e,20,62,0x00000000,848
6648,0x0000017e,20,62,0x00000000,859
6649,0x0000017e,20,62,0x00000000,848
6650,0x0000017e,20,62,0x00000000,798
6651,0x0000017e,20,62,0x00000000,938
6652,0x0000017b,12,44,0x00000000,4161
6653,0x00000158,105,3479,0x00000000,257069
6654,0x00000165,14,10,0x00000000,1736
6655,0x00000165,14,10,0x00000000,1697
6656,0x00000145,12,10,0x00000000,74449801
6657,0x00000144,12,10,0x00000100,1068
6658,0x00000143,11,10,0x00000000,4839
6659,0x0000017a,22,83,0x00000000,708
6660,0x0000017a,22,27,0x00000000,688
6661,0x00000131,89,1392,0x00000000,24688
6662,0x00000131,88,2127,0x00000000,22941
6663,0x0000017b,12,44,0x00000000,2404
6664,0x00000168,84,1170,0x00000000,59165
6665,0x00000176,59,48,0x00000000,3532
6666,0x00000151,41,29,0x00000000,3333
6667,0x00000147,1296,122,0x00000000,87206
6668,0x0000017e,20,62,0x00000000,2256
6669,0x0000017e,20,62,0x00000000,1068
6670,0x0000017e,20,62,0x00000000,878
6671,0x0000017e,20,62,0x00000000,868
6672,0x0000017e,20,62,0x00000000,848
6673,0x0000017e,20,62,0x00000000,848
6674,0x0000017e,20,62,0x00000000,838
6675,0x0000017e,20,62,0x00000000,1068
6676,0x0000017e,20,62,0x00000000,848
6677,0x0000017e,20,62,0x00000000,868
6678,0x0000017e,20,62,0x00000000,848
6679,0x0000017e,20,62,0x00000000,878
6680,0x0000017e,20,62,0x00000000,868
6681,0x0000017e,20,62,0x00000000,858
6682,0x0000017e,20,62,0x00000000,878
6683,0x0000017e,20,62,0x00000000,878
6684,0x0000017b,12,44,0x00000000,4500
6685,0x00000158,105,3479,0x00000000,267317
6686,0x00000165,14,10,0x00000000,2415
6687,0x00000165,14,10,0x00000000,1577
6688,0x00000145,12,10,0x00000000,82476499
6689,0x00000144,12,10,0x00000100,1307
6690,0x00000143,11,10,0x00000000,5029
6691,0x0000017a,22,83,0x00000000,748
6692,0x0000017a,22,27,0x00000000,659
6693,0x00000131,89,1392,0x00000000,24619
6694,0x00000131,88,2127,0x00000000,23261
6695,0x0000017b,12,44,0x00000000,2544
6696,0x00000168,84,1170,0x00000000,61531
6697,0x00000176,59,48,0x00000000,3742
6698,0x00000151,41,29,0x00000000,4041
6699,0x00000147,1296,122,0x00000000,99401
6700,0x0000017e,20,62,0x00000000,1138
6701,0x0000017e,20,62,0x00000000,858
6702,0x0000017e,20,62,0x00000000,849
6703,0x0000017e,20,62,0x00000000,849
6704,0x0000017e,20,62,0x00000000,849
6705,0x0000017e,20,62,0x00000000,838
6706,0x0000017e,20,62,0x00000000,848
6707,0x0000017e,20,62,0x00000000,868
6708,0x0000017e,20,62,0x00000000,878
6709,0x0000017e,20,62,0x00000000,938
6710,0x0000017e,20,62,0x00000000,848
6711,0x0000017e,20,62,0x00000000,948
6712,0x0000017e,20,62,0x00000000,858
6713,0x0000017e,20,62,0x00000000,858
6714,0x0000017e,20,62,0x00000000,858
6715,0x0000017e,20,62,0x00000000,838
6716,0x0000017b,12,44,0x00000000,4879
6717,0x00000158,105,3479,0x00000000,595527
6718,0x00000165,14,10,0x00000000,1697
6719,0x00000165,14,10,0x00000000,1637
6720,0x00000145,12,10,0x00000000,78890626
